supplier,shannon_diversity
C,3.79284979171124
E,4.06235438221927
J,3.43373291554281
T,3.54157208843192
