taxon,donor_subject,donor_abundance
329,FAT_DON_11,10.586062343562885
561,FAT_DON_11,261.88419832774497
818,FAT_DON_11,31828.581370340282
904,FAT_DON_11,531.3385560830724
1246,FAT_DON_11,37.10893596785238
1350,FAT_DON_11,12.907499114635153
1547,FAT_DON_11,614.8686787921533
28112,FAT_DON_11,54.212433982800604
66692,FAT_DON_11,13.956472987500414
85962,FAT_DON_11,0.8372711297077716
176280,FAT_DON_11,6.878997755288556
190304,FAT_DON_11,18.283235427709887
192222,FAT_DON_11,1.3805034098401219
195103,FAT_DON_11,93.70069162972042
203267,FAT_DON_11,1.3805034098401219
205913,FAT_DON_11,2484.957418232842
205921,FAT_DON_11,56.530807008515495
205922,FAT_DON_11,5.849119683272623
206672,FAT_DON_11,2067.5904068101377
207244,FAT_DON_11,991.1781272767963
213810,FAT_DON_11,17090.864816563542
218495,FAT_DON_11,19.875412482758474
220668,FAT_DON_11,20.370121978062805
223926,FAT_DON_11,3.0998910882741577
224308,FAT_DON_11,9.009274625605075
226185,FAT_DON_11,254.47443444836097
226186,FAT_DON_11,31055.54262608152
234621,FAT_DON_11,4.165029523432417
242619,FAT_DON_11,61.18699311074129
244366,FAT_DON_11,91.97898331495907
246198,FAT_DON_11,15.41344196914333
246201,FAT_DON_11,407.4128339795628
257314,FAT_DON_11,8.218333111919714
262727,FAT_DON_11,91.13445582320492
264199,FAT_DON_11,82988.82486059259
264731,FAT_DON_11,51.74320659048965
265669,FAT_DON_11,4.312791046722086
266835,FAT_DON_11,17.486386223957883
267747,FAT_DON_11,37.643321261859285
272558,FAT_DON_11,16.841722036558274
272559,FAT_DON_11,5153.241891717636
272562,FAT_DON_11,81.23880276056094
272620,FAT_DON_11,85.14909779244323
272621,FAT_DON_11,541.989745235143
272623,FAT_DON_11,80.40656874436804
273057,FAT_DON_11,0.8372711297077716
273526,FAT_DON_11,12.106972545073623
278197,FAT_DON_11,21.91899600699486
279010,FAT_DON_11,7.766984838629959
279808,FAT_DON_11,81.12854803967566
283165,FAT_DON_11,9.945075521972804
290338,FAT_DON_11,5.932939986694472
290339,FAT_DON_11,10.251601568031695
290402,FAT_DON_11,129.46154060616576
295405,FAT_DON_11,8720.847778857322
299033,FAT_DON_11,5.6212523778221355
300267,FAT_DON_11,170.5672518701547
300269,FAT_DON_11,187.72001387174257
306263,FAT_DON_11,2.7374875257681914
314315,FAT_DON_11,265.5678333656392
321955,FAT_DON_11,5.348539653353156
321956,FAT_DON_11,82.86219439048818
321967,FAT_DON_11,1051.1799730558319
324831,FAT_DON_11,55.41340709476074
326426,FAT_DON_11,63.61409950488602
333381,FAT_DON_11,14.65040608698124
334390,FAT_DON_11,8.900487986718764
334413,FAT_DON_11,66.90670094432038
339860,FAT_DON_11,2.0192970626245947
342451,FAT_DON_11,10.966114665365765
347253,FAT_DON_11,24999.847962886084
347256,FAT_DON_11,7.2855006095598185
349741,FAT_DON_11,31547.830856312215
349966,FAT_DON_11,1.8009776575987708
349968,FAT_DON_11,0.8372711297077716
351627,FAT_DON_11,29.628656287625336
352165,FAT_DON_11,100.50998103937805
354242,FAT_DON_11,404.0819684209075
358681,FAT_DON_11,30.902566227384757
360104,FAT_DON_11,69.26192193903353
360105,FAT_DON_11,1.059267900543122
360106,FAT_DON_11,1.5032614422138229
360107,FAT_DON_11,28.754640597771324
362948,FAT_DON_11,23.73614628438911
364106,FAT_DON_11,291.6113924395327
367737,FAT_DON_11,11.915849799769378
367928,FAT_DON_11,86.50858026445366
370551,FAT_DON_11,28.373074981015503
378753,FAT_DON_11,16.50722410557558
380703,FAT_DON_11,9.95904691546019
386585,FAT_DON_11,283.299683066264
387344,FAT_DON_11,7.27666168093685
388919,FAT_DON_11,213.4843345276732
390333,FAT_DON_11,100.74617828669386
391904,FAT_DON_11,646.4086510515107
393126,FAT_DON_11,3.9878781716155594
393127,FAT_DON_11,4.2407489679820145
393130,FAT_DON_11,4.217229674069963
393305,FAT_DON_11,3.082242328977243
398511,FAT_DON_11,11.96288838759348
398513,FAT_DON_11,42.125199956977475
398525,FAT_DON_11,16.77555049243334
398578,FAT_DON_11,21.275786918650144
405531,FAT_DON_11,10.787479116544992
405534,FAT_DON_11,17.90979976777534
405566,FAT_DON_11,21.828538001258135
409438,FAT_DON_11,277.9151449800178
411459,FAT_DON_11,101602.94011973082
411460,FAT_DON_11,6037.8268269871905
411461,FAT_DON_11,51566.3675839195
411462,FAT_DON_11,119980.70770093065
411463,FAT_DON_11,18442.8369130503
411464,FAT_DON_11,16980.582791488836
411465,FAT_DON_11,70.34177789493236
411466,FAT_DON_11,1524.1213405510653
411467,FAT_DON_11,14859.398759475887
411468,FAT_DON_11,3231.584578586118
411469,FAT_DON_11,129418.6931376056
411470,FAT_DON_11,15430.298479834279
411471,FAT_DON_11,27871.987037834664
411472,FAT_DON_11,1024.2889899834665
411473,FAT_DON_11,22321.57589840618
411474,FAT_DON_11,14260.192040855205
411475,FAT_DON_11,17829.542507480248
411476,FAT_DON_11,16152.685635077798
411477,FAT_DON_11,95667.60176324152
411479,FAT_DON_11,56702.298517042596
411483,FAT_DON_11,363790.8903020438
411484,FAT_DON_11,174205.77825472775
411485,FAT_DON_11,393027.3180631168
411486,FAT_DON_11,34355.536903921515
411487,FAT_DON_11,23195.374967399013
411489,FAT_DON_11,21159.962145713784
411490,FAT_DON_11,2949.8480311255494
411901,FAT_DON_11,1948.4553350298102
411902,FAT_DON_11,7561.77860594908
411903,FAT_DON_11,78558.74118886735
413999,FAT_DON_11,22.56440632164767
416269,FAT_DON_11,8.234497674212712
420247,FAT_DON_11,10.118549507980132
420889,FAT_DON_11,9.39668167902701
426355,FAT_DON_11,91.92631312639605
428125,FAT_DON_11,5957.150111264262
428126,FAT_DON_11,855.41375454433
428127,FAT_DON_11,4871.297505540306
428128,FAT_DON_11,1179.6121588105977
435590,FAT_DON_11,563916.722966483
435591,FAT_DON_11,12234.390987313918
435830,FAT_DON_11,363.4601023098284
435837,FAT_DON_11,10.539769882991978
435838,FAT_DON_11,3.499039210926366
439375,FAT_DON_11,7.167166070248842
440497,FAT_DON_11,7.757436938205295
441620,FAT_DON_11,17.798073832830223
441770,FAT_DON_11,24.43961922679212
441771,FAT_DON_11,27.161688317520515
442563,FAT_DON_11,5163.893686555394
444177,FAT_DON_11,14.747414501185775
445336,FAT_DON_11,47.76045282623602
445970,FAT_DON_11,229264.18822724267
445971,FAT_DON_11,196.97456864644195
445972,FAT_DON_11,17485.78535471571
445973,FAT_DON_11,6072.800315415098
445975,FAT_DON_11,321.95855064170024
449673,FAT_DON_11,6490.531528462775
450749,FAT_DON_11,5222.961504645643
451515,FAT_DON_11,16.079432281649378
451640,FAT_DON_11,901.6039978203448
457387,FAT_DON_11,12211.717026591074
457388,FAT_DON_11,18207.428740201027
457390,FAT_DON_11,18205.570996970022
457391,FAT_DON_11,32338.126012853652
457392,FAT_DON_11,2948.334263825396
457393,FAT_DON_11,136695.4978520379
457394,FAT_DON_11,313772.04370756634
457395,FAT_DON_11,40373.24926884402
457396,FAT_DON_11,206.44374128785023
457398,FAT_DON_11,70.76450350739468
457400,FAT_DON_11,215.7352784455674
457401,FAT_DON_11,243.0756475248626
457405,FAT_DON_11,14.969448427472628
457412,FAT_DON_11,153809.98131154486
457416,FAT_DON_11,5225.9245387266965
457421,FAT_DON_11,5129.022240006748
457424,FAT_DON_11,5543.067798841458
465515,FAT_DON_11,15.699379959846501
467705,FAT_DON_11,115.94534171363341
469378,FAT_DON_11,24.717464416125523
469585,FAT_DON_11,13639.749313862774
469588,FAT_DON_11,5529.155410142373
469589,FAT_DON_11,18111.365740220495
469590,FAT_DON_11,15940.244929533903
469591,FAT_DON_11,30495.17409202205
469592,FAT_DON_11,22275.24775491371
469593,FAT_DON_11,303602.17727782746
469595,FAT_DON_11,7.181137463736229
469596,FAT_DON_11,3915.3377029338067
469599,FAT_DON_11,61.42667579632505
469602,FAT_DON_11,7.221559389691998
469603,FAT_DON_11,10.993311325087346
469604,FAT_DON_11,11.067546572633026
469605,FAT_DON_11,5.963814012225577
469606,FAT_DON_11,7.436201428908295
469607,FAT_DON_11,9.657653334265715
469609,FAT_DON_11,160.24047329918346
469610,FAT_DON_11,17957.000732996283
469613,FAT_DON_11,4.609023065103117
469615,FAT_DON_11,12.159918822964366
469616,FAT_DON_11,19.844567555176393
469617,FAT_DON_11,9.127646320367555
469618,FAT_DON_11,16.913026045547625
469621,FAT_DON_11,41.168213499806846
470145,FAT_DON_11,5666.253192519181
470146,FAT_DON_11,103128.49854916387
471854,FAT_DON_11,9.895105695592369
471870,FAT_DON_11,29621.812047722564
471871,FAT_DON_11,57.50928119554265
471872,FAT_DON_11,350.7328536544383
471874,FAT_DON_11,3.0043297156220348
471875,FAT_DON_11,46435.08186811378
471881,FAT_DON_11,3.78720752588665
473819,FAT_DON_11,137.12281374083014
474186,FAT_DON_11,2.932287636881964
476272,FAT_DON_11,4393.313817911821
478749,FAT_DON_11,4099.600314750284
478801,FAT_DON_11,8.26760202400093
479436,FAT_DON_11,4627.338991359046
479437,FAT_DON_11,1595.632843615993
480119,FAT_DON_11,4.7744333476897
483215,FAT_DON_11,94747.7517113
483216,FAT_DON_11,5978.573349139432
483217,FAT_DON_11,42227.66784886001
483218,FAT_DON_11,32520.4631725012
484018,FAT_DON_11,6440.687144611086
484020,FAT_DON_11,2482.221462138088
491074,FAT_DON_11,246.1611876076319
491077,FAT_DON_11,28.889885826628497
499177,FAT_DON_11,55.58253995611084
500632,FAT_DON_11,30847.019941550203
500633,FAT_DON_11,193.60022054853437
500635,FAT_DON_11,109.09290282510686
500637,FAT_DON_11,0.8372711297077716
500638,FAT_DON_11,9.42830183181131
500639,FAT_DON_11,17.832670437124833
500640,FAT_DON_11,4.5972819958728435
502347,FAT_DON_11,100.59216046648748
502558,FAT_DON_11,237.33707789886887
502800,FAT_DON_11,3.150607041907788
504472,FAT_DON_11,3.249845780369437
511145,FAT_DON_11,215.62578283487937
511680,FAT_DON_11,293081.259722548
512566,FAT_DON_11,216.6304376153312
515608,FAT_DON_11,3.331435759534172
515619,FAT_DON_11,185464.4033797794
515620,FAT_DON_11,161536.9565484789
518635,FAT_DON_11,97.07622668101988
518636,FAT_DON_11,7037.160319256812
518637,FAT_DON_11,6348.937318481098
520999,FAT_DON_11,2.665445447028121
521000,FAT_DON_11,2.1222131668957704
521003,FAT_DON_11,194.9236805289821
521095,FAT_DON_11,187.13177456784163
521097,FAT_DON_11,1.6473455996939652
523794,FAT_DON_11,24.01034320586201
525246,FAT_DON_11,22.55263615446837
525258,FAT_DON_11,221.29259575380573
525259,FAT_DON_11,2176.9059784761776
525268,FAT_DON_11,5.272820208803558
525278,FAT_DON_11,81.37915135633351
525279,FAT_DON_11,9.953885352646747
525306,FAT_DON_11,473.4735949564337
525309,FAT_DON_11,11.468887864090846
525310,FAT_DON_11,8.209494183296743
525318,FAT_DON_11,5.9152912273975575
525325,FAT_DON_11,2.8602455581418926
525328,FAT_DON_11,17.486386223957883
525337,FAT_DON_11,987.9172951544189
525338,FAT_DON_11,17.81127000111539
525361,FAT_DON_11,345.05880663875456
525362,FAT_DON_11,509.9702535149042
525365,FAT_DON_11,7.073797866402329
525367,FAT_DON_11,6.43132684780833
525369,FAT_DON_11,1.6025001806754722
525370,FAT_DON_11,5.150062176429857
525379,FAT_DON_11,15.589818095757968
525919,FAT_DON_11,17.817915760932745
526997,FAT_DON_11,9.78776609825847
527004,FAT_DON_11,1.1585066390047714
527012,FAT_DON_11,2.4904872640168736
527025,FAT_DON_11,5.888094567675979
536229,FAT_DON_11,5.132413417132942
536231,FAT_DON_11,152393.5277624048
536233,FAT_DON_11,123.88287422515599
537006,FAT_DON_11,14271.58476918703
537007,FAT_DON_11,10360.514663822842
537011,FAT_DON_11,769.2164152531886
537012,FAT_DON_11,522703.86442582513
537013,FAT_DON_11,2866.977588619135
537937,FAT_DON_11,2512.953107117009
537970,FAT_DON_11,18.780847063621522
537971,FAT_DON_11,1.479742148301771
537972,FAT_DON_11,1.1585066390047714
537973,FAT_DON_11,1000.0382019375284
543734,FAT_DON_11,7930.072473828994
545696,FAT_DON_11,5257.8822800244025
545697,FAT_DON_11,917.7836509711282
546262,FAT_DON_11,36.97301892264502
546263,FAT_DON_11,10.535346389929254
546266,FAT_DON_11,45.377201750701026
546268,FAT_DON_11,123.41497383389098
546269,FAT_DON_11,45.461051152071896
546270,FAT_DON_11,67.56480034771913
546273,FAT_DON_11,28818.91979489324
546274,FAT_DON_11,13.291191646796056
547042,FAT_DON_11,5342.210700344842
547043,FAT_DON_11,230.05219583520275
548476,FAT_DON_11,4.258397727278929
548477,FAT_DON_11,28.57452085194663
548479,FAT_DON_11,170.49163090901556
548480,FAT_DON_11,3266.13069107294
552396,FAT_DON_11,4997.079092035077
552398,FAT_DON_11,16932.18483825863
552531,FAT_DON_11,5266.721722336428
553174,FAT_DON_11,40.226496855869996
553175,FAT_DON_11,26.14801196324908
553177,FAT_DON_11,2.5294621484202295
553184,FAT_DON_11,40.075028868821775
553204,FAT_DON_11,81.97826921041542
553206,FAT_DON_11,5.683746556137543
553218,FAT_DON_11,15.12598262598474
553220,FAT_DON_11,14.514422788373347
553481,FAT_DON_11,11.99231537157217
553482,FAT_DON_11,13.048614878107463
553973,FAT_DON_11,458.18655068755567
555970,FAT_DON_11,5212.409419879709
556258,FAT_DON_11,5774.13905663811
556259,FAT_DON_11,13936.3297297566
556263,FAT_DON_11,7.7750856975022105
556264,FAT_DON_11,11.388782081930025
556267,FAT_DON_11,1.6473455996939652
556268,FAT_DON_11,329.3147967036344
556269,FAT_DON_11,22.95693778243154
556270,FAT_DON_11,1234.385119731998
557598,FAT_DON_11,5.524206808166098
561177,FAT_DON_11,22.479138976673408
561180,FAT_DON_11,4.264268261894066
562973,FAT_DON_11,201.35554668633952
562982,FAT_DON_11,105.48792092000343
562983,FAT_DON_11,138.10401234870957
563192,FAT_DON_11,4846.553157104427
563193,FAT_DON_11,20490.549756878085
563194,FAT_DON_11,4.589181137000593
565040,FAT_DON_11,2295.2480011883185
565042,FAT_DON_11,2158.5542164770395
565047,FAT_DON_11,5.7653365353022785
565653,FAT_DON_11,147.94107645699827
566550,FAT_DON_11,4913.763495314279
566551,FAT_DON_11,9.546636371122288
566552,FAT_DON_11,152.23092467480896
568703,FAT_DON_11,4485.81363267381
568816,FAT_DON_11,425.1544797968335
573236,FAT_DON_11,5254.15315270334
575586,FAT_DON_11,0.8372711297077716
575587,FAT_DON_11,1.059267900543122
575594,FAT_DON_11,6.275501621097913
575595,FAT_DON_11,2.5838554678633856
580050,FAT_DON_11,5223.879231590808
585054,FAT_DON_11,140.4967128412588
585394,FAT_DON_11,72622.74643567212
585501,FAT_DON_11,338.45997539150284
585506,FAT_DON_11,13.527897880869512
585520,FAT_DON_11,21.022887024334665
585524,FAT_DON_11,3.7930780605017875
585543,FAT_DON_11,137912.54966946598
585544,FAT_DON_11,9139.69404214552
586220,FAT_DON_11,37.85282277870868
591001,FAT_DON_11,131.8286432344127
591020,FAT_DON_11,187.88458760116796
591365,FAT_DON_11,57.326060548909076
592010,FAT_DON_11,74.78380307159296
592022,FAT_DON_11,9.587804424331255
592028,FAT_DON_11,466.473535021155
592031,FAT_DON_11,44.30250735761562
596315,FAT_DON_11,72.19261391255706
596320,FAT_DON_11,29.76468479918721
596327,FAT_DON_11,61.9109878550995
613026,FAT_DON_11,0.8372711297077716
622312,FAT_DON_11,304813.5976166208
626095,FAT_DON_11,5.231652155594592
626369,FAT_DON_11,36.3135709611043
626522,FAT_DON_11,555.3030347853959
626939,FAT_DON_11,2272.698837856759
629741,FAT_DON_11,3.249845780369437
632245,FAT_DON_11,112.38318664643703
633147,FAT_DON_11,145.02640042396172
634176,FAT_DON_11,83.82762908853867
634498,FAT_DON_11,3.6938393220401378
638301,FAT_DON_11,221.7772341541412
640513,FAT_DON_11,9.774540832024279
641112,FAT_DON_11,11205.563844718388
641118,FAT_DON_11,9.394488510221398
641143,FAT_DON_11,2.2177745395478934
641146,FAT_DON_11,3.526235870647944
642492,FAT_DON_11,267.26571788158776
644042,FAT_DON_11,19.700454299747225
644283,FAT_DON_11,23.036342650293147
644284,FAT_DON_11,5.095668856986701
645127,FAT_DON_11,3.721035981761716
645462,FAT_DON_11,311.5886869380421
645463,FAT_DON_11,5050.20432113978
645464,FAT_DON_11,77.54279444222263
649746,FAT_DON_11,3.8144041856082285
649747,FAT_DON_11,18.54197675869148
649754,FAT_DON_11,4.910416646297592
649757,FAT_DON_11,141978.2781086601
649764,FAT_DON_11,97.18293967495758
655811,FAT_DON_11,35.852629574435895
655812,FAT_DON_11,30.267412784958307
657308,FAT_DON_11,5387.258129318531
657309,FAT_DON_11,12023.553474325425
657313,FAT_DON_11,34147.27533909825
657314,FAT_DON_11,102810.86276526861
657316,FAT_DON_11,20.9935262937565
657317,FAT_DON_11,187407.65605441798
657319,FAT_DON_11,16860.217863254235
657321,FAT_DON_11,7288.5484902157905
657322,FAT_DON_11,357084.9359335178
657323,FAT_DON_11,182519.0633462804
657324,FAT_DON_11,696.4339108548346
658089,FAT_DON_11,163731.94423596223
658659,FAT_DON_11,4726.512319888596
663952,FAT_DON_11,35.31159852061163
665943,FAT_DON_11,653.0437110655629
665951,FAT_DON_11,13789.277600283947
665953,FAT_DON_11,6578.819195894335
675806,FAT_DON_11,2.313335912200016
675812,FAT_DON_11,4.579633236575929
679189,FAT_DON_11,351.45198285475266
679192,FAT_DON_11,42.98231301478777
679935,FAT_DON_11,8213.165928083985
680646,FAT_DON_11,438.28162774140833
688245,FAT_DON_11,13.280934774569696
692420,FAT_DON_11,6.410000722701889
695560,FAT_DON_11,6.895162317581556
697329,FAT_DON_11,1194.2512046652084
698737,FAT_DON_11,4.145187595329892
702443,FAT_DON_11,14802.206120951718
702444,FAT_DON_11,5215.4361954143615
702447,FAT_DON_11,5754.917550942061
702459,FAT_DON_11,33.84069530093283
706433,FAT_DON_11,190.97523418291357
709991,FAT_DON_11,68757.57712664026
717959,FAT_DON_11,62213.63343670755
717960,FAT_DON_11,11881.759263380125
717962,FAT_DON_11,32462.21922396329
718251,FAT_DON_11,9.27024628084378
718252,FAT_DON_11,297970.2936836156
720554,FAT_DON_11,308.63614128796456
742725,FAT_DON_11,971.3133456965361
742726,FAT_DON_11,33060.71176009365
742727,FAT_DON_11,10358.965449264986
742729,FAT_DON_11,5219.165123425135
742733,FAT_DON_11,7752.927169512234
742740,FAT_DON_11,15595.156868738506
742741,FAT_DON_11,6137.974246760215
742742,FAT_DON_11,243.23322005496064
742743,FAT_DON_11,154.92004296299675
742766,FAT_DON_11,26.70446950961562
742816,FAT_DON_11,50.794209525836756
742817,FAT_DON_11,738.0840285970793
742818,FAT_DON_11,124.87524056932592
742820,FAT_DON_11,287.25189652167404
742821,FAT_DON_11,23.36273972240359
743710,FAT_DON_11,6.115961873126468
743719,FAT_DON_11,38.292438040270646
748224,FAT_DON_11,222926.0212631227
749219,FAT_DON_11,1.131309979283193
749518,FAT_DON_11,82.19067286787212
752555,FAT_DON_11,33.15419124397406
754252,FAT_DON_11,14.944482092008164
758678,FAT_DON_11,33.04023498477183
759350,FAT_DON_11,933.4671139285985
762376,FAT_DON_11,12.34074754059075
762948,FAT_DON_11,16.422702887854516
762966,FAT_DON_11,20328.08411830151
762967,FAT_DON_11,11.079324797314802
762968,FAT_DON_11,848456.7933166024
762982,FAT_DON_11,70584.32660071221
762983,FAT_DON_11,6.7738884822117695
762984,FAT_DON_11,2471.2735732922806
763034,FAT_DON_11,6210.142047255623
767029,FAT_DON_11,36.14073163599565
767031,FAT_DON_11,215.3677827057094
768486,FAT_DON_11,9.867871880419289
862514,FAT_DON_11,4.982458725037663
862962,FAT_DON_11,5509.412705810583
862965,FAT_DON_11,8568.217891100647
863767,FAT_DON_11,27.224899525140092
864566,FAT_DON_11,1.6745422594155432
866499,FAT_DON_11,110.87914684696007
866771,FAT_DON_11,564.3970826593801
866776,FAT_DON_11,11801.624419264355
868129,FAT_DON_11,1571.4940933500554
871541,FAT_DON_11,135.343640189928
871585,FAT_DON_11,1.1585066390047714
873513,FAT_DON_11,97.08528854235188
873533,FAT_DON_11,19.449842925586907
878320,FAT_DON_11,11.435111697952435
879088,FAT_DON_11,5.6212523778221355
879089,FAT_DON_11,4.8560233268544355
879090,FAT_DON_11,4.982458725037663
879243,FAT_DON_11,33.30781524437639
883062,FAT_DON_11,9.858323979994625
883077,FAT_DON_11,28.498801407397035
883156,FAT_DON_11,815.7099680527994
883166,FAT_DON_11,9.23350172069754
886872,FAT_DON_11,29.655786693946386
887898,FAT_DON_11,59.77766827987214
887929,FAT_DON_11,51.002981030437915
888048,FAT_DON_11,4971.897310870196
888050,FAT_DON_11,13.852072686225322
888066,FAT_DON_11,8.516795454557858
888727,FAT_DON_11,395.14518968312524
888746,FAT_DON_11,241.03655989737354
888826,FAT_DON_11,1.059267900543122
888832,FAT_DON_11,89.5629702323641
888833,FAT_DON_11,1338.7800846493085
889201,FAT_DON_11,156.43418295539152
889204,FAT_DON_11,969.506076353878
890402,FAT_DON_11,2042.1151634260132
903510,FAT_DON_11,1.059267900543122
903814,FAT_DON_11,787.8114486190489
904306,FAT_DON_11,5642.349505660542
904314,FAT_DON_11,16.19483558240403
908290,FAT_DON_11,14.883434955245171
908338,FAT_DON_11,41.00198277906406
909954,FAT_DON_11,45.89843608937674
910954,FAT_DON_11,7.7397881789083804
911104,FAT_DON_11,6.7525623571053295
927666,FAT_DON_11,540.9289764801246
930942,FAT_DON_11,34.36192963960855
931276,FAT_DON_11,142.51677214614156
931277,FAT_DON_11,1.4525454885801927
935839,FAT_DON_11,16.83656047374483
936154,FAT_DON_11,30.211543326013715
937593,FAT_DON_11,5.0566939725833455
944562,FAT_DON_11,7.4766233548640635
945711,FAT_DON_11,3.5299132364574706
981539,FAT_DON_11,111.52597823727717
983952,FAT_DON_11,9.585611255525643
996285,FAT_DON_11,9.357743950075156
997348,FAT_DON_11,32.00445728019174
997350,FAT_DON_11,40.35293225405323
997352,FAT_DON_11,43.402861573449435
997353,FAT_DON_11,102.68220924560823
997872,FAT_DON_11,47.47224735582424
997884,FAT_DON_11,2430.40049081263
998088,FAT_DON_11,8.078672447502294
999410,FAT_DON_11,8886.565091102228
999412,FAT_DON_11,3733.454194396773
999413,FAT_DON_11,4059.304361351766
999415,FAT_DON_11,113.17193499131679
1000565,FAT_DON_11,12.116520445498287
1002364,FAT_DON_11,3.0337195441492244
1002367,FAT_DON_11,2621.049418690854
1002368,FAT_DON_11,6.427649481998803
1005994,FAT_DON_11,7.942689148894402
1005995,FAT_DON_11,1.8244969515108227
1005996,FAT_DON_11,5.913807030393642
1005999,FAT_DON_11,5.666097796840629
1006000,FAT_DON_11,8.014731227634476
1006003,FAT_DON_11,6.361515093325373
1006551,FAT_DON_11,31.60542062389403
1009846,FAT_DON_11,12.410559295073709
1028307,FAT_DON_11,15.855988469261618
1028803,FAT_DON_11,151.17012736430794
1031746,FAT_DON_11,1.059267900543122
1033734,FAT_DON_11,11.84823121409203
1033739,FAT_DON_11,9.178362274001186
1033992,FAT_DON_11,6.674649743750121
1035184,FAT_DON_11,46.80252148161062
1035191,FAT_DON_11,13.111847126173586
1035195,FAT_DON_11,114.5227464035761
1035839,FAT_DON_11,405.35794517295557
1037409,FAT_DON_11,15.046614913574642
1042156,FAT_DON_11,3283.7655858574913
1042403,FAT_DON_11,5233.014227717352
1045856,FAT_DON_11,94.70179853294064
1046625,FAT_DON_11,2.118535801086244
1050720,FAT_DON_11,17.09459283292473
1051501,FAT_DON_11,7.84122008617564
1051502,FAT_DON_11,5.419097535089311
1054460,FAT_DON_11,263.41455615288925
1064535,FAT_DON_11,127.81499127212054
1064537,FAT_DON_11,18.898509786582306
1074451,FAT_DON_11,11.6306207808679
1076934,FAT_DON_11,388.2235266946798
1077285,FAT_DON_11,7314.487538091893
1077975,FAT_DON_11,7.245078683604049
1089454,FAT_DON_11,5.272820208803558
1089456,FAT_DON_11,73.49164373502855
1089547,FAT_DON_11,12.021742355550865
1095730,FAT_DON_11,108.37012726415047
1095770,FAT_DON_11,26.023023606618267
1110694,FAT_DON_11,7.017920349955257
1112856,FAT_DON_11,3.0315263753436135
1115512,FAT_DON_11,9.93259638299181
1115803,FAT_DON_11,241.85401819692785
1118059,FAT_DON_11,96.69186725795038
1120942,FAT_DON_11,77.58158354936847
1120988,FAT_DON_11,9.141617713854943
1121019,FAT_DON_11,4.258397727278929
1121090,FAT_DON_11,3.2321970210725226
1121097,FAT_DON_11,100.45270169433256
1121100,FAT_DON_11,6820.666624733963
1121101,FAT_DON_11,119016.79901234228
1121102,FAT_DON_11,5.918968593207084
1121111,FAT_DON_11,12.018765904040555
1121114,FAT_DON_11,4910.213764952458
1121115,FAT_DON_11,127202.36010563617
1121124,FAT_DON_11,24.005210740997587
1121126,FAT_DON_11,14.349750575537483
1121129,FAT_DON_11,405.6135280896062
1121130,FAT_DON_11,9047.186374688084
1121303,FAT_DON_11,108.87312832102616
1121315,FAT_DON_11,745.0741279059262
1121333,FAT_DON_11,4339.8274648205
1121334,FAT_DON_11,564.4471235507648
1121342,FAT_DON_11,69.8551240455463
1121344,FAT_DON_11,613.1462892648591
1121367,FAT_DON_11,6.523210854650926
1121445,FAT_DON_11,29.854330424270213
1121482,FAT_DON_11,5.366188412650071
1121864,FAT_DON_11,392.3154386523347
1122237,FAT_DON_11,8.8747755240011
1122603,FAT_DON_11,7.442071963523432
1122917,FAT_DON_11,6.8554784613765065
1122949,FAT_DON_11,67.90712293440858
1122950,FAT_DON_11,408.4173549145334
1122975,FAT_DON_11,776.042060811818
1122976,FAT_DON_11,75.63889262285021
1122978,FAT_DON_11,22.542379282242013
1122981,FAT_DON_11,923.0496992035069
1122982,FAT_DON_11,39.75608993718242
1122984,FAT_DON_11,14.951799668175715
1122985,FAT_DON_11,21.41990823158179
1122988,FAT_DON_11,26.653015486231272
1122991,FAT_DON_11,17.6738316034526
1122992,FAT_DON_11,328.8611260006366
1122993,FAT_DON_11,19.033046043637786
1122997,FAT_DON_11,9.484179348258385
1123075,FAT_DON_11,1633.5156791520974
1123242,FAT_DON_11,0.8372711297077716
1123253,FAT_DON_11,19.087439363080943
1123263,FAT_DON_11,1305.1184748040766
1123313,FAT_DON_11,1455.5590859509618
1123318,FAT_DON_11,27.08738681657431
1123488,FAT_DON_11,105.97326829214063
1123524,FAT_DON_11,14.045425755786681
1124991,FAT_DON_11,8.723336634901905
1125712,FAT_DON_11,116.12844283641
1125724,FAT_DON_11,53.758021964153464
1127131,FAT_DON_11,8.624097896440256
1130798,FAT_DON_11,42.195077964860964
1133568,FAT_DON_11,35.37631496568167
1136177,FAT_DON_11,6.674649743750121
1139219,FAT_DON_11,9.192333667488574
1140001,FAT_DON_11,13.75064077895806
1140002,FAT_DON_11,39.203235445722406
1144300,FAT_DON_11,3.7011940536591914
1150460,FAT_DON_11,95.23776639352415
1150461,FAT_DON_11,57.332100745776756
1156431,FAT_DON_11,595.5078060885379
1156433,FAT_DON_11,550.4504590589819
1156918,FAT_DON_11,4.186355648538858
1158606,FAT_DON_11,13.540385077352987
1158610,FAT_DON_11,9.964917450075326
1158612,FAT_DON_11,17.619438284009448
1159488,FAT_DON_11,7.200233264585556
1159899,FAT_DON_11,12.048901859820939
1160707,FAT_DON_11,4.852345961044909
1160719,FAT_DON_11,4.585503771191066
1160721,FAT_DON_11,936736.7825227901
1163399,FAT_DON_11,9.478271658191744
1167632,FAT_DON_11,12.554643452553849
1170318,FAT_DON_11,8.0338270284838
1171373,FAT_DON_11,11.604908318150237
1175296,FAT_DON_11,0.8372711297077716
1176165,FAT_DON_11,16.405091284009107
1178544,FAT_DON_11,7.6207075123442065
1185325,FAT_DON_11,32.311721396001346
1189311,FAT_DON_11,2.2177745395478934
1194526,FAT_DON_11,41.645983207615956
1196029,FAT_DON_11,179.51757840129528
1197728,FAT_DON_11,42.25244773581443
1197906,FAT_DON_11,11.230763686413999
1198291,FAT_DON_11,7.070120500592803
1202533,FAT_DON_11,12.992766459609413
1202534,FAT_DON_11,152.86383167797334
1203465,FAT_DON_11,49986.84830535876
1203540,FAT_DON_11,307.3072417481573
1203606,FAT_DON_11,5800.1769542158
1203610,FAT_DON_11,3438.698497449092
1203611,FAT_DON_11,5860.459821674169
1206781,FAT_DON_11,38.788594577127384
1208104,FAT_DON_11,15.569267195853746
1211815,FAT_DON_11,7.583962952197964
1211844,FAT_DON_11,626.5713707497102
1212545,FAT_DON_11,8.898294817913152
1214102,FAT_DON_11,289.96538107635644
1215110,FAT_DON_11,10.60077986430347
1215915,FAT_DON_11,76.6259859378522
1216976,FAT_DON_11,23.957396927971264
1217674,FAT_DON_11,2.511813389123315
1217689,FAT_DON_11,1.1585066390047714
1217986,FAT_DON_11,0.8372711297077716
1218102,FAT_DON_11,2.7786555789771583
1219013,FAT_DON_11,5.5220136393604875
1223528,FAT_DON_11,5.07434273188026
1229756,FAT_DON_11,45.8308918146024
1229781,FAT_DON_11,10.255278933841222
1231627,FAT_DON_11,11.182240901585978
1232666,FAT_DON_11,74.37899123202966
1233170,FAT_DON_11,698.951571148532
1235789,FAT_DON_11,9152.908886458483
1235795,FAT_DON_11,35.92325370957257
1235811,FAT_DON_11,867.8948767604192
1235815,FAT_DON_11,29.249387248527153
1236550,FAT_DON_11,21.431649300812065
1237085,FAT_DON_11,0.8372711297077716
1244083,FAT_DON_11,12.401757521902242
1246477,FAT_DON_11,6.980429662555817
1248438,FAT_DON_11,11.279995443043711
1254439,FAT_DON_11,90.27453597613687
1255680,FAT_DON_11,12.562744311426101
1256908,FAT_DON_11,60158.824628038994
1257041,FAT_DON_11,70.02270645649196
1259823,FAT_DON_11,41.46679536630197
1260282,FAT_DON_11,40.292833136805896
1261127,FAT_DON_11,11.051382010340028
1262650,FAT_DON_11,9.759085241532974
1274524,FAT_DON_11,5.812375123126382
1276282,FAT_DON_11,7.36783671597775
1278306,FAT_DON_11,14.1843402929509
1280689,FAT_DON_11,135.95231892737866
1280692,FAT_DON_11,206.6058457591423
1280694,FAT_DON_11,651.390312286057
1280705,FAT_DON_11,10.117811438229415
1282887,FAT_DON_11,3810.69335639527
1286820,FAT_DON_11,1277.5263395134014
1292022,FAT_DON_11,10.128843535657994
1292036,FAT_DON_11,765.1547700525003
1292043,FAT_DON_11,3.6526712688311718
1295400,FAT_DON_11,103.07037048378584
1296619,FAT_DON_11,21.66613326813088
1300222,FAT_DON_11,16.22938697374466
1304881,FAT_DON_11,961.175890294192
1307436,FAT_DON_11,7.533955970366029
1315312,FAT_DON_11,0.8372711297077716
1315976,FAT_DON_11,2.6617680812185944
1316928,FAT_DON_11,6.133610632423381
1316931,FAT_DON_11,83.72994080048146
1319815,FAT_DON_11,12.20915057959408
1321814,FAT_DON_11,113.63495808043628
1322347,FAT_DON_11,2137.634983626727
1328337,FAT_DON_11,69.3063345894158
1331262,FAT_DON_11,13.22431113086943
1336236,FAT_DON_11,448.3992837251717
1336752,FAT_DON_11,8.949719743348478
1336753,FAT_DON_11,1.8244969515108227
1346330,FAT_DON_11,3.2770424400910154
1346614,FAT_DON_11,4.807500542026417
1353979,FAT_DON_11,7.019404546959173
1367477,FAT_DON_11,11.898947167725659
1382315,FAT_DON_11,16.734382439224373
1384484,FAT_DON_11,3784.148030704349
1392501,FAT_DON_11,110.22563074799343
1397694,FAT_DON_11,18.231773346823058
1400136,FAT_DON_11,11.558615857579332
1401079,FAT_DON_11,105.30783027212779
1408437,FAT_DON_11,5846.360628063958
1408440,FAT_DON_11,56.15152991191483
1408472,FAT_DON_11,62.617474404464325
1410645,FAT_DON_11,189.21066053611344
1410647,FAT_DON_11,45.09861849161691
1410657,FAT_DON_11,155.491935059408
1410665,FAT_DON_11,227.44371335638004
1410676,FAT_DON_11,16.961548830375644
1415164,FAT_DON_11,5.699164991177344
1423757,FAT_DON_11,4.509784326641468
1423799,FAT_DON_11,8.187459086388607
1423814,FAT_DON_11,3.0278490095340866
1429046,FAT_DON_11,11.787221232780539
1437595,FAT_DON_11,52.75236410034881
1437599,FAT_DON_11,3.331435759534172
1437603,FAT_DON_11,7.5177914080730295
1437612,FAT_DON_11,117.22960074490787
1437882,FAT_DON_11,17.51065164512313
1440052,FAT_DON_11,81.47391333127597
1441930,FAT_DON_11,2.2898166182879645
1444307,FAT_DON_11,5.870445808379066
1446473,FAT_DON_11,20.19080655538936
1448136,FAT_DON_11,24.042701428397027
1448141,FAT_DON_11,32.45141115836779
1458276,FAT_DON_11,6.482042801441959
1899017,FAT_DON_11,867.7985072762507
329,FAT_DON_19,5.4286030453312035
561,FAT_DON_19,7.464329187330404
818,FAT_DON_19,36784.8928105449
904,FAT_DON_19,26047.794562260446
1246,FAT_DON_19,10.857206090662407
1350,FAT_DON_19,45.46455050464883
1547,FAT_DON_19,793.9331953796885
28112,FAT_DON_19,4.071452283998402
66692,FAT_DON_19,0.6785753806664004
85962,FAT_DON_19,0.6785753806664004
176280,FAT_DON_19,7.464329187330404
190304,FAT_DON_19,10.857206090662407
192222,FAT_DON_19,1.3571507613328009
195103,FAT_DON_19,208.32264186458494
203267,FAT_DON_19,1.3571507613328009
205913,FAT_DON_19,3922.165700251794
205921,FAT_DON_19,8.821479948663205
205922,FAT_DON_19,4.071452283998402
206672,FAT_DON_19,3913.344220303131
207244,FAT_DON_19,568.6461689984436
213810,FAT_DON_19,2051.3333757545283
218495,FAT_DON_19,4.071452283998402
220668,FAT_DON_19,0.6785753806664004
223926,FAT_DON_19,1.3571507613328009
224308,FAT_DON_19,4.7500276646648025
226185,FAT_DON_19,264.64439845989614
226186,FAT_DON_19,29046.419169425273
234621,FAT_DON_19,3.392876903332002
242619,FAT_DON_19,7.464329187330404
244366,FAT_DON_19,3.392876903332002
246198,FAT_DON_19,6.107178425997604
246201,FAT_DON_19,52.92887969197923
257314,FAT_DON_19,1.3571507613328009
262727,FAT_DON_19,6.107178425997604
264199,FAT_DON_19,6135.678591985593
264731,FAT_DON_19,10.857206090662407
265669,FAT_DON_19,0.6785753806664004
266835,FAT_DON_19,6.107178425997604
267747,FAT_DON_19,3.392876903332002
272558,FAT_DON_19,5.4286030453312035
272559,FAT_DON_19,2784.194786874241
272562,FAT_DON_19,64.46466116330804
272620,FAT_DON_19,6.785753806664004
272621,FAT_DON_19,18.321535277992812
272623,FAT_DON_19,1845.725035412609
273057,FAT_DON_19,0.6785753806664004
273526,FAT_DON_19,9.500055329329605
278197,FAT_DON_19,3.392876903332002
279010,FAT_DON_19,4.071452283998402
279808,FAT_DON_19,4.7500276646648025
283165,FAT_DON_19,4.071452283998402
290338,FAT_DON_19,1.3571507613328009
290339,FAT_DON_19,1.3571507613328009
290402,FAT_DON_19,204.9297649612529
295405,FAT_DON_19,3831.9151746231632
299033,FAT_DON_19,2.7143015226656018
300267,FAT_DON_19,3.392876903332002
300269,FAT_DON_19,6.785753806664004
306263,FAT_DON_19,2.035726141999201
314315,FAT_DON_19,8.821479948663205
321955,FAT_DON_19,0.6785753806664004
321956,FAT_DON_19,4.071452283998402
321967,FAT_DON_19,20.35726141999201
324831,FAT_DON_19,3.392876903332002
326426,FAT_DON_19,393.57372078651224
333381,FAT_DON_19,1.3571507613328009
334390,FAT_DON_19,5.4286030453312035
334413,FAT_DON_19,59.71463349864323
339860,FAT_DON_19,4.7500276646648025
342451,FAT_DON_19,4.7500276646648025
347253,FAT_DON_19,2803.8734729135663
347256,FAT_DON_19,1.3571507613328009
349741,FAT_DON_19,1970.5829054552269
349966,FAT_DON_19,4.071452283998402
349968,FAT_DON_19,0.6785753806664004
351627,FAT_DON_19,10.857206090662407
352165,FAT_DON_19,40.71452283998402
354242,FAT_DON_19,783.0759892890261
358681,FAT_DON_19,12.214356851995207
360104,FAT_DON_19,2.035726141999201
360105,FAT_DON_19,1.3571507613328009
360106,FAT_DON_19,2.035726141999201
360107,FAT_DON_19,3.392876903332002
362948,FAT_DON_19,12.214356851995207
364106,FAT_DON_19,6.785753806664004
367737,FAT_DON_19,10.178630709996005
367928,FAT_DON_19,64243.44558921079
370551,FAT_DON_19,19.00011065865921
378753,FAT_DON_19,6.107178425997604
380703,FAT_DON_19,19.678686039325612
386585,FAT_DON_19,6.107178425997604
387344,FAT_DON_19,4.071452283998402
388919,FAT_DON_19,59.03605811797684
390333,FAT_DON_19,2.035726141999201
391904,FAT_DON_19,1904.7610935305859
393126,FAT_DON_19,1.3571507613328009
393127,FAT_DON_19,2.035726141999201
393130,FAT_DON_19,0.6785753806664004
393305,FAT_DON_19,1.3571507613328009
398511,FAT_DON_19,5.4286030453312035
398513,FAT_DON_19,295.8588659705506
398525,FAT_DON_19,5.4286030453312035
398578,FAT_DON_19,12.214356851995207
405531,FAT_DON_19,3.392876903332002
405534,FAT_DON_19,6.107178425997604
405566,FAT_DON_19,3.392876903332002
409438,FAT_DON_19,11.535781471328807
411459,FAT_DON_19,143087.79764422053
411460,FAT_DON_19,6460.037623944131
411461,FAT_DON_19,31119.46695736112
411462,FAT_DON_19,86468.82503217741
411463,FAT_DON_19,43981.18472251207
411464,FAT_DON_19,53.60745507264563
411465,FAT_DON_19,25.107289084656816
411466,FAT_DON_19,310.108948964545
411467,FAT_DON_19,16662.418472263464
411468,FAT_DON_19,2619.3009693723056
411469,FAT_DON_19,135858.93411398138
411470,FAT_DON_19,10884.349105889061
411471,FAT_DON_19,50397.793522093554
411472,FAT_DON_19,774.9330847210292
411473,FAT_DON_19,11719.6753994894
411474,FAT_DON_19,8120.511580434813
411475,FAT_DON_19,29967.924536370243
411476,FAT_DON_19,49123.428957202064
411477,FAT_DON_19,2978.2673457448313
411479,FAT_DON_19,101803.27148447673
411483,FAT_DON_19,281455.42494052555
411484,FAT_DON_19,27753.733069255777
411485,FAT_DON_19,125602.26723520872
411486,FAT_DON_19,55441.64432658692
411487,FAT_DON_19,28605.34517199211
411489,FAT_DON_19,15739.555954557158
411490,FAT_DON_19,4760.206295374799
411901,FAT_DON_19,99593.83004502693
411902,FAT_DON_19,10688.240820876472
411903,FAT_DON_19,106551.26342299952
413999,FAT_DON_19,20.35726141999201
416269,FAT_DON_19,1.3571507613328009
420247,FAT_DON_19,11.535781471328807
420889,FAT_DON_19,13.571507613328007
426355,FAT_DON_19,16.96438451666001
428125,FAT_DON_19,5814.712436930385
428126,FAT_DON_19,1622.4737351733634
428127,FAT_DON_19,9056.26703037378
428128,FAT_DON_19,4614.991163912189
435590,FAT_DON_19,186479.3003609335
435591,FAT_DON_19,37937.113806916444
435830,FAT_DON_19,91.60767638996406
435837,FAT_DON_19,8.142904567996805
435838,FAT_DON_19,1.3571507613328009
439375,FAT_DON_19,3.392876903332002
440497,FAT_DON_19,0.6785753806664004
441620,FAT_DON_19,7.464329187330404
441770,FAT_DON_19,14.250082993994408
441771,FAT_DON_19,19.00011065865921
442563,FAT_DON_19,39.357372078651224
444177,FAT_DON_19,6.107178425997604
445336,FAT_DON_19,52.25030431131283
445970,FAT_DON_19,87351.65160242439
445971,FAT_DON_19,40.035947459317626
445972,FAT_DON_19,9038.624070476453
445973,FAT_DON_19,5659.31867475778
445975,FAT_DON_19,784.4331400503589
449673,FAT_DON_19,6196.750376245569
450749,FAT_DON_19,204.9297649612529
451515,FAT_DON_19,20.35726141999201
451640,FAT_DON_19,889.6123240536509
457387,FAT_DON_19,34029.19818965865
457388,FAT_DON_19,65802.81181398219
457390,FAT_DON_19,62997.58119030728
457391,FAT_DON_19,257748.71544156419
457392,FAT_DON_19,1744.6173036933155
457393,FAT_DON_19,241952.15915503105
457394,FAT_DON_19,132020.23318555154
457395,FAT_DON_19,223720.19582728622
457396,FAT_DON_19,419.3595852518355
457398,FAT_DON_19,87.53622410596566
457400,FAT_DON_19,4.7500276646648025
457401,FAT_DON_19,2.035726141999201
457405,FAT_DON_19,11.535781471328807
457412,FAT_DON_19,149571.58540648798
457416,FAT_DON_19,185.92965430259372
457421,FAT_DON_19,7512.508039357719
457424,FAT_DON_19,16280.380532948278
465515,FAT_DON_19,4.071452283998402
467705,FAT_DON_19,16.96438451666001
469378,FAT_DON_19,6.785753806664004
469585,FAT_DON_19,41849.100876458244
469588,FAT_DON_19,13565.40043490201
469589,FAT_DON_19,20218.832042336067
469590,FAT_DON_19,59491.38219840399
469591,FAT_DON_19,28052.98481212966
469592,FAT_DON_19,41710.6714988023
469593,FAT_DON_19,134236.460378808
469595,FAT_DON_19,2.035726141999201
469596,FAT_DON_19,6947.254747262608
469599,FAT_DON_19,8.142904567996805
469602,FAT_DON_19,4.7500276646648025
469603,FAT_DON_19,7.464329187330404
469604,FAT_DON_19,7.464329187330404
469605,FAT_DON_19,7.464329187330404
469606,FAT_DON_19,22.392987561991212
469607,FAT_DON_19,5.4286030453312035
469609,FAT_DON_19,16.96438451666001
469610,FAT_DON_19,584.9319781344371
469613,FAT_DON_19,3.392876903332002
469615,FAT_DON_19,4.071452283998402
469616,FAT_DON_19,19.678686039325612
469617,FAT_DON_19,9.500055329329605
469618,FAT_DON_19,23.071562942657614
469621,FAT_DON_19,17.64295989732641
470145,FAT_DON_19,8879.158856019849
470146,FAT_DON_19,132759.20177509723
471854,FAT_DON_19,1.3571507613328009
471870,FAT_DON_19,389227.4454733439
471871,FAT_DON_19,72.60756573130485
471872,FAT_DON_19,50.21457816931363
471874,FAT_DON_19,0.6785753806664004
471875,FAT_DON_19,39356.69350327056
471881,FAT_DON_19,3.392876903332002
473819,FAT_DON_19,580.8605258504388
474186,FAT_DON_19,2.7143015226656018
476272,FAT_DON_19,3705.0215784385464
478749,FAT_DON_19,2537.8719236923375
478801,FAT_DON_19,6.107178425997604
479436,FAT_DON_19,183.89392816059453
479437,FAT_DON_19,308.0732228225458
480119,FAT_DON_19,0.6785753806664004
483215,FAT_DON_19,7528.793848493712
483216,FAT_DON_19,10811.741540157758
483217,FAT_DON_19,209588.86352490843
483218,FAT_DON_19,40315.52051615218
484018,FAT_DON_19,3717.9145106712076
484020,FAT_DON_19,3686.021467779887
491074,FAT_DON_19,219.85842333591373
491077,FAT_DON_19,38.67879669798482
499177,FAT_DON_19,25.785864465323215
500632,FAT_DON_19,29917.70995820093
500633,FAT_DON_19,95.67912867396245
500635,FAT_DON_19,33.25019365265362
500637,FAT_DON_19,0.6785753806664004
500638,FAT_DON_19,4.7500276646648025
500639,FAT_DON_19,3.392876903332002
500640,FAT_DON_19,0.6785753806664004
502347,FAT_DON_19,2.035726141999201
502558,FAT_DON_19,293.8231398285514
502800,FAT_DON_19,2.035726141999201
504472,FAT_DON_19,0.6785753806664004
511145,FAT_DON_19,7.464329187330404
511680,FAT_DON_19,18200.070284853526
512566,FAT_DON_19,46.82170126598163
515608,FAT_DON_19,2.035726141999201
515619,FAT_DON_19,925385.4609716223
515620,FAT_DON_19,98856.89718162321
518635,FAT_DON_19,3088.8751327934547
518636,FAT_DON_19,9932.307846814103
518637,FAT_DON_19,4830.099559583438
520999,FAT_DON_19,0.6785753806664004
521000,FAT_DON_19,1.3571507613328009
521003,FAT_DON_19,456.68123118848746
521095,FAT_DON_19,189.32253120592569
521097,FAT_DON_19,4.7500276646648025
523794,FAT_DON_19,8.821479948663205
525246,FAT_DON_19,6.785753806664004
525258,FAT_DON_19,223.92987561991214
525259,FAT_DON_19,2759.766073170251
525268,FAT_DON_19,2.035726141999201
525278,FAT_DON_19,26.464439845989617
525279,FAT_DON_19,14.928658374660808
525306,FAT_DON_19,15.607233755327211
525309,FAT_DON_19,1.3571507613328009
525310,FAT_DON_19,3.392876903332002
525318,FAT_DON_19,1.3571507613328009
525325,FAT_DON_19,1.3571507613328009
525328,FAT_DON_19,6.107178425997604
525337,FAT_DON_19,12.214356851995207
525338,FAT_DON_19,6.785753806664004
525361,FAT_DON_19,57.00033197597763
525362,FAT_DON_19,1177.3282854562046
525365,FAT_DON_19,4.7500276646648025
525367,FAT_DON_19,2.035726141999201
525369,FAT_DON_19,0.6785753806664004
525370,FAT_DON_19,1.3571507613328009
525379,FAT_DON_19,2.7143015226656018
525919,FAT_DON_19,11.535781471328807
526997,FAT_DON_19,5.4286030453312035
527004,FAT_DON_19,0.6785753806664004
527012,FAT_DON_19,2.035726141999201
527025,FAT_DON_19,6.107178425997604
536229,FAT_DON_19,2.035726141999201
536231,FAT_DON_19,806736.5556621021
536233,FAT_DON_19,333.85908728786904
537006,FAT_DON_19,1832.1535277992812
537007,FAT_DON_19,4703.205963398821
537011,FAT_DON_19,786.4688661923581
537012,FAT_DON_19,74211.03935581955
537013,FAT_DON_19,836.0048689810053
537937,FAT_DON_19,4308.953667231643
537970,FAT_DON_19,4.071452283998402
537971,FAT_DON_19,2.035726141999201
537972,FAT_DON_19,1.3571507613328009
537973,FAT_DON_19,12.214356851995207
543734,FAT_DON_19,61.75035964064244
545696,FAT_DON_19,6745.0392838240205
545697,FAT_DON_19,950.0055329329607
546262,FAT_DON_19,8.142904567996805
546263,FAT_DON_19,1.3571507613328009
546266,FAT_DON_19,4.7500276646648025
546268,FAT_DON_19,10.178630709996005
546269,FAT_DON_19,25.107289084656816
546270,FAT_DON_19,8.142904567996805
546273,FAT_DON_19,415.96670834850346
546274,FAT_DON_19,3.392876903332002
547042,FAT_DON_19,4927.8144143993995
547043,FAT_DON_19,150134.12439706043
548476,FAT_DON_19,10.178630709996005
548477,FAT_DON_19,75.32186725397044
548479,FAT_DON_19,236.82280785257376
548480,FAT_DON_19,4487.418992346906
552396,FAT_DON_19,5368.209836451893
552398,FAT_DON_19,31610.755532963598
552531,FAT_DON_19,38.00022131731842
553174,FAT_DON_19,9.500055329329605
553175,FAT_DON_19,0.6785753806664004
553177,FAT_DON_19,0.6785753806664004
553184,FAT_DON_19,24.428713703990415
553204,FAT_DON_19,168.96526978593369
553206,FAT_DON_19,6.107178425997604
553218,FAT_DON_19,0.6785753806664004
553220,FAT_DON_19,3.392876903332002
553481,FAT_DON_19,2.7143015226656018
553482,FAT_DON_19,2.7143015226656018
553973,FAT_DON_19,295.8588659705506
555970,FAT_DON_19,46.14312588531523
556258,FAT_DON_19,14015.9744876645
556259,FAT_DON_19,38003.61419422175
556263,FAT_DON_19,0.6785753806664004
556264,FAT_DON_19,13.571507613328007
556267,FAT_DON_19,0.6785753806664004
556268,FAT_DON_19,131.64362384928168
556269,FAT_DON_19,0.6785753806664004
556270,FAT_DON_19,922.1839423256382
557598,FAT_DON_19,4.7500276646648025
561177,FAT_DON_19,16.28580913599361
561180,FAT_DON_19,19.678686039325612
562973,FAT_DON_19,33.25019365265362
562982,FAT_DON_19,25.785864465323215
562983,FAT_DON_19,26.464439845989617
563192,FAT_DON_19,10591.883116821844
563193,FAT_DON_19,36368.24752681573
563194,FAT_DON_19,1.3571507613328009
565040,FAT_DON_19,4053.1307487204094
565042,FAT_DON_19,3985.2732106537696
565047,FAT_DON_19,3.392876903332002
565653,FAT_DON_19,600.5392118897644
566550,FAT_DON_19,6486.502063790122
566551,FAT_DON_19,7.464329187330404
566552,FAT_DON_19,11474.031111688166
568703,FAT_DON_19,8.142904567996805
568816,FAT_DON_19,27626.160897690494
573236,FAT_DON_19,46.14312588531523
575586,FAT_DON_19,0.6785753806664004
575587,FAT_DON_19,0.6785753806664004
575594,FAT_DON_19,0.6785753806664004
575595,FAT_DON_19,1.3571507613328009
580050,FAT_DON_19,44.785975123982425
585054,FAT_DON_19,2.035726141999201
585394,FAT_DON_19,36086.638743839176
585501,FAT_DON_19,158.10806369527128
585506,FAT_DON_19,2.7143015226656018
585520,FAT_DON_19,6.107178425997604
585524,FAT_DON_19,1.3571507613328009
585543,FAT_DON_19,253345.4397964199
585544,FAT_DON_19,25807.57887750454
586220,FAT_DON_19,46.82170126598163
591001,FAT_DON_19,197.46543577392254
591020,FAT_DON_19,4.071452283998402
591365,FAT_DON_19,8.142904567996805
592010,FAT_DON_19,15.607233755327211
592022,FAT_DON_19,4.7500276646648025
592028,FAT_DON_19,36.643070555985624
592031,FAT_DON_19,12.214356851995207
596315,FAT_DON_19,30.535892129988017
596320,FAT_DON_19,2.7143015226656018
596327,FAT_DON_19,401.0380499738427
613026,FAT_DON_19,0.6785753806664004
622312,FAT_DON_19,226114.88834565796
626095,FAT_DON_19,0.6785753806664004
626369,FAT_DON_19,10.857206090662407
626522,FAT_DON_19,129.6078977072825
626939,FAT_DON_19,7281.113834550476
629741,FAT_DON_19,1.3571507613328009
632245,FAT_DON_19,244.28713703990414
633147,FAT_DON_19,48.17885202731443
634176,FAT_DON_19,14.928658374660808
634498,FAT_DON_19,2.035726141999201
638301,FAT_DON_19,34.60734441398642
640513,FAT_DON_19,4.7500276646648025
641112,FAT_DON_19,1061.9704707429166
641118,FAT_DON_19,3.392876903332002
641143,FAT_DON_19,6.785753806664004
641146,FAT_DON_19,1.3571507613328009
642492,FAT_DON_19,80.75047029930165
644042,FAT_DON_19,2.035726141999201
644283,FAT_DON_19,7.464329187330404
644284,FAT_DON_19,4.7500276646648025
645127,FAT_DON_19,2.035726141999201
645462,FAT_DON_19,211.03694338725055
645463,FAT_DON_19,4156.952781962369
645464,FAT_DON_19,88.21479948663206
649746,FAT_DON_19,1.3571507613328009
649747,FAT_DON_19,4.071452283998402
649754,FAT_DON_19,2.035726141999201
649757,FAT_DON_19,24257.71270806248
649764,FAT_DON_19,53.60745507264563
655811,FAT_DON_19,67.17896268597364
655812,FAT_DON_19,16.96438451666001
657308,FAT_DON_19,3393.5554787126684
657309,FAT_DON_19,23343.67167030484
657313,FAT_DON_19,71558.4881927946
657314,FAT_DON_19,31605.32692991827
657316,FAT_DON_19,14.250082993994408
657317,FAT_DON_19,972986.8453499895
657319,FAT_DON_19,19070.00392286785
657321,FAT_DON_19,416911.2852783911
657322,FAT_DON_19,95479.62751204653
657323,FAT_DON_19,276315.2164319776
657324,FAT_DON_19,200.85831267725453
658089,FAT_DON_19,22728.203800040417
658659,FAT_DON_19,6743.003557682022
663952,FAT_DON_19,6.107178425997604
665943,FAT_DON_19,488.5742740798083
665951,FAT_DON_19,20506.548003738622
665953,FAT_DON_19,5777.390790993733
675806,FAT_DON_19,1.3571507613328009
675812,FAT_DON_19,3.392876903332002
679189,FAT_DON_19,384.752240837849
679192,FAT_DON_19,16.96438451666001
679935,FAT_DON_19,4244.489006068335
680646,FAT_DON_19,103.14345786129286
688245,FAT_DON_19,4.7500276646648025
692420,FAT_DON_19,2.035726141999201
695560,FAT_DON_19,2.035726141999201
697329,FAT_DON_19,574.0747720437747
698737,FAT_DON_19,6.107178425997604
702443,FAT_DON_19,90733.67129966574
702444,FAT_DON_19,12426.072370763124
702447,FAT_DON_19,13471.078456989382
702459,FAT_DON_19,562.538990572446
706433,FAT_DON_19,102.46488248062646
709991,FAT_DON_19,6565.216807947424
717959,FAT_DON_19,24053.461518481894
717960,FAT_DON_19,17411.56569251917
717962,FAT_DON_19,45005.15497193767
718251,FAT_DON_19,6.107178425997604
718252,FAT_DON_19,325661.8966894189
720554,FAT_DON_19,146.5722822239425
742725,FAT_DON_19,1257.40018037484
742726,FAT_DON_19,32795.54814760713
742727,FAT_DON_19,14716.264280512225
742729,FAT_DON_19,40.71452283998402
742733,FAT_DON_19,7287.221012976474
742740,FAT_DON_19,12311.393131430503
742741,FAT_DON_19,5631.497084150457
742742,FAT_DON_19,411.21668068383866
742743,FAT_DON_19,114.00066395195526
742766,FAT_DON_19,8.821479948663205
742816,FAT_DON_19,33.92876903332002
742817,FAT_DON_19,3786.450624118514
742818,FAT_DON_19,638.5394332070828
742820,FAT_DON_19,8.821479948663205
742821,FAT_DON_19,22500.202472136505
743710,FAT_DON_19,6.107178425997604
743719,FAT_DON_19,21.035836800658412
748224,FAT_DON_19,463240.3408180089
749219,FAT_DON_19,0.6785753806664004
749518,FAT_DON_19,23.071562942657614
752555,FAT_DON_19,43.42882436264963
754252,FAT_DON_19,12.892932232661607
758678,FAT_DON_19,25.785864465323215
759350,FAT_DON_19,1730.367220699321
762376,FAT_DON_19,9.500055329329605
762948,FAT_DON_19,8.142904567996805
762966,FAT_DON_19,667.0395991950717
762967,FAT_DON_19,10.178630709996005
762968,FAT_DON_19,4688.955880404827
762982,FAT_DON_19,1807.7248140952906
762983,FAT_DON_19,4.7500276646648025
762984,FAT_DON_19,25403.826526008033
763034,FAT_DON_19,3967.6302507564433
767029,FAT_DON_19,13.571507613328007
767031,FAT_DON_19,8.142904567996805
768486,FAT_DON_19,4.7500276646648025
862514,FAT_DON_19,2.7143015226656018
862962,FAT_DON_19,1900.0110658659214
862965,FAT_DON_19,586.9677042764364
863767,FAT_DON_19,10.178630709996005
864566,FAT_DON_19,2.035726141999201
866499,FAT_DON_19,16.96438451666001
866771,FAT_DON_19,3753.879005846527
866776,FAT_DON_19,545.5746060557859
868129,FAT_DON_19,443.1097235751595
871541,FAT_DON_19,27.821590607322417
871585,FAT_DON_19,0.6785753806664004
873513,FAT_DON_19,23.071562942657614
873533,FAT_DON_19,0.6785753806664004
878320,FAT_DON_19,8.142904567996805
879088,FAT_DON_19,4.7500276646648025
879089,FAT_DON_19,2.035726141999201
879090,FAT_DON_19,2.7143015226656018
879243,FAT_DON_19,2.035726141999201
883062,FAT_DON_19,217.14412181324812
883077,FAT_DON_19,6.785753806664004
883156,FAT_DON_19,593.7534580831004
883166,FAT_DON_19,4.7500276646648025
886872,FAT_DON_19,16.28580913599361
887898,FAT_DON_19,23.071562942657614
887929,FAT_DON_19,16.28580913599361
888048,FAT_DON_19,394.25229616717866
888050,FAT_DON_19,3.392876903332002
888066,FAT_DON_19,5.4286030453312035
888727,FAT_DON_19,119.42926699728646
888746,FAT_DON_19,46.14312588531523
888826,FAT_DON_19,0.6785753806664004
888832,FAT_DON_19,211.71551876791693
888833,FAT_DON_19,331.1447857652034
889201,FAT_DON_19,19.00011065865921
889204,FAT_DON_19,155.3937621726057
890402,FAT_DON_19,5286.780790771925
903510,FAT_DON_19,1.3571507613328009
903814,FAT_DON_19,2116.476612298503
904306,FAT_DON_19,671.1110514790699
904314,FAT_DON_19,2.035726141999201
908290,FAT_DON_19,2.7143015226656018
908338,FAT_DON_19,14.250082993994408
909954,FAT_DON_19,22.392987561991212
910954,FAT_DON_19,2.7143015226656018
911104,FAT_DON_19,6.107178425997604
927666,FAT_DON_19,33.25019365265362
930942,FAT_DON_19,6.785753806664004
931276,FAT_DON_19,236.82280785257376
931277,FAT_DON_19,2.035726141999201
935839,FAT_DON_19,5.4286030453312035
936154,FAT_DON_19,12.214356851995207
937593,FAT_DON_19,6.785753806664004
944562,FAT_DON_19,3.392876903332002
945711,FAT_DON_19,2.035726141999201
981539,FAT_DON_19,8.142904567996805
983952,FAT_DON_19,2.7143015226656018
996285,FAT_DON_19,6.785753806664004
997348,FAT_DON_19,2.035726141999201
997350,FAT_DON_19,6.785753806664004
997352,FAT_DON_19,2.035726141999201
997353,FAT_DON_19,146.5722822239425
997872,FAT_DON_19,219.85842333591373
997884,FAT_DON_19,3061.0535421861323
998088,FAT_DON_19,10.857206090662407
999410,FAT_DON_19,13939.974045029865
999412,FAT_DON_19,2723.123002614265
999413,FAT_DON_19,7975.296448972204
999415,FAT_DON_19,61.75035964064244
1000565,FAT_DON_19,8.821479948663205
1002364,FAT_DON_19,1.3571507613328009
1002367,FAT_DON_19,1603.4736245147042
1002368,FAT_DON_19,8.142904567996805
1005994,FAT_DON_19,3.392876903332002
1005995,FAT_DON_19,0.6785753806664004
1005996,FAT_DON_19,2.7143015226656018
1005999,FAT_DON_19,2.7143015226656018
1006000,FAT_DON_19,4.071452283998402
1006003,FAT_DON_19,4.071452283998402
1006551,FAT_DON_19,8.142904567996805
1009846,FAT_DON_19,6.785753806664004
1028307,FAT_DON_19,2.035726141999201
1028803,FAT_DON_19,14.928658374660808
1031746,FAT_DON_19,0.6785753806664004
1033734,FAT_DON_19,6.785753806664004
1033739,FAT_DON_19,5.4286030453312035
1033992,FAT_DON_19,14.928658374660808
1035184,FAT_DON_19,5.4286030453312035
1035191,FAT_DON_19,38.67879669798482
1035195,FAT_DON_19,11.535781471328807
1035839,FAT_DON_19,48.17885202731443
1037409,FAT_DON_19,18.321535277992812
1042156,FAT_DON_19,3694.8429477285504
1042403,FAT_DON_19,40.035947459317626
1045856,FAT_DON_19,2.7143015226656018
1046625,FAT_DON_19,2.035726141999201
1050720,FAT_DON_19,10.857206090662407
1051501,FAT_DON_19,1.3571507613328009
1051502,FAT_DON_19,4.071452283998402
1054460,FAT_DON_19,40.71452283998402
1064535,FAT_DON_19,82.10762106063444
1064537,FAT_DON_19,6.785753806664004
1074451,FAT_DON_19,43.42882436264963
1076934,FAT_DON_19,251.07289084656813
1077285,FAT_DON_19,4895.921371508079
1077975,FAT_DON_19,3.392876903332002
1089454,FAT_DON_19,2.7143015226656018
1089456,FAT_DON_19,4.071452283998402
1089547,FAT_DON_19,0.6785753806664004
1095730,FAT_DON_19,12.214356851995207
1095770,FAT_DON_19,20.35726141999201
1110694,FAT_DON_19,3.392876903332002
1112856,FAT_DON_19,0.6785753806664004
1115512,FAT_DON_19,0.6785753806664004
1115803,FAT_DON_19,21.714412181324814
1118059,FAT_DON_19,18.321535277992812
1120942,FAT_DON_19,10.178630709996005
1120988,FAT_DON_19,6.107178425997604
1121019,FAT_DON_19,0.6785753806664004
1121090,FAT_DON_19,0.6785753806664004
1121097,FAT_DON_19,21.714412181324814
1121100,FAT_DON_19,3103.803791168116
1121101,FAT_DON_19,8912.409049672504
1121102,FAT_DON_19,2.035726141999201
1121111,FAT_DON_19,409.1809545418394
1121114,FAT_DON_19,2275.941826755107
1121115,FAT_DON_19,131625.3023140037
1121124,FAT_DON_19,11.535781471328807
1121126,FAT_DON_19,4.7500276646648025
1121129,FAT_DON_19,110.60778704862327
1121130,FAT_DON_19,4072.8094347597353
1121303,FAT_DON_19,51.57172893064643
1121315,FAT_DON_19,176.42959897326412
1121333,FAT_DON_19,21959.377893745386
1121334,FAT_DON_19,379.3236377925178
1121342,FAT_DON_19,41.39309822065042
1121344,FAT_DON_19,220.53699871658014
1121367,FAT_DON_19,1.3571507613328009
1121445,FAT_DON_19,12.214356851995207
1121482,FAT_DON_19,2.035726141999201
1121864,FAT_DON_19,414.6095575871706
1122237,FAT_DON_19,3.392876903332002
1122603,FAT_DON_19,2.035726141999201
1122917,FAT_DON_19,2.035726141999201
1122949,FAT_DON_19,31.214467510654423
1122950,FAT_DON_19,462.1098342338187
1122975,FAT_DON_19,624.2893502130884
1122976,FAT_DON_19,111.96493780995607
1122978,FAT_DON_19,9.500055329329605
1122981,FAT_DON_19,779.0045370050277
1122982,FAT_DON_19,8.142904567996805
1122984,FAT_DON_19,1.3571507613328009
1122985,FAT_DON_19,2.035726141999201
1122988,FAT_DON_19,111.28636242928967
1122991,FAT_DON_19,82.10762106063444
1122992,FAT_DON_19,165.5723928826017
1122993,FAT_DON_19,8.142904567996805
1122997,FAT_DON_19,2.7143015226656018
1123075,FAT_DON_19,828.540539793675
1123242,FAT_DON_19,0.6785753806664004
1123253,FAT_DON_19,6.107178425997604
1123263,FAT_DON_19,5479.496198881184
1123313,FAT_DON_19,893.005200956983
1123318,FAT_DON_19,2.7143015226656018
1123488,FAT_DON_19,69.89326420863924
1123524,FAT_DON_19,3.392876903332002
1124991,FAT_DON_19,4.071452283998402
1125712,FAT_DON_19,66.50038730530724
1125724,FAT_DON_19,5.4286030453312035
1127131,FAT_DON_19,1.3571507613328009
1130798,FAT_DON_19,68.53611344730645
1133568,FAT_DON_19,21.035836800658412
1136177,FAT_DON_19,1.3571507613328009
1139219,FAT_DON_19,4.071452283998402
1140001,FAT_DON_19,33.25019365265362
1140002,FAT_DON_19,20.35726141999201
1144300,FAT_DON_19,0.6785753806664004
1150460,FAT_DON_19,16213.880145642972
1150461,FAT_DON_19,114.00066395195526
1156431,FAT_DON_19,107.21491014529126
1156433,FAT_DON_19,119.42926699728646
1156918,FAT_DON_19,0.6785753806664004
1158606,FAT_DON_19,2.7143015226656018
1158610,FAT_DON_19,3.392876903332002
1158612,FAT_DON_19,6.107178425997604
1159488,FAT_DON_19,6.107178425997604
1159899,FAT_DON_19,2.7143015226656018
1160707,FAT_DON_19,3.392876903332002
1160719,FAT_DON_19,0.6785753806664004
1160721,FAT_DON_19,137442.05047707606
1163399,FAT_DON_19,1.3571507613328009
1167632,FAT_DON_19,2.7143015226656018
1170318,FAT_DON_19,2.035726141999201
1171373,FAT_DON_19,2.7143015226656018
1175296,FAT_DON_19,0.6785753806664004
1176165,FAT_DON_19,4.071452283998402
1178544,FAT_DON_19,2.7143015226656018
1185325,FAT_DON_19,10.178630709996005
1189311,FAT_DON_19,2.035726141999201
1194526,FAT_DON_19,23.071562942657614
1196029,FAT_DON_19,4.7500276646648025
1197728,FAT_DON_19,2.7143015226656018
1197906,FAT_DON_19,5.4286030453312035
1198291,FAT_DON_19,1.3571507613328009
1202533,FAT_DON_19,3.392876903332002
1202534,FAT_DON_19,325.0376073392058
1203465,FAT_DON_19,27286.873207357294
1203540,FAT_DON_19,745.0757679717077
1203606,FAT_DON_19,4225.488895409675
1203610,FAT_DON_19,16269.523326857616
1203611,FAT_DON_19,15098.980795208076
1206781,FAT_DON_19,15.607233755327211
1208104,FAT_DON_19,14.250082993994408
1211815,FAT_DON_19,5.4286030453312035
1211844,FAT_DON_19,838.719170503671
1212545,FAT_DON_19,5.4286030453312035
1214102,FAT_DON_19,27.143015226656015
1215110,FAT_DON_19,4.7500276646648025
1215915,FAT_DON_19,105.17918400329206
1216976,FAT_DON_19,7.464329187330404
1217674,FAT_DON_19,2.7143015226656018
1217689,FAT_DON_19,0.6785753806664004
1217986,FAT_DON_19,1.3571507613328009
1218102,FAT_DON_19,3.392876903332002
1219013,FAT_DON_19,2.7143015226656018
1223528,FAT_DON_19,2.7143015226656018
1229756,FAT_DON_19,4.071452283998402
1229781,FAT_DON_19,2.7143015226656018
1231627,FAT_DON_19,4.071452283998402
1232666,FAT_DON_19,23.750138323324013
1233170,FAT_DON_19,239.53710937523934
1235789,FAT_DON_19,14199.868415825094
1235795,FAT_DON_19,7.464329187330404
1235811,FAT_DON_19,483.14567103447706
1235815,FAT_DON_19,4.7500276646648025
1236550,FAT_DON_19,3.392876903332002
1237085,FAT_DON_19,0.6785753806664004
1244083,FAT_DON_19,0.6785753806664004
1246477,FAT_DON_19,2.035726141999201
1248438,FAT_DON_19,13.571507613328007
1254439,FAT_DON_19,116.03639009395447
1255680,FAT_DON_19,1.3571507613328009
1256908,FAT_DON_19,39276.62160835192
1257041,FAT_DON_19,33.25019365265362
1259823,FAT_DON_19,29.857316749321615
1260282,FAT_DON_19,25.107289084656816
1261127,FAT_DON_19,4.071452283998402
1262650,FAT_DON_19,4.7500276646648025
1274524,FAT_DON_19,4.071452283998402
1276282,FAT_DON_19,2.035726141999201
1278306,FAT_DON_19,6.785753806664004
1280689,FAT_DON_19,489.2528494604747
1280692,FAT_DON_19,178.46532511526328
1280694,FAT_DON_19,237.50138323324018
1280705,FAT_DON_19,6.107178425997604
1282887,FAT_DON_19,338.6091149525338
1286820,FAT_DON_19,374.57361012785304
1292022,FAT_DON_19,4.071452283998402
1292036,FAT_DON_19,284.3230844992218
1292043,FAT_DON_19,1.3571507613328009
1295400,FAT_DON_19,61.071784259976035
1296619,FAT_DON_19,6.785753806664004
1300222,FAT_DON_19,12.214356851995207
1304881,FAT_DON_19,363.7164040371906
1307436,FAT_DON_19,2.7143015226656018
1315312,FAT_DON_19,2.035726141999201
1315976,FAT_DON_19,2.035726141999201
1316928,FAT_DON_19,4.7500276646648025
1316931,FAT_DON_19,166.92954364393452
1319815,FAT_DON_19,6.785753806664004
1321814,FAT_DON_19,33.25019365265362
1322347,FAT_DON_19,4076.202311663067
1328337,FAT_DON_19,4.071452283998402
1331262,FAT_DON_19,6.107178425997604
1336236,FAT_DON_19,206.28691572258572
1336752,FAT_DON_19,1.3571507613328009
1336753,FAT_DON_19,1.3571507613328009
1346330,FAT_DON_19,1.3571507613328009
1346614,FAT_DON_19,4.7500276646648025
1353979,FAT_DON_19,2.035726141999201
1367477,FAT_DON_19,4.7500276646648025
1382315,FAT_DON_19,2.7143015226656018
1384484,FAT_DON_19,6170.2859363995785
1392501,FAT_DON_19,54.28603045331203
1397694,FAT_DON_19,5.4286030453312035
1400136,FAT_DON_19,6.107178425997604
1401079,FAT_DON_19,34.60734441398642
1408437,FAT_DON_19,3715.8787845292086
1408440,FAT_DON_19,18.321535277992812
1408472,FAT_DON_19,10.857206090662407
1410645,FAT_DON_19,242.25141089790495
1410647,FAT_DON_19,5518.174995579168
1410657,FAT_DON_19,129.6078977072825
1410665,FAT_DON_19,127.57217156528327
1410676,FAT_DON_19,6.107178425997604
1415164,FAT_DON_19,2.7143015226656018
1423757,FAT_DON_19,1.3571507613328009
1423799,FAT_DON_19,4.071452283998402
1423814,FAT_DON_19,1.3571507613328009
1429046,FAT_DON_19,7.464329187330404
1437595,FAT_DON_19,8.142904567996805
1437599,FAT_DON_19,9.500055329329605
1437603,FAT_DON_19,14.250082993994408
1437612,FAT_DON_19,64692.66249121195
1437882,FAT_DON_19,13.571507613328007
1440052,FAT_DON_19,2.7143015226656018
1441930,FAT_DON_19,3.392876903332002
1444307,FAT_DON_19,5.4286030453312035
1446473,FAT_DON_19,8.142904567996805
1448136,FAT_DON_19,13.571507613328007
1448141,FAT_DON_19,66.50038730530724
1458276,FAT_DON_19,12.892932232661607
1899017,FAT_DON_19,107.21491014529126
329,FAT_DON_8,28.11853786426979
561,FAT_DON_8,149.37973240393328
818,FAT_DON_8,36728.96138089416
904,FAT_DON_8,876.0681953336557
1246,FAT_DON_8,34.269468022078804
1350,FAT_DON_8,186.28531335078736
1547,FAT_DON_8,908.5802547392176
28112,FAT_DON_8,51.84355418724742
66692,FAT_DON_8,74.68986620196664
85962,FAT_DON_8,2.6361129247752926
176280,FAT_DON_8,17.57408616516862
190304,FAT_DON_8,57.99448434505644
192222,FAT_DON_8,4.393521541292155
195103,FAT_DON_8,246.03720631236064
203267,FAT_DON_8,1.7574086165168619
205913,FAT_DON_8,34802.84153719168
205921,FAT_DON_8,25.482424939494496
205922,FAT_DON_8,18.452790473427047
206672,FAT_DON_8,33153.5135505906
207244,FAT_DON_8,906.8228461227006
213810,FAT_DON_8,8587.577204609644
218495,FAT_DON_8,12.301860315618033
220668,FAT_DON_8,39.54169387162939
223926,FAT_DON_8,3.5148172330337237
224308,FAT_DON_8,11.423156007359601
226185,FAT_DON_8,217.91866844809087
226186,FAT_DON_8,26445.484861345736
234621,FAT_DON_8,8.78704308258431
242619,FAT_DON_8,42.17780679640468
244366,FAT_DON_8,6.150930157809016
246198,FAT_DON_8,113.35285576533758
246201,FAT_DON_8,71.1750489689329
257314,FAT_DON_8,19.331494781685482
262727,FAT_DON_8,11.423156007359601
264199,FAT_DON_8,2476.1887406722585
264731,FAT_DON_8,38.662989563370964
265669,FAT_DON_8,7.908338774325878
266835,FAT_DON_8,40.420398179887826
267747,FAT_DON_8,138.8352807048321
272558,FAT_DON_8,50.086145570730565
272559,FAT_DON_8,6927.704766309469
272562,FAT_DON_8,257.4603623197203
272620,FAT_DON_8,57.99448434505644
272621,FAT_DON_8,50.96484987898899
272623,FAT_DON_8,1782.8910414563566
273057,FAT_DON_8,0.8787043082584309
273526,FAT_DON_8,33.39076371382038
278197,FAT_DON_8,57.11578003679801
279010,FAT_DON_8,19.331494781685482
279808,FAT_DON_8,29.87594648078665
283165,FAT_DON_8,5.272225849550585
290338,FAT_DON_8,13.180564623876464
290339,FAT_DON_8,9.665747390842741
290402,FAT_DON_8,290.8511260335406
295405,FAT_DON_8,13143.65904292961
299033,FAT_DON_8,16.69538185691019
300267,FAT_DON_8,18.452790473427047
300269,FAT_DON_8,42.17780679640468
306263,FAT_DON_8,8.78704308258431
314315,FAT_DON_8,108.080629915787
321955,FAT_DON_8,63.26671019460702
321956,FAT_DON_8,115.11026438185445
321967,FAT_DON_8,35.14817233033724
324831,FAT_DON_8,35.14817233033724
326426,FAT_DON_8,2513.0943216191126
333381,FAT_DON_8,57.11578003679801
334390,FAT_DON_8,6.150930157809016
334413,FAT_DON_8,189.80013058382107
339860,FAT_DON_8,1295.2101503729273
342451,FAT_DON_8,27.23983355601136
347253,FAT_DON_8,6032.305076194128
347256,FAT_DON_8,8.78704308258431
349741,FAT_DON_8,16505.581726326367
349966,FAT_DON_8,4.393521541292155
349968,FAT_DON_8,0.8787043082584309
351627,FAT_DON_8,108.95933422404543
352165,FAT_DON_8,544.7966711202272
354242,FAT_DON_8,340.9372716042712
358681,FAT_DON_8,93.14265667539368
360104,FAT_DON_8,4.393521541292155
360105,FAT_DON_8,2.6361129247752926
360106,FAT_DON_8,2.6361129247752926
360107,FAT_DON_8,21.967607706460775
362948,FAT_DON_8,66.78152742764075
364106,FAT_DON_8,149.37973240393328
367737,FAT_DON_8,30.75465078904508
367928,FAT_DON_8,88892.36393634764
370551,FAT_DON_8,21.967607706460775
378753,FAT_DON_8,46.57132833769684
380703,FAT_DON_8,47.45003264595527
386585,FAT_DON_8,39.54169387162939
387344,FAT_DON_8,36.02687663859567
388919,FAT_DON_8,174.86215734342775
390333,FAT_DON_8,165.19640995258501
391904,FAT_DON_8,7161.4401123062125
393126,FAT_DON_8,7.0296344660674475
393127,FAT_DON_8,20.210199089943913
393130,FAT_DON_8,7.0296344660674475
393305,FAT_DON_8,5.272225849550585
398511,FAT_DON_8,39.54169387162939
398513,FAT_DON_8,19717.245973010933
398525,FAT_DON_8,65.02411881112388
398578,FAT_DON_8,79.08338774325878
405531,FAT_DON_8,29.87594648078665
405534,FAT_DON_8,30.75465078904508
405566,FAT_DON_8,10.54445169910117
409438,FAT_DON_8,83.47690928455094
411459,FAT_DON_8,55291.5898928535
411460,FAT_DON_8,14591.763742939504
411461,FAT_DON_8,52014.90152735782
411462,FAT_DON_8,136704.42275730538
411463,FAT_DON_8,13832.563220604221
411464,FAT_DON_8,695.0551078324188
411465,FAT_DON_8,306.6678035821924
411466,FAT_DON_8,1585.1825720982094
411467,FAT_DON_8,46368.34764248915
411468,FAT_DON_8,5483.114883532609
411469,FAT_DON_8,148561.65869294465
411470,FAT_DON_8,10885.388970705442
411471,FAT_DON_8,47437.73078563965
411472,FAT_DON_8,810.1653722142734
411473,FAT_DON_8,12434.544666165057
411474,FAT_DON_8,15086.474268489
411475,FAT_DON_8,30012.145648566708
411476,FAT_DON_8,61401.22094817438
411477,FAT_DON_8,113355.49187826236
411479,FAT_DON_8,12013.645302509267
411483,FAT_DON_8,300473.8169132787
411484,FAT_DON_8,35408.268805581734
411485,FAT_DON_8,221408.88196049337
411486,FAT_DON_8,63984.61161445417
411487,FAT_DON_8,43336.81777899755
411489,FAT_DON_8,298649.6267693342
411490,FAT_DON_8,6849.50008287447
411901,FAT_DON_8,5006.857148456539
411902,FAT_DON_8,13396.725883708037
411903,FAT_DON_8,27790.781157289395
413999,FAT_DON_8,101.05099544971955
416269,FAT_DON_8,1.7574086165168619
420247,FAT_DON_8,55844.29490274806
420889,FAT_DON_8,41.299102488146254
426355,FAT_DON_8,202.1019908994391
428125,FAT_DON_8,53981.44176924019
428126,FAT_DON_8,236.3714589215179
428127,FAT_DON_8,6889.920481054357
428128,FAT_DON_8,24269.81299409786
435590,FAT_DON_8,144553.88834297794
435591,FAT_DON_8,30083.32069753564
435830,FAT_DON_8,297.00205619134965
435837,FAT_DON_8,17.57408616516862
435838,FAT_DON_8,6.150930157809016
439375,FAT_DON_8,19.331494781685482
440497,FAT_DON_8,10.54445169910117
441620,FAT_DON_8,55.358371420281145
441770,FAT_DON_8,90.50654375061839
441771,FAT_DON_8,90.50654375061839
442563,FAT_DON_8,1118.5905844129825
444177,FAT_DON_8,34.269468022078804
445336,FAT_DON_8,195.07235643337165
445970,FAT_DON_8,148502.78550429133
445971,FAT_DON_8,285.57890018399
445972,FAT_DON_8,19847.29421063318
445973,FAT_DON_8,1293.4527417564104
445975,FAT_DON_8,884.85523841624
449673,FAT_DON_8,98298.0148519459
450749,FAT_DON_8,72.93245758544977
451515,FAT_DON_8,50.96484987898899
451640,FAT_DON_8,123176.76993166684
457387,FAT_DON_8,18968.589902374748
457388,FAT_DON_8,28173.01753138181
457390,FAT_DON_8,49025.549470662634
457391,FAT_DON_8,97449.18649016824
457392,FAT_DON_8,9781.736359532853
457393,FAT_DON_8,9140.282214504197
457394,FAT_DON_8,100798.80731324937
457395,FAT_DON_8,101468.37999614232
457396,FAT_DON_8,224.94830291415832
457398,FAT_DON_8,89.62783944235996
457400,FAT_DON_8,57.11578003679801
457401,FAT_DON_8,47.45003264595527
457405,FAT_DON_8,25.482424939494496
457412,FAT_DON_8,95827.97704143144
457416,FAT_DON_8,55.358371420281145
457421,FAT_DON_8,17081.13304823564
457424,FAT_DON_8,14459.079392392481
465515,FAT_DON_8,53.60096280376428
467705,FAT_DON_8,105.44451699101171
469378,FAT_DON_8,93.14265667539368
469585,FAT_DON_8,32510.301996945425
469588,FAT_DON_8,6392.573842580085
469589,FAT_DON_8,43474.77435539413
469590,FAT_DON_8,41253.40986411682
469591,FAT_DON_8,65440.62465323839
469592,FAT_DON_8,30473.465410402383
469593,FAT_DON_8,95292.84611770207
469595,FAT_DON_8,4.393521541292155
469596,FAT_DON_8,14242.918132560906
469599,FAT_DON_8,32.51205940556194
469602,FAT_DON_8,17.57408616516862
469603,FAT_DON_8,19.331494781685482
469604,FAT_DON_8,14.059268932134895
469605,FAT_DON_8,8.78704308258431
469606,FAT_DON_8,46.57132833769684
469607,FAT_DON_8,19.331494781685482
469609,FAT_DON_8,96.6574739084274
469610,FAT_DON_8,1919.9689135446718
469613,FAT_DON_8,2.6361129247752926
469615,FAT_DON_8,7.908338774325878
469616,FAT_DON_8,51.84355418724742
469617,FAT_DON_8,28.99724217252822
469618,FAT_DON_8,42.17780679640468
469621,FAT_DON_8,21.967607706460775
470145,FAT_DON_8,18075.82632518418
470146,FAT_DON_8,127704.73323212254
471854,FAT_DON_8,47.45003264595527
471870,FAT_DON_8,18730.461034836713
471871,FAT_DON_8,163.43900133606815
471872,FAT_DON_8,62.3880058863486
471874,FAT_DON_8,12.301860315618033
471875,FAT_DON_8,12494.29655912663
471881,FAT_DON_8,0.8787043082584309
473819,FAT_DON_8,1885.699445522593
474186,FAT_DON_8,169.58993149387717
476272,FAT_DON_8,14460.836801008998
478749,FAT_DON_8,2905.875147410631
478801,FAT_DON_8,41.299102488146254
479436,FAT_DON_8,82.59820497629251
479437,FAT_DON_8,4129.910248814625
480119,FAT_DON_8,3.5148172330337237
483215,FAT_DON_8,8939.058927913016
483216,FAT_DON_8,117346.56684637215
483217,FAT_DON_8,96733.9211832459
483218,FAT_DON_8,43205.01213275879
484018,FAT_DON_8,3775.7924125864774
484020,FAT_DON_8,17924.68918416373
491074,FAT_DON_8,646.7263708782052
491077,FAT_DON_8,80.84079635977565
499177,FAT_DON_8,162.56029702780972
500632,FAT_DON_8,34556.80433087931
500633,FAT_DON_8,212.6464425985403
500635,FAT_DON_8,618.6078330139354
500637,FAT_DON_8,3.5148172330337237
500638,FAT_DON_8,7.0296344660674475
500639,FAT_DON_8,10.54445169910117
500640,FAT_DON_8,9.665747390842741
502347,FAT_DON_8,5.272225849550585
502558,FAT_DON_8,2473.552627747483
502800,FAT_DON_8,6.150930157809016
504472,FAT_DON_8,11.423156007359601
511145,FAT_DON_8,35.14817233033724
511680,FAT_DON_8,26608.923862681808
512566,FAT_DON_8,38.662989563370964
515608,FAT_DON_8,1.7574086165168619
515619,FAT_DON_8,939036.1460634548
515620,FAT_DON_8,75208.3017438391
518635,FAT_DON_8,1984.9930323557953
518636,FAT_DON_8,9036.595106129704
518637,FAT_DON_8,192465.2407507689
520999,FAT_DON_8,2.6361129247752926
521000,FAT_DON_8,7.908338774325878
521003,FAT_DON_8,1217.0054669379267
521095,FAT_DON_8,146.74361947915799
521097,FAT_DON_8,4.393521541292155
523794,FAT_DON_8,28.11853786426979
525246,FAT_DON_8,27.23983355601136
525258,FAT_DON_8,119.5037859231466
525259,FAT_DON_8,6364.455304715815
525268,FAT_DON_8,35.14817233033724
525278,FAT_DON_8,170.4686358021356
525279,FAT_DON_8,43.056511104663116
525306,FAT_DON_8,45.692624029438406
525309,FAT_DON_8,1.7574086165168619
525310,FAT_DON_8,6.150930157809016
525318,FAT_DON_8,7.0296344660674475
525325,FAT_DON_8,4.393521541292155
525328,FAT_DON_8,60.63059726983173
525337,FAT_DON_8,44.81391972117998
525338,FAT_DON_8,21.967607706460775
525361,FAT_DON_8,58.87318865331487
525362,FAT_DON_8,1167.7980256754547
525365,FAT_DON_8,6.150930157809016
525367,FAT_DON_8,11.423156007359601
525369,FAT_DON_8,0.8787043082584309
525370,FAT_DON_8,19.331494781685482
525379,FAT_DON_8,12.301860315618033
525919,FAT_DON_8,43.93521541292155
526997,FAT_DON_8,14.937973240393324
527004,FAT_DON_8,1.7574086165168619
527012,FAT_DON_8,2.6361129247752926
527025,FAT_DON_8,13.180564623876464
536229,FAT_DON_8,7.0296344660674475
536231,FAT_DON_8,91078.58025529463
536233,FAT_DON_8,303.1529863491587
537006,FAT_DON_8,5071.002562959405
537007,FAT_DON_8,8832.735706613747
537011,FAT_DON_8,1427.8945009199501
537012,FAT_DON_8,288364.39284116926
537013,FAT_DON_8,20214.592611485205
537937,FAT_DON_8,39559.26795779456
537970,FAT_DON_8,9.665747390842741
537971,FAT_DON_8,1.7574086165168619
537972,FAT_DON_8,7.0296344660674475
537973,FAT_DON_8,50.086145570730565
543734,FAT_DON_8,74.68986620196664
545696,FAT_DON_8,40455.54635221816
545697,FAT_DON_8,393.65953009977704
546262,FAT_DON_8,10.54445169910117
546263,FAT_DON_8,22.846312014719203
546266,FAT_DON_8,8.78704308258431
546268,FAT_DON_8,7.0296344660674475
546269,FAT_DON_8,147.62232378741638
546270,FAT_DON_8,37.78428525511253
546273,FAT_DON_8,179.2556788847199
546274,FAT_DON_8,14.937973240393324
547042,FAT_DON_8,8914.455207281782
547043,FAT_DON_8,44563.48899332632
548476,FAT_DON_8,16.69538185691019
548477,FAT_DON_8,114.23156007359601
548479,FAT_DON_8,253.0668407784281
548480,FAT_DON_8,33640.31573736577
552396,FAT_DON_8,11009.286278169882
552398,FAT_DON_8,61386.28297493398
552531,FAT_DON_8,1167.7980256754547
553174,FAT_DON_8,59.7518929615733
553175,FAT_DON_8,85.2343179010678
553177,FAT_DON_8,17.57408616516862
553184,FAT_DON_8,88.74913513410152
553204,FAT_DON_8,340.9372716042712
553206,FAT_DON_8,18.452790473427047
553218,FAT_DON_8,1.7574086165168619
553220,FAT_DON_8,11.423156007359601
553481,FAT_DON_8,34.269468022078804
553482,FAT_DON_8,16.69538185691019
553973,FAT_DON_8,364.6622879272488
555970,FAT_DON_8,1096.6229767065217
556258,FAT_DON_8,6639.4897532007035
556259,FAT_DON_8,39038.196302997305
556263,FAT_DON_8,6.150930157809016
556264,FAT_DON_8,15.816677548651755
556267,FAT_DON_8,7.908338774325878
556268,FAT_DON_8,886.6126470327569
556269,FAT_DON_8,91.38524805887681
556270,FAT_DON_8,1208.2184238553425
557598,FAT_DON_8,27.23983355601136
561177,FAT_DON_8,106.32322129927014
561180,FAT_DON_8,28.99724217252822
562973,FAT_DON_8,246.91591062061912
562982,FAT_DON_8,63.26671019460702
562983,FAT_DON_8,88.74913513410152
563192,FAT_DON_8,52291.69338445923
563193,FAT_DON_8,26540.384926637646
563194,FAT_DON_8,14.059268932134895
565040,FAT_DON_8,35598.06893616555
565042,FAT_DON_8,34608.64788506656
565047,FAT_DON_8,14.059268932134895
565653,FAT_DON_8,50.086145570730565
566550,FAT_DON_8,20696.122572410823
566551,FAT_DON_8,11.423156007359601
566552,FAT_DON_8,9122.708128339029
568703,FAT_DON_8,39.54169387162939
568816,FAT_DON_8,6526.136897435366
573236,FAT_DON_8,1098.3803853230386
575586,FAT_DON_8,3.5148172330337237
575587,FAT_DON_8,2.6361129247752926
575594,FAT_DON_8,6.150930157809016
575595,FAT_DON_8,10.54445169910117
580050,FAT_DON_8,1087.8359336239375
585054,FAT_DON_8,12.301860315618033
585394,FAT_DON_8,60075.2561470124
585501,FAT_DON_8,343.5733845290465
585506,FAT_DON_8,27.23983355601136
585520,FAT_DON_8,9.665747390842741
585524,FAT_DON_8,14.059268932134895
585543,FAT_DON_8,11200.84381737022
585544,FAT_DON_8,20277.85932167981
586220,FAT_DON_8,1090.4720465487128
591001,FAT_DON_8,849.7070660859027
591020,FAT_DON_8,41.299102488146254
591365,FAT_DON_8,94.02136098365212
592010,FAT_DON_8,72.93245758544977
592022,FAT_DON_8,30.75465078904508
592028,FAT_DON_8,1702.9289494048392
592031,FAT_DON_8,185.40660904252894
596315,FAT_DON_8,68.53893604415761
596320,FAT_DON_8,18.452790473427047
596327,FAT_DON_8,135.32046347179835
613026,FAT_DON_8,1.7574086165168619
622312,FAT_DON_8,130470.01569021183
626095,FAT_DON_8,8.78704308258431
626369,FAT_DON_8,20.210199089943913
626522,FAT_DON_8,441.98826705399074
626939,FAT_DON_8,5280.1341883249115
629741,FAT_DON_8,12.301860315618033
632245,FAT_DON_8,201.22328659118068
633147,FAT_DON_8,869.0385608675882
634176,FAT_DON_8,3.5148172330337237
634498,FAT_DON_8,6.150930157809016
638301,FAT_DON_8,117.74637730662974
640513,FAT_DON_8,7.0296344660674475
641112,FAT_DON_8,1320.6925753124217
641118,FAT_DON_8,23.725016322977634
641143,FAT_DON_8,44.81391972117998
641146,FAT_DON_8,8.78704308258431
642492,FAT_DON_8,446.3817885952829
644042,FAT_DON_8,40.420398179887826
644283,FAT_DON_8,56.23707572853958
644284,FAT_DON_8,4.393521541292155
645127,FAT_DON_8,12.301860315618033
645462,FAT_DON_8,130.92694193050622
645463,FAT_DON_8,3928.6869622234444
645464,FAT_DON_8,869.9172651758466
649746,FAT_DON_8,7.908338774325878
649747,FAT_DON_8,85.2343179010678
649754,FAT_DON_8,178.3769745764615
649757,FAT_DON_8,29379.478546620634
649764,FAT_DON_8,463.95587476045154
655811,FAT_DON_8,159.92418410303443
655812,FAT_DON_8,42.17780679640468
657308,FAT_DON_8,5040.24791217036
657309,FAT_DON_8,15843.038677899509
657313,FAT_DON_8,116846.5840949731
657314,FAT_DON_8,59908.30232844331
657316,FAT_DON_8,49.20744126247213
657317,FAT_DON_8,732753.2800653221
657319,FAT_DON_8,266048.81822863815
657321,FAT_DON_8,247226.0932414343
657322,FAT_DON_8,185920.6510628601
657323,FAT_DON_8,293568.958458984
657324,FAT_DON_8,535.1309237293844
658089,FAT_DON_8,29658.02781233856
658659,FAT_DON_8,7721.174756666833
663952,FAT_DON_8,12.301860315618033
665943,FAT_DON_8,1907.6670532290534
665951,FAT_DON_8,23906.029410478874
665953,FAT_DON_8,124424.53004939383
675806,FAT_DON_8,7.0296344660674475
675812,FAT_DON_8,1.7574086165168619
679189,FAT_DON_8,254.82424939494499
679192,FAT_DON_8,54.47966711202272
679935,FAT_DON_8,27825.929329619732
680646,FAT_DON_8,69.41764035241604
688245,FAT_DON_8,42.17780679640468
692420,FAT_DON_8,9.665747390842741
695560,FAT_DON_8,29.87594648078665
697329,FAT_DON_8,1519.279748978827
698737,FAT_DON_8,24.603720631236065
702443,FAT_DON_8,45733.92313192655
702444,FAT_DON_8,9265.936930585154
702447,FAT_DON_8,9726.377988112572
702459,FAT_DON_8,17310.47487269109
706433,FAT_DON_8,358.5113577694398
709991,FAT_DON_8,36320.36387755399
717959,FAT_DON_8,166664.72485168485
717960,FAT_DON_8,17209.42387724137
717962,FAT_DON_8,54531.51066620997
718251,FAT_DON_8,22.846312014719203
718252,FAT_DON_8,155335.5902053089
720554,FAT_DON_8,1797.8290146967497
742725,FAT_DON_8,11685.009891220614
742726,FAT_DON_8,109730.83660669634
742727,FAT_DON_8,9874.000311899988
742729,FAT_DON_8,1108.9248370221399
742733,FAT_DON_8,17034.56171989794
742740,FAT_DON_8,23618.693101678364
742741,FAT_DON_8,9871.364198975214
742742,FAT_DON_8,886.6126470327569
742743,FAT_DON_8,324449.26396411
742766,FAT_DON_8,73.81116189370819
742816,FAT_DON_8,128.29082900573093
742817,FAT_DON_8,502.61886432382244
742818,FAT_DON_8,711.750489689329
742820,FAT_DON_8,111.59544714882072
742821,FAT_DON_8,22066.022588985717
743710,FAT_DON_8,22.846312014719203
743719,FAT_DON_8,114.23156007359601
748224,FAT_DON_8,96150.46152256228
749219,FAT_DON_8,3.5148172330337237
749518,FAT_DON_8,168.71122718561872
752555,FAT_DON_8,31.63335509730351
754252,FAT_DON_8,35.14817233033724
758678,FAT_DON_8,108.080629915787
759350,FAT_DON_8,15031.994601376979
762376,FAT_DON_8,64.14541450286546
762948,FAT_DON_8,17.57408616516862
762966,FAT_DON_8,2282.8737928554037
762967,FAT_DON_8,21.967607706460775
762968,FAT_DON_8,4341.6779871049075
762982,FAT_DON_8,2737.163920225012
762983,FAT_DON_8,7.908338774325878
762984,FAT_DON_8,1873.3975852069746
763034,FAT_DON_8,6418.056267519579
767029,FAT_DON_8,27.23983355601136
767031,FAT_DON_8,73.81116189370819
768486,FAT_DON_8,15.816677548651755
862514,FAT_DON_8,13.180564623876464
862962,FAT_DON_8,7787.077579786214
862965,FAT_DON_8,177.49827026820304
863767,FAT_DON_8,8.78704308258431
864566,FAT_DON_8,9.665747390842741
866499,FAT_DON_8,179.2556788847199
866771,FAT_DON_8,1232.8221444865785
866776,FAT_DON_8,65.90282311938232
868129,FAT_DON_8,650.2411881112389
871541,FAT_DON_8,144.9862108626411
871585,FAT_DON_8,1.7574086165168619
873513,FAT_DON_8,115.98896869011288
873533,FAT_DON_8,71.1750489689329
878320,FAT_DON_8,41.299102488146254
879088,FAT_DON_8,11.423156007359601
879089,FAT_DON_8,11.423156007359601
879090,FAT_DON_8,7.908338774325878
879243,FAT_DON_8,34.269468022078804
883062,FAT_DON_8,18311.319079797442
883077,FAT_DON_8,78.20468343500035
883156,FAT_DON_8,951.6367658438807
883166,FAT_DON_8,14.937973240393324
886872,FAT_DON_8,80.84079635977565
887898,FAT_DON_8,71.1750489689329
887929,FAT_DON_8,172.22604441865246
888048,FAT_DON_8,3049.982653965014
888050,FAT_DON_8,21.08890339820234
888066,FAT_DON_8,26.361129247752928
888727,FAT_DON_8,318.090959589552
888746,FAT_DON_8,70.29634466067448
888826,FAT_DON_8,0.8787043082584309
888832,FAT_DON_8,171.34734011039404
888833,FAT_DON_8,476.25773507606954
889201,FAT_DON_8,57.99448434505644
889204,FAT_DON_8,154.65195825348385
890402,FAT_DON_8,30536.73212059699
903510,FAT_DON_8,0.8787043082584309
903814,FAT_DON_8,3166.8503269633848
904306,FAT_DON_8,1451.619517242928
904314,FAT_DON_8,7.0296344660674475
908290,FAT_DON_8,34.269468022078804
908338,FAT_DON_8,56.23707572853958
909954,FAT_DON_8,10.54445169910117
910954,FAT_DON_8,41.299102488146254
911104,FAT_DON_8,30.75465078904508
927666,FAT_DON_8,83.47690928455094
930942,FAT_DON_8,20.210199089943913
931276,FAT_DON_8,302.27428204090023
931277,FAT_DON_8,1.7574086165168619
935839,FAT_DON_8,72.93245758544977
936154,FAT_DON_8,31.63335509730351
937593,FAT_DON_8,17.57408616516862
944562,FAT_DON_8,15.816677548651755
945711,FAT_DON_8,18.452790473427047
981539,FAT_DON_8,46.57132833769684
983952,FAT_DON_8,29.87594648078665
996285,FAT_DON_8,23.725016322977634
997348,FAT_DON_8,10.54445169910117
997350,FAT_DON_8,77.32597912674193
997352,FAT_DON_8,15.816677548651755
997353,FAT_DON_8,423.5354765805637
997872,FAT_DON_8,300.51687342438333
997884,FAT_DON_8,6593.797129171266
998088,FAT_DON_8,14.937973240393324
999410,FAT_DON_8,12743.848582672024
999412,FAT_DON_8,13070.72658534416
999413,FAT_DON_8,6556.891548224411
999415,FAT_DON_8,115.98896869011288
1000565,FAT_DON_8,21.08890339820234
1002364,FAT_DON_8,1.7574086165168619
1002367,FAT_DON_8,6105.2375337795775
1002368,FAT_DON_8,8.78704308258431
1005994,FAT_DON_8,3.5148172330337237
1005995,FAT_DON_8,1.7574086165168619
1005996,FAT_DON_8,7.908338774325878
1005999,FAT_DON_8,14.937973240393324
1006000,FAT_DON_8,6.150930157809016
1006003,FAT_DON_8,2.6361129247752926
1006551,FAT_DON_8,23.725016322977634
1009846,FAT_DON_8,39.54169387162939
1028307,FAT_DON_8,21.08890339820234
1028803,FAT_DON_8,3.5148172330337237
1031746,FAT_DON_8,1.7574086165168619
1033734,FAT_DON_8,13.180564623876464
1033739,FAT_DON_8,7.908338774325878
1033992,FAT_DON_8,43.056511104663116
1035184,FAT_DON_8,72.05375327719133
1035191,FAT_DON_8,49.20744126247213
1035195,FAT_DON_8,53.60096280376428
1035839,FAT_DON_8,10.54445169910117
1037409,FAT_DON_8,56.23707572853958
1042156,FAT_DON_8,3832.029488315017
1042403,FAT_DON_8,1112.4396542551735
1045856,FAT_DON_8,4.393521541292155
1046625,FAT_DON_8,1.7574086165168619
1050720,FAT_DON_8,28.11853786426979
1051501,FAT_DON_8,13.180564623876464
1051502,FAT_DON_8,7.908338774325878
1054460,FAT_DON_8,43.056511104663116
1064535,FAT_DON_8,516.6781332559574
1064537,FAT_DON_8,59.7518929615733
1074451,FAT_DON_8,130.92694193050622
1076934,FAT_DON_8,204.7381038242144
1077285,FAT_DON_8,9004.083046724141
1077975,FAT_DON_8,29.87594648078665
1089454,FAT_DON_8,22.846312014719203
1089456,FAT_DON_8,43.93521541292155
1089547,FAT_DON_8,7.908338774325878
1095730,FAT_DON_8,83.47690928455094
1095770,FAT_DON_8,94.90006529191054
1110694,FAT_DON_8,6.150930157809016
1112856,FAT_DON_8,4.393521541292155
1115512,FAT_DON_8,12.301860315618033
1115803,FAT_DON_8,178.3769745764615
1118059,FAT_DON_8,54.47966711202272
1120942,FAT_DON_8,104.56581268275328
1120988,FAT_DON_8,10.54445169910117
1121019,FAT_DON_8,14.937973240393324
1121090,FAT_DON_8,14.937973240393324
1121097,FAT_DON_8,244.27979769584383
1121100,FAT_DON_8,8821.312550606388
1121101,FAT_DON_8,4010.406462891479
1121102,FAT_DON_8,8.78704308258431
1121111,FAT_DON_8,698.5699250654526
1121114,FAT_DON_8,8070.02036704543
1121115,FAT_DON_8,77131.7854746168
1121124,FAT_DON_8,58.87318865331487
1121126,FAT_DON_8,38.662989563370964
1121129,FAT_DON_8,357.6326534611814
1121130,FAT_DON_8,3601.8089595513084
1121303,FAT_DON_8,509.64849878988997
1121315,FAT_DON_8,262.73258816927085
1121333,FAT_DON_8,5483.993587840867
1121334,FAT_DON_8,3950.654569929906
1121342,FAT_DON_8,181.01308750123678
1121344,FAT_DON_8,2924.327937884058
1121367,FAT_DON_8,13.180564623876464
1121445,FAT_DON_8,84.35561359280936
1121482,FAT_DON_8,18.452790473427047
1121864,FAT_DON_8,359.39006207769825
1122237,FAT_DON_8,86.99172651758467
1122603,FAT_DON_8,29.87594648078665
1122917,FAT_DON_8,18.452790473427047
1122949,FAT_DON_8,104.56581268275328
1122950,FAT_DON_8,386.6298956337096
1122975,FAT_DON_8,719.6588284636549
1122976,FAT_DON_8,94.90006529191054
1122978,FAT_DON_8,21.08890339820234
1122981,FAT_DON_8,769.7449740343855
1122982,FAT_DON_8,64.14541450286546
1122984,FAT_DON_8,25.482424939494496
1122985,FAT_DON_8,36.905580946854094
1122988,FAT_DON_8,29.87594648078665
1122991,FAT_DON_8,26.361129247752928
1122992,FAT_DON_8,222.31218998938303
1122993,FAT_DON_8,38.662989563370964
1122997,FAT_DON_8,31.63335509730351
1123075,FAT_DON_8,1608.907588421187
1123242,FAT_DON_8,1.7574086165168619
1123253,FAT_DON_8,52.722258495505855
1123263,FAT_DON_8,2908.511260335406
1123313,FAT_DON_8,2738.921328841529
1123318,FAT_DON_8,12.301860315618033
1123488,FAT_DON_8,91.38524805887681
1123524,FAT_DON_8,4.393521541292155
1124991,FAT_DON_8,6.150930157809016
1125712,FAT_DON_8,766.2301568013518
1125724,FAT_DON_8,13.180564623876464
1127131,FAT_DON_8,48.3287369542137
1130798,FAT_DON_8,92.26395236713525
1133568,FAT_DON_8,37.78428525511253
1136177,FAT_DON_8,27.23983355601136
1139219,FAT_DON_8,21.08890339820234
1140001,FAT_DON_8,68.53893604415761
1140002,FAT_DON_8,20.210199089943913
1144300,FAT_DON_8,7.0296344660674475
1150460,FAT_DON_8,8264.214019170542
1150461,FAT_DON_8,328.6354112886532
1156431,FAT_DON_8,230.2205287637089
1156433,FAT_DON_8,214.40385121505713
1156918,FAT_DON_8,8.78704308258431
1158606,FAT_DON_8,21.08890339820234
1158610,FAT_DON_8,20.210199089943913
1158612,FAT_DON_8,20.210199089943913
1159488,FAT_DON_8,137.07787208831522
1159899,FAT_DON_8,14.059268932134895
1160707,FAT_DON_8,14.937973240393324
1160719,FAT_DON_8,20.210199089943913
1160721,FAT_DON_8,216999.54374165254
1163399,FAT_DON_8,55.358371420281145
1167632,FAT_DON_8,39.54169387162939
1170318,FAT_DON_8,29.87594648078665
1171373,FAT_DON_8,44.81391972117998
1175296,FAT_DON_8,12.301860315618033
1176165,FAT_DON_8,16.69538185691019
1178544,FAT_DON_8,7.0296344660674475
1185325,FAT_DON_8,35.14817233033724
1189311,FAT_DON_8,6.150930157809016
1194526,FAT_DON_8,48.3287369542137
1196029,FAT_DON_8,18.452790473427047
1197728,FAT_DON_8,60.63059726983173
1197906,FAT_DON_8,25.482424939494496
1198291,FAT_DON_8,8.78704308258431
1202533,FAT_DON_8,21.08890339820234
1202534,FAT_DON_8,355.8752448446645
1203465,FAT_DON_8,41039.00601290176
1203540,FAT_DON_8,3841.69523570586
1203606,FAT_DON_8,29500.7397411603
1203610,FAT_DON_8,6140.385706109915
1203611,FAT_DON_8,310923.36854708794
1206781,FAT_DON_8,154.65195825348385
1208104,FAT_DON_8,43.056511104663116
1211815,FAT_DON_8,28.99724217252822
1211844,FAT_DON_8,231.09923307196732
1212545,FAT_DON_8,14.937973240393324
1214102,FAT_DON_8,49.20744126247213
1215110,FAT_DON_8,7.0296344660674475
1215915,FAT_DON_8,217.91866844809087
1216976,FAT_DON_8,77.32597912674193
1217674,FAT_DON_8,6.150930157809016
1217689,FAT_DON_8,1.7574086165168619
1217986,FAT_DON_8,1.7574086165168619
1218102,FAT_DON_8,7.0296344660674475
1219013,FAT_DON_8,19.331494781685482
1223528,FAT_DON_8,15.816677548651755
1229756,FAT_DON_8,23.725016322977634
1229781,FAT_DON_8,33.39076371382038
1231627,FAT_DON_8,23.725016322977634
1232666,FAT_DON_8,34.269468022078804
1233170,FAT_DON_8,216.161259831574
1235789,FAT_DON_8,2818.8834208930466
1235795,FAT_DON_8,85.2343179010678
1235811,FAT_DON_8,403.3252774906198
1235815,FAT_DON_8,57.99448434505644
1236550,FAT_DON_8,36.02687663859567
1237085,FAT_DON_8,2.6361129247752926
1244083,FAT_DON_8,2.6361129247752926
1246477,FAT_DON_8,28.11853786426979
1248438,FAT_DON_8,34.269468022078804
1254439,FAT_DON_8,537.7670366541597
1255680,FAT_DON_8,37.78428525511253
1256908,FAT_DON_8,32214.178645062333
1257041,FAT_DON_8,49.20744126247213
1259823,FAT_DON_8,6.150930157809016
1260282,FAT_DON_8,5.272225849550585
1261127,FAT_DON_8,11.423156007359601
1262650,FAT_DON_8,22.846312014719203
1274524,FAT_DON_8,8.78704308258431
1276282,FAT_DON_8,7.908338774325878
1278306,FAT_DON_8,14.937973240393324
1280689,FAT_DON_8,166.07511426084343
1280692,FAT_DON_8,207.37421674898968
1280694,FAT_DON_8,559.7346443606205
1280705,FAT_DON_8,20.210199089943913
1282887,FAT_DON_8,1776.7401112985474
1286820,FAT_DON_8,962.1812175429819
1292022,FAT_DON_8,28.11853786426979
1292036,FAT_DON_8,209.13162536550655
1292043,FAT_DON_8,5.272225849550585
1295400,FAT_DON_8,950.7580615356222
1296619,FAT_DON_8,8.78704308258431
1300222,FAT_DON_8,34.269468022078804
1304881,FAT_DON_8,753.0495921774752
1307436,FAT_DON_8,7.908338774325878
1315312,FAT_DON_8,3.5148172330337237
1315976,FAT_DON_8,6.150930157809016
1316928,FAT_DON_8,19.331494781685482
1316931,FAT_DON_8,123.89730746443875
1319815,FAT_DON_8,38.662989563370964
1321814,FAT_DON_8,388.38730425022646
1322347,FAT_DON_8,32733.49289124307
1328337,FAT_DON_8,56.23707572853958
1331262,FAT_DON_8,52.722258495505855
1336236,FAT_DON_8,1192.4017463066907
1336752,FAT_DON_8,1.7574086165168619
1336753,FAT_DON_8,0.8787043082584309
1346330,FAT_DON_8,21.08890339820234
1346614,FAT_DON_8,15.816677548651755
1353979,FAT_DON_8,11.423156007359601
1367477,FAT_DON_8,24.603720631236065
1382315,FAT_DON_8,66.78152742764075
1384484,FAT_DON_8,13790.385413807815
1392501,FAT_DON_8,325.12059405561945
1397694,FAT_DON_8,43.93521541292155
1400136,FAT_DON_8,2.6361129247752926
1401079,FAT_DON_8,193.3149478168548
1408437,FAT_DON_8,14701.601781471807
1408440,FAT_DON_8,43.93521541292155
1408472,FAT_DON_8,51.84355418724742
1410645,FAT_DON_8,497.34663847427186
1410647,FAT_DON_8,10516.333161236902
1410657,FAT_DON_8,795.2273989738799
1410665,FAT_DON_8,1722.2604441865246
1410676,FAT_DON_8,6.150930157809016
1415164,FAT_DON_8,22.846312014719203
1423757,FAT_DON_8,4.393521541292155
1423799,FAT_DON_8,39.54169387162939
1423814,FAT_DON_8,6.150930157809016
1429046,FAT_DON_8,41.299102488146254
1437595,FAT_DON_8,50.086145570730565
1437599,FAT_DON_8,13.180564623876464
1437603,FAT_DON_8,54.47966711202272
1437612,FAT_DON_8,114106.78406182333
1437882,FAT_DON_8,42.17780679640468
1440052,FAT_DON_8,7.908338774325878
1441930,FAT_DON_8,9.665747390842741
1444307,FAT_DON_8,24.603720631236065
1446473,FAT_DON_8,35.14817233033724
1448136,FAT_DON_8,99.2935868332027
1448141,FAT_DON_8,92.26395236713525
1458276,FAT_DON_8,10.54445169910117
1899017,FAT_DON_8,181.8917918094952
329,FAT_010,33.153010361538435
561,FAT_010,10505.525923364297
818,FAT_010,559.6228149027688
904,FAT_010,3710.4849196633813
1246,FAT_010,5.30448165784615
1350,FAT_010,9.282842901230762
1547,FAT_010,469.4466267193842
28112,FAT_010,5.30448165784615
66692,FAT_010,27.848528703692285
85962,FAT_010,1.3261204144615375
176280,FAT_010,23.870167460307673
190304,FAT_010,2.652240828923075
192222,FAT_010,1.3261204144615375
195103,FAT_010,99.45903108461529
203267,FAT_010,1.3261204144615375
205913,FAT_010,274.50692579353824
205921,FAT_010,15.913444973538446
205922,FAT_010,17.239565387999985
206672,FAT_010,393.8577630950766
207244,FAT_010,1084.7664990295375
213810,FAT_010,10581.114786988606
218495,FAT_010,9.282842901230762
220668,FAT_010,7.956722486769223
223926,FAT_010,1.3261204144615375
224308,FAT_010,13.261204144615371
226185,FAT_010,186.98297843907676
226186,FAT_010,442.9242184301535
234621,FAT_010,18.565685802461523
242619,FAT_010,7.956722486769223
244366,FAT_010,17.239565387999985
246198,FAT_010,9.282842901230762
246201,FAT_010,25.196287874769208
257314,FAT_010,13.261204144615371
262727,FAT_010,1.3261204144615375
264199,FAT_010,261.2457216489229
264731,FAT_010,15.913444973538446
265669,FAT_010,5.30448165784615
266835,FAT_010,58.34929823630764
267747,FAT_010,78.2411044532307
272558,FAT_010,37.13137160492305
272559,FAT_010,106.08963315692297
272562,FAT_010,57.023177821846105
272620,FAT_010,71.61050238092302
272621,FAT_010,5.30448165784615
272623,FAT_010,76.91498403876916
273057,FAT_010,1.3261204144615375
273526,FAT_010,68.95826155199994
278197,FAT_010,14.58732455907691
279010,FAT_010,22.544047045846135
279808,FAT_010,9.282842901230762
283165,FAT_010,1.3261204144615375
290338,FAT_010,212.17926631384594
290339,FAT_010,34.47913077599997
290402,FAT_010,176.37401512338448
295405,FAT_010,116.69859647261528
299033,FAT_010,18.565685802461523
300267,FAT_010,1243.900948764922
300269,FAT_010,2149.6411918421522
306263,FAT_010,1.3261204144615375
314315,FAT_010,291.7464911815382
321955,FAT_010,7.956722486769223
321956,FAT_010,11.935083730153837
321967,FAT_010,49.06645533507688
324831,FAT_010,42.4358532627692
326426,FAT_010,104.76351274246146
333381,FAT_010,39.783612433846116
334390,FAT_010,11.935083730153837
334413,FAT_010,22.544047045846135
339860,FAT_010,5.30448165784615
342451,FAT_010,7.956722486769223
347253,FAT_010,2835.2454461187667
347256,FAT_010,5.30448165784615
349741,FAT_010,272283.02185848623
349966,FAT_010,3.9783612433846116
349968,FAT_010,5.30448165784615
351627,FAT_010,43.76197367723073
352165,FAT_010,429.66301428553805
354242,FAT_010,4071.18967239692
358681,FAT_010,67.63214113753841
360104,FAT_010,1.3261204144615375
360105,FAT_010,13.261204144615371
360106,FAT_010,1.3261204144615375
360107,FAT_010,1.3261204144615375
362948,FAT_010,43.76197367723073
364106,FAT_010,10875.513518999067
367737,FAT_010,2.652240828923075
367928,FAT_010,160445.98282528695
370551,FAT_010,33.153010361538435
378753,FAT_010,46.414214506153805
380703,FAT_010,35.80525119046151
386585,FAT_010,2009.0724279092292
387344,FAT_010,19.891806216923058
388919,FAT_010,550.339972001538
390333,FAT_010,11.935083730153837
391904,FAT_010,217.4837479716921
393126,FAT_010,9.282842901230762
393127,FAT_010,9.282842901230762
393130,FAT_010,6.630602072307686
393305,FAT_010,21.2179266313846
398511,FAT_010,37.13137160492305
398513,FAT_010,826.1730182095378
398525,FAT_010,53.044816578461486
398578,FAT_010,106.08963315692297
405531,FAT_010,50.392575749538416
405534,FAT_010,84.8717065255384
405566,FAT_010,3.9783612433846116
409438,FAT_010,2620.4139389759976
411459,FAT_010,248064.08472917517
411460,FAT_010,29931.86387481136
411461,FAT_010,103947.9486875676
411462,FAT_010,327801.0530099185
411463,FAT_010,35216.45372644058
411464,FAT_010,202.8964234126152
411465,FAT_010,57.023177821846105
411466,FAT_010,4254.194289592611
411467,FAT_010,32447.514301044896
411468,FAT_010,6495.3377900326095
411469,FAT_010,63334.18487426856
411470,FAT_010,19934.24207018583
411471,FAT_010,247344.00134412255
411472,FAT_010,476.0772287916919
411473,FAT_010,46074.727680051656
411474,FAT_010,14593.955161149219
411475,FAT_010,13267.83474668768
411476,FAT_010,552.9922128304611
411477,FAT_010,181.67849678123062
411479,FAT_010,3687.940872617535
411483,FAT_010,259725.98765394994
411484,FAT_010,23506.81046674521
411485,FAT_010,345580.3494066043
411486,FAT_010,75875.30563383132
411487,FAT_010,52090.00988004919
411489,FAT_010,281992.8755331736
411490,FAT_010,12822.258287428604
411901,FAT_010,1529.0168378741523
411902,FAT_010,10334.45638989876
411903,FAT_010,4799.229779936303
413999,FAT_010,19.891806216923058
416269,FAT_010,1.3261204144615375
420247,FAT_010,9.282842901230762
420889,FAT_010,14.58732455907691
426355,FAT_010,145.8732455907691
428125,FAT_010,32825.458619166435
428126,FAT_010,876.5655939590762
428127,FAT_010,13350.054212384297
428128,FAT_010,2662.849792238767
435590,FAT_010,2902.877587256305
435591,FAT_010,610.0153906523071
435830,FAT_010,1930.8313234559982
435837,FAT_010,10.6089633156923
435838,FAT_010,7.956722486769223
439375,FAT_010,17.239565387999985
440497,FAT_010,9.282842901230762
441620,FAT_010,67.63214113753841
441770,FAT_010,27.848528703692285
441771,FAT_010,21.2179266313846
442563,FAT_010,88.850067768923
444177,FAT_010,57.023177821846105
445336,FAT_010,39.783612433846116
445970,FAT_010,5439.745940121225
445971,FAT_010,67.63214113753841
445972,FAT_010,11602.22750612399
445973,FAT_010,22212.516942230748
445975,FAT_010,7544.299037871686
449673,FAT_010,995.9164312606146
450749,FAT_010,15.913444973538446
451515,FAT_010,13.261204144615371
451640,FAT_010,555.6444536593841
457387,FAT_010,434.9674959433842
457388,FAT_010,1235.9442262781527
457390,FAT_010,685.6042542766148
457391,FAT_010,2693.350561771382
457392,FAT_010,45.08809409169227
457393,FAT_010,10428.610939325528
457394,FAT_010,2483.8235362864593
457395,FAT_010,2568.695242811998
457396,FAT_010,397.83612433846116
457398,FAT_010,67.63214113753841
457400,FAT_010,3772.812579143074
457401,FAT_010,4583.0721523790735
457405,FAT_010,3.9783612433846116
457412,FAT_010,135373.02414906266
457416,FAT_010,6.630602072307686
457421,FAT_010,5008.756805421226
457424,FAT_010,664.3863276452303
465515,FAT_010,61.001539065230716
467705,FAT_010,141.8948843473845
469378,FAT_010,120.67695771599989
469585,FAT_010,713.452782980307
469588,FAT_010,269.2024441356921
469589,FAT_010,315.61665864184585
469590,FAT_010,747.931913756307
469591,FAT_010,755.8886362430762
469592,FAT_010,671.0169297175379
469593,FAT_010,2905.5298280852285
469595,FAT_010,5.30448165784615
469596,FAT_010,9868.988124422762
469599,FAT_010,2.652240828923075
469602,FAT_010,2.652240828923075
469603,FAT_010,1.3261204144615375
469604,FAT_010,2.652240828923075
469605,FAT_010,3.9783612433846116
469606,FAT_010,2.652240828923075
469607,FAT_010,1.3261204144615375
469609,FAT_010,189.63521926799984
469610,FAT_010,302.3554544972305
469613,FAT_010,2.652240828923075
469615,FAT_010,2.652240828923075
469616,FAT_010,10.6089633156923
469617,FAT_010,2.652240828923075
469618,FAT_010,1.3261204144615375
469621,FAT_010,1.3261204144615375
470145,FAT_010,2381.7122643729213
470146,FAT_010,333328.3228973942
471854,FAT_010,9.282842901230762
471870,FAT_010,4104.342682758458
471871,FAT_010,17.239565387999985
471872,FAT_010,68.95826155199994
471874,FAT_010,1.3261204144615375
471875,FAT_010,131744.7586950959
471881,FAT_010,1.3261204144615375
473819,FAT_010,746.6057933418456
474186,FAT_010,15.913444973538446
476272,FAT_010,20126.52953028275
478749,FAT_010,4141.474054363381
478801,FAT_010,45.08809409169227
479436,FAT_010,15.913444973538446
479437,FAT_010,2416.191395148921
480119,FAT_010,5.30448165784615
483215,FAT_010,290.4203707670767
483216,FAT_010,1318.1636919747682
483217,FAT_010,2505.041462917844
483218,FAT_010,47944.55746444242
484018,FAT_010,200.24418258369215
484020,FAT_010,346.1174281744613
491074,FAT_010,269.2024441356921
491077,FAT_010,116.69859647261528
499177,FAT_010,84.8717065255384
500632,FAT_010,45244.576300598725
500633,FAT_010,148.5254864196922
500635,FAT_010,464.1421450615381
500637,FAT_010,1.3261204144615375
500638,FAT_010,41.10973284830766
500639,FAT_010,23.870167460307673
500640,FAT_010,6.630602072307686
502347,FAT_010,371.31371604923044
502558,FAT_010,1136.4851951935375
502800,FAT_010,5.30448165784615
504472,FAT_010,5.30448165784615
511145,FAT_010,4539.310178701842
511680,FAT_010,8613.152091927685
512566,FAT_010,23.870167460307673
515608,FAT_010,1.3261204144615375
515619,FAT_010,1370387.6400166778
515620,FAT_010,39588.67273292028
518635,FAT_010,2776.896147882459
518636,FAT_010,22814.57561039629
518637,FAT_010,7858.58957609907
520999,FAT_010,1.3261204144615375
521000,FAT_010,5.30448165784615
521003,FAT_010,164576.84791633463
521095,FAT_010,92.82842901230761
521097,FAT_010,2.652240828923075
523794,FAT_010,11.935083730153837
525246,FAT_010,125.98143937384606
525258,FAT_010,425.6846530421535
525259,FAT_010,8995.074771292608
525268,FAT_010,30.500769532615358
525278,FAT_010,13.261204144615371
525279,FAT_010,11.935083730153837
525306,FAT_010,1.3261204144615375
525309,FAT_010,7.956722486769223
525310,FAT_010,5.30448165784615
525318,FAT_010,6.630602072307686
525325,FAT_010,14.58732455907691
525328,FAT_010,54.37093699292303
525337,FAT_010,49.06645533507688
525338,FAT_010,7.956722486769223
525361,FAT_010,15.913444973538446
525362,FAT_010,2190.7509246904597
525365,FAT_010,5.30448165784615
525367,FAT_010,5.30448165784615
525369,FAT_010,1.3261204144615375
525370,FAT_010,21.2179266313846
525379,FAT_010,7.956722486769223
525919,FAT_010,92.82842901230761
526997,FAT_010,11.935083730153837
527004,FAT_010,47.74033492061535
527012,FAT_010,2.652240828923075
527025,FAT_010,6.630602072307686
536229,FAT_010,11.935083730153837
536231,FAT_010,125118.13498403158
536233,FAT_010,169.7434130510768
537006,FAT_010,446.90257967353807
537007,FAT_010,18940.97787975414
537011,FAT_010,167.0911722221537
537012,FAT_010,769.1498403876916
537013,FAT_010,3583.177359875074
537937,FAT_010,495.9690350086149
537970,FAT_010,1.3261204144615375
537971,FAT_010,1.3261204144615375
537972,FAT_010,1.3261204144615375
537973,FAT_010,49.06645533507688
543734,FAT_010,78.2411044532307
545696,FAT_010,12126.045069836297
545697,FAT_010,1235.9442262781527
546262,FAT_010,3.9783612433846116
546263,FAT_010,5.30448165784615
546266,FAT_010,5.30448165784615
546268,FAT_010,11.935083730153837
546269,FAT_010,49.06645533507688
546270,FAT_010,21.2179266313846
546273,FAT_010,22.544047045846135
546274,FAT_010,14.58732455907691
547042,FAT_010,310.31217698399973
547043,FAT_010,5764.645441664303
548476,FAT_010,33.153010361538435
548477,FAT_010,147.19936600523064
548479,FAT_010,128.6336802027691
548480,FAT_010,1340.707739020614
552396,FAT_010,19223.441528034444
552398,FAT_010,39713.32805187966
552531,FAT_010,92.82842901230761
553174,FAT_010,6.630602072307686
553175,FAT_010,3.9783612433846116
553177,FAT_010,1.3261204144615375
553184,FAT_010,143.22100476184605
553204,FAT_010,423.0324122132304
553206,FAT_010,27.848528703692285
553218,FAT_010,1.3261204144615375
553220,FAT_010,2.652240828923075
553481,FAT_010,30.500769532615358
553482,FAT_010,15.913444973538446
553973,FAT_010,639.190039770461
555970,FAT_010,84.8717065255384
556258,FAT_010,285.1158891092305
556259,FAT_010,525.1436841267688
556263,FAT_010,1.3261204144615375
556264,FAT_010,3.9783612433846116
556267,FAT_010,1.3261204144615375
556268,FAT_010,602.0586681655379
556269,FAT_010,5.30448165784615
556270,FAT_010,575.5362598763072
557598,FAT_010,27.848528703692285
561177,FAT_010,13.261204144615371
561180,FAT_010,23.870167460307673
562973,FAT_010,2095.270254849229
562982,FAT_010,26.522408289230743
562983,FAT_010,35.80525119046151
563192,FAT_010,3954.4910759243044
563193,FAT_010,663.0602072307687
563194,FAT_010,6.630602072307686
565040,FAT_010,334.1823444443074
565042,FAT_010,156.4822089064614
565047,FAT_010,5.30448165784615
565653,FAT_010,225.44047045846136
566550,FAT_010,10726.988032579375
566551,FAT_010,13.261204144615371
566552,FAT_010,5504.725840429842
568703,FAT_010,21.2179266313846
568816,FAT_010,2304.7972803341518
573236,FAT_010,107.41575357138451
575586,FAT_010,1.3261204144615375
575587,FAT_010,5.30448165784615
575594,FAT_010,2.652240828923075
575595,FAT_010,2.652240828923075
580050,FAT_010,94.15454942676915
585054,FAT_010,676.321411375384
585394,FAT_010,75468.18666659163
585501,FAT_010,213.5053867283075
585506,FAT_010,7.956722486769223
585520,FAT_010,3.9783612433846116
585524,FAT_010,9.282842901230762
585543,FAT_010,9159.513702685837
585544,FAT_010,433.6413755289227
586220,FAT_010,7.956722486769223
591001,FAT_010,229.41883170184596
591020,FAT_010,1718.6520571421522
591365,FAT_010,31.826889947076893
592010,FAT_010,58.34929823630764
592022,FAT_010,45.08809409169227
592028,FAT_010,37.13137160492305
592031,FAT_010,92.82842901230761
596315,FAT_010,90.17618818338454
596320,FAT_010,13.261204144615371
596327,FAT_010,18.565685802461523
613026,FAT_010,1.3261204144615375
622312,FAT_010,103417.500521783
626095,FAT_010,1.3261204144615375
626369,FAT_010,14.58732455907691
626522,FAT_010,22.544047045846135
626939,FAT_010,5223.588312563996
629741,FAT_010,6.630602072307686
632245,FAT_010,204.22254382707675
633147,FAT_010,1060.89633156923
634176,FAT_010,3.9783612433846116
634498,FAT_010,6.630602072307686
638301,FAT_010,108.74187398584606
640513,FAT_010,10.6089633156923
641112,FAT_010,1560.8437278212295
641118,FAT_010,33.153010361538435
641143,FAT_010,22.544047045846135
641146,FAT_010,11.935083730153837
642492,FAT_010,110.0679944003076
644042,FAT_010,7.956722486769223
644283,FAT_010,80.89334528215377
644284,FAT_010,15.913444973538446
645127,FAT_010,7.956722486769223
645462,FAT_010,820.8685365516916
645463,FAT_010,8924.790389326146
645464,FAT_010,1572.7788115513833
649746,FAT_010,7.956722486769223
649747,FAT_010,13.261204144615371
649754,FAT_010,9.282842901230762
649757,FAT_010,13972.004686766757
649764,FAT_010,791.6938874335377
655811,FAT_010,7.956722486769223
655812,FAT_010,10.6089633156923
657308,FAT_010,2276.94875163046
657309,FAT_010,258.5934808199998
657313,FAT_010,250744.1740868019
657314,FAT_010,64010.50628564395
657316,FAT_010,9.282842901230762
657317,FAT_010,1353248.859780177
657319,FAT_010,76850.00413846056
657321,FAT_010,1103048.3950633043
657322,FAT_010,311472.5323466536
657323,FAT_010,250358.27304619362
657324,FAT_010,348.7696690033843
658089,FAT_010,13563.559599112605
658659,FAT_010,8554.802793691377
663952,FAT_010,9.282842901230762
665943,FAT_010,2734.4602946196896
665951,FAT_010,40186.75303984243
665953,FAT_010,937.5671330243068
675806,FAT_010,3.9783612433846116
675812,FAT_010,5.30448165784615
679189,FAT_010,22.544047045846135
679192,FAT_010,6.630602072307686
679935,FAT_010,628.5810764547687
680646,FAT_010,110.0679944003076
688245,FAT_010,61.001539065230716
692420,FAT_010,17.239565387999985
695560,FAT_010,3.9783612433846116
697329,FAT_010,2186.772563447075
698737,FAT_010,13.261204144615371
702443,FAT_010,999.8947925039992
702444,FAT_010,202.8964234126152
702447,FAT_010,262.5718420633844
702459,FAT_010,990.6119496027684
706433,FAT_010,37.13137160492305
709991,FAT_010,233.39719294523056
717959,FAT_010,3410.781705995074
717960,FAT_010,25222.81028305844
717962,FAT_010,144399.92581030235
718251,FAT_010,55.69705740738457
718252,FAT_010,125181.78876392574
720554,FAT_010,254.61511957661514
742725,FAT_010,564.927296560615
742726,FAT_010,1095.3754623452298
742727,FAT_010,198.91806216923058
742729,FAT_010,95.4806698412307
742733,FAT_010,10325.17354699753
742740,FAT_010,28673.37560148736
742741,FAT_010,16349.738589896293
742742,FAT_010,4061.9068294956887
742743,FAT_010,258.5934808199998
742766,FAT_010,3.9783612433846116
742816,FAT_010,19.891806216923058
742817,FAT_010,87.52394735446146
742818,FAT_010,26133.855007793518
742820,FAT_010,91.50230859784608
742821,FAT_010,254.61511957661514
743710,FAT_010,17.239565387999985
743719,FAT_010,66.30602072307687
748224,FAT_010,172760.3369939768
749219,FAT_010,1.3261204144615375
749518,FAT_010,5.30448165784615
752555,FAT_010,7.956722486769223
754252,FAT_010,82.21946569661532
758678,FAT_010,34.47913077599997
759350,FAT_010,611.3415110667687
762376,FAT_010,50.392575749538416
762948,FAT_010,163.1128109787691
762966,FAT_010,499.9473962519996
762967,FAT_010,39.783612433846116
762968,FAT_010,137.91652310399988
762982,FAT_010,136.59040268953834
762983,FAT_010,6.630602072307686
762984,FAT_010,2888.290262697228
763034,FAT_010,265.2240828923075
767029,FAT_010,115.37247605815375
767031,FAT_010,9.282842901230762
768486,FAT_010,9.282842901230762
862514,FAT_010,9.282842901230762
862962,FAT_010,64.97990030861533
862965,FAT_010,10.6089633156923
863767,FAT_010,9.282842901230762
864566,FAT_010,1.3261204144615375
866499,FAT_010,132.61204144615374
866771,FAT_010,49.06645533507688
866776,FAT_010,15.913444973538446
868129,FAT_010,30.500769532615358
871541,FAT_010,1197.4867342587684
871585,FAT_010,1.3261204144615375
873513,FAT_010,68.95826155199994
873533,FAT_010,3.9783612433846116
878320,FAT_010,25.196287874769208
879088,FAT_010,10.6089633156923
879089,FAT_010,10.6089633156923
879090,FAT_010,7.956722486769223
879243,FAT_010,19.891806216923058
883062,FAT_010,477.4033492061534
883077,FAT_010,1515.755633729537
883156,FAT_010,1304.9024878301527
883166,FAT_010,7.956722486769223
886872,FAT_010,7.956722486769223
887898,FAT_010,64.97990030861533
887929,FAT_010,125.98143937384606
888048,FAT_010,2914.812670986459
888050,FAT_010,31.826889947076893
888066,FAT_010,3.9783612433846116
888727,FAT_010,269.2024441356921
888746,FAT_010,30.500769532615358
888826,FAT_010,1.3261204144615375
888832,FAT_010,9.282842901230762
888833,FAT_010,311.63829739846125
889201,FAT_010,104.76351274246146
889204,FAT_010,45.08809409169227
890402,FAT_010,484.0339512784611
903510,FAT_010,5.30448165784615
903814,FAT_010,901.7618818338455
904306,FAT_010,636.5377989415379
904314,FAT_010,10.6089633156923
908290,FAT_010,30.500769532615358
908338,FAT_010,3.9783612433846116
909954,FAT_010,22.544047045846135
910954,FAT_010,37.13137160492305
911104,FAT_010,1.3261204144615375
927666,FAT_010,37.13137160492305
930942,FAT_010,6.630602072307686
931276,FAT_010,111.39411481476914
931277,FAT_010,5.30448165784615
935839,FAT_010,102.11127191353837
936154,FAT_010,31.826889947076893
937593,FAT_010,15.913444973538446
944562,FAT_010,10.6089633156923
945711,FAT_010,17.239565387999985
981539,FAT_010,26.522408289230743
983952,FAT_010,43.76197367723073
996285,FAT_010,49.06645533507688
997348,FAT_010,5.30448165784615
997350,FAT_010,9.282842901230762
997352,FAT_010,3.9783612433846116
997353,FAT_010,7.956722486769223
997872,FAT_010,181.67849678123062
997884,FAT_010,220.1359888006152
998088,FAT_010,29.17464911815382
999410,FAT_010,13400.446788133835
999412,FAT_010,9481.760963399991
999413,FAT_010,7646.410309785224
999415,FAT_010,76.91498403876916
1000565,FAT_010,46.414214506153805
1002364,FAT_010,1.3261204144615375
1002367,FAT_010,202.8964234126152
1002368,FAT_010,6.630602072307686
1005994,FAT_010,18.565685802461523
1005995,FAT_010,1.3261204144615375
1005996,FAT_010,61.001539065230716
1005999,FAT_010,15.913444973538446
1006000,FAT_010,19.891806216923058
1006003,FAT_010,7.956722486769223
1006551,FAT_010,19.891806216923058
1009846,FAT_010,58.34929823630764
1028307,FAT_010,13.261204144615371
1028803,FAT_010,1.3261204144615375
1031746,FAT_010,1.3261204144615375
1033734,FAT_010,7.956722486769223
1033739,FAT_010,23.870167460307673
1033992,FAT_010,46.414214506153805
1035184,FAT_010,41.10973284830766
1035191,FAT_010,30.500769532615358
1035195,FAT_010,306.3338157406151
1035839,FAT_010,21.2179266313846
1037409,FAT_010,42.4358532627692
1042156,FAT_010,3462.5004021590744
1042403,FAT_010,83.54558611107684
1045856,FAT_010,7.956722486769223
1046625,FAT_010,2.652240828923075
1050720,FAT_010,34.47913077599997
1051501,FAT_010,22.544047045846135
1051502,FAT_010,9.282842901230762
1054460,FAT_010,15.913444973538446
1064535,FAT_010,192.2874600969229
1064537,FAT_010,62.32765947969226
1074451,FAT_010,128.6336802027691
1076934,FAT_010,415.0756897264612
1077285,FAT_010,127.30755978830757
1077975,FAT_010,22.544047045846135
1089454,FAT_010,21.2179266313846
1089456,FAT_010,461.489904232615
1089547,FAT_010,6.630602072307686
1095730,FAT_010,47.74033492061535
1095770,FAT_010,19.891806216923058
1110694,FAT_010,15.913444973538446
1112856,FAT_010,1.3261204144615375
1115512,FAT_010,6.630602072307686
1115803,FAT_010,1021.1127191353838
1118059,FAT_010,37.13137160492305
1120942,FAT_010,416.4018101409227
1120988,FAT_010,15.913444973538446
1121019,FAT_010,21.2179266313846
1121090,FAT_010,6.630602072307686
1121097,FAT_010,2.652240828923075
1121100,FAT_010,236.04943377415364
1121101,FAT_010,173.7217742944614
1121102,FAT_010,2.652240828923075
1121111,FAT_010,807.6073324070762
1121114,FAT_010,5441.072060535687
1121115,FAT_010,110660.7702255719
1121124,FAT_010,74.2627432098461
1121126,FAT_010,26.522408289230743
1121129,FAT_010,13.261204144615371
1121130,FAT_010,132.61204144615374
1121303,FAT_010,147.19936600523064
1121315,FAT_010,1473.3197804667682
1121333,FAT_010,23778.66515170983
1121334,FAT_010,2987.749293781844
1121342,FAT_010,27.848528703692285
1121344,FAT_010,1464.0369375655373
1121367,FAT_010,13.261204144615371
1121445,FAT_010,192.2874600969229
1121482,FAT_010,7.956722486769223
1121864,FAT_010,534.4265270279996
1122237,FAT_010,38.45749201938458
1122603,FAT_010,31.826889947076893
1122917,FAT_010,21.2179266313846
1122949,FAT_010,3.9783612433846116
1122950,FAT_010,554.3183332449227
1122975,FAT_010,75.58886362430762
1122976,FAT_010,11.935083730153837
1122978,FAT_010,5.30448165784615
1122981,FAT_010,74.2627432098461
1122982,FAT_010,14.58732455907691
1122984,FAT_010,2.652240828923075
1122985,FAT_010,7.956722486769223
1122988,FAT_010,2.652240828923075
1122991,FAT_010,2.652240828923075
1122992,FAT_010,18.565685802461523
1122993,FAT_010,3.9783612433846116
1122997,FAT_010,26.522408289230743
1123075,FAT_010,2087.3135323624597
1123242,FAT_010,3.9783612433846116
1123253,FAT_010,82.21946569661532
1123263,FAT_010,2849.8327706778437
1123313,FAT_010,3115.056853570151
1123318,FAT_010,6.630602072307686
1123488,FAT_010,112.72023522923068
1123524,FAT_010,19.891806216923058
1124991,FAT_010,18.565685802461523
1125712,FAT_010,1083.440378615076
1125724,FAT_010,25.196287874769208
1127131,FAT_010,9.282842901230762
1130798,FAT_010,152.50384766307678
1133568,FAT_010,25.196287874769208
1136177,FAT_010,5.30448165784615
1139219,FAT_010,9.282842901230762
1140001,FAT_010,10.6089633156923
1140002,FAT_010,2.652240828923075
1144300,FAT_010,5.30448165784615
1150460,FAT_010,3316.6271565683046
1150461,FAT_010,356.7263914901535
1156431,FAT_010,88.850067768923
1156433,FAT_010,120.67695771599989
1156918,FAT_010,17.239565387999985
1158606,FAT_010,19.891806216923058
1158610,FAT_010,11.935083730153837
1158612,FAT_010,19.891806216923058
1159488,FAT_010,5.30448165784615
1159899,FAT_010,26.522408289230743
1160707,FAT_010,11.935083730153837
1160719,FAT_010,25.196287874769208
1160721,FAT_010,605729.3694727675
1163399,FAT_010,25.196287874769208
1167632,FAT_010,3.9783612433846116
1170318,FAT_010,30.500769532615358
1171373,FAT_010,38.45749201938458
1175296,FAT_010,5.30448165784615
1176165,FAT_010,49.06645533507688
1178544,FAT_010,6.630602072307686
1185325,FAT_010,11.935083730153837
1189311,FAT_010,2.652240828923075
1194526,FAT_010,22.544047045846135
1196029,FAT_010,33.153010361538435
1197728,FAT_010,3.9783612433846116
1197906,FAT_010,38.45749201938458
1198291,FAT_010,15.913444973538446
1202533,FAT_010,5.30448165784615
1202534,FAT_010,338.160705687692
1203465,FAT_010,363.35699356246124
1203540,FAT_010,228.09271128738442
1203606,FAT_010,16454.502102638755
1203610,FAT_010,244.00615626092286
1203611,FAT_010,3730.3767258803045
1206781,FAT_010,59.675418650769174
1208104,FAT_010,41.10973284830766
1211815,FAT_010,62.32765947969226
1211844,FAT_010,407.118967239692
1212545,FAT_010,6.630602072307686
1214102,FAT_010,201.57030299815366
1215110,FAT_010,23.870167460307673
1215915,FAT_010,23.870167460307673
1216976,FAT_010,114.04635564369221
1217674,FAT_010,1.3261204144615375
1217689,FAT_010,1.3261204144615375
1217986,FAT_010,1.3261204144615375
1218102,FAT_010,17.239565387999985
1219013,FAT_010,15.913444973538446
1223528,FAT_010,35.80525119046151
1229756,FAT_010,18.565685802461523
1229781,FAT_010,30.500769532615358
1231627,FAT_010,17.239565387999985
1232666,FAT_010,6.630602072307686
1233170,FAT_010,554.3183332449227
1235789,FAT_010,202.8964234126152
1235795,FAT_010,57.023177821846105
1235811,FAT_010,50.392575749538416
1235815,FAT_010,2.652240828923075
1236550,FAT_010,79.56722486769223
1237085,FAT_010,1.3261204144615375
1244083,FAT_010,1.3261204144615375
1246477,FAT_010,21.2179266313846
1248438,FAT_010,50.392575749538416
1254439,FAT_010,401.8144855818458
1255680,FAT_010,34.47913077599997
1256908,FAT_010,91471.80782831345
1257041,FAT_010,514.5347208110765
1259823,FAT_010,19.891806216923058
1260282,FAT_010,19.891806216923058
1261127,FAT_010,74.2627432098461
1262650,FAT_010,2.652240828923075
1274524,FAT_010,5.30448165784615
1276282,FAT_010,11.935083730153837
1278306,FAT_010,3.9783612433846116
1280689,FAT_010,87.52394735446146
1280692,FAT_010,22.544047045846135
1280694,FAT_010,324.8995015430766
1280705,FAT_010,2.652240828923075
1282887,FAT_010,286.4420095236921
1286820,FAT_010,1121.8978706344606
1292022,FAT_010,66.30602072307687
1292036,FAT_010,617.9721131390763
1292043,FAT_010,3.9783612433846116
1295400,FAT_010,1140.463556436922
1296619,FAT_010,3.9783612433846116
1300222,FAT_010,66.30602072307687
1304881,FAT_010,904.4141226627685
1307436,FAT_010,41.10973284830766
1315312,FAT_010,1.3261204144615375
1315976,FAT_010,3.9783612433846116
1316928,FAT_010,38.45749201938458
1316931,FAT_010,71.61050238092302
1319815,FAT_010,1.3261204144615375
1321814,FAT_010,212.17926631384594
1322347,FAT_010,224.1143500439998
1328337,FAT_010,64.97990030861533
1331262,FAT_010,58.34929823630764
1336236,FAT_010,1165.6598443116914
1336752,FAT_010,6.630602072307686
1336753,FAT_010,1.3261204144615375
1346330,FAT_010,5.30448165784615
1346614,FAT_010,26.522408289230743
1353979,FAT_010,2.652240828923075
1367477,FAT_010,47.74033492061535
1382315,FAT_010,35.80525119046151
1384484,FAT_010,78226.51712867162
1392501,FAT_010,181.67849678123062
1397694,FAT_010,27.848528703692285
1400136,FAT_010,30.500769532615358
1401079,FAT_010,953.4805779978454
1408437,FAT_010,11506.74683628276
1408440,FAT_010,7.956722486769223
1408472,FAT_010,7.956722486769223
1410645,FAT_010,1981.2238992055368
1410647,FAT_010,19887.827855679676
1410657,FAT_010,92.82842901230761
1410665,FAT_010,452.20706133138424
1410676,FAT_010,7.956722486769223
1415164,FAT_010,1.3261204144615375
1423757,FAT_010,5.30448165784615
1423799,FAT_010,5.30448165784615
1423814,FAT_010,2.652240828923075
1429046,FAT_010,25.196287874769208
1437595,FAT_010,71.61050238092302
1437599,FAT_010,18.565685802461523
1437603,FAT_010,78.2411044532307
1437612,FAT_010,200607.53957725462
1437882,FAT_010,75.58886362430762
1440052,FAT_010,234.7233133596921
1441930,FAT_010,17.239565387999985
1444307,FAT_010,27.848528703692285
1446473,FAT_010,49.06645533507688
1448136,FAT_010,91.50230859784608
1448141,FAT_010,116.69859647261528
1458276,FAT_010,35.80525119046151
1899017,FAT_010,29.17464911815382
329,FAT_014,28.947105984937462
561,FAT_014,28.947105984937462
818,FAT_014,34262.5183214216
904,FAT_014,470.39047225523376
1246,FAT_014,6.030647080195305
1350,FAT_014,6.030647080195305
1547,FAT_014,794.8392851697411
28112,FAT_014,42.21452956136713
66692,FAT_014,25.328717736820277
85962,FAT_014,1.2061294160390608
176280,FAT_014,14.473552992468731
190304,FAT_014,10.855164744351548
192222,FAT_014,1.2061294160390608
195103,FAT_014,43.42065897740619
203267,FAT_014,1.2061294160390608
205913,FAT_014,211.07264780683565
205921,FAT_014,22.916458904742157
205922,FAT_014,7.2367764962343655
206672,FAT_014,227.9584596313825
207244,FAT_014,925.1012621019596
213810,FAT_014,916.6583561896863
218495,FAT_014,12.06129416039061
220668,FAT_014,6.030647080195305
223926,FAT_014,6.030647080195305
224308,FAT_014,12.06129416039061
226185,FAT_014,273.7913774408668
226186,FAT_014,21362.964216883847
234621,FAT_014,3.6183882481171827
242619,FAT_014,161.62134174923415
244366,FAT_014,8.442905912273426
246198,FAT_014,233.98910671157782
246201,FAT_014,357.014307147562
257314,FAT_014,7.2367764962343655
262727,FAT_014,4.824517664156243
264199,FAT_014,1890.0047949332081
264731,FAT_014,83.2229297066952
265669,FAT_014,3.6183882481171827
266835,FAT_014,20.504200072664034
267747,FAT_014,6.030647080195305
272558,FAT_014,1.2061294160390608
272559,FAT_014,3151.616164110066
272562,FAT_014,26.53484715285934
272620,FAT_014,12.06129416039061
272621,FAT_014,4.824517664156243
272623,FAT_014,12.06129416039061
273057,FAT_014,1.2061294160390608
273526,FAT_014,8.442905912273426
278197,FAT_014,22.916458904742157
279010,FAT_014,12.06129416039061
279808,FAT_014,6.030647080195305
283165,FAT_014,4.824517664156243
290338,FAT_014,2.4122588320781215
290339,FAT_014,7.2367764962343655
290402,FAT_014,55.4819531377968
295405,FAT_014,6578.229835077038
299033,FAT_014,7.2367764962343655
300267,FAT_014,2.4122588320781215
300269,FAT_014,8.442905912273426
306263,FAT_014,1.2061294160390608
314315,FAT_014,80.81067087461707
321955,FAT_014,6.030647080195305
321956,FAT_014,2.4122588320781215
321967,FAT_014,3.6183882481171827
324831,FAT_014,9.649035328312486
326426,FAT_014,61.5126002179921
333381,FAT_014,6.030647080195305
334390,FAT_014,4.824517664156243
334413,FAT_014,19.298070656624972
339860,FAT_014,2.4122588320781215
342451,FAT_014,7.2367764962343655
347253,FAT_014,23866.888884580934
347256,FAT_014,3.6183882481171827
349741,FAT_014,18.09194124058591
349966,FAT_014,1.2061294160390608
349968,FAT_014,1.2061294160390608
351627,FAT_014,21.710329488703096
352165,FAT_014,61.5126002179921
354242,FAT_014,1833.3167123793726
358681,FAT_014,10.855164744351548
360104,FAT_014,2.4122588320781215
360105,FAT_014,1.2061294160390608
360106,FAT_014,3.6183882481171827
360107,FAT_014,3.6183882481171827
362948,FAT_014,21.710329488703096
364106,FAT_014,15.67968240850779
367737,FAT_014,6.030647080195305
367928,FAT_014,8442.905912273427
370551,FAT_014,36.18388248117182
378753,FAT_014,8.442905912273426
380703,FAT_014,12.06129416039061
386585,FAT_014,12.06129416039061
387344,FAT_014,1.2061294160390608
388919,FAT_014,316.0059070022339
390333,FAT_014,7.2367764962343655
391904,FAT_014,154.38456525299978
393126,FAT_014,3.6183882481171827
393127,FAT_014,3.6183882481171827
393130,FAT_014,2.4122588320781215
393305,FAT_014,3.6183882481171827
398511,FAT_014,7.2367764962343655
398513,FAT_014,139.91101226053107
398525,FAT_014,4.824517664156243
398578,FAT_014,50.657435473640554
405531,FAT_014,9.649035328312486
405534,FAT_014,10.855164744351548
405566,FAT_014,3.6183882481171827
409438,FAT_014,14.473552992468731
411459,FAT_014,196653.3706380887
411460,FAT_014,8009.905451915403
411461,FAT_014,81001.23932235125
411462,FAT_014,129532.26863551493
411463,FAT_014,38526.185807119684
411464,FAT_014,127.84971810014045
411465,FAT_014,34.97775306513277
411466,FAT_014,505.3682253203665
411467,FAT_014,7283.8155434598875
411468,FAT_014,4496.450462993619
411469,FAT_014,318643.7120351114
411470,FAT_014,17283.834531839744
411471,FAT_014,13582.223354015865
411472,FAT_014,996.2628976482642
411473,FAT_014,19370.438421587318
411474,FAT_014,89436.90845812844
411475,FAT_014,9474.146562986823
411476,FAT_014,9835.98538779854
411477,FAT_014,153406.3942965921
411479,FAT_014,116995.75948520494
411483,FAT_014,124407.42474676497
411484,FAT_014,26160.947033887227
411485,FAT_014,39587.57969323405
411486,FAT_014,53122.7640000244
411487,FAT_014,48440.56960696076
411489,FAT_014,229364.80653048403
411490,FAT_014,11990.132524844304
411901,FAT_014,2130.0245487249817
411902,FAT_014,11388.273946240812
411903,FAT_014,105252.88349064863
413999,FAT_014,8.442905912273426
416269,FAT_014,3.6183882481171827
420247,FAT_014,7.2367764962343655
420889,FAT_014,6.030647080195305
426355,FAT_014,15.67968240850779
428125,FAT_014,6978.664801202006
428126,FAT_014,1409.965287349662
428127,FAT_014,11700.66146499493
428128,FAT_014,1151.853592317303
435590,FAT_014,570242.3082208595
435591,FAT_014,36007.787586430124
435830,FAT_014,289.47105984937457
435837,FAT_014,7.2367764962343655
435838,FAT_014,2.4122588320781215
439375,FAT_014,10.855164744351548
440497,FAT_014,1.2061294160390608
441620,FAT_014,12.06129416039061
441770,FAT_014,9.649035328312486
441771,FAT_014,8.442905912273426
442563,FAT_014,10.855164744351548
444177,FAT_014,9.649035328312486
445336,FAT_014,12.06129416039061
445970,FAT_014,260385.24898159262
445971,FAT_014,67.54324729818741
445972,FAT_014,6979.870930618045
445973,FAT_014,1144.6168158210687
445975,FAT_014,718.8531319592803
449673,FAT_014,45126.12597168542
450749,FAT_014,437.82497802217904
451515,FAT_014,80.81067087461707
451640,FAT_014,850.3212383075379
457387,FAT_014,21423.2706876858
457388,FAT_014,47601.10353339758
457390,FAT_014,17784.378239495953
457391,FAT_014,58243.989500526244
457392,FAT_014,2529.253385433911
457393,FAT_014,543059.7695715871
457394,FAT_014,428683.72317801905
457395,FAT_014,70501.88275573122
457396,FAT_014,89.2535767868905
457398,FAT_014,130.26197693221857
457400,FAT_014,26.53484715285934
457401,FAT_014,24.12258832078122
457405,FAT_014,4.824517664156243
457412,FAT_014,278372.25696298317
457416,FAT_014,446.2678839344525
457421,FAT_014,8600.908865774543
457424,FAT_014,28087.13571130161
465515,FAT_014,6.030647080195305
467705,FAT_014,113.37616510767172
469378,FAT_014,18.09194124058591
469585,FAT_014,13348.234247304288
469588,FAT_014,10306.375860053775
469589,FAT_014,24083.99217946797
469590,FAT_014,21880.393736364604
469591,FAT_014,67976.24775854543
469592,FAT_014,38435.72610091675
469593,FAT_014,459500.3297578171
469595,FAT_014,2.4122588320781215
469596,FAT_014,8474.26527709044
469599,FAT_014,22.916458904742157
469602,FAT_014,6.030647080195305
469603,FAT_014,4.824517664156243
469604,FAT_014,15.67968240850779
469605,FAT_014,2.4122588320781215
469606,FAT_014,8.442905912273426
469607,FAT_014,4.824517664156243
469609,FAT_014,110.9639062755936
469610,FAT_014,850.3212383075379
469613,FAT_014,6.030647080195305
469615,FAT_014,8.442905912273426
469616,FAT_014,4.824517664156243
469617,FAT_014,10.855164744351548
469618,FAT_014,12.06129416039061
469621,FAT_014,27.7409765688984
470145,FAT_014,29225.72188004248
470146,FAT_014,209592.7270133557
471854,FAT_014,7.2367764962343655
471870,FAT_014,7730.083427394341
471871,FAT_014,18.09194124058591
471872,FAT_014,141.1171416765701
471874,FAT_014,4.824517664156243
471875,FAT_014,15837.685362008908
471881,FAT_014,4.824517664156243
473819,FAT_014,518.6356488967962
474186,FAT_014,2.4122588320781215
476272,FAT_014,4355.333321317048
478749,FAT_014,3081.6606579798004
478801,FAT_014,2.4122588320781215
479436,FAT_014,623.5689080921944
479437,FAT_014,732.12055553571
480119,FAT_014,2.4122588320781215
483215,FAT_014,171924.0992210398
483216,FAT_014,80539.29175600829
483217,FAT_014,81080.84386380982
483218,FAT_014,37488.91450932609
484018,FAT_014,402034.293730636
484020,FAT_014,370.28173072399164
491074,FAT_014,80.81067087461707
491077,FAT_014,24.12258832078122
499177,FAT_014,14.473552992468731
500632,FAT_014,28702.26171348153
500633,FAT_014,55.4819531377968
500635,FAT_014,60.30647080195304
500637,FAT_014,1.2061294160390608
500638,FAT_014,6.030647080195305
500639,FAT_014,12.06129416039061
500640,FAT_014,2.4122588320781215
502347,FAT_014,3.6183882481171827
502558,FAT_014,635.630202252585
502800,FAT_014,4.824517664156243
504472,FAT_014,1.2061294160390608
511145,FAT_014,33.771623649093705
511680,FAT_014,20244.882248215636
512566,FAT_014,178.507153573781
515608,FAT_014,1.2061294160390608
515619,FAT_014,209111.48137635613
515620,FAT_014,133099.9994481585
518635,FAT_014,284.6465421852183
518636,FAT_014,7012.4364248511
518637,FAT_014,91366.71552379093
520999,FAT_014,2.4122588320781215
521000,FAT_014,2.4122588320781215
521003,FAT_014,309.9752599220386
521095,FAT_014,39.802270729289006
521097,FAT_014,9.649035328312486
523794,FAT_014,10.855164744351548
525246,FAT_014,18.09194124058591
525258,FAT_014,145.94165934072635
525259,FAT_014,1238.6949102721155
525268,FAT_014,3.6183882481171827
525278,FAT_014,21.710329488703096
525279,FAT_014,9.649035328312486
525306,FAT_014,4.824517664156243
525309,FAT_014,3.6183882481171827
525310,FAT_014,2.4122588320781215
525318,FAT_014,7.2367764962343655
525325,FAT_014,4.824517664156243
525328,FAT_014,8.442905912273426
525337,FAT_014,1.2061294160390608
525338,FAT_014,2.4122588320781215
525361,FAT_014,2.4122588320781215
525362,FAT_014,963.6974034152096
525365,FAT_014,2.4122588320781215
525367,FAT_014,3.6183882481171827
525369,FAT_014,1.2061294160390608
525370,FAT_014,8.442905912273426
525379,FAT_014,3.6183882481171827
525919,FAT_014,12.06129416039061
526997,FAT_014,4.824517664156243
527004,FAT_014,2.4122588320781215
527012,FAT_014,1.2061294160390608
527025,FAT_014,8.442905912273426
536229,FAT_014,6.030647080195305
536231,FAT_014,705408.4073586928
536233,FAT_014,47.039047225523376
537006,FAT_014,9033.909326132567
537007,FAT_014,13710.073072116003
537011,FAT_014,15613.345290625643
537012,FAT_014,85741.32792738476
537013,FAT_014,3546.020483154839
537937,FAT_014,231.5768478794997
537970,FAT_014,33.771623649093705
537971,FAT_014,2.4122588320781215
537972,FAT_014,1.2061294160390608
537973,FAT_014,2.4122588320781215
543734,FAT_014,2.4122588320781215
545696,FAT_014,7386.336543823209
545697,FAT_014,272.58524802482776
546262,FAT_014,25.328717736820277
546263,FAT_014,7.2367764962343655
546266,FAT_014,6.030647080195305
546268,FAT_014,13.26742357642967
546269,FAT_014,404.05335437308537
546270,FAT_014,30.15323540097652
546273,FAT_014,943.1932033425455
546274,FAT_014,12.06129416039061
547042,FAT_014,13500.20655372521
547043,FAT_014,527.0785548090696
548476,FAT_014,1.2061294160390608
548477,FAT_014,20.504200072664034
548479,FAT_014,346.1591424032105
548480,FAT_014,1208.541674871139
552396,FAT_014,8623.825324679285
552398,FAT_014,18137.774158395398
552531,FAT_014,16.885811824546852
553174,FAT_014,89.2535767868905
553175,FAT_014,16.885811824546852
553177,FAT_014,2.4122588320781215
553184,FAT_014,24.12258832078122
553204,FAT_014,108.55164744351548
553206,FAT_014,4.824517664156243
553218,FAT_014,1.2061294160390608
553220,FAT_014,2.4122588320781215
553481,FAT_014,4.824517664156243
553482,FAT_014,9.649035328312486
553973,FAT_014,527.0785548090696
555970,FAT_014,9.649035328312486
556258,FAT_014,11024.022862597016
556259,FAT_014,9509.124316051957
556263,FAT_014,10.855164744351548
556264,FAT_014,6.030647080195305
556267,FAT_014,2.4122588320781215
556268,FAT_014,369.07560130795264
556269,FAT_014,82.01680029065614
556270,FAT_014,1175.9761806380843
557598,FAT_014,33.771623649093705
561177,FAT_014,21.710329488703096
561180,FAT_014,6.030647080195305
562973,FAT_014,440.23723685425716
562982,FAT_014,54.27582372175774
562983,FAT_014,191.7745771502107
563192,FAT_014,15893.167315146706
563193,FAT_014,54221.547898035984
563194,FAT_014,4.824517664156243
565040,FAT_014,233.98910671157782
565042,FAT_014,218.30942430307002
565047,FAT_014,6.030647080195305
565653,FAT_014,90.45970620292957
566550,FAT_014,10441.46235465015
566551,FAT_014,7.2367764962343655
566552,FAT_014,314.79977758619486
568703,FAT_014,8.442905912273426
568816,FAT_014,349.77753065132765
573236,FAT_014,9.649035328312486
575586,FAT_014,1.2061294160390608
575587,FAT_014,3.6183882481171827
575594,FAT_014,2.4122588320781215
575595,FAT_014,2.4122588320781215
580050,FAT_014,8.442905912273426
585054,FAT_014,8.442905912273426
585394,FAT_014,140655.19411022717
585501,FAT_014,287.05880101729645
585506,FAT_014,4.824517664156243
585520,FAT_014,4.824517664156243
585524,FAT_014,2.4122588320781215
585543,FAT_014,360003.09584050684
585544,FAT_014,11914.146371633842
586220,FAT_014,6.030647080195305
591001,FAT_014,208.66038897475752
591020,FAT_014,14.473552992468731
591365,FAT_014,37.39001189721088
592010,FAT_014,18.09194124058591
592022,FAT_014,6.030647080195305
592028,FAT_014,108.55164744351548
592031,FAT_014,42.21452956136713
596315,FAT_014,50.657435473640554
596320,FAT_014,6.030647080195305
596327,FAT_014,551.2011431298508
613026,FAT_014,1.2061294160390608
622312,FAT_014,174160.2631583762
626095,FAT_014,2.4122588320781215
626369,FAT_014,41.00840014532807
626522,FAT_014,606.6830962676476
626939,FAT_014,4906.5344644469
629741,FAT_014,2.4122588320781215
632245,FAT_014,66.33711788214835
633147,FAT_014,43.42065897740619
634176,FAT_014,4.824517664156243
634498,FAT_014,2.4122588320781215
638301,FAT_014,179.71328298982007
640513,FAT_014,4.824517664156243
641112,FAT_014,499.3375782401712
641118,FAT_014,7.2367764962343655
641143,FAT_014,3.6183882481171827
641146,FAT_014,2.4122588320781215
642492,FAT_014,167.65198882942946
644042,FAT_014,4.824517664156243
644283,FAT_014,10.855164744351548
644284,FAT_014,4.824517664156243
645127,FAT_014,2.4122588320781215
645462,FAT_014,89.2535767868905
645463,FAT_014,2157.76552529388
645464,FAT_014,217.10329488703096
649746,FAT_014,3.6183882481171827
649747,FAT_014,19.298070656624972
649754,FAT_014,2.4122588320781215
649757,FAT_014,22538.94039752193
649764,FAT_014,154.38456525299978
655811,FAT_014,26.53484715285934
655812,FAT_014,8.442905912273426
657308,FAT_014,4549.520157299337
657309,FAT_014,14937.91281764377
657313,FAT_014,132835.85710604594
657314,FAT_014,83570.29497851444
657316,FAT_014,20.504200072664034
657317,FAT_014,210445.46051049532
657319,FAT_014,20407.70971938091
657321,FAT_014,290809.8635011779
657322,FAT_014,28670.902348664516
657323,FAT_014,173389.54646152726
657324,FAT_014,676.6386023979131
658089,FAT_014,24075.54927355569
658659,FAT_014,5354.008477797392
663952,FAT_014,7.2367764962343655
665943,FAT_014,721.2653907913583
665951,FAT_014,19252.23773881549
665953,FAT_014,90815.51438066109
675806,FAT_014,6.030647080195305
675812,FAT_014,2.4122588320781215
679189,FAT_014,621.1566492601163
679192,FAT_014,27.7409765688984
679935,FAT_014,53654.66707249762
680646,FAT_014,423.35142502971036
688245,FAT_014,28.947105984937462
692420,FAT_014,1.2061294160390608
695560,FAT_014,6.030647080195305
697329,FAT_014,256.90556561631996
698737,FAT_014,6.030647080195305
702443,FAT_014,17580.54236818535
702444,FAT_014,8948.274137593791
702447,FAT_014,9732.258258019181
702459,FAT_014,191.7745771502107
706433,FAT_014,98.90261211520298
709991,FAT_014,29915.627906016827
717959,FAT_014,9954.18607057037
717960,FAT_014,24824.55564091595
717962,FAT_014,82253.20165619979
718251,FAT_014,9.649035328312486
718252,FAT_014,184812.79816083322
720554,FAT_014,113.37616510767172
742725,FAT_014,3286.702658706441
742726,FAT_014,33339.829318151715
742727,FAT_014,8333.148135413872
742729,FAT_014,15.67968240850779
742733,FAT_014,9281.165856420574
742740,FAT_014,35337.179631112405
742741,FAT_014,5995.669327130171
742742,FAT_014,7148.7290488635135
742743,FAT_014,501.7498370722493
742766,FAT_014,61.5126002179921
742816,FAT_014,57.894211969874924
742817,FAT_014,5659.159220055274
742818,FAT_014,3868.057037237268
742820,FAT_014,55.4819531377968
742821,FAT_014,9119.54451467134
743710,FAT_014,3.6183882481171827
743719,FAT_014,12.06129416039061
748224,FAT_014,145991.11064678399
749219,FAT_014,1.2061294160390608
749518,FAT_014,26.53484715285934
752555,FAT_014,80.81067087461707
754252,FAT_014,6.030647080195305
758678,FAT_014,8.442905912273426
759350,FAT_014,149.56004758884353
762376,FAT_014,38.596141313249944
762948,FAT_014,120.61294160390608
762966,FAT_014,986.6138623199517
762967,FAT_014,3565.318553811464
762968,FAT_014,119066.683692544
762982,FAT_014,23371.169694588883
762983,FAT_014,19.298070656624972
762984,FAT_014,15987.245409597752
763034,FAT_014,8352.446206070495
767029,FAT_014,66.33711788214835
767031,FAT_014,54.27582372175774
768486,FAT_014,2.4122588320781215
862514,FAT_014,3.6183882481171827
862962,FAT_014,4366.1884860614
862965,FAT_014,221.9278125511872
863767,FAT_014,2.4122588320781215
864566,FAT_014,1.2061294160390608
866499,FAT_014,14.473552992468731
866771,FAT_014,5001.818688313985
866776,FAT_014,563.2624372902415
868129,FAT_014,961.2851445831316
871541,FAT_014,296.70783634560894
871585,FAT_014,2.4122588320781215
873513,FAT_014,66.33711788214835
873533,FAT_014,20.504200072664034
878320,FAT_014,8.442905912273426
879088,FAT_014,3.6183882481171827
879089,FAT_014,3.6183882481171827
879090,FAT_014,3.6183882481171827
879243,FAT_014,10.855164744351548
883062,FAT_014,51.863564889679616
883077,FAT_014,21.710329488703096
883156,FAT_014,586.1788961949835
883166,FAT_014,4.824517664156243
886872,FAT_014,3.6183882481171827
887898,FAT_014,62.71872963403116
887929,FAT_014,43.42065897740619
888048,FAT_014,5691.724714288328
888050,FAT_014,10.855164744351548
888066,FAT_014,4.824517664156243
888727,FAT_014,328.06720116262454
888746,FAT_014,189.36231831813257
888826,FAT_014,1.2061294160390608
888832,FAT_014,431.7943309419838
888833,FAT_014,4729.233440289157
889201,FAT_014,272.58524802482776
889204,FAT_014,416.114648533476
890402,FAT_014,201.42361247852315
903510,FAT_014,1.2061294160390608
903814,FAT_014,501.7498370722493
904306,FAT_014,4736.470216785392
904314,FAT_014,2.4122588320781215
908290,FAT_014,4.824517664156243
908338,FAT_014,7.2367764962343655
909954,FAT_014,13.26742357642967
910954,FAT_014,7.2367764962343655
911104,FAT_014,27.7409765688984
927666,FAT_014,176.0948947417029
930942,FAT_014,2.4122588320781215
931276,FAT_014,69.95550613026553
931277,FAT_014,2.4122588320781215
935839,FAT_014,21.710329488703096
936154,FAT_014,18.09194124058591
937593,FAT_014,2.4122588320781215
944562,FAT_014,7.2367764962343655
945711,FAT_014,2.4122588320781215
981539,FAT_014,33.771623649093705
983952,FAT_014,30.15323540097652
996285,FAT_014,16.885811824546852
997348,FAT_014,10.855164744351548
997350,FAT_014,13.26742357642967
997352,FAT_014,49.45130605760149
997353,FAT_014,960.0790151670924
997872,FAT_014,26.53484715285934
997884,FAT_014,6175.382610119992
998088,FAT_014,1.2061294160390608
999410,FAT_014,11108.45192171975
999412,FAT_014,2402.609796749809
999413,FAT_014,5510.805301882469
999415,FAT_014,113.37616510767172
1000565,FAT_014,13.26742357642967
1002364,FAT_014,1.2061294160390608
1002367,FAT_014,4203.361014896127
1002368,FAT_014,3.6183882481171827
1005994,FAT_014,3.6183882481171827
1005995,FAT_014,1.2061294160390608
1005996,FAT_014,7.2367764962343655
1005999,FAT_014,8.442905912273426
1006000,FAT_014,6.030647080195305
1006003,FAT_014,2.4122588320781215
1006551,FAT_014,69.95550613026553
1009846,FAT_014,62.71872963403116
1028307,FAT_014,3.6183882481171827
1028803,FAT_014,7.2367764962343655
1031746,FAT_014,6.030647080195305
1033734,FAT_014,8.442905912273426
1033739,FAT_014,7.2367764962343655
1033992,FAT_014,15.67968240850779
1035184,FAT_014,53.06969430571868
1035191,FAT_014,13.26742357642967
1035195,FAT_014,131.46810634825763
1035839,FAT_014,6.030647080195305
1037409,FAT_014,15.67968240850779
1042156,FAT_014,2724.646350832238
1042403,FAT_014,12.06129416039061
1045856,FAT_014,4.824517664156243
1046625,FAT_014,2.4122588320781215
1050720,FAT_014,20.504200072664034
1051501,FAT_014,9.649035328312486
1051502,FAT_014,2.4122588320781215
1054460,FAT_014,158.00295350111696
1064535,FAT_014,33.771623649093705
1064537,FAT_014,14.473552992468731
1074451,FAT_014,27.7409765688984
1076934,FAT_014,435.4127191901009
1077285,FAT_014,2838.02251593991
1077975,FAT_014,4.824517664156243
1089454,FAT_014,7.2367764962343655
1089456,FAT_014,12.06129416039061
1089547,FAT_014,3.6183882481171827
1095730,FAT_014,71.16163554630458
1095770,FAT_014,9.649035328312486
1110694,FAT_014,8.442905912273426
1112856,FAT_014,1.2061294160390608
1115512,FAT_014,2.4122588320781215
1115803,FAT_014,206.2481301426794
1118059,FAT_014,12.06129416039061
1120942,FAT_014,26.53484715285934
1120988,FAT_014,14.473552992468731
1121019,FAT_014,3.6183882481171827
1121090,FAT_014,2.4122588320781215
1121097,FAT_014,100.10874153124205
1121100,FAT_014,192324.57216392446
1121101,FAT_014,3614.7698598690654
1121102,FAT_014,2.4122588320781215
1121111,FAT_014,73.5738943783827
1121114,FAT_014,4109.28292044508
1121115,FAT_014,223732.1821575816
1121124,FAT_014,14.473552992468731
1121126,FAT_014,10.855164744351548
1121129,FAT_014,281.0281539371012
1121130,FAT_014,14110.508038240972
1121303,FAT_014,73.5738943783827
1121315,FAT_014,1344.834298883553
1121333,FAT_014,18360.908100362623
1121334,FAT_014,287.05880101729645
1121342,FAT_014,27.7409765688984
1121344,FAT_014,481.24563699958526
1121367,FAT_014,2.4122588320781215
1121445,FAT_014,86.84131795481238
1121482,FAT_014,4.824517664156243
1121864,FAT_014,447.47401335049153
1122237,FAT_014,9.649035328312486
1122603,FAT_014,7.2367764962343655
1122917,FAT_014,7.2367764962343655
1122949,FAT_014,21.710329488703096
1122950,FAT_014,423.35142502971036
1122975,FAT_014,1032.446780129436
1122976,FAT_014,278.61589510502307
1122978,FAT_014,97.69648269916392
1122981,FAT_014,1487.157569976162
1122982,FAT_014,28.947105984937462
1122984,FAT_014,34.97775306513277
1122985,FAT_014,15.67968240850779
1122988,FAT_014,252.08104795216371
1122991,FAT_014,250.87491853612465
1122992,FAT_014,575.3237314506321
1122993,FAT_014,20.504200072664034
1122997,FAT_014,6.030647080195305
1123075,FAT_014,1387.04882844492
1123242,FAT_014,2.4122588320781215
1123253,FAT_014,4.824517664156243
1123263,FAT_014,3386.811400237683
1123313,FAT_014,753.8308850244131
1123318,FAT_014,10.855164744351548
1123488,FAT_014,114.58229452371079
1123524,FAT_014,4.824517664156243
1124991,FAT_014,3.6183882481171827
1125712,FAT_014,51.863564889679616
1125724,FAT_014,15.67968240850779
1127131,FAT_014,4.824517664156243
1130798,FAT_014,25.328717736820277
1133568,FAT_014,26.53484715285934
1136177,FAT_014,4.824517664156243
1139219,FAT_014,6.030647080195305
1140001,FAT_014,6.030647080195305
1140002,FAT_014,21.710329488703096
1144300,FAT_014,2.4122588320781215
1150460,FAT_014,282.2342833531402
1150461,FAT_014,199.01135364644503
1156431,FAT_014,2057.6567837626376
1156433,FAT_014,1973.2277246399035
1156918,FAT_014,13.26742357642967
1158606,FAT_014,3.6183882481171827
1158610,FAT_014,2.4122588320781215
1158612,FAT_014,8.442905912273426
1159488,FAT_014,7.2367764962343655
1159899,FAT_014,3.6183882481171827
1160707,FAT_014,9.649035328312486
1160719,FAT_014,2.4122588320781215
1160721,FAT_014,2395.373020253575
1163399,FAT_014,8.442905912273426
1167632,FAT_014,13.26742357642967
1170318,FAT_014,3.6183882481171827
1171373,FAT_014,4.824517664156243
1175296,FAT_014,2.4122588320781215
1176165,FAT_014,4.824517664156243
1178544,FAT_014,2.4122588320781215
1185325,FAT_014,6.030647080195305
1189311,FAT_014,1.2061294160390608
1194526,FAT_014,30.15323540097652
1196029,FAT_014,10.855164744351548
1197728,FAT_014,41.00840014532807
1197906,FAT_014,7.2367764962343655
1198291,FAT_014,4.824517664156243
1202533,FAT_014,7.2367764962343655
1202534,FAT_014,48.24517664156244
1203465,FAT_014,35964.36692745271
1203540,FAT_014,161.62134174923415
1203606,FAT_014,11201.323886754759
1203610,FAT_014,3749.8563544654403
1203611,FAT_014,58424.90891293211
1206781,FAT_014,16.885811824546852
1208104,FAT_014,4.824517664156243
1211815,FAT_014,4.824517664156243
1211844,FAT_014,1104.8145450917798
1212545,FAT_014,8.442905912273426
1214102,FAT_014,6.030647080195305
1215110,FAT_014,4.824517664156243
1215915,FAT_014,9.649035328312486
1216976,FAT_014,50.657435473640554
1217674,FAT_014,2.4122588320781215
1217689,FAT_014,1.2061294160390608
1217986,FAT_014,3.6183882481171827
1218102,FAT_014,9.649035328312486
1219013,FAT_014,6.030647080195305
1223528,FAT_014,4.824517664156243
1229756,FAT_014,3.6183882481171827
1229781,FAT_014,7.2367764962343655
1231627,FAT_014,7.2367764962343655
1232666,FAT_014,25.328717736820277
1233170,FAT_014,118.20068277182797
1235789,FAT_014,1148.2352040691858
1235795,FAT_014,13.26742357642967
1235811,FAT_014,584.9727667789446
1235815,FAT_014,63.924859050070225
1236550,FAT_014,15.67968240850779
1237085,FAT_014,1.2061294160390608
1244083,FAT_014,1.2061294160390608
1246477,FAT_014,3.6183882481171827
1248438,FAT_014,4.824517664156243
1254439,FAT_014,54.27582372175774
1255680,FAT_014,6.030647080195305
1256908,FAT_014,95508.56393846907
1257041,FAT_014,34.97775306513277
1259823,FAT_014,10.855164744351548
1260282,FAT_014,8.442905912273426
1261127,FAT_014,1.2061294160390608
1262650,FAT_014,14.473552992468731
1274524,FAT_014,2.4122588320781215
1276282,FAT_014,7.2367764962343655
1278306,FAT_014,4.824517664156243
1280689,FAT_014,79.60454145857801
1280692,FAT_014,83.2229297066952
1280694,FAT_014,671.8140847337569
1280705,FAT_014,21.710329488703096
1282887,FAT_014,1965.9909481436691
1286820,FAT_014,987.8199917359908
1292022,FAT_014,9.649035328312486
1292036,FAT_014,147.1477887567654
1292043,FAT_014,4.824517664156243
1295400,FAT_014,220.72168313514814
1296619,FAT_014,8.442905912273426
1300222,FAT_014,9.649035328312486
1304881,FAT_014,909.4215796934518
1307436,FAT_014,6.030647080195305
1315312,FAT_014,2.4122588320781215
1315976,FAT_014,3.6183882481171827
1316928,FAT_014,3.6183882481171827
1316931,FAT_014,34.97775306513277
1319815,FAT_014,6.030647080195305
1321814,FAT_014,113.37616510767172
1322347,FAT_014,224.34007138326533
1328337,FAT_014,3.6183882481171827
1331262,FAT_014,31.35936481701558
1336236,FAT_014,363.0449542277573
1336752,FAT_014,1.2061294160390608
1336753,FAT_014,1.2061294160390608
1346330,FAT_014,1.2061294160390608
1346614,FAT_014,4.824517664156243
1353979,FAT_014,2.4122588320781215
1367477,FAT_014,12.06129416039061
1382315,FAT_014,6.030647080195305
1384484,FAT_014,6767.59215339517
1392501,FAT_014,49.45130605760149
1397694,FAT_014,7.2367764962343655
1400136,FAT_014,2.4122588320781215
1401079,FAT_014,77.19228262649989
1408437,FAT_014,6965.397377625576
1408440,FAT_014,110.9639062755936
1408472,FAT_014,53.06969430571868
1410645,FAT_014,185.74393007001538
1410647,FAT_014,839.4660735631863
1410657,FAT_014,226.75233021534345
1410665,FAT_014,138.704882844492
1410676,FAT_014,13.26742357642967
1415164,FAT_014,3.6183882481171827
1423757,FAT_014,3.6183882481171827
1423799,FAT_014,3.6183882481171827
1423814,FAT_014,4.824517664156243
1429046,FAT_014,7.2367764962343655
1437595,FAT_014,8.442905912273426
1437599,FAT_014,3.6183882481171827
1437603,FAT_014,8.442905912273426
1437612,FAT_014,11478.733652443741
1437882,FAT_014,15.67968240850779
1440052,FAT_014,2.4122588320781215
1441930,FAT_014,4.824517664156243
1444307,FAT_014,4.824517664156243
1446473,FAT_014,12.06129416039061
1448136,FAT_014,19.298070656624972
1448141,FAT_014,48.24517664156244
1458276,FAT_014,7.2367764962343655
1899017,FAT_014,5520.454337210781
329,FAT_017,28.7848310253826
561,FAT_017,110.17642220060239
818,FAT_017,74192.40567773356
904,FAT_017,428.79472424018223
1246,FAT_017,33.74773292631064
1350,FAT_017,15.88128608296971
1547,FAT_017,319.61088241976546
28112,FAT_017,49.62901900928035
66692,FAT_017,6.948062661299249
85962,FAT_017,0.9925803801856069
176280,FAT_017,15.88128608296971
190304,FAT_017,18.85902722352653
192222,FAT_017,2.9777411405568213
195103,FAT_017,139.9538336061706
203267,FAT_017,0.9925803801856069
205913,FAT_017,4581.751034936762
205921,FAT_017,24.814509504640174
205922,FAT_017,31.76257216593942
206672,FAT_017,4866.621604050031
207244,FAT_017,555.8450129039398
213810,FAT_017,2578.723827722207
218495,FAT_017,9.92580380185607
220668,FAT_017,8.933223421670464
223926,FAT_017,0.9925803801856069
224308,FAT_017,5.9554822811136425
226185,FAT_017,104.22093991948874
226186,FAT_017,73292.13527290522
234621,FAT_017,12.90354494241289
242619,FAT_017,54.59192091020838
244366,FAT_017,13.896125322598499
246198,FAT_017,232.26380896343204
246201,FAT_017,13.896125322598499
257314,FAT_017,10.918384182041677
262727,FAT_017,4.962901900928035
264199,FAT_017,202.48639755786382
264731,FAT_017,754.3610889410614
265669,FAT_017,3.9703215207424276
266835,FAT_017,37.71805444705306
267747,FAT_017,17.866446843340928
272558,FAT_017,17.866446843340928
272559,FAT_017,5241.81698776019
272562,FAT_017,108.19126144023116
272620,FAT_017,18.85902722352653
272621,FAT_017,3.9703215207424276
272623,FAT_017,86.35449307614782
273057,FAT_017,0.9925803801856069
273526,FAT_017,38.71063482723867
278197,FAT_017,17.866446843340928
279010,FAT_017,10.918384182041677
279808,FAT_017,31.76257216593942
283165,FAT_017,0.9925803801856069
290338,FAT_017,3.9703215207424276
290339,FAT_017,5.9554822811136425
290402,FAT_017,109.18384182041676
295405,FAT_017,3574.2819490483707
299033,FAT_017,5.9554822811136425
300267,FAT_017,24.814509504640174
300269,FAT_017,41.688375967795494
306263,FAT_017,7.940643041484855
314315,FAT_017,38.71063482723867
321955,FAT_017,5.9554822811136425
321956,FAT_017,14.888705702784106
321967,FAT_017,26.79967026501139
324831,FAT_017,36.725474066867456
326426,FAT_017,303.72959633679574
333381,FAT_017,3.9703215207424276
334390,FAT_017,2.9777411405568213
334413,FAT_017,119.10964562227285
339860,FAT_017,0.9925803801856069
342451,FAT_017,8.933223421670464
347253,FAT_017,3037.295963367957
347256,FAT_017,11.910964562227285
349741,FAT_017,1088.8606770636109
349966,FAT_017,1.9851607603712138
349968,FAT_017,0.9925803801856069
351627,FAT_017,38.71063482723867
352165,FAT_017,489.34212743150425
354242,FAT_017,553.8598521435687
358681,FAT_017,51.61417976965156
360104,FAT_017,0.9925803801856069
360105,FAT_017,0.9925803801856069
360106,FAT_017,0.9925803801856069
360107,FAT_017,28.7848310253826
362948,FAT_017,42.68095634798111
364106,FAT_017,110.17642220060239
367737,FAT_017,14.888705702784106
367928,FAT_017,85054.21277810466
370551,FAT_017,13.896125322598499
378753,FAT_017,31.76257216593942
380703,FAT_017,31.76257216593942
386585,FAT_017,60.547403191322026
387344,FAT_017,10.918384182041677
388919,FAT_017,60.547403191322026
390333,FAT_017,11.910964562227285
391904,FAT_017,1957.368509726017
393126,FAT_017,6.948062661299249
393127,FAT_017,5.9554822811136425
393130,FAT_017,8.933223421670464
393305,FAT_017,2.9777411405568213
398511,FAT_017,11.910964562227285
398513,FAT_017,12150.176433852017
398525,FAT_017,47.64385824890914
398578,FAT_017,50.621599389465956
405531,FAT_017,17.866446843340928
405534,FAT_017,17.866446843340928
405566,FAT_017,7.940643041484855
409438,FAT_017,55.584501290393995
411459,FAT_017,41510.704079742274
411460,FAT_017,9406.684263018999
411461,FAT_017,109573.92590982972
411462,FAT_017,81826.34138174106
411463,FAT_017,24381.74445887925
411464,FAT_017,153.84995892876907
411465,FAT_017,133.00577094487133
411466,FAT_017,582.6446831689512
411467,FAT_017,20669.493836985082
411468,FAT_017,2235.291016177987
411469,FAT_017,33180.969529224654
411470,FAT_017,13100.075857689642
411471,FAT_017,74163.62084670819
411472,FAT_017,936.0032985150274
411473,FAT_017,7436.412208350568
411474,FAT_017,19622.321535889267
411475,FAT_017,23823.914285214938
411476,FAT_017,48532.21768917525
411477,FAT_017,21482.417168357093
411479,FAT_017,38305.66203212295
411483,FAT_017,562548.9007917135
411484,FAT_017,18713.117907639247
411485,FAT_017,207567.41652403396
411486,FAT_017,42761.355358776134
411487,FAT_017,16772.623264376387
411489,FAT_017,14869.846675560579
411490,FAT_017,2524.1319068119988
411901,FAT_017,206860.6992933418
411902,FAT_017,9023.548236267354
411903,FAT_017,144033.33896873344
413999,FAT_017,30.769991785753817
416269,FAT_017,0.9925803801856069
420247,FAT_017,25.80708988482578
420889,FAT_017,12.90354494241289
426355,FAT_017,82.38417155540539
428125,FAT_017,49803.71315619302
428126,FAT_017,2614.456721408889
428127,FAT_017,7234.91839117289
428128,FAT_017,56606.85908198517
435590,FAT_017,210050.85263525834
435591,FAT_017,13769.07503393474
435830,FAT_017,139.9538336061706
435837,FAT_017,11.910964562227285
435838,FAT_017,8.933223421670464
439375,FAT_017,13.896125322598499
440497,FAT_017,16.87386646315532
441620,FAT_017,65.51030509225006
441770,FAT_017,38.71063482723867
441771,FAT_017,33.74773292631064
442563,FAT_017,67.49546585262128
444177,FAT_017,20.844187983897747
445336,FAT_017,80.39901079503417
445970,FAT_017,9740.191270761363
445971,FAT_017,133.99835132505694
445972,FAT_017,23271.047013451556
445973,FAT_017,2767.3140999574725
445975,FAT_017,812.9233313720121
449673,FAT_017,5908.831003244918
450749,FAT_017,1588.1286082969712
451515,FAT_017,14.888705702784106
451640,FAT_017,513.1640565559588
457387,FAT_017,41297.29929800236
457388,FAT_017,21802.028050776855
457390,FAT_017,55301.61588204109
457391,FAT_017,37533.434496338545
457392,FAT_017,1793.5927469953917
457393,FAT_017,87379.82860887954
457394,FAT_017,140528.53764629803
457395,FAT_017,41864.062695088345
457396,FAT_017,105.21352029967434
457398,FAT_017,59.554822811136425
457400,FAT_017,64.51772471206445
457401,FAT_017,48.63643862909475
457405,FAT_017,20.844187983897747
457412,FAT_017,230577.4148974967
457416,FAT_017,1520.6331424443501
457421,FAT_017,3740.042872539367
457424,FAT_017,7617.061837544348
465515,FAT_017,50.621599389465956
467705,FAT_017,41.688375967795494
469378,FAT_017,32.75515254612503
469585,FAT_017,111843.9572393142
469588,FAT_017,19182.608427467043
469589,FAT_017,10122.33471713282
469590,FAT_017,59744.405663751866
469591,FAT_017,29228.51445532557
469592,FAT_017,13166.578743162076
469593,FAT_017,154302.57558213372
469595,FAT_017,2.9777411405568213
469596,FAT_017,4790.192914775739
469599,FAT_017,24.814509504640174
469602,FAT_017,18.85902722352653
469603,FAT_017,20.844187983897747
469604,FAT_017,21.836768364083355
469605,FAT_017,7.940643041484855
469606,FAT_017,29.777411405568213
469607,FAT_017,20.844187983897747
469609,FAT_017,84.36933231577659
469610,FAT_017,56.5770816705796
469613,FAT_017,2.9777411405568213
469615,FAT_017,14.888705702784106
469616,FAT_017,42.68095634798111
469617,FAT_017,7.940643041484855
469618,FAT_017,22.829348744268962
469621,FAT_017,24.814509504640174
470145,FAT_017,3911.7592783114774
470146,FAT_017,151963.06362603625
471854,FAT_017,15.88128608296971
471870,FAT_017,45332.13854345686
471871,FAT_017,117.12448486190162
471872,FAT_017,90.32481459689023
471874,FAT_017,0.9925803801856069
471875,FAT_017,11493.088222169143
471881,FAT_017,0.9925803801856069
473819,FAT_017,257.0783184680722
474186,FAT_017,5.9554822811136425
476272,FAT_017,4380.257217759084
478749,FAT_017,5749.025562035036
478801,FAT_017,29.777411405568213
479436,FAT_017,1203.0074207849557
479437,FAT_017,4244.273705673656
480119,FAT_017,4.962901900928035
483215,FAT_017,241648.65645808695
483216,FAT_017,2520.161585291256
483217,FAT_017,43474.0280717494
483218,FAT_017,19692.79474288244
484018,FAT_017,17650.064320460464
484020,FAT_017,12845.975280362125
491074,FAT_017,175.68672729285245
491077,FAT_017,37.71805444705306
499177,FAT_017,66.50288547243566
500632,FAT_017,18971.188806487506
500633,FAT_017,104.22093991948874
500635,FAT_017,423.8318223392542
500637,FAT_017,0.9925803801856069
500638,FAT_017,12.90354494241289
500639,FAT_017,17.866446843340928
500640,FAT_017,3.9703215207424276
502347,FAT_017,5.9554822811136425
502558,FAT_017,214.39736212009112
502800,FAT_017,0.9925803801856069
504472,FAT_017,10.918384182041677
511145,FAT_017,55.584501290393995
511680,FAT_017,30902.0049763185
512566,FAT_017,7.940643041484855
515608,FAT_017,2.9777411405568213
515619,FAT_017,154837.57640705377
515620,FAT_017,21755.376772908137
518635,FAT_017,156003.85835377185
518636,FAT_017,14042.034638485782
518637,FAT_017,160251.10980058607
520999,FAT_017,0.9925803801856069
521000,FAT_017,0.9925803801856069
521003,FAT_017,468.4979394476065
521095,FAT_017,138.96125322598496
521097,FAT_017,2.9777411405568213
523794,FAT_017,7.940643041484855
525246,FAT_017,41.688375967795494
525258,FAT_017,167.7460842513676
525259,FAT_017,2673.0189638398397
525268,FAT_017,14.888705702784106
525278,FAT_017,9.92580380185607
525279,FAT_017,18.85902722352653
525306,FAT_017,3.9703215207424276
525309,FAT_017,8.933223421670464
525310,FAT_017,2.9777411405568213
525318,FAT_017,3.9703215207424276
525325,FAT_017,0.9925803801856069
525328,FAT_017,126.05770828357208
525337,FAT_017,1.9851607603712138
525338,FAT_017,4.962901900928035
525361,FAT_017,4.962901900928035
525362,FAT_017,465.52019830704967
525365,FAT_017,6.948062661299249
525367,FAT_017,5.9554822811136425
525369,FAT_017,1.9851607603712138
525370,FAT_017,18.85902722352653
525379,FAT_017,4.962901900928035
525919,FAT_017,14.888705702784106
526997,FAT_017,9.92580380185607
527004,FAT_017,0.9925803801856069
527012,FAT_017,0.9925803801856069
527025,FAT_017,3.9703215207424276
536229,FAT_017,5.9554822811136425
536231,FAT_017,35478.79310935434
536233,FAT_017,129.0354494241289
537006,FAT_017,1917.6652945185929
537007,FAT_017,5533.63561953476
537011,FAT_017,311055.8321229457
537012,FAT_017,2562.8425416392374
537013,FAT_017,2967.815336754965
537937,FAT_017,5690.463319604085
537970,FAT_017,6.948062661299249
537971,FAT_017,0.9925803801856069
537972,FAT_017,1.9851607603712138
537973,FAT_017,5.9554822811136425
543734,FAT_017,3.9703215207424276
545696,FAT_017,17134.915103144132
545697,FAT_017,118.11706524208722
546262,FAT_017,6.948062661299249
546263,FAT_017,10.918384182041677
546266,FAT_017,4.962901900928035
546268,FAT_017,5.9554822811136425
546269,FAT_017,377.1805444705307
546270,FAT_017,24.814509504640174
546273,FAT_017,1231.7922518103383
546274,FAT_017,8.933223421670464
547042,FAT_017,6317.774119881388
547043,FAT_017,1606.9876355204979
548476,FAT_017,15.88128608296971
548477,FAT_017,59.554822811136425
548479,FAT_017,250.13025580677296
548480,FAT_017,5830.4171532102555
552396,FAT_017,18031.215186451736
552398,FAT_017,47126.72387083244
552531,FAT_017,68.48804623280688
553174,FAT_017,1054.1203637571148
553175,FAT_017,48.63643862909475
553177,FAT_017,1.9851607603712138
553184,FAT_017,29.777411405568213
553204,FAT_017,119.10964562227285
553206,FAT_017,14.888705702784106
553218,FAT_017,0.9925803801856069
553220,FAT_017,3.9703215207424276
553481,FAT_017,37.71805444705306
553482,FAT_017,6.948062661299249
553973,FAT_017,295.7889532953109
555970,FAT_017,64.51772471206445
556258,FAT_017,20010.42046454184
556259,FAT_017,35020.22097370859
556263,FAT_017,3.9703215207424276
556264,FAT_017,9.92580380185607
556267,FAT_017,2.9777411405568213
556268,FAT_017,992.5803801856069
556269,FAT_017,25.80708988482578
556270,FAT_017,1034.2687561534024
557598,FAT_017,13.896125322598499
561177,FAT_017,49.62901900928035
561180,FAT_017,14.888705702784106
562973,FAT_017,209.43446021916307
562982,FAT_017,38.71063482723867
562983,FAT_017,16.87386646315532
563192,FAT_017,537.978566060599
563193,FAT_017,32033.546609730096
563194,FAT_017,10.918384182041677
565040,FAT_017,4554.9513646717505
565042,FAT_017,5482.021439765107
565047,FAT_017,10.918384182041677
565653,FAT_017,195.53833489656458
566550,FAT_017,5703.366864546499
566551,FAT_017,11.910964562227285
566552,FAT_017,2163.8252288046233
568703,FAT_017,9.92580380185607
568816,FAT_017,306.70733747735255
573236,FAT_017,70.4732069931781
575586,FAT_017,3.9703215207424276
575587,FAT_017,2.9777411405568213
575594,FAT_017,4.962901900928035
575595,FAT_017,65.51030509225006
580050,FAT_017,73.45094813373491
585054,FAT_017,17.866446843340928
585394,FAT_017,46774.35783586655
585501,FAT_017,154.84253930895468
585506,FAT_017,8.933223421670464
585520,FAT_017,5.9554822811136425
585524,FAT_017,1.9851607603712138
585543,FAT_017,71056.84425672723
585544,FAT_017,50528.29683372851
586220,FAT_017,279.9076672123412
591001,FAT_017,172.70898615229564
591020,FAT_017,55.584501290393995
591365,FAT_017,61.53998357150763
592010,FAT_017,13.896125322598499
592022,FAT_017,10.918384182041677
592028,FAT_017,2588427.293518902
592031,FAT_017,80.39901079503417
596315,FAT_017,79.40643041484856
596320,FAT_017,6.948062661299249
596327,FAT_017,94.29513611763268
613026,FAT_017,0.9925803801856069
622312,FAT_017,80417.8698222577
626095,FAT_017,3.9703215207424276
626369,FAT_017,10.918384182041677
626522,FAT_017,475.4460021089057
626939,FAT_017,1579.1953848753005
629741,FAT_017,4.962901900928035
632245,FAT_017,106.20610067985994
633147,FAT_017,401.99505397517083
634176,FAT_017,1.9851607603712138
634498,FAT_017,0.9925803801856069
638301,FAT_017,33.74773292631064
640513,FAT_017,2.9777411405568213
641112,FAT_017,2096.329762952002
641118,FAT_017,15.88128608296971
641143,FAT_017,14.888705702784106
641146,FAT_017,5.9554822811136425
642492,FAT_017,267.0041222699283
644042,FAT_017,6.948062661299249
644283,FAT_017,72.45836775354931
644284,FAT_017,4.962901900928035
645127,FAT_017,1.9851607603712138
645462,FAT_017,83.37675193559099
645463,FAT_017,3231.841717884336
645464,FAT_017,249.13767542658735
649746,FAT_017,1.9851607603712138
649747,FAT_017,41.688375967795494
649754,FAT_017,8.933223421670464
649757,FAT_017,14446.014853221324
649764,FAT_017,296.7815336754965
655811,FAT_017,38.71063482723867
655812,FAT_017,37.71805444705306
657308,FAT_017,9395.765878836955
657309,FAT_017,33382.463346402335
657313,FAT_017,174054.9251478273
657314,FAT_017,36162.68099130222
657316,FAT_017,36.725474066867456
657317,FAT_017,156252.99602919843
657319,FAT_017,46204.616697640005
657321,FAT_017,45788.72551834224
657322,FAT_017,165323.19554333453
657323,FAT_017,72537.77418396417
657324,FAT_017,494.3050293324323
658089,FAT_017,14595.894490629351
658659,FAT_017,6443.831828164961
663952,FAT_017,4.962901900928035
665943,FAT_017,1644.7056899675508
665951,FAT_017,15627.185505642197
665953,FAT_017,11436.511140498564
675806,FAT_017,4.962901900928035
675812,FAT_017,0.9925803801856069
679189,FAT_017,478.4237432494625
679192,FAT_017,47.64385824890914
679935,FAT_017,38103.17563456508
680646,FAT_017,92.30997535726145
688245,FAT_017,28.7848310253826
692420,FAT_017,7.940643041484855
695560,FAT_017,35.732893686681855
697329,FAT_017,438.72052804203827
698737,FAT_017,14.888705702784106
702443,FAT_017,84794.15671849603
702444,FAT_017,17127.967040482836
702447,FAT_017,18819.32400831911
702459,FAT_017,11158.588634046593
706433,FAT_017,594.5556477311786
709991,FAT_017,38401.94232900095
717959,FAT_017,303426.8593208391
717960,FAT_017,13842.525982068477
717962,FAT_017,87923.76265722125
718251,FAT_017,28.7848310253826
718252,FAT_017,339548.84451655374
720554,FAT_017,390.08408941294357
742725,FAT_017,86206.59859950015
742726,FAT_017,9541.675194724241
742727,FAT_017,6015.037103924778
742729,FAT_017,85.36191269596222
742733,FAT_017,9423.558129482153
742740,FAT_017,23227.373476723387
742741,FAT_017,6186.753509696889
742742,FAT_017,492.31986857206107
742743,FAT_017,833.7675193559099
742766,FAT_017,18.85902722352653
742816,FAT_017,48.63643862909475
742817,FAT_017,1055.1129441373002
742818,FAT_017,341.44765078384887
742820,FAT_017,92.30997535726145
742821,FAT_017,111.16900258078799
743710,FAT_017,9.92580380185607
743719,FAT_017,41.688375967795494
748224,FAT_017,281690.3415751545
749219,FAT_017,0.9925803801856069
749518,FAT_017,13.896125322598499
752555,FAT_017,844.6859035379516
754252,FAT_017,34.74031330649624
758678,FAT_017,34.74031330649624
759350,FAT_017,1783.6669431935359
762376,FAT_017,40.69579558760989
762948,FAT_017,32.75515254612503
762966,FAT_017,103.22835953930311
762967,FAT_017,33.74773292631064
762968,FAT_017,3053.1772494509273
762982,FAT_017,1835.2811229631875
762983,FAT_017,78.41385003466296
762984,FAT_017,137837.6522356149
763034,FAT_017,2745.477331593389
767029,FAT_017,30.769991785753817
767031,FAT_017,1324.1022271675997
768486,FAT_017,16.87386646315532
862514,FAT_017,12.90354494241289
862962,FAT_017,4340.554002551659
862965,FAT_017,74.44352851392053
863767,FAT_017,8.933223421670464
864566,FAT_017,7.940643041484855
866499,FAT_017,138.96125322598496
866771,FAT_017,789.1014022475575
866776,FAT_017,1327.0799683081566
868129,FAT_017,2262.0906864429985
871541,FAT_017,133.99835132505694
871585,FAT_017,0.9925803801856069
873513,FAT_017,1299.2877176629595
873533,FAT_017,138.96125322598496
878320,FAT_017,35.732893686681855
879088,FAT_017,3.9703215207424276
879089,FAT_017,6.948062661299249
879090,FAT_017,4.962901900928035
879243,FAT_017,31.76257216593942
883062,FAT_017,10374.450133699964
883077,FAT_017,53.59934053002278
883156,FAT_017,668.0065958649135
883166,FAT_017,16.87386646315532
886872,FAT_017,15.88128608296971
887898,FAT_017,60.547403191322026
887929,FAT_017,96.28029687800388
888048,FAT_017,1261.5696632159065
888050,FAT_017,15.88128608296971
888066,FAT_017,9.92580380185607
888727,FAT_017,247.15251466621615
888746,FAT_017,35.732893686681855
888826,FAT_017,3.9703215207424276
888832,FAT_017,290.82605139438283
888833,FAT_017,137.96867284579938
889201,FAT_017,63.52514433187884
889204,FAT_017,28.7848310253826
890402,FAT_017,4773.319048312584
903510,FAT_017,2.9777411405568213
903814,FAT_017,720.6133560147507
904306,FAT_017,629.2959610376748
904314,FAT_017,2.9777411405568213
908290,FAT_017,45.658697488537925
908338,FAT_017,25.80708988482578
909954,FAT_017,7.940643041484855
910954,FAT_017,19.85160760371214
911104,FAT_017,6.948062661299249
927666,FAT_017,22.829348744268962
930942,FAT_017,21.836768364083355
931276,FAT_017,121.09480638264405
931277,FAT_017,0.9925803801856069
935839,FAT_017,88.33965383651903
936154,FAT_017,13.896125322598499
937593,FAT_017,3.9703215207424276
944562,FAT_017,38.71063482723867
945711,FAT_017,3.9703215207424276
981539,FAT_017,13.896125322598499
983952,FAT_017,26.79967026501139
996285,FAT_017,35.732893686681855
997348,FAT_017,2.9777411405568213
997350,FAT_017,18.85902722352653
997352,FAT_017,216.38252288046232
997353,FAT_017,737.487222477906
997872,FAT_017,116.13190448171602
997884,FAT_017,56093.69502542921
998088,FAT_017,8.933223421670464
999410,FAT_017,8726.766702591856
999412,FAT_017,2156.877166143324
999413,FAT_017,3719.1986845554693
999415,FAT_017,59.554822811136425
1000565,FAT_017,31.76257216593942
1002364,FAT_017,1.9851607603712138
1002367,FAT_017,8761.507015898353
1002368,FAT_017,3.9703215207424276
1005994,FAT_017,5.9554822811136425
1005995,FAT_017,4.962901900928035
1005996,FAT_017,4.962901900928035
1005999,FAT_017,10.918384182041677
1006000,FAT_017,5.9554822811136425
1006003,FAT_017,4.962901900928035
1006551,FAT_017,14.888705702784106
1009846,FAT_017,34.74031330649624
1028307,FAT_017,7.940643041484855
1028803,FAT_017,3.9703215207424276
1031746,FAT_017,0.9925803801856069
1033734,FAT_017,14.888705702784106
1033739,FAT_017,6.948062661299249
1033992,FAT_017,33.74773292631064
1035184,FAT_017,351.3734545857049
1035191,FAT_017,33.74773292631064
1035195,FAT_017,25.80708988482578
1035839,FAT_017,7.940643041484855
1037409,FAT_017,85.36191269596222
1042156,FAT_017,1844.214346384858
1042403,FAT_017,89.33223421670463
1045856,FAT_017,13.896125322598499
1046625,FAT_017,1.9851607603712138
1050720,FAT_017,5.9554822811136425
1051501,FAT_017,2.9777411405568213
1051502,FAT_017,7.940643041484855
1054460,FAT_017,8.933223421670464
1064535,FAT_017,101.24319877893191
1064537,FAT_017,77.42126965447734
1074451,FAT_017,4.962901900928035
1076934,FAT_017,248.14509504640174
1077285,FAT_017,15661.925818948694
1077975,FAT_017,27.792250645196997
1089454,FAT_017,21.836768364083355
1089456,FAT_017,39.70321520742428
1089547,FAT_017,5.9554822811136425
1095730,FAT_017,527.0601818785574
1095770,FAT_017,37.71805444705306
1110694,FAT_017,3.9703215207424276
1112856,FAT_017,0.9925803801856069
1115512,FAT_017,8.933223421670464
1115803,FAT_017,108.19126144023116
1118059,FAT_017,61.53998357150763
1120942,FAT_017,102.23577915911751
1120988,FAT_017,6.948062661299249
1121019,FAT_017,4.962901900928035
1121090,FAT_017,4.962901900928035
1121097,FAT_017,73.45094813373491
1121100,FAT_017,11260.824413205712
1121101,FAT_017,2584.6793100033206
1121102,FAT_017,7.940643041484855
1121111,FAT_017,602.4962907726634
1121114,FAT_017,2408.992582710468
1121115,FAT_017,179178.6250703454
1121124,FAT_017,66.50288547243566
1121126,FAT_017,11.910964562227285
1121129,FAT_017,179.65704881359488
1121130,FAT_017,133.99835132505694
1121303,FAT_017,206.45671907860623
1121315,FAT_017,103.22835953930311
1121333,FAT_017,2438.7699941160363
1121334,FAT_017,893.3223421670464
1121342,FAT_017,67.49546585262128
1121344,FAT_017,1338.9909328703839
1121367,FAT_017,3.9703215207424276
1121445,FAT_017,30.769991785753817
1121482,FAT_017,4.962901900928035
1121864,FAT_017,255.093157707701
1122237,FAT_017,40.69579558760989
1122603,FAT_017,24.814509504640174
1122917,FAT_017,8.933223421670464
1122949,FAT_017,50.621599389465956
1122950,FAT_017,497.2827704729891
1122975,FAT_017,665.0288547243567
1122976,FAT_017,97.2728772581895
1122978,FAT_017,1369.7609246561376
1122981,FAT_017,986.6248979044933
1122982,FAT_017,820.8639744134971
1122984,FAT_017,172.70898615229564
1122985,FAT_017,166.75350387118198
1122988,FAT_017,51.61417976965156
1122991,FAT_017,63.52514433187884
1122992,FAT_017,302.73701595661015
1122993,FAT_017,265.0189615095571
1122997,FAT_017,16.87386646315532
1123075,FAT_017,1177.2003309001298
1123242,FAT_017,0.9925803801856069
1123253,FAT_017,62.53256395169324
1123263,FAT_017,658.0807920630575
1123313,FAT_017,1687.3866463155318
1123318,FAT_017,4.962901900928035
1123488,FAT_017,57.5696620507652
1123524,FAT_017,3.9703215207424276
1124991,FAT_017,2.9777411405568213
1125712,FAT_017,329.53668622162155
1125724,FAT_017,3.9703215207424276
1127131,FAT_017,9.92580380185607
1130798,FAT_017,49.62901900928035
1133568,FAT_017,24.814509504640174
1136177,FAT_017,8.933223421670464
1139219,FAT_017,8.933223421670464
1140001,FAT_017,14.888705702784106
1140002,FAT_017,15.88128608296971
1144300,FAT_017,9.92580380185607
1150460,FAT_017,2066.552351546434
1150461,FAT_017,183.6273703343373
1156431,FAT_017,54.59192091020838
1156433,FAT_017,54.59192091020838
1156918,FAT_017,7.940643041484855
1158606,FAT_017,28.7848310253826
1158610,FAT_017,17.866446843340928
1158612,FAT_017,18.85902722352653
1159488,FAT_017,6.948062661299249
1159899,FAT_017,4.962901900928035
1160707,FAT_017,16.87386646315532
1160719,FAT_017,14.888705702784106
1160721,FAT_017,2759.373456915988
1163399,FAT_017,44.66611710835232
1167632,FAT_017,6.948062661299249
1170318,FAT_017,12.90354494241289
1171373,FAT_017,26.79967026501139
1175296,FAT_017,0.9925803801856069
1176165,FAT_017,14.888705702784106
1178544,FAT_017,2.9777411405568213
1185325,FAT_017,5.9554822811136425
1189311,FAT_017,5.9554822811136425
1194526,FAT_017,18.85902722352653
1196029,FAT_017,15.88128608296971
1197728,FAT_017,279.9076672123412
1197906,FAT_017,19.85160760371214
1198291,FAT_017,3.9703215207424276
1202533,FAT_017,19.85160760371214
1202534,FAT_017,140.9464139863562
1203465,FAT_017,4819.970326181307
1203540,FAT_017,633.2662825584173
1203606,FAT_017,7689.5202052978975
1203610,FAT_017,2266.061007963741
1203611,FAT_017,44553.95552539134
1206781,FAT_017,71.46578737336371
1208104,FAT_017,30.769991785753817
1211815,FAT_017,34.74031330649624
1211844,FAT_017,410.92827739684134
1212545,FAT_017,12.90354494241289
1214102,FAT_017,54.59192091020838
1215110,FAT_017,6.948062661299249
1215915,FAT_017,645.1772471206446
1216976,FAT_017,65.51030509225006
1217674,FAT_017,0.9925803801856069
1217689,FAT_017,0.9925803801856069
1217986,FAT_017,0.9925803801856069
1218102,FAT_017,9.92580380185607
1219013,FAT_017,13.896125322598499
1223528,FAT_017,8.933223421670464
1229756,FAT_017,10.918384182041677
1229781,FAT_017,21.836768364083355
1231627,FAT_017,10.918384182041677
1232666,FAT_017,16.87386646315532
1233170,FAT_017,75.43610889410613
1235789,FAT_017,1161.3190448171601
1235795,FAT_017,28.7848310253826
1235811,FAT_017,633.2662825584173
1235815,FAT_017,237.22671086436006
1236550,FAT_017,66.50288547243566
1237085,FAT_017,0.9925803801856069
1244083,FAT_017,4.962901900928035
1246477,FAT_017,8.933223421670464
1248438,FAT_017,28.7848310253826
1254439,FAT_017,414.89859891758374
1255680,FAT_017,34.74031330649624
1256908,FAT_017,84006.04789662866
1257041,FAT_017,275.93734569159875
1259823,FAT_017,7.940643041484855
1260282,FAT_017,4.962901900928035
1261127,FAT_017,3.9703215207424276
1262650,FAT_017,10.918384182041677
1274524,FAT_017,4.962901900928035
1276282,FAT_017,8.933223421670464
1278306,FAT_017,37.71805444705306
1280689,FAT_017,112.16158296097359
1280692,FAT_017,98.2654576383751
1280694,FAT_017,554.8524325237543
1280705,FAT_017,104.22093991948874
1282887,FAT_017,820.8639744134971
1286820,FAT_017,553.8598521435687
1292022,FAT_017,21.836768364083355
1292036,FAT_017,63.52514433187884
1292043,FAT_017,7.940643041484855
1295400,FAT_017,322.5886235603223
1296619,FAT_017,11.910964562227285
1300222,FAT_017,15.88128608296971
1304881,FAT_017,423.8318223392542
1307436,FAT_017,8.933223421670464
1315312,FAT_017,0.9925803801856069
1315976,FAT_017,2.9777411405568213
1316928,FAT_017,21.836768364083355
1316931,FAT_017,84.36933231577659
1319815,FAT_017,18.85902722352653
1321814,FAT_017,163.77576273062516
1322347,FAT_017,4907.317399637641
1328337,FAT_017,2.9777411405568213
1331262,FAT_017,47.64385824890914
1336236,FAT_017,1236.7551537112663
1336752,FAT_017,2.9777411405568213
1336753,FAT_017,0.9925803801856069
1346330,FAT_017,2.9777411405568213
1346614,FAT_017,14.888705702784106
1353979,FAT_017,11.910964562227285
1367477,FAT_017,15.88128608296971
1382315,FAT_017,21.836768364083355
1384484,FAT_017,13214.222601410987
1392501,FAT_017,120.10222600245845
1397694,FAT_017,55.584501290393995
1400136,FAT_017,0.9925803801856069
1401079,FAT_017,232.26380896343204
1408437,FAT_017,9497.009077615889
1408440,FAT_017,25.80708988482578
1408472,FAT_017,615.3998357150763
1410645,FAT_017,1231.7922518103383
1410647,FAT_017,10723.8384275253
1410657,FAT_017,83.37675193559099
1410665,FAT_017,681.9027211875119
1410676,FAT_017,2.9777411405568213
1415164,FAT_017,6.948062661299249
1423757,FAT_017,4.962901900928035
1423799,FAT_017,12.90354494241289
1423814,FAT_017,45.658697488537925
1429046,FAT_017,37.71805444705306
1437595,FAT_017,30.769991785753817
1437599,FAT_017,9.92580380185607
1437603,FAT_017,51.61417976965156
1437612,FAT_017,112471.2680395915
1437882,FAT_017,39.70321520742428
1440052,FAT_017,11.910964562227285
1441930,FAT_017,3.9703215207424276
1444307,FAT_017,13.896125322598499
1446473,FAT_017,43.67353672816671
1448136,FAT_017,89.33223421670463
1448141,FAT_017,52.60676014983717
1458276,FAT_017,19.85160760371214
1899017,FAT_017,12.90354494241289
329,FAT_023,225.53600661767098
561,FAT_023,9950.433815774863
818,FAT_023,7222.522116684939
904,FAT_023,17849.563952312816
1246,FAT_023,16.109714758405065
1350,FAT_023,5.369904919468356
1547,FAT_023,155.72724266458232
28112,FAT_023,80.54857379202534
66692,FAT_023,171.83695742298738
85962,FAT_023,10.739809838936711
176280,FAT_023,42.959239355746845
190304,FAT_023,91.28838363096204
192222,FAT_023,5.369904919468356
195103,FAT_023,365.1535345238482
203267,FAT_023,26.84952459734178
205913,FAT_023,17650.877470292486
205921,FAT_023,21.479619677873423
205922,FAT_023,48.32914427521521
206672,FAT_023,19154.450847743625
207244,FAT_023,574.5798263831141
213810,FAT_023,6803.669532966407
218495,FAT_023,26.84952459734178
220668,FAT_023,53.69904919468356
223926,FAT_023,5.369904919468356
224308,FAT_023,42.959239355746845
226185,FAT_023,150.35733774511397
226186,FAT_023,10449.83497328542
234621,FAT_023,59.068954114151914
242619,FAT_023,37.58933443627849
244366,FAT_023,37.58933443627849
246198,FAT_023,32.21942951681013
246201,FAT_023,37.58933443627849
257314,FAT_023,16.109714758405065
262727,FAT_023,5.369904919468356
264199,FAT_023,214.79619677873424
264731,FAT_023,91.28838363096204
265669,FAT_023,26.84952459734178
266835,FAT_023,220.1661016982026
267747,FAT_023,161.09714758405067
272558,FAT_023,112.76800330883549
272559,FAT_023,3506.5479124128365
272562,FAT_023,392.00305912118995
272620,FAT_023,75.17866887255698
272621,FAT_023,5.369904919468356
272623,FAT_023,64.43885903362026
273057,FAT_023,5.369904919468356
273526,FAT_023,150.35733774511397
278197,FAT_023,59.068954114151914
279010,FAT_023,42.959239355746845
279808,FAT_023,16.109714758405065
283165,FAT_023,5.369904919468356
290338,FAT_023,48.32914427521521
290339,FAT_023,91.28838363096204
290402,FAT_023,225.53600661767098
295405,FAT_023,2244.6202563377724
299033,FAT_023,59.068954114151914
300267,FAT_023,8049.487474283065
300269,FAT_023,27628.16081066469
306263,FAT_023,16.109714758405065
314315,FAT_023,75.17866887255698
321955,FAT_023,64.43885903362026
321956,FAT_023,69.80876395308863
321967,FAT_023,16.109714758405065
324831,FAT_023,75.17866887255698
326426,FAT_023,1149.1596527662282
333381,FAT_023,161.09714758405067
334390,FAT_023,21.479619677873423
334413,FAT_023,155.72724266458232
339860,FAT_023,499.4011575105571
342451,FAT_023,37.58933443627849
347253,FAT_023,220.1661016982026
347256,FAT_023,16.109714758405065
349741,FAT_023,1189927.9709148319
349966,FAT_023,5.369904919468356
349968,FAT_023,5.369904919468356
351627,FAT_023,306.0845804096963
352165,FAT_023,1788.1783381829625
354242,FAT_023,719.5672592087597
358681,FAT_023,139.61752790617726
360104,FAT_023,5.369904919468356
360105,FAT_023,16.109714758405065
360106,FAT_023,5.369904919468356
360107,FAT_023,5.369904919468356
362948,FAT_023,182.5767672619241
364106,FAT_023,7673.5941299202805
367737,FAT_023,53.69904919468356
367928,FAT_023,799723.8299416638
370551,FAT_023,10.739809838936711
378753,FAT_023,279.2350558123545
380703,FAT_023,91.28838363096204
386585,FAT_023,18445.623398373802
387344,FAT_023,37.58933443627849
388919,FAT_023,53.69904919468356
390333,FAT_023,53.69904919468356
391904,FAT_023,3511.917817332305
393126,FAT_023,26.84952459734178
393127,FAT_023,16.109714758405065
393130,FAT_023,16.109714758405065
393305,FAT_023,5.369904919468356
398511,FAT_023,42.959239355746845
398513,FAT_023,1455.2442331759244
398525,FAT_023,424.2224886380001
398578,FAT_023,402.7428689601267
405531,FAT_023,53.69904919468356
405534,FAT_023,48.32914427521521
405566,FAT_023,21.479619677873423
409438,FAT_023,69755.06490389394
411459,FAT_023,87964.41248581115
411460,FAT_023,13156.267052697473
411461,FAT_023,29502.25762755915
411462,FAT_023,46540.96593703224
411463,FAT_023,12968.32038051608
411464,FAT_023,181948.4883863463
411465,FAT_023,209.4262918592659
411466,FAT_023,8210.584621867116
411467,FAT_023,160372.21041992246
411468,FAT_023,6288.158660697444
411469,FAT_023,26274.944770958664
411470,FAT_023,4537.569656950761
411471,FAT_023,116274.55122124832
411472,FAT_023,531.6205870273673
411473,FAT_023,16469.498388009448
411474,FAT_023,7829.321372584863
411475,FAT_023,92072.38974920443
411476,FAT_023,5536.371971971875
411477,FAT_023,50240.83042654594
411479,FAT_023,24540.465481970386
411483,FAT_023,580459.872269932
411484,FAT_023,12538.727986958611
411485,FAT_023,178350.6520903025
411486,FAT_023,131439.16271382695
411487,FAT_023,44097.65919867413
411489,FAT_023,15508.285407424613
411490,FAT_023,3866.3315420172157
411901,FAT_023,7056.05506418142
411902,FAT_023,9773.226953432408
411903,FAT_023,797538.2786394402
413999,FAT_023,177.20686234245576
416269,FAT_023,5.369904919468356
420247,FAT_023,20223.06192671783
420889,FAT_023,10.739809838936711
426355,FAT_023,359.7836296043798
428125,FAT_023,26323.27391523388
428126,FAT_023,225.53600661767098
428127,FAT_023,13467.721538026637
428128,FAT_023,5181.958247286963
435590,FAT_023,49875.67689202209
435591,FAT_023,27440.214138483298
435830,FAT_023,988.0625051821775
435837,FAT_023,26.84952459734178
435838,FAT_023,16.109714758405065
439375,FAT_023,42.959239355746845
440497,FAT_023,26.84952459734178
441620,FAT_023,349.0438197654432
441770,FAT_023,198.68648202032915
441771,FAT_023,128.87771806724052
442563,FAT_023,300.71467549022793
444177,FAT_023,48.32914427521521
445336,FAT_023,359.7836296043798
445970,FAT_023,408230.9117878233
445971,FAT_023,327.5642000875697
445972,FAT_023,39581.56916140125
445973,FAT_023,977.3226953432408
445975,FAT_023,13349.583629798333
449673,FAT_023,20953.368995765522
450749,FAT_023,59.068954114151914
451515,FAT_023,21.479619677873423
451640,FAT_023,1004.1722199405825
457387,FAT_023,8366.311864531699
457388,FAT_023,37197.3313771573
457390,FAT_023,7270.851260960154
457391,FAT_023,19004.09350999851
457392,FAT_023,982.6926002627092
457393,FAT_023,76741.31120412228
457394,FAT_023,27628.16081066469
457395,FAT_023,22419.353038780384
457396,FAT_023,322.19429516810135
457398,FAT_023,483.29144275215197
457400,FAT_023,19320.917900247146
457401,FAT_023,18483.21273281008
457405,FAT_023,64.43885903362026
457412,FAT_023,32568.47333657558
457416,FAT_023,21.479619677873423
457421,FAT_023,10729.070029097775
457424,FAT_023,30049.98792934492
465515,FAT_023,488.6613476716204
467705,FAT_023,10.739809838936711
469378,FAT_023,365.1535345238482
469585,FAT_023,4435.541463480861
469588,FAT_023,4048.90830927914
469589,FAT_023,13521.42058722132
469590,FAT_023,10240.408681426154
469591,FAT_023,35317.86465534338
469592,FAT_023,28788.060273269857
469593,FAT_023,41579.17379144348
469595,FAT_023,21.479619677873423
469596,FAT_023,6336.48780497266
469599,FAT_023,59.068954114151914
469602,FAT_023,21.479619677873423
469603,FAT_023,32.21942951681013
469604,FAT_023,32.21942951681013
469605,FAT_023,16.109714758405065
469606,FAT_023,32.21942951681013
469607,FAT_023,26.84952459734178
469609,FAT_023,16.109714758405065
469610,FAT_023,220.1661016982026
469613,FAT_023,10.739809838936711
469615,FAT_023,10.739809838936711
469616,FAT_023,42.959239355746845
469617,FAT_023,21.479619677873423
469618,FAT_023,26.84952459734178
469621,FAT_023,64.43885903362026
470145,FAT_023,5890.785696656786
470146,FAT_023,38577.39694146067
471854,FAT_023,16.109714758405065
471870,FAT_023,6019.663414724027
471871,FAT_023,241.64572137607598
471872,FAT_023,10.739809838936711
471874,FAT_023,5.369904919468356
471875,FAT_023,11620.474245729521
471881,FAT_023,5.369904919468356
473819,FAT_023,3495.8081025738993
474186,FAT_023,5.369904919468356
476272,FAT_023,27552.982141792134
478749,FAT_023,3775.043158386254
478801,FAT_023,187.94667218139247
479436,FAT_023,48.32914427521521
479437,FAT_023,23568.512691546613
480119,FAT_023,5.369904919468356
483215,FAT_023,17801.2348080376
483216,FAT_023,20131.773543086867
483217,FAT_023,26248.09524636132
483218,FAT_023,14053.041174248687
484018,FAT_023,6701.641339496508
484020,FAT_023,681.9779247724813
491074,FAT_023,1288.7771806724054
491077,FAT_023,365.1535345238482
499177,FAT_023,171.83695742298738
500632,FAT_023,36112.61058342469
500633,FAT_023,279.2350558123545
500635,FAT_023,1997.6046300422283
500637,FAT_023,5.369904919468356
500638,FAT_023,21.479619677873423
500639,FAT_023,21.479619677873423
500640,FAT_023,26.84952459734178
502347,FAT_023,1696.8899545520003
502558,FAT_023,4607.3784209038495
502800,FAT_023,10.739809838936711
504472,FAT_023,16.109714758405065
511145,FAT_023,17887.153286749093
511680,FAT_023,9032.180074545775
512566,FAT_023,59.068954114151914
515608,FAT_023,5.369904919468356
515619,FAT_023,41949.69723088679
515620,FAT_023,10922.386606198635
518635,FAT_023,9730.267714076661
518636,FAT_023,12200.423977032106
518637,FAT_023,178683.58619530956
520999,FAT_023,5.369904919468356
521000,FAT_023,10.739809838936711
521003,FAT_023,7603.785365967192
521095,FAT_023,655.1284001751394
521097,FAT_023,16.109714758405065
523794,FAT_023,21.479619677873423
525246,FAT_023,220.1661016982026
525258,FAT_023,220.1661016982026
525259,FAT_023,10610.932120869471
525268,FAT_023,64.43885903362026
525278,FAT_023,10.739809838936711
525279,FAT_023,16.109714758405065
525306,FAT_023,10.739809838936711
525309,FAT_023,10.739809838936711
525310,FAT_023,10.739809838936711
525318,FAT_023,26.84952459734178
525325,FAT_023,16.109714758405065
525328,FAT_023,26.84952459734178
525337,FAT_023,5.369904919468356
525338,FAT_023,16.109714758405065
525361,FAT_023,21.479619677873423
525362,FAT_023,77691.78437486818
525365,FAT_023,16.109714758405065
525367,FAT_023,26.84952459734178
525369,FAT_023,10.739809838936711
525370,FAT_023,102.02819346989877
525379,FAT_023,5.369904919468356
525919,FAT_023,75.17866887255698
526997,FAT_023,10.739809838936711
527004,FAT_023,5.369904919468356
527012,FAT_023,5.369904919468356
527025,FAT_023,26.84952459734178
536229,FAT_023,5.369904919468356
536231,FAT_023,33314.89012038168
536233,FAT_023,445.70210831587355
537006,FAT_023,4172.416122426912
537007,FAT_023,11534.55576701803
537011,FAT_023,12764.263993576282
537012,FAT_023,14219.508226752205
537013,FAT_023,9558.430756653674
537937,FAT_023,21946.80140586717
537970,FAT_023,26.84952459734178
537971,FAT_023,10.739809838936711
537972,FAT_023,16.109714758405065
537973,FAT_023,32.21942951681013
543734,FAT_023,5.369904919468356
545696,FAT_023,21962.911120625577
545697,FAT_023,536.9904919468356
546262,FAT_023,5.369904919468356
546263,FAT_023,42.959239355746845
546266,FAT_023,59.068954114151914
546268,FAT_023,10.739809838936711
546269,FAT_023,660.4983050946078
546270,FAT_023,59.068954114151914
546273,FAT_023,91.28838363096204
546274,FAT_023,112.76800330883549
547042,FAT_023,7254.741546201748
547043,FAT_023,9493.991897620053
548476,FAT_023,69.80876395308863
548477,FAT_023,569.2099214636457
548479,FAT_023,220.1661016982026
548480,FAT_023,22295.845225632616
552396,FAT_023,44205.05729706351
552398,FAT_023,266733.9171598322
552531,FAT_023,316.824390248633
553174,FAT_023,85.91847871149369
553175,FAT_023,16.109714758405065
553177,FAT_023,21.479619677873423
553184,FAT_023,289.9748656512912
553204,FAT_023,139.61752790617726
553206,FAT_023,91.28838363096204
553218,FAT_023,26.84952459734178
553220,FAT_023,5.369904919468356
553481,FAT_023,392.00305912118995
553482,FAT_023,37.58933443627849
553973,FAT_023,343.67391484597476
555970,FAT_023,284.60496073182287
556258,FAT_023,4065.0180240375453
556259,FAT_023,3007.1467549022796
556263,FAT_023,21.479619677873423
556264,FAT_023,26.84952459734178
556267,FAT_023,5.369904919468356
556268,FAT_023,4886.613476716204
556269,FAT_023,134.2476229867089
556270,FAT_023,128.87771806724052
557598,FAT_023,128.87771806724052
561177,FAT_023,96.65828855043041
561180,FAT_023,80.54857379202534
562973,FAT_023,692.7177346114179
562982,FAT_023,42.959239355746845
562983,FAT_023,91.28838363096204
563192,FAT_023,15642.533030411321
563193,FAT_023,89677.41215512154
563194,FAT_023,26.84952459734178
565040,FAT_023,19986.786110261222
565042,FAT_023,22585.820091283906
565047,FAT_023,32.21942951681013
565653,FAT_023,16.109714758405065
566550,FAT_023,9279.19570084132
566551,FAT_023,37.58933443627849
566552,FAT_023,17849.563952312816
568703,FAT_023,37.58933443627849
568816,FAT_023,21259.45357617522
573236,FAT_023,327.5642000875697
575586,FAT_023,5.369904919468356
575587,FAT_023,107.39809838936712
575594,FAT_023,10.739809838936711
575595,FAT_023,21.479619677873423
580050,FAT_023,322.19429516810135
585054,FAT_023,1745.2190988272155
585394,FAT_023,77138.68416816293
585501,FAT_023,247.01562629554437
585506,FAT_023,16.109714758405065
585520,FAT_023,5.369904919468356
585524,FAT_023,10.739809838936711
585543,FAT_023,55787.94220835675
585544,FAT_023,5504.1525424550655
586220,FAT_023,134.2476229867089
591001,FAT_023,1449.8743282564562
591020,FAT_023,17221.285076735017
591365,FAT_023,37.58933443627849
592010,FAT_023,16.109714758405065
592022,FAT_023,69.80876395308863
592028,FAT_023,139.61752790617726
592031,FAT_023,311.45448532916464
596315,FAT_023,75.17866887255698
596320,FAT_023,37.58933443627849
596327,FAT_023,69.80876395308863
613026,FAT_023,21.479619677873423
622312,FAT_023,69330.84241525595
626095,FAT_023,10.739809838936711
626369,FAT_023,10.739809838936711
626522,FAT_023,118.13790822830383
626939,FAT_023,78411.35163407694
629741,FAT_023,75.17866887255698
632245,FAT_023,488.6613476716204
633147,FAT_023,7899.130136537952
634176,FAT_023,5.369904919468356
634498,FAT_023,10.739809838936711
638301,FAT_023,59.068954114151914
640513,FAT_023,16.109714758405065
641112,FAT_023,4231.485076541064
641118,FAT_023,150.35733774511397
641143,FAT_023,10.739809838936711
641146,FAT_023,37.58933443627849
642492,FAT_023,284.60496073182287
644042,FAT_023,32.21942951681013
644283,FAT_023,322.19429516810135
644284,FAT_023,32.21942951681013
645127,FAT_023,5.369904919468356
645462,FAT_023,241.64572137607598
645463,FAT_023,4312.03365033309
645464,FAT_023,961.2129805848357
649746,FAT_023,10.739809838936711
649747,FAT_023,96.65828855043041
649754,FAT_023,32.21942951681013
649757,FAT_023,12103.765688481675
649764,FAT_023,2529.2252170695956
655811,FAT_023,134.2476229867089
655812,FAT_023,37.58933443627849
657308,FAT_023,40140.03927302596
657309,FAT_023,4043.538404359672
657313,FAT_023,41487.88540781252
657314,FAT_023,25023.75692472254
657316,FAT_023,21.479619677873423
657317,FAT_023,22736.17742902902
657319,FAT_023,39415.10210889773
657321,FAT_023,54713.96122446308
657322,FAT_023,151415.20901424924
657323,FAT_023,37836.350062574034
657324,FAT_023,91.28838363096204
658089,FAT_023,7738.032988953901
658659,FAT_023,11808.420917910915
663952,FAT_023,21.479619677873423
665943,FAT_023,8328.72253009542
665951,FAT_023,19197.41008709937
665953,FAT_023,26242.725341441856
675806,FAT_023,16.109714758405065
675812,FAT_023,5.369904919468356
679189,FAT_023,209.4262918592659
679192,FAT_023,26.84952459734178
679935,FAT_023,112660.60521044611
680646,FAT_023,182.5767672619241
688245,FAT_023,182.5767672619241
692420,FAT_023,42.959239355746845
695560,FAT_023,48.32914427521521
697329,FAT_023,2362.7581645660766
698737,FAT_023,10.739809838936711
702443,FAT_023,16614.485820835092
702444,FAT_023,3372.3002894261276
702447,FAT_023,3979.099545326052
702459,FAT_023,1084.720793732608
706433,FAT_023,182.5767672619241
709991,FAT_023,8194.474907108712
717959,FAT_023,338153.6525887613
717960,FAT_023,17505.89003746684
717962,FAT_023,15857.329227190055
718251,FAT_023,171.83695742298738
718252,FAT_023,161258.24473163474
720554,FAT_023,1390.8053741423043
742725,FAT_023,11572.145101454305
742726,FAT_023,3264.9021910367605
742727,FAT_023,3581.7265812853934
742729,FAT_023,316.824390248633
742733,FAT_023,14606.141380953926
742740,FAT_023,17194.435552137675
742741,FAT_023,18740.968168944564
742742,FAT_023,25856.092187240134
742743,FAT_023,1299.516990511342
742766,FAT_023,16.109714758405065
742816,FAT_023,123.50781314777218
742817,FAT_023,112.76800330883549
742818,FAT_023,4274.444315896811
742820,FAT_023,5.369904919468356
742821,FAT_023,3968.359735487115
743710,FAT_023,37.58933443627849
743719,FAT_023,193.31657710086083
748224,FAT_023,231518.08069795868
749219,FAT_023,10.739809838936711
749518,FAT_023,10.739809838936711
752555,FAT_023,53.69904919468356
754252,FAT_023,214.79619677873424
758678,FAT_023,193.31657710086083
759350,FAT_023,8350.202149773293
762376,FAT_023,322.19429516810135
762948,FAT_023,16.109714758405065
762966,FAT_023,698.0876395308863
762967,FAT_023,757.1565936450381
762968,FAT_023,2002.9745349616967
762982,FAT_023,2158.701777626279
762983,FAT_023,26.84952459734178
762984,FAT_023,3979.099545326052
763034,FAT_023,2180.1813973041526
767029,FAT_023,128.87771806724052
767031,FAT_023,112.76800330883549
768486,FAT_023,42.959239355746845
862514,FAT_023,16.109714758405065
862962,FAT_023,1283.407275752937
862965,FAT_023,5.369904919468356
863767,FAT_023,32.21942951681013
864566,FAT_023,37.58933443627849
866499,FAT_023,7082.9045887787615
866771,FAT_023,144.9874328256456
866776,FAT_023,21.479619677873423
868129,FAT_023,939.7333609069622
871541,FAT_023,547.7303017857722
871585,FAT_023,5.369904919468356
873513,FAT_023,118.13790822830383
873533,FAT_023,16.109714758405065
878320,FAT_023,128.87771806724052
879088,FAT_023,10.739809838936711
879089,FAT_023,10.739809838936711
879090,FAT_023,48.32914427521521
879243,FAT_023,32.21942951681013
883062,FAT_023,445.70210831587355
883077,FAT_023,735.6769739671648
883156,FAT_023,2180.1813973041526
883166,FAT_023,26.84952459734178
886872,FAT_023,21.479619677873423
887898,FAT_023,322.19429516810135
887929,FAT_023,681.9779247724813
888048,FAT_023,80.54857379202534
888050,FAT_023,80.54857379202534
888066,FAT_023,5.369904919468356
888727,FAT_023,349.0438197654432
888746,FAT_023,37.58933443627849
888826,FAT_023,10.739809838936711
888832,FAT_023,96.65828855043041
888833,FAT_023,59.068954114151914
889201,FAT_023,37.58933443627849
889204,FAT_023,26.84952459734178
890402,FAT_023,20421.748408738156
903510,FAT_023,10.739809838936711
903814,FAT_023,945.1032658264306
904306,FAT_023,53.69904919468356
904314,FAT_023,10.739809838936711
908290,FAT_023,306.0845804096963
908338,FAT_023,69.80876395308863
909954,FAT_023,91.28838363096204
910954,FAT_023,198.68648202032915
911104,FAT_023,42.959239355746845
927666,FAT_023,53.69904919468356
930942,FAT_023,91.28838363096204
931276,FAT_023,370.52343944331653
931277,FAT_023,37.58933443627849
935839,FAT_023,499.4011575105571
936154,FAT_023,16.109714758405065
937593,FAT_023,42.959239355746845
944562,FAT_023,32.21942951681013
945711,FAT_023,42.959239355746845
981539,FAT_023,16.109714758405065
983952,FAT_023,118.13790822830383
996285,FAT_023,408.11277387959507
997348,FAT_023,48.32914427521521
997350,FAT_023,118.13790822830383
997352,FAT_023,10.739809838936711
997353,FAT_023,75.17866887255698
997872,FAT_023,945.1032658264306
997884,FAT_023,13848.98478730889
998088,FAT_023,85.91847871149369
999410,FAT_023,21952.171310786638
999412,FAT_023,4870.503761957799
999413,FAT_023,11717.132534279952
999415,FAT_023,42.959239355746845
1000565,FAT_023,144.9874328256456
1002364,FAT_023,10.739809838936711
1002367,FAT_023,2486.2659777138488
1002368,FAT_023,91.28838363096204
1005994,FAT_023,21.479619677873423
1005995,FAT_023,16.109714758405065
1005996,FAT_023,26.84952459734178
1005999,FAT_023,42.959239355746845
1006000,FAT_023,42.959239355746845
1006003,FAT_023,5.369904919468356
1006551,FAT_023,53.69904919468356
1009846,FAT_023,332.93410500703806
1028307,FAT_023,48.32914427521521
1028803,FAT_023,5.369904919468356
1031746,FAT_023,5.369904919468356
1033734,FAT_023,16.109714758405065
1033739,FAT_023,26.84952459734178
1033992,FAT_023,252.38553121501275
1035184,FAT_023,64.43885903362026
1035191,FAT_023,386.63315420172165
1035195,FAT_023,102.02819346989877
1035839,FAT_023,10.739809838936711
1037409,FAT_023,349.0438197654432
1042156,FAT_023,8113.926333316686
1042403,FAT_023,311.45448532916464
1045856,FAT_023,16.109714758405065
1046625,FAT_023,16.109714758405065
1050720,FAT_023,85.91847871149369
1051501,FAT_023,32.21942951681013
1051502,FAT_023,16.109714758405065
1054460,FAT_023,5.369904919468356
1064535,FAT_023,135332.3437804415
1064537,FAT_023,451.07201323534196
1074451,FAT_023,10.739809838936711
1076934,FAT_023,279.2350558123545
1077285,FAT_023,20389.528979221348
1077975,FAT_023,150.35733774511397
1089454,FAT_023,134.2476229867089
1089456,FAT_023,150.35733774511397
1089547,FAT_023,21.479619677873423
1095730,FAT_023,21.479619677873423
1095770,FAT_023,85.91847871149369
1110694,FAT_023,10.739809838936711
1112856,FAT_023,5.369904919468356
1115512,FAT_023,42.959239355746845
1115803,FAT_023,456.4419181548102
1118059,FAT_023,193.31657710086083
1120942,FAT_023,536.9904919468356
1120988,FAT_023,16.109714758405065
1121019,FAT_023,75.17866887255698
1121090,FAT_023,10.739809838936711
1121097,FAT_023,10.739809838936711
1121100,FAT_023,3366.9303845066593
1121101,FAT_023,6841.258867402686
1121102,FAT_023,10.739809838936711
1121111,FAT_023,5112.149483333875
1121114,FAT_023,3205.8332369226086
1121115,FAT_023,30683.636709842183
1121124,FAT_023,187.94667218139247
1121126,FAT_023,59.068954114151914
1121129,FAT_023,102.02819346989877
1121130,FAT_023,2147.9619677873425
1121303,FAT_023,826.9653575981268
1121315,FAT_023,370.52343944331653
1121333,FAT_023,3903.9208764534947
1121334,FAT_023,6476.105332878837
1121342,FAT_023,161.09714758405067
1121344,FAT_023,4494.610417595014
1121367,FAT_023,53.69904919468356
1121445,FAT_023,408.11277387959507
1121482,FAT_023,16.109714758405065
1121864,FAT_023,869.9245969538737
1122237,FAT_023,161.09714758405067
1122603,FAT_023,118.13790822830383
1122917,FAT_023,37.58933443627849
1122949,FAT_023,112.76800330883549
1122950,FAT_023,273.8651508928861
1122975,FAT_023,655.1284001751394
1122976,FAT_023,118.13790822830383
1122978,FAT_023,279.2350558123545
1122981,FAT_023,918.2537412290889
1122982,FAT_023,53.69904919468356
1122984,FAT_023,16.109714758405065
1122985,FAT_023,5.369904919468356
1122988,FAT_023,16.109714758405065
1122991,FAT_023,10.739809838936711
1122992,FAT_023,112.76800330883549
1122993,FAT_023,21.479619677873423
1122997,FAT_023,182.5767672619241
1123075,FAT_023,4338.883174930432
1123242,FAT_023,5.369904919468356
1123253,FAT_023,563.8400165441774
1123263,FAT_023,1299.516990511342
1123313,FAT_023,10084.681438761572
1123318,FAT_023,16.109714758405065
1123488,FAT_023,107.39809838936712
1123524,FAT_023,64.43885903362026
1124991,FAT_023,5.369904919468356
1125712,FAT_023,6465.3655230399
1125724,FAT_023,16.109714758405065
1127131,FAT_023,37.58933443627849
1130798,FAT_023,499.4011575105571
1133568,FAT_023,59.068954114151914
1136177,FAT_023,37.58933443627849
1139219,FAT_023,32.21942951681013
1140001,FAT_023,21.479619677873423
1140002,FAT_023,42.959239355746845
1144300,FAT_023,16.109714758405065
1150460,FAT_023,14004.71202997347
1150461,FAT_023,1589.4918561626332
1156431,FAT_023,48.32914427521521
1156433,FAT_023,53.69904919468356
1156918,FAT_023,26.84952459734178
1158606,FAT_023,32.21942951681013
1158610,FAT_023,32.21942951681013
1158612,FAT_023,10.739809838936711
1159488,FAT_023,5.369904919468356
1159899,FAT_023,247.01562629554437
1160707,FAT_023,5.369904919468356
1160719,FAT_023,80.54857379202534
1160721,FAT_023,331086.85771474097
1163399,FAT_023,166.46705250351903
1167632,FAT_023,21.479619677873423
1170318,FAT_023,85.91847871149369
1171373,FAT_023,241.64572137607598
1175296,FAT_023,32.21942951681013
1176165,FAT_023,59.068954114151914
1178544,FAT_023,21.479619677873423
1185325,FAT_023,37.58933443627849
1189311,FAT_023,5.369904919468356
1194526,FAT_023,26.84952459734178
1196029,FAT_023,21.479619677873423
1197728,FAT_023,75.17866887255698
1197906,FAT_023,161.09714758405067
1198291,FAT_023,16.109714758405065
1202533,FAT_023,16.109714758405065
1202534,FAT_023,440.3322033964052
1203465,FAT_023,3603.2062009632664
1203540,FAT_023,1122.3101281688862
1203606,FAT_023,27058.95088920105
1203610,FAT_023,1390.8053741423043
1203611,FAT_023,109003.69996028816
1206781,FAT_023,236.27581645660766
1208104,FAT_023,268.4952459734178
1211815,FAT_023,198.68648202032915
1211844,FAT_023,279.2350558123545
1212545,FAT_023,10.739809838936711
1214102,FAT_023,306.0845804096963
1215110,FAT_023,48.32914427521521
1215915,FAT_023,21.479619677873423
1216976,FAT_023,273.8651508928861
1217674,FAT_023,5.369904919468356
1217689,FAT_023,5.369904919468356
1217986,FAT_023,16.109714758405065
1218102,FAT_023,21.479619677873423
1219013,FAT_023,107.39809838936712
1223528,FAT_023,155.72724266458232
1229756,FAT_023,26.84952459734178
1229781,FAT_023,204.05638693979753
1231627,FAT_023,32.21942951681013
1232666,FAT_023,48.32914427521521
1233170,FAT_023,349.0438197654432
1235789,FAT_023,3726.714014111039
1235795,FAT_023,247.01562629554437
1235811,FAT_023,746.4167838061015
1235815,FAT_023,32.21942951681013
1236550,FAT_023,386.63315420172165
1237085,FAT_023,5.369904919468356
1244083,FAT_023,5.369904919468356
1246477,FAT_023,123.50781314777218
1248438,FAT_023,204.05638693979753
1254439,FAT_023,1798.918148021899
1255680,FAT_023,166.46705250351903
1256908,FAT_023,19562.56362162322
1257041,FAT_023,37.58933443627849
1259823,FAT_023,53.69904919468356
1260282,FAT_023,37.58933443627849
1261127,FAT_023,42.959239355746845
1262650,FAT_023,10.739809838936711
1274524,FAT_023,26.84952459734178
1276282,FAT_023,21.479619677873423
1278306,FAT_023,21.479619677873423
1280689,FAT_023,161.09714758405067
1280692,FAT_023,134.2476229867089
1280694,FAT_023,257.75543613448104
1280705,FAT_023,10.739809838936711
1282887,FAT_023,241.64572137607598
1286820,FAT_023,542.360396866304
1292022,FAT_023,161.09714758405067
1292036,FAT_023,413.4826787990634
1292043,FAT_023,5.369904919468356
1295400,FAT_023,252.38553121501275
1296619,FAT_023,10.739809838936711
1300222,FAT_023,85.91847871149369
1304881,FAT_023,660.4983050946078
1307436,FAT_023,16.109714758405065
1315312,FAT_023,5.369904919468356
1315976,FAT_023,21.479619677873423
1316928,FAT_023,64.43885903362026
1316931,FAT_023,96.65828855043041
1319815,FAT_023,32.21942951681013
1321814,FAT_023,569.2099214636457
1322347,FAT_023,20765.422323584135
1328337,FAT_023,48.32914427521521
1331262,FAT_023,306.0845804096963
1336236,FAT_023,1106.2004134104814
1336752,FAT_023,5.369904919468356
1336753,FAT_023,10.739809838936711
1346330,FAT_023,5.369904919468356
1346614,FAT_023,26.84952459734178
1353979,FAT_023,10.739809838936711
1367477,FAT_023,102.02819346989877
1382315,FAT_023,112.76800330883549
1384484,FAT_023,7893.760231618483
1392501,FAT_023,515.5108722689621
1397694,FAT_023,91.28838363096204
1400136,FAT_023,80.54857379202534
1401079,FAT_023,268.4952459734178
1408437,FAT_023,34920.49169130272
1408440,FAT_023,10.739809838936711
1408472,FAT_023,118.13790822830383
1410645,FAT_023,5122.889293172811
1410647,FAT_023,71011.62265504953
1410657,FAT_023,96.65828855043041
1410665,FAT_023,4575.158991387039
1410676,FAT_023,16.109714758405065
1415164,FAT_023,10.739809838936711
1423757,FAT_023,26.84952459734178
1423799,FAT_023,32.21942951681013
1423814,FAT_023,10.739809838936711
1429046,FAT_023,268.4952459734178
1437595,FAT_023,370.52343944331653
1437599,FAT_023,42.959239355746845
1437603,FAT_023,182.5767672619241
1437612,FAT_023,845760.0248162661
1437882,FAT_023,236.27581645660766
1440052,FAT_023,837.7051674370636
1441930,FAT_023,21.479619677873423
1444307,FAT_023,75.17866887255698
1446473,FAT_023,397.3729640406583
1448136,FAT_023,461.8118230742786
1448141,FAT_023,408.11277387959507
1458276,FAT_023,91.28838363096204
1899017,FAT_023,26.84952459734178
329,FAT_024,6.612246494183085
561,FAT_024,25.34694489436849
818,FAT_024,1766.5718550292477
904,FAT_024,4630.776628092887
1246,FAT_024,517.9593087110084
1350,FAT_024,133.34697096602554
1547,FAT_024,3044.9395105713106
28112,FAT_024,6.612246494183085
66692,FAT_024,15.428575153093865
85962,FAT_024,1.1020410823638473
176280,FAT_024,69.42858818892239
190304,FAT_024,72.73471143601394
192222,FAT_024,4.408164329455389
195103,FAT_024,186.24494291949026
203267,FAT_024,1.1020410823638473
205913,FAT_024,9651.675799342576
205921,FAT_024,101.38777957747396
205922,FAT_024,14.326534070730018
206672,FAT_024,10737.186265470966
207244,FAT_024,696.4899640539516
213810,FAT_024,927.9185913503596
218495,FAT_024,49.59184870637314
220668,FAT_024,56.20409520055622
223926,FAT_024,2.2040821647276947
224308,FAT_024,4.408164329455389
226185,FAT_024,764.8165111605101
226186,FAT_024,1229.877847918054
234621,FAT_024,5.510205411819237
242619,FAT_024,3.3061232470915427
244366,FAT_024,4.408164329455389
246198,FAT_024,27.55102705909619
246201,FAT_024,1011.673713610012
257314,FAT_024,9.918369741274628
262727,FAT_024,3.3061232470915427
264199,FAT_024,372006.08980382275
264731,FAT_024,18.734698400185408
265669,FAT_024,4.408164329455389
266835,FAT_024,3.3061232470915427
267747,FAT_024,135.55105313075325
272558,FAT_024,14.326534070730018
272559,FAT_024,6692.695493195646
272562,FAT_024,189.5510661665818
272620,FAT_024,4.408164329455389
272621,FAT_024,22.04082164727695
272623,FAT_024,2402.4495595531876
273057,FAT_024,1.1020410823638473
273526,FAT_024,7.7142875765469325
278197,FAT_024,20.938780564913102
279010,FAT_024,20.938780564913102
279808,FAT_024,12.122451906002322
283165,FAT_024,1.1020410823638473
290338,FAT_024,3.3061232470915427
290339,FAT_024,3.3061232470915427
290402,FAT_024,246.85720244950184
295405,FAT_024,6670.654671548369
299033,FAT_024,4.408164329455389
300267,FAT_024,3.3061232470915427
300269,FAT_024,8.816328658910779
306263,FAT_024,16.530616235457714
314315,FAT_024,51.79593087110083
321955,FAT_024,2.2040821647276947
321956,FAT_024,13904.452336184664
321967,FAT_024,1238.6941765769645
324831,FAT_024,5.510205411819237
326426,FAT_024,516.8572676286444
333381,FAT_024,8.816328658910779
334390,FAT_024,266.6939419320511
334413,FAT_024,158.69391586039404
339860,FAT_024,1.1020410823638473
342451,FAT_024,23.142862729640797
347253,FAT_024,15651.187451731363
347256,FAT_024,4.408164329455389
349741,FAT_024,456.2450080986328
349966,FAT_024,3.3061232470915427
349968,FAT_024,2.2040821647276947
351627,FAT_024,48.48980762400929
352165,FAT_024,31.959191388551577
354242,FAT_024,1201.2247797765938
358681,FAT_024,36.36735571800697
360104,FAT_024,2.2040821647276947
360105,FAT_024,3.3061232470915427
360106,FAT_024,6.612246494183085
360107,FAT_024,4.408164329455389
362948,FAT_024,47.38776654164545
364106,FAT_024,25.34694489436849
367737,FAT_024,9.918369741274628
367928,FAT_024,50854.78778676211
370551,FAT_024,55.10205411819238
378753,FAT_024,4.408164329455389
380703,FAT_024,3.3061232470915427
386585,FAT_024,6.612246494183085
387344,FAT_024,4.408164329455389
388919,FAT_024,378.0000912507997
390333,FAT_024,13839.431912325197
391904,FAT_024,2416.7760936239174
393126,FAT_024,2.2040821647276947
393127,FAT_024,3.3061232470915427
393130,FAT_024,1.1020410823638473
393305,FAT_024,1.1020410823638473
398511,FAT_024,4.408164329455389
398513,FAT_024,392.32662532152966
398525,FAT_024,5.510205411819237
398578,FAT_024,4.408164329455389
405531,FAT_024,22.04082164727695
405534,FAT_024,44.0816432945539
405566,FAT_024,247.95924353186567
409438,FAT_024,22.04082164727695
411459,FAT_024,125294.35677719291
411460,FAT_024,5612.6952324790755
411461,FAT_024,175789.8791711044
411462,FAT_024,448552.7613437332
411463,FAT_024,40479.07099630649
411464,FAT_024,170.81636776639635
411465,FAT_024,156.48983369566633
411466,FAT_024,1512.0003650031988
411467,FAT_024,7766.083507418034
411468,FAT_024,6066.73615841298
411469,FAT_024,1220540.253827185
411470,FAT_024,18509.88201938318
411471,FAT_024,10705.227074082413
411472,FAT_024,614.938923959027
411473,FAT_024,64957.60751777226
411474,FAT_024,7679.022261911289
411475,FAT_024,8106.614201868462
411476,FAT_024,2094.980097573674
411477,FAT_024,502.53073355791446
411479,FAT_024,6833.756751738219
411483,FAT_024,97927.37057885148
411484,FAT_024,113268.8844864386
411485,FAT_024,99978.26903313061
411486,FAT_024,25073.638705942256
411487,FAT_024,115522.55849987268
411489,FAT_024,23480.087300844134
411490,FAT_024,6694.899575360373
411901,FAT_024,706.4083337952262
411902,FAT_024,6679.47100020728
411903,FAT_024,528203.8826126626
413999,FAT_024,77.14287576546933
416269,FAT_024,2.2040821647276947
420247,FAT_024,689.8777175597685
420889,FAT_024,16.530616235457714
426355,FAT_024,93.67349200092703
428125,FAT_024,14452.166754119497
428126,FAT_024,14550.248410449878
428127,FAT_024,5234.695141228276
428128,FAT_024,1072.2859731400235
435590,FAT_024,22601.760558200145
435591,FAT_024,4857.79709105984
435830,FAT_024,211.59188781385873
435837,FAT_024,36.36735571800697
435838,FAT_024,5.510205411819237
439375,FAT_024,2.2040821647276947
440497,FAT_024,7.7142875765469325
441620,FAT_024,4.408164329455389
441770,FAT_024,90.36736875383549
441771,FAT_024,73.83675251837778
442563,FAT_024,25.34694489436849
444177,FAT_024,13.22449298836617
445336,FAT_024,191.75514833130947
445970,FAT_024,4994.450185272956
445971,FAT_024,222.6122986374972
445972,FAT_024,5152.042060050987
445973,FAT_024,5802.246298645657
445975,FAT_024,2925.919073676015
449673,FAT_024,1643.1432538044965
450749,FAT_024,187.34698400185405
451515,FAT_024,19.836739482549255
451640,FAT_024,2544.612859178124
457387,FAT_024,838.6532636788879
457388,FAT_024,5138.817567062621
457390,FAT_024,2118.122960303315
457391,FAT_024,4278.123481736456
457392,FAT_024,5936.695310694046
457393,FAT_024,15634.656835495905
457394,FAT_024,14027.880937409414
457395,FAT_024,3986.0825949100367
457396,FAT_024,386.8164199097105
457398,FAT_024,1298.2043950246125
457400,FAT_024,4.408164329455389
457401,FAT_024,12.122451906002322
457405,FAT_024,513.551144381553
457412,FAT_024,599935.7366637255
457416,FAT_024,159.7959569427579
457421,FAT_024,2075.143358091125
457424,FAT_024,1313.6329701777063
465515,FAT_024,1.1020410823638473
467705,FAT_024,212.69392889622256
469378,FAT_024,135.55105313075325
469585,FAT_024,1100.9390412814837
469588,FAT_024,414.36744696880663
469589,FAT_024,3454.8987932106616
469590,FAT_024,1707.0616365815997
469591,FAT_024,4348.654111007742
469592,FAT_024,5437.470700383224
469593,FAT_024,14901.799515723947
469595,FAT_024,8.816328658910779
469596,FAT_024,12335.145834898545
469599,FAT_024,69.42858818892239
469602,FAT_024,34.16327355327927
469603,FAT_024,100.28573849511012
469604,FAT_024,31.959191388551577
469605,FAT_024,16.530616235457714
469606,FAT_024,41.877561129826205
469607,FAT_024,94.7755330832909
469609,FAT_024,238.04087379059104
469610,FAT_024,856.2859209967095
469613,FAT_024,4.408164329455389
469615,FAT_024,39.67347896509851
469616,FAT_024,92.57145091856319
469617,FAT_024,33.06123247091543
469618,FAT_024,34.16327355327927
469621,FAT_024,41.877561129826205
470145,FAT_024,654.6124029241254
470146,FAT_024,506480.4487971065
471854,FAT_024,1.1020410823638473
471870,FAT_024,986.3267687156434
471871,FAT_024,203.87760023731178
471872,FAT_024,2173.2250144215072
471874,FAT_024,1.1020410823638473
471875,FAT_024,80338.79490432449
471881,FAT_024,2.2040821647276947
473819,FAT_024,810.0001955374279
474186,FAT_024,14.326534070730018
476272,FAT_024,3730.4090638016237
478749,FAT_024,2616.245529531774
478801,FAT_024,6.612246494183085
479436,FAT_024,141.06125854257246
479437,FAT_024,2725.347596685795
480119,FAT_024,3.3061232470915427
483215,FAT_024,1454.6942287202787
483216,FAT_024,2491.714887224659
483217,FAT_024,4277.021440654092
483218,FAT_024,46125.92950233884
484018,FAT_024,563.142993087926
484020,FAT_024,1596.857528345215
491074,FAT_024,142.16329962493634
491077,FAT_024,24.244903812004644
499177,FAT_024,98.08165633038242
500632,FAT_024,43690.41871031474
500633,FAT_024,328.40824254442657
500635,FAT_024,31.959191388551577
500637,FAT_024,1.1020410823638473
500638,FAT_024,4.408164329455389
500639,FAT_024,4.408164329455389
500640,FAT_024,8.816328658910779
502347,FAT_024,2.2040821647276947
502558,FAT_024,1019.3880011865589
502800,FAT_024,2.2040821647276947
504472,FAT_024,1.1020410823638473
511145,FAT_024,2.2040821647276947
511680,FAT_024,24902.82233817586
512566,FAT_024,245.755161367138
515608,FAT_024,24.244903812004644
515619,FAT_024,717546.6630146777
515620,FAT_024,74457.20164774863
518635,FAT_024,2042.0821256202094
518636,FAT_024,7801.348822053676
518637,FAT_024,92357.6549485846
520999,FAT_024,1.1020410823638473
521000,FAT_024,1.1020410823638473
521003,FAT_024,1308.122764765887
521095,FAT_024,99.18369741274628
521097,FAT_024,6.612246494183085
523794,FAT_024,38.571437882734664
525246,FAT_024,20.938780564913102
525258,FAT_024,296.449051155875
525259,FAT_024,2996.449702947301
525268,FAT_024,5.510205411819237
525278,FAT_024,76.04083468310549
525279,FAT_024,34.16327355327927
525306,FAT_024,12.122451906002322
525309,FAT_024,1.1020410823638473
525310,FAT_024,7.7142875765469325
525318,FAT_024,2.2040821647276947
525325,FAT_024,8.816328658910779
525328,FAT_024,24.244903812004644
525337,FAT_024,803.3879490432448
525338,FAT_024,91.46940983619935
525361,FAT_024,102.48982065983782
525362,FAT_024,1314.73501126007
525365,FAT_024,57.30613628292007
525367,FAT_024,18.734698400185408
525369,FAT_024,2.2040821647276947
525370,FAT_024,2.2040821647276947
525379,FAT_024,38.571437882734664
525919,FAT_024,56.20409520055622
526997,FAT_024,19.836739482549255
527004,FAT_024,3.3061232470915427
527012,FAT_024,1.1020410823638473
527025,FAT_024,24.244903812004644
536229,FAT_024,18.734698400185408
536231,FAT_024,249615.61127865853
536233,FAT_024,298.65313332060265
537006,FAT_024,395.6327485686212
537007,FAT_024,8308.287719941047
537011,FAT_024,761.5103879134186
537012,FAT_024,9504.002294305821
537013,FAT_024,1180.2859992116807
537937,FAT_024,11743.349773669159
537970,FAT_024,7.7142875765469325
537971,FAT_024,14.326534070730018
537972,FAT_024,9.918369741274628
537973,FAT_024,565.3470752526538
543734,FAT_024,623.7552526179377
545696,FAT_024,2410.163847129734
545697,FAT_024,364.7755982624335
546262,FAT_024,5.510205411819237
546263,FAT_024,4.408164329455389
546266,FAT_024,2.2040821647276947
546268,FAT_024,3.3061232470915427
546269,FAT_024,249.06128461422955
546270,FAT_024,103.59186174220166
546273,FAT_024,150.9796282838471
546274,FAT_024,3.3061232470915427
547042,FAT_024,375.79600908607205
547043,FAT_024,106745.903319927
548476,FAT_024,7.7142875765469325
548477,FAT_024,22.04082164727695
548479,FAT_024,174.1224910134879
548480,FAT_024,10510.165802504012
552396,FAT_024,3319.3477400799084
552398,FAT_024,19661.514950453402
552531,FAT_024,16.530616235457714
553174,FAT_024,7.7142875765469325
553175,FAT_024,2.2040821647276947
553177,FAT_024,1.1020410823638473
553184,FAT_024,39.67347896509851
553204,FAT_024,315.1837495560604
553206,FAT_024,67.2245060241947
553218,FAT_024,2.2040821647276947
553220,FAT_024,25.34694489436849
553481,FAT_024,3.3061232470915427
553482,FAT_024,42.97960221219005
553973,FAT_024,439.7143918631752
555970,FAT_024,24.244903812004644
556258,FAT_024,420.97969346298976
556259,FAT_024,1676.2044862754121
556263,FAT_024,5.510205411819237
556264,FAT_024,132.2449298836617
556267,FAT_024,1.1020410823638473
556268,FAT_024,186.24494291949026
556269,FAT_024,3.3061232470915427
556270,FAT_024,3658.776393447974
557598,FAT_024,3.3061232470915427
561177,FAT_024,109.10206715402092
561180,FAT_024,12.122451906002322
562973,FAT_024,198.36739482549257
562982,FAT_024,101.38777957747396
562983,FAT_024,311.87762630896884
563192,FAT_024,1350.000325895713
563193,FAT_024,14455.472877366588
563194,FAT_024,5.510205411819237
565040,FAT_024,10240.16573732487
565042,FAT_024,11228.696588205243
565047,FAT_024,5.510205411819237
565653,FAT_024,495.91848706373133
566550,FAT_024,3017.388483512214
566551,FAT_024,4.408164329455389
566552,FAT_024,11335.594573194536
568703,FAT_024,48.48980762400929
568816,FAT_024,4767.429722306004
573236,FAT_024,18.734698400185408
575586,FAT_024,7.7142875765469325
575587,FAT_024,3.3061232470915427
575594,FAT_024,1.1020410823638473
575595,FAT_024,9.918369741274628
580050,FAT_024,14.326534070730018
585054,FAT_024,2.2040821647276947
585394,FAT_024,56161.115598344026
585501,FAT_024,213.7959699785864
585506,FAT_024,19.836739482549255
585520,FAT_024,268.8980240967788
585524,FAT_024,6.612246494183085
585543,FAT_024,14783.881119911015
585544,FAT_024,864.0002085732564
586220,FAT_024,584.0817736528392
591001,FAT_024,96.97961524801858
591020,FAT_024,14.326534070730018
591365,FAT_024,40.77552004746236
592010,FAT_024,29.75510922382388
592022,FAT_024,20.938780564913102
592028,FAT_024,1958.327003360557
592031,FAT_024,65.020423859467
596315,FAT_024,93.67349200092703
596320,FAT_024,7.7142875765469325
596327,FAT_024,15.428575153093865
613026,FAT_024,1.1020410823638473
622312,FAT_024,134727.82844222744
626095,FAT_024,9.918369741274628
626369,FAT_024,198.36739482549257
626522,FAT_024,7.7142875765469325
626939,FAT_024,6859.103696632586
629741,FAT_024,2.2040821647276947
632245,FAT_024,235.83679162586336
633147,FAT_024,675.5511834890385
634176,FAT_024,1.1020410823638473
634498,FAT_024,8.816328658910779
638301,FAT_024,295.3470100735111
640513,FAT_024,6.612246494183085
641112,FAT_024,845.265510173071
641118,FAT_024,5.510205411819237
641143,FAT_024,1.1020410823638473
641146,FAT_024,7.7142875765469325
642492,FAT_024,360.36743393297814
644042,FAT_024,25.34694489436849
644283,FAT_024,3.3061232470915427
644284,FAT_024,1.1020410823638473
645127,FAT_024,27.55102705909619
645462,FAT_024,430.89806320426436
645463,FAT_024,2887.3476357932805
645464,FAT_024,455.142967016269
649746,FAT_024,1.1020410823638473
649747,FAT_024,19.836739482549255
649754,FAT_024,5.510205411819237
649757,FAT_024,97594.5541719776
649764,FAT_024,435.3062275337197
655811,FAT_024,143.26534070730017
655812,FAT_024,26.44898597673234
657308,FAT_024,6470.083194558149
657309,FAT_024,748.2858949250524
657313,FAT_024,61763.89246108183
657314,FAT_024,138826.3192275386
657316,FAT_024,31.959191388551577
657317,FAT_024,794827.2939154424
657319,FAT_024,17173.106186475838
657321,FAT_024,524001.79996560933
657322,FAT_024,87239.77616208688
657323,FAT_024,856205.4719976969
657324,FAT_024,466.16337783990747
658089,FAT_024,98292.14617711391
658659,FAT_024,4931.633843578217
663952,FAT_024,68.32654710655854
665943,FAT_024,2990.9394975354817
665951,FAT_024,18776.575961315233
665953,FAT_024,1735.7147047230596
675806,FAT_024,1.1020410823638473
675812,FAT_024,1.1020410823638473
679189,FAT_024,27.55102705909619
679192,FAT_024,76.04083468310549
679935,FAT_024,972.0002346449135
680646,FAT_024,415.46948805117046
688245,FAT_024,6.612246494183085
692420,FAT_024,2.2040821647276947
695560,FAT_024,24.244903812004644
697329,FAT_024,611.6328007119354
698737,FAT_024,25.34694489436849
702443,FAT_024,1640.9391716397688
702444,FAT_024,366.9796804271612
702447,FAT_024,378.0000912507997
702459,FAT_024,260.081695437868
706433,FAT_024,288.73476357932805
709991,FAT_024,985.2247276332796
717959,FAT_024,487.1021584048206
717960,FAT_024,25958.57769508043
717962,FAT_024,66431.03644489273
718251,FAT_024,2.2040821647276947
718252,FAT_024,201023.31383398944
720554,FAT_024,1120.7757807640328
742725,FAT_024,191.75514833130947
742726,FAT_024,6045.797377848066
742727,FAT_024,383.51029666261894
742729,FAT_024,14.326534070730018
742733,FAT_024,3170.572193960789
742740,FAT_024,14754.12601068719
742741,FAT_024,4442.327603008669
742742,FAT_024,1657.4697878752265
742743,FAT_024,579.6736093233837
742766,FAT_024,2.2040821647276947
742816,FAT_024,63.918382777103155
742817,FAT_024,164.20412127221329
742818,FAT_024,1574.816706697938
742820,FAT_024,76.04083468310549
742821,FAT_024,369.1837625918889
743710,FAT_024,6.612246494183085
743719,FAT_024,35.265314635643115
748224,FAT_024,205505.3149159632
749219,FAT_024,2.2040821647276947
749518,FAT_024,65.020423859467
752555,FAT_024,30.85715030618773
754252,FAT_024,165.3061623545771
758678,FAT_024,106.8979849892932
759350,FAT_024,3633.4294485536057
762376,FAT_024,5.510205411819237
762948,FAT_024,62.81634169473931
762966,FAT_024,909.1838929501741
762967,FAT_024,14.326534070730018
762968,FAT_024,290.93884574405575
762982,FAT_024,171.9184088487602
762983,FAT_024,5.510205411819237
762984,FAT_024,10374.61474937326
763034,FAT_024,618.2450472061184
767029,FAT_024,19.836739482549255
767031,FAT_024,5.510205411819237
768486,FAT_024,8.816328658910779
862514,FAT_024,5.510205411819237
862962,FAT_024,6480.001564299423
862965,FAT_024,4.408164329455389
863767,FAT_024,59.51021844764776
864566,FAT_024,5.510205411819237
866499,FAT_024,6.612246494183085
866771,FAT_024,46.28572545928159
866776,FAT_024,81.55104009492472
868129,FAT_024,84.85716334201626
871541,FAT_024,180.73473750767099
871585,FAT_024,1.1020410823638473
873513,FAT_024,942.2451254210896
873533,FAT_024,1.1020410823638473
878320,FAT_024,6.612246494183085
879088,FAT_024,3.3061232470915427
879089,FAT_024,9.918369741274628
879090,FAT_024,2.2040821647276947
879243,FAT_024,4.408164329455389
883062,FAT_024,228.1225040493164
883077,FAT_024,117.91839581293168
883156,FAT_024,283.2245581675088
883166,FAT_024,13.22449298836617
886872,FAT_024,479.38787082827366
887898,FAT_024,16.530616235457714
887929,FAT_024,18.734698400185408
888048,FAT_024,2683.470035555969
888050,FAT_024,13.22449298836617
888066,FAT_024,18.734698400185408
888727,FAT_024,311.87762630896884
888746,FAT_024,133.34697096602554
888826,FAT_024,1.1020410823638473
888832,FAT_024,19.836739482549255
888833,FAT_024,666.7348548301277
889201,FAT_024,303.06129765005807
889204,FAT_024,321.79599605024345
890402,FAT_024,11191.22719140487
903510,FAT_024,1.1020410823638473
903814,FAT_024,324.00007821497115
904306,FAT_024,10179.55347779486
904314,FAT_024,2.2040821647276947
908290,FAT_024,1.1020410823638473
908338,FAT_024,50.69388978873698
909954,FAT_024,41.877561129826205
910954,FAT_024,5.510205411819237
911104,FAT_024,8.816328658910779
927666,FAT_024,365.8776393447974
930942,FAT_024,5.510205411819237
931276,FAT_024,267.79598301441496
931277,FAT_024,1.1020410823638473
935839,FAT_024,15.428575153093865
936154,FAT_024,51.79593087110083
937593,FAT_024,8.816328658910779
944562,FAT_024,6.612246494183085
945711,FAT_024,3.3061232470915427
981539,FAT_024,139.95921746020863
983952,FAT_024,3.3061232470915427
996285,FAT_024,9.918369741274628
997348,FAT_024,1.1020410823638473
997350,FAT_024,57.30613628292007
997352,FAT_024,6.612246494183085
997353,FAT_024,23.142862729640797
997872,FAT_024,177.42861426057942
997884,FAT_024,585.183814735203
998088,FAT_024,3.3061232470915427
999410,FAT_024,13732.533927335902
999412,FAT_024,3546.3682030468613
999413,FAT_024,12769.3500213499
999415,FAT_024,311.87762630896884
1000565,FAT_024,2.2040821647276947
1002364,FAT_024,1.1020410823638473
1002367,FAT_024,249.06128461422955
1002368,FAT_024,12.122451906002322
1005994,FAT_024,2.2040821647276947
1005995,FAT_024,4.408164329455389
1005996,FAT_024,2.2040821647276947
1005999,FAT_024,2.2040821647276947
1006000,FAT_024,2.2040821647276947
1006003,FAT_024,23.142862729640797
1006551,FAT_024,2.2040821647276947
1009846,FAT_024,6.612246494183085
1028307,FAT_024,2.2040821647276947
1028803,FAT_024,1.1020410823638473
1031746,FAT_024,1.1020410823638473
1033734,FAT_024,11.020410823638475
1033739,FAT_024,18.734698400185408
1033992,FAT_024,6.612246494183085
1035184,FAT_024,40.77552004746236
1035191,FAT_024,4.408164329455389
1035195,FAT_024,70.53062927128623
1035839,FAT_024,1.1020410823638473
1037409,FAT_024,11.020410823638475
1042156,FAT_024,2357.2658751762697
1042403,FAT_024,24.244903812004644
1045856,FAT_024,4.408164329455389
1046625,FAT_024,5.510205411819237
1050720,FAT_024,2.2040821647276947
1051501,FAT_024,9.918369741274628
1051502,FAT_024,7.7142875765469325
1054460,FAT_024,224.81638080222487
1064535,FAT_024,368.08172150952504
1064537,FAT_024,6.612246494183085
1074451,FAT_024,45.183684376917746
1076934,FAT_024,498.1225692284591
1077285,FAT_024,322.8980371326073
1077975,FAT_024,2.2040821647276947
1089454,FAT_024,2.2040821647276947
1089456,FAT_024,4.408164329455389
1089547,FAT_024,3.3061232470915427
1095730,FAT_024,44.0816432945539
1095770,FAT_024,72.73471143601394
1110694,FAT_024,1.1020410823638473
1112856,FAT_024,2.2040821647276947
1115512,FAT_024,1.1020410823638473
1115803,FAT_024,203.87760023731178
1118059,FAT_024,16.530616235457714
1120942,FAT_024,56.20409520055622
1120988,FAT_024,9.918369741274628
1121019,FAT_024,2.2040821647276947
1121090,FAT_024,4.408164329455389
1121097,FAT_024,13.22449298836617
1121100,FAT_024,621.5511704532099
1121101,FAT_024,252.36740786132108
1121102,FAT_024,14.326534070730018
1121111,FAT_024,383.51029666261894
1121114,FAT_024,6418.287263687048
1121115,FAT_024,424498.5106389775
1121124,FAT_024,11.020410823638475
1121126,FAT_024,23.142862729640797
1121129,FAT_024,7.7142875765469325
1121130,FAT_024,40.77552004746236
1121303,FAT_024,255.67353110841262
1121315,FAT_024,532.2858427817383
1121333,FAT_024,6326.817853850848
1121334,FAT_024,412.1633648040789
1121342,FAT_024,249.06128461422955
1121344,FAT_024,423.18377562771747
1121367,FAT_024,16.530616235457714
1121445,FAT_024,28.653068141460036
1121482,FAT_024,1.1020410823638473
1121864,FAT_024,1200.1227386942298
1122237,FAT_024,2.2040821647276947
1122603,FAT_024,3.3061232470915427
1122917,FAT_024,15.428575153093865
1122949,FAT_024,74.93879360074163
1122950,FAT_024,711.9185392070456
1122975,FAT_024,49.59184870637314
1122976,FAT_024,9.918369741274628
1122978,FAT_024,14.326534070730018
1122981,FAT_024,40.77552004746236
1122982,FAT_024,8.816328658910779
1122984,FAT_024,13.22449298836617
1122985,FAT_024,2.2040821647276947
1122988,FAT_024,3.3061232470915427
1122991,FAT_024,3.3061232470915427
1122992,FAT_024,17.632657317821558
1122993,FAT_024,6.612246494183085
1122997,FAT_024,3.3061232470915427
1123075,FAT_024,1988.082112584381
1123242,FAT_024,1.1020410823638473
1123253,FAT_024,5.510205411819237
1123263,FAT_024,5754.858532104012
1123313,FAT_024,997.347179539282
1123318,FAT_024,25.34694489436849
1123488,FAT_024,153.1837104485748
1123524,FAT_024,8.816328658910779
1124991,FAT_024,1.1020410823638473
1125712,FAT_024,511.34706221682524
1125724,FAT_024,4.408164329455389
1127131,FAT_024,37.469396800370816
1130798,FAT_024,125.63268338947861
1133568,FAT_024,25.34694489436849
1136177,FAT_024,11.020410823638475
1139219,FAT_024,20.938780564913102
1140001,FAT_024,136.65309421311707
1140002,FAT_024,48.48980762400929
1144300,FAT_024,2.2040821647276947
1150460,FAT_024,11471.14562632529
1150461,FAT_024,133.34697096602554
1156431,FAT_024,492.6123638166398
1156433,FAT_024,556.530746593743
1156918,FAT_024,1.1020410823638473
1158606,FAT_024,12.122451906002322
1158610,FAT_024,23.142862729640797
1158612,FAT_024,12.122451906002322
1159488,FAT_024,13.22449298836617
1159899,FAT_024,1.1020410823638473
1160707,FAT_024,4.408164329455389
1160719,FAT_024,11.020410823638475
1160721,FAT_024,27519.067867707636
1163399,FAT_024,8.816328658910779
1167632,FAT_024,18.734698400185408
1170318,FAT_024,6.612246494183085
1171373,FAT_024,3.3061232470915427
1175296,FAT_024,1.1020410823638473
1176165,FAT_024,1.1020410823638473
1178544,FAT_024,4.408164329455389
1185325,FAT_024,337.22457120333735
1189311,FAT_024,4.408164329455389
1194526,FAT_024,31.959191388551577
1196029,FAT_024,19.836739482549255
1197728,FAT_024,4.408164329455389
1197906,FAT_024,2.2040821647276947
1198291,FAT_024,3.3061232470915427
1202533,FAT_024,6.612246494183085
1202534,FAT_024,271.1021062615065
1203465,FAT_024,1707.0616365815997
1203540,FAT_024,700.898128383407
1203606,FAT_024,35824.04946440159
1203610,FAT_024,82.65308117728856
1203611,FAT_024,4250.57245467736
1206781,FAT_024,52.89797195346468
1208104,FAT_024,7.7142875765469325
1211815,FAT_024,6.612246494183085
1211844,FAT_024,3632.3274074712413
1212545,FAT_024,17.632657317821558
1214102,FAT_024,20.938780564913102
1215110,FAT_024,3.3061232470915427
1215915,FAT_024,2928.1231558407426
1216976,FAT_024,11.020410823638475
1217674,FAT_024,2.2040821647276947
1217689,FAT_024,1.1020410823638473
1217986,FAT_024,3.3061232470915427
1218102,FAT_024,3.3061232470915427
1219013,FAT_024,2.2040821647276947
1223528,FAT_024,11.020410823638475
1229756,FAT_024,18.734698400185408
1229781,FAT_024,1.1020410823638473
1231627,FAT_024,4.408164329455389
1232666,FAT_024,52.89797195346468
1233170,FAT_024,969.7961524801858
1235789,FAT_024,1171.46967055277
1235795,FAT_024,16.530616235457714
1235811,FAT_024,44.0816432945539
1235815,FAT_024,20.938780564913102
1236550,FAT_024,12.122451906002322
1237085,FAT_024,1.1020410823638473
1244083,FAT_024,1.1020410823638473
1246477,FAT_024,5.510205411819237
1248438,FAT_024,5.510205411819237
1254439,FAT_024,607.22463638248
1255680,FAT_024,2.2040821647276947
1256908,FAT_024,244326.91612439443
1257041,FAT_024,81.55104009492472
1259823,FAT_024,3.3061232470915427
1260282,FAT_024,2.2040821647276947
1261127,FAT_024,16.530616235457714
1262650,FAT_024,17.632657317821558
1274524,FAT_024,3.3061232470915427
1276282,FAT_024,11.020410823638475
1278306,FAT_024,20.938780564913102
1280689,FAT_024,299.75517440296653
1280692,FAT_024,341.6327355327927
1280694,FAT_024,447.4286794397221
1280705,FAT_024,7.7142875765469325
1282887,FAT_024,1211.1431495178683
1286820,FAT_024,750.48997708978
1292022,FAT_024,3.3061232470915427
1292036,FAT_024,916.8981805267211
1292043,FAT_024,16.530616235457714
1295400,FAT_024,443.0205151102667
1296619,FAT_024,7.7142875765469325
1300222,FAT_024,6.612246494183085
1304881,FAT_024,547.7144179348322
1307436,FAT_024,7.7142875765469325
1315312,FAT_024,1.1020410823638473
1315976,FAT_024,9.918369741274628
1316928,FAT_024,5.510205411819237
1316931,FAT_024,154.28575153093865
1319815,FAT_024,54.00001303582852
1321814,FAT_024,181.83677859003484
1322347,FAT_024,11322.370080206168
1328337,FAT_024,1.1020410823638473
1331262,FAT_024,4.408164329455389
1336236,FAT_024,498.1225692284591
1336752,FAT_024,2.2040821647276947
1336753,FAT_024,1.1020410823638473
1346330,FAT_024,1.1020410823638473
1346614,FAT_024,4.408164329455389
1353979,FAT_024,6.612246494183085
1367477,FAT_024,6.612246494183085
1382315,FAT_024,3.3061232470915427
1384484,FAT_024,9623.022731201116
1392501,FAT_024,80.44899901256086
1397694,FAT_024,16.530616235457714
1400136,FAT_024,24.244903812004644
1401079,FAT_024,102.48982065983782
1408437,FAT_024,6714.736314842922
1408440,FAT_024,126.73472447184245
1408472,FAT_024,1.1020410823638473
1410645,FAT_024,357.0613106858866
1410647,FAT_024,7152.24662454137
1410657,FAT_024,618.2450472061184
1410665,FAT_024,115.71431364820398
1410676,FAT_024,6.612246494183085
1415164,FAT_024,8.816328658910779
1423757,FAT_024,3.3061232470915427
1423799,FAT_024,19.836739482549255
1423814,FAT_024,159.7959569427579
1429046,FAT_024,6.612246494183085
1437595,FAT_024,30.85715030618773
1437599,FAT_024,7.7142875765469325
1437603,FAT_024,17.632657317821558
1437612,FAT_024,68242.79198429889
1437882,FAT_024,6.612246494183085
1440052,FAT_024,1.1020410823638473
1441930,FAT_024,1.1020410823638473
1444307,FAT_024,2.2040821647276947
1446473,FAT_024,9.918369741274628
1448136,FAT_024,3.3061232470915427
1448141,FAT_024,48.48980762400929
1458276,FAT_024,4.408164329455389
1899017,FAT_024,26.44898597673234
