recipient,donor_subject,fmt_type,taxon,pre_abundance,post_abundance,log_fold_change,xfer_pred_fc,xfer_pred_abundance
FAT_006,FAT_DON_11,Allogenic,818,5458.7634260088935,3726.346909551357,-0.5508121840928779,0.7210346439411052,8998.027763088561
FAT_006,FAT_DON_11,Allogenic,904,2403.3871844952587,1681.60782683378,-0.5152277953812358,-0.005258261403835232,2394.6433854538373
FAT_006,FAT_DON_11,Allogenic,205913,30412.597811965392,14692.310620290138,-1.049607752600725,0.6500066028597975,47722.69965253524
FAT_006,FAT_DON_11,Allogenic,206672,28173.105124372,13592.913236774184,-1.0514638923924182,-0.2888922101309738,23060.54118054967
FAT_006,FAT_DON_11,Allogenic,207244,683.0931221238392,491.1775389502593,-0.4758376769322612,0.0653472721566891,714.7454537146363
FAT_006,FAT_DON_11,Allogenic,213810,8977.111713515393,5406.95437479868,-0.7314351657774751,0.5227005925003142,12896.895675282321
FAT_006,FAT_DON_11,Allogenic,226186,21942.72162170833,25579.24576569884,0.2212312466367737,0.5284236944738528,31649.13726189579
FAT_006,FAT_DON_11,Allogenic,246198,1246.555224611279,1409.5094753175465,0.177246378147017,0.46132835999699134,1716.2683651468346
FAT_006,FAT_DON_11,Allogenic,246201,8.37417137454794,5.0018079322837,-0.743496783054353,3.022531083311059,68.04784297971415
FAT_006,FAT_DON_11,Allogenic,264199,306.2554102691818,122.04411354772228,-1.327332618321225,3.1901570178722443,2795.2246844918286
FAT_006,FAT_DON_11,Allogenic,264731,3843.744660917505,5318.922555190487,0.4686215297273177,0.5940260092984727,5801.9526057874255
FAT_006,FAT_DON_11,Allogenic,272559,2716.8204559426244,394.1424650639555,-2.785130127134623,1.4068162936915922,7203.68711370686
FAT_006,FAT_DON_11,Allogenic,272621,13.159412160003908,3.00108475937022,-2.1325390738002525,4.554001459227556,309.1203019832119
FAT_006,FAT_DON_11,Allogenic,295405,4026.7801209611953,1158.4187171169049,-1.7974698792248236,1.1717226202892548,9071.551517201626
FAT_006,FAT_DON_11,Allogenic,314315,37.08561608728374,105.03796657795768,1.5019792513951358,3.501499639145521,420.0122134506199
FAT_006,FAT_DON_11,Allogenic,321967,9.570481570911932,21.00759331559154,1.134247466894649,4.197227227728218,175.55980325659564
FAT_006,FAT_DON_11,Allogenic,326426,1802.839465920535,873.3156649767341,-1.045695813852495,0.15772357337527573,2011.1135089806753
FAT_006,FAT_DON_11,Allogenic,347253,261.9919330037141,161.05821541953512,-0.7019401373706677,1.5793536227718388,782.9260318910361
FAT_006,FAT_DON_11,Allogenic,349741,45.45978746183168,1081.3908749597358,4.572153338406953,3.258272129376094,434.97575030473047
FAT_006,FAT_DON_11,Allogenic,367928,583221.558000784,146793.05919666204,-1.9902602929622863,-1.915872083261886,154560.5319566341
FAT_006,FAT_DON_11,Allogenic,391904,8075.093825456943,3521.272784327725,-1.1973820291850072,1.3391559878358246,20430.25081578094
FAT_006,FAT_DON_11,Allogenic,398513,1424.805443869514,468.1692224617543,-1.605662934164821,0.16492487590351235,1597.3603514540434
FAT_006,FAT_DON_11,Allogenic,409438,2176.0882471861005,283.10232896725745,-2.942341540703715,2.2457050151204765,10320.50798860996
FAT_006,FAT_DON_11,Allogenic,411459,77012.46889093195,55396.02321162843,-0.4753096364513314,-0.30806264938218325,62204.950433257574
FAT_006,FAT_DON_11,Allogenic,411460,5004.165551390576,3373.219269532127,-0.5690034175860642,1.5175316858588355,14326.965850499653
FAT_006,FAT_DON_11,Allogenic,411461,115910.49492570711,89716.42851978626,-0.3695671036215592,-0.7048803346176886,71110.32051749175
FAT_006,FAT_DON_11,Allogenic,411462,344567.2443077386,251163.78459645307,-0.456157104291481,-1.1088466000311974,159763.62367585616
FAT_006,FAT_DON_11,Allogenic,411463,19100.28859514749,12450.500305040589,-0.6173907207401134,-0.21723995880630403,16430.25052049209
FAT_006,FAT_DON_11,Allogenic,411464,34250.36092190108,24734.94058672935,-0.469568756769171,-0.3558601440314019,26763.35622886445
FAT_006,FAT_DON_11,Allogenic,411466,218.92476593461043,117.04230561543858,-0.9034050745847492,2.1053500841454795,942.0379978346474
FAT_006,FAT_DON_11,Allogenic,411467,30181.70994406714,25809.328930583888,-0.2257819136868342,-0.6688831553238372,18984.097151835274
FAT_006,FAT_DON_11,Allogenic,411468,9631.493390926496,6630.396595035272,-0.5386643421967118,0.559754034192054,14196.99356382128
FAT_006,FAT_DON_11,Allogenic,411469,61169.73296048361,22865.264781641705,-1.419660352163825,0.7185339226942128,100655.34649693532
FAT_006,FAT_DON_11,Allogenic,411470,11618.564627087086,8750.162796737104,-0.4090500836469972,0.42307332615234367,15577.94763340122
FAT_006,FAT_DON_11,Allogenic,411471,54914.2269436963,43978.89642539766,-0.3203685622319507,-0.2560736203268588,45983.1833302277
FAT_006,FAT_DON_11,Allogenic,411473,10843.355619843218,7555.731062507757,-0.5211680301590058,1.107840382791362,23369.901762673544
FAT_006,FAT_DON_11,Allogenic,411474,118048.30124660958,269892.55421809613,1.1930078954913983,-0.7744625159938814,69011.79029908757
FAT_006,FAT_DON_11,Allogenic,411475,18819.15569900195,12539.532486235235,-0.5857183437007447,0.5308742059967166,27189.99923114905
FAT_006,FAT_DON_11,Allogenic,411476,5772.196697456259,6789.454087281893,0.2341751148597986,1.4107731082949522,15347.093700333147
FAT_006,FAT_DON_11,Allogenic,411477,69844.17819431891,24686.92323057943,-1.500392823583238,0.2794868514278967,84774.28535270145
FAT_006,FAT_DON_11,Allogenic,411479,21244.07646703176,26228.480435309262,0.3040735990503853,1.3411030296052022,53820.7933412274
FAT_006,FAT_DON_11,Allogenic,411483,201687.13231520168,575938.1761707389,1.5137949119006584,-0.24895919622339213,169720.38382180774
FAT_006,FAT_DON_11,Allogenic,411484,9730.787137224706,8913.221735329553,-0.1266095149369599,1.1744861690005923,21963.600656954954
FAT_006,FAT_DON_11,Allogenic,411485,228772.7914710788,415804.29485708976,0.8619891809858844,-0.5051930246716583,161185.55443145026
FAT_006,FAT_DON_11,Allogenic,411486,53721.5056779214,76207.54565627445,0.5044341121746931,-0.2486954357107348,45215.089039498314
FAT_006,FAT_DON_11,Allogenic,411487,27674.24377248821,19551.066845710524,-0.5012965609859314,1.580774200536233,82782.05684451375
FAT_006,FAT_DON_11,Allogenic,411489,244745.92521293083,12814.631922510838,-4.255420895036998,-1.3076850103745363,98869.66370305391
FAT_006,FAT_DON_11,Allogenic,411490,9078.798080206332,4870.760564457867,-0.8983542499970696,0.6792632079841211,14538.076764332398
FAT_006,FAT_DON_11,Allogenic,411901,1283.640840698563,1651.5969792400776,0.3636200882726247,-0.21943628118837732,1102.5203733957997
FAT_006,FAT_DON_11,Allogenic,411902,7424.30107863493,5702.061042803418,-0.3807717334733638,-0.29182134007692684,6064.689891966451
FAT_006,FAT_DON_11,Allogenic,411903,397121.1512340088,174038.9073653978,-1.1901693382584764,-1.6806307009628672,123880.44769441507
FAT_006,FAT_DON_11,Allogenic,420247,18343.02424084908,7322.646812863337,-1.3247943994340723,0.32813229636521657,23027.596118335507
FAT_006,FAT_DON_11,Allogenic,428125,14251.64336928423,10538.809313321755,-0.4354164084250669,-0.20904913728754151,12329.199647947567
FAT_006,FAT_DON_11,Allogenic,428126,157.91294592004687,162.05857700599188,0.0373859276420602,1.4254498930896755,424.1514057056786
FAT_006,FAT_DON_11,Allogenic,428127,10982.127602621442,5984.163010184218,-0.8759361990659293,0.38111624491908375,14302.564239987802
FAT_006,FAT_DON_11,Allogenic,428128,31631.6379020603,42957.52724562533,0.4415426889251732,-0.1467536960701752,28572.248326010293
FAT_006,FAT_DON_11,Allogenic,435590,30752.34990773276,19308.979341788,-0.6714247501307525,1.7893660179394584,106299.48296581331
FAT_006,FAT_DON_11,Allogenic,435591,24752.85427296735,11102.0128864969,-1.156773620393472,0.738180178716471,41289.50354235689
FAT_006,FAT_DON_11,Allogenic,435830,1181.9544740076235,552.1995957241204,-1.0979127306906202,0.17011937562296894,1329.8779455320016
FAT_006,FAT_DON_11,Allogenic,442563,70.58230158547549,53.01916408220721,-0.4127925506827534,2.2169852248612893,328.15185876173626
FAT_006,FAT_DON_11,Allogenic,445970,3373.594753746456,1483.5362327153452,-1.1852465207156366,4.849061318214484,97231.23907002204
FAT_006,FAT_DON_11,Allogenic,445972,14053.055876687808,9743.521852088646,-0.5283686405530047,0.7335418441577581,23366.24205095381
FAT_006,FAT_DON_11,Allogenic,445973,4197.852479041246,1120.4049768315488,-1.9056311713413112,1.1274097579068656,9170.886678886443
FAT_006,FAT_DON_11,Allogenic,445975,5087.907265136056,2064.7463144467115,-1.3011078400866205,-0.07198213491895768,4840.279107042268
FAT_006,FAT_DON_11,Allogenic,449673,5982.747292016321,3805.375474881439,-0.6527693147311205,1.02280517134208,12156.14005699385
FAT_006,FAT_DON_11,Allogenic,450749,65.79706080001952,21.00759331559154,-1.6471122466300103,0.4604290428092191,90.53352838720964
FAT_006,FAT_DON_11,Allogenic,451640,135679.5209206221,120639.605880337,-0.1694993603588726,-0.49646020149810677,96175.59662536366
FAT_006,FAT_DON_11,Allogenic,457387,5670.51033076532,4218.524810088073,-0.4267399933905991,0.45089443770879045,7750.9493089670605
FAT_006,FAT_DON_11,Allogenic,457388,17015.119922885053,8247.981280335822,-1.0447043560068334,0.720658600799809,28039.797302959225
FAT_006,FAT_DON_11,Allogenic,457390,1414.038652102238,1533.5543120381822,0.1170577055971333,-0.30428943374465944,1145.146457512965
FAT_006,FAT_DON_11,Allogenic,457391,16802.17670793226,19232.951861217283,0.1949320585419753,1.3945132638055853,44172.895677658256
FAT_006,FAT_DON_11,Allogenic,457392,2204.799691898836,357.1290863650562,-2.6261300474857245,1.6146866301048524,6752.090409530541
FAT_006,FAT_DON_11,Allogenic,457393,53282.45983585581,65290.59966327204,0.2932146046481449,0.4870115955778009,74677.43022760081
FAT_006,FAT_DON_11,Allogenic,457394,13462.078639683996,4168.506730765235,-1.6912986195641884,2.874510450388762,98724.73839692914
FAT_006,FAT_DON_11,Allogenic,457395,14123.638178273282,8646.125191745603,-0.7079861364506514,1.5062445140075087,40120.964305873385
FAT_006,FAT_DON_11,Allogenic,457412,183097.6681739016,100266.24181055906,-0.868777464716885,-0.4825162317733856,131048.16805723595
FAT_006,FAT_DON_11,Allogenic,457416,62.20813021092756,36.01301711244264,-0.7885846725828911,0.9233604921777079,117.97944610977926
FAT_006,FAT_DON_11,Allogenic,457421,5933.698573965397,3741.352333348208,-0.6653718063833497,0.390407307950148,7777.674988961738
FAT_006,FAT_DON_11,Allogenic,457424,2807.740030866288,2378.859852594128,-0.2391390826616255,1.399154678732395,7405.330072554925
FAT_006,FAT_DON_11,Allogenic,469585,2811.32896145538,1299.4697008073051,-1.113329281888592,1.0731441685818432,5915.07493714229
FAT_006,FAT_DON_11,Allogenic,469588,3884.41920759388,3273.183110886453,-0.2470045922284507,0.7750827925137681,6647.360967166927
FAT_006,FAT_DON_11,Allogenic,469589,7819.083443435048,3135.133211955423,-1.3184727595572143,1.000858568957937,15647.476158890218
FAT_006,FAT_DON_11,Allogenic,469590,7119.241978562113,7276.630179886327,0.0315468521073933,0.6683633552145687,11314.39072902447
FAT_006,FAT_DON_11,Allogenic,469591,17222.08158685602,8665.132061888282,-0.9909658857412704,0.7371165013963702,28706.471877788717
FAT_006,FAT_DON_11,Allogenic,469592,20022.643756544127,10435.772069916711,-0.9400951384222658,0.9724287015513213,39287.24980197109
FAT_006,FAT_DON_11,Allogenic,469593,14939.521732193523,5583.018014015066,-1.420016846811674,2.8788849523233764,109892.33947554234
FAT_006,FAT_DON_11,Allogenic,469596,6084.43365870726,3180.1494833459765,-0.9360284014362414,0.3563340199304556,7789.101956519079
FAT_006,FAT_DON_11,Allogenic,469610,443.8310828510408,377.136318094191,-0.2349246192362501,0.2662961081048941,533.802778741789
FAT_006,FAT_DON_11,Allogenic,470145,2551.729648844394,1530.553227278812,-0.7374222686446688,1.0267206537794953,5198.86300756204
FAT_006,FAT_DON_11,Allogenic,470146,155358.82365080976,150260.31245532108,-0.0481401747228215,-0.3536338351399408,121585.42923385075
FAT_006,FAT_DON_11,Allogenic,471870,2100.720704815169,1375.497181378017,-0.6109311821200853,0.326008493163511,2633.338272658534
FAT_006,FAT_DON_11,Allogenic,471872,52.63764864001563,42.01518663118308,-0.3251841517426482,2.0872953533364793,223.6840368883177
FAT_006,FAT_DON_11,Allogenic,471875,20419.81874173697,24861.98650820936,0.2839715143219815,0.8745090562330372,37437.37072917245
FAT_006,FAT_DON_11,Allogenic,473819,2768.2617943862765,936.3384449235086,-1.5638783854081968,-0.7636118278162616,1630.5611619188537
FAT_006,FAT_DON_11,Allogenic,476272,5808.086003347178,3721.345101619073,-0.6422386301952718,1.0105128927886433,11701.128003448002
FAT_006,FAT_DON_11,Allogenic,478749,5273.335345572475,3651.319790567101,-0.5302977158005271,0.9160474243768136,9950.45963648344
FAT_006,FAT_DON_11,Allogenic,479436,66.99337099638352,25.009039661418495,-1.421568688166991,0.10585205078491512,72.09356034521015
FAT_006,FAT_DON_11,Allogenic,479437,3451.354916510116,1660.6002335181886,-1.0554580331826688,0.7567624818320372,5831.735637335182
FAT_006,FAT_DON_11,Allogenic,483215,8664.87475226439,10228.697221520166,0.2393716068690351,1.6206377880009233,26645.43874909776
FAT_006,FAT_DON_11,Allogenic,483216,3922.701133877528,2669.965074253039,-0.5550265521352056,0.5308382117295782,5667.394515574277
FAT_006,FAT_DON_11,Allogenic,483217,5534.1309683798245,3965.433328714517,-0.4808782593338135,1.171912277102243,12468.958527429522
FAT_006,FAT_DON_11,Allogenic,483218,43190.38701932919,45158.32273583015,0.0642816584584245,-0.555941948032507,29378.65393348852
FAT_006,FAT_DON_11,Allogenic,484018,119339.11994848632,132325.82993332465,0.1490276593594275,-0.3539915181067339,93372.88242603671
FAT_006,FAT_DON_11,Allogenic,484020,22500.20217321395,28033.132737277225,0.31719501164982,0.5860719737488815,33776.268174042234
FAT_006,FAT_DON_11,Allogenic,500632,29093.06766537591,35778.93250121176,0.2984349170386985,-0.44950182671178174,21304.72752029978
FAT_006,FAT_DON_11,Allogenic,500635,1202.2917473458117,820.2965008945267,-0.5515696424449564,0.4416928355656946,1632.9491403162888
FAT_006,FAT_DON_11,Allogenic,511680,295089.0508963203,1989650.1705129903,2.753292495223151,-1.3922861081365372,112417.31659704866
FAT_006,FAT_DON_11,Allogenic,515619,126970.38269109224,380185.4202097111,1.58221119595708,-0.05873499036625939,121904.97638200005
FAT_006,FAT_DON_11,Allogenic,515620,14581.824983480692,21032.60235525296,0.5284560741935136,-0.5926241265738103,9669.727669079892
FAT_006,FAT_DON_11,Allogenic,518635,299290.49230595067,90591.74490793592,-1.7240949517565969,-0.9970621241502979,149950.29128205695
FAT_006,FAT_DON_11,Allogenic,518636,11714.269442796203,9222.333465544689,-0.3450632462626442,0.7326662262586635,19465.68629230213
FAT_006,FAT_DON_11,Allogenic,518637,36574.79163343631,49330.83091294122,0.4316399424823613,1.8098457691746936,128232.9769714362
FAT_006,FAT_DON_11,Allogenic,521003,3524.3298384883187,1518.5488882413313,-1.214655595504494,0.1948349956949834,4033.92412059767
FAT_006,FAT_DON_11,Allogenic,525259,2863.966610095396,2620.947356516659,-0.1279262964028005,0.6071985537675334,4362.675675303226
FAT_006,FAT_DON_11,Allogenic,525306,5.981550981819956,2.00072317291348,-1.5799980507714737,4.550356116241902,140.1546433513197
FAT_006,FAT_DON_11,Allogenic,525337,13.159412160003908,29.010486007245454,1.1404794206061637,4.104904534783376,226.43099959446536
FAT_006,FAT_DON_11,Allogenic,525362,35703.877810483325,21424.744097144,-0.736802801863685,-0.1651121484939873,31842.83146121198
FAT_006,FAT_DON_11,Allogenic,536231,64804.12333703742,52402.94134494987,-0.3064378197683727,-1.4464486409539654,23778.158179863356
FAT_006,FAT_DON_11,Allogenic,537006,1144.8688579203397,592.2140591823901,-0.9509917047411868,0.16587825516766055,1284.3697624096185
FAT_006,FAT_DON_11,Allogenic,537007,9739.161308599254,6030.179643161229,-0.6915965578171095,0.8457409939303477,17503.099708194823
FAT_006,FAT_DON_11,Allogenic,537011,944195.0003414584,1543790.0117908078,0.7093197800222028,-2.1614302812625117,211060.201413518
FAT_006,FAT_DON_11,Allogenic,537012,258.40300241462216,657.2375623020782,1.34679210227475,4.199026493617026,4746.030038687198
FAT_006,FAT_DON_11,Allogenic,537013,5678.884502139868,3838.387407234511,-0.5651072407107505,0.6465296437627309,8889.715286079178
FAT_006,FAT_DON_11,Allogenic,537937,32160.40700885318,15727.684862272865,-1.031979345179009,0.048663532586866474,33263.71257605298
FAT_006,FAT_DON_11,Allogenic,537973,20.337273338187853,21.00759331559154,0.0467846256443098,4.3074072037708495,402.6720610088161
FAT_006,FAT_DON_11,Allogenic,543734,19.140963141823864,20.0072317291348,0.0638581390032508,3.2954533885791846,187.929131303112
FAT_006,FAT_DON_11,Allogenic,545696,17534.31854810702,10887.935506995158,-0.6874509365349073,0.30569732657402915,21672.696889324237
FAT_006,FAT_DON_11,Allogenic,545697,2139.0026310988164,212.07665632882885,-3.33428052250423,1.4311232945280887,5767.961566864803
FAT_006,FAT_DON_11,Allogenic,546273,61.01182001456356,21.00759331559154,-1.5381778750768464,3.405369871804968,646.4463060902522
FAT_006,FAT_DON_11,Allogenic,547042,16353.560384295764,19142.919318436176,0.2272060958205712,0.21545807007514473,18987.669369708303
FAT_006,FAT_DON_11,Allogenic,547043,10812.251554737755,3302.1935968936987,-1.7111703743325788,0.25479677029216746,12900.828799683579
FAT_006,FAT_DON_11,Allogenic,548480,32524.085308547837,15403.567708260882,-1.078243943405898,0.3874402993745998,42543.79655208955
FAT_006,FAT_DON_11,Allogenic,552396,8919.68882408992,6629.396233448815,-0.4281158964619608,1.9878177016179461,35378.74783210154
FAT_006,FAT_DON_11,Allogenic,552398,57038.87385243875,58632.19294381599,0.0397475187942886,-0.45005314266037805,41753.36161808906
FAT_006,FAT_DON_11,Allogenic,552531,82.5454035491154,42.01518663118308,-0.97427698988352,1.8765964998972244,303.1131175105141
FAT_006,FAT_DON_11,Allogenic,553174,5407.322087565241,7554.7307009213,0.4824660361751798,0.1967046152106188,6197.21022259301
FAT_006,FAT_DON_11,Allogenic,555970,76.56385256729546,42.01518663118308,-0.865752533105351,2.0612815446468375,319.54450432537993
FAT_006,FAT_DON_11,Allogenic,556258,4087.791940975759,3268.181302954169,-0.3228337488753161,0.6806309293458991,6552.0787533433
FAT_006,FAT_DON_11,Allogenic,556259,747.6938727274946,911.3294052620902,0.2855249083684901,0.0411866680332045,769.3469637395207
FAT_006,FAT_DON_11,Allogenic,556270,552.695310720164,408.1475272743499,-0.437393655328673,-0.3660198126733152,428.8474551559573
FAT_006,FAT_DON_11,Allogenic,563192,3440.588124742839,2735.9889389591835,-0.3305927986434903,0.5032548853559506,4876.716417653503
FAT_006,FAT_DON_11,Allogenic,563193,25617.786544938517,15950.765496052718,-0.683520165514667,0.3151303386404517,31871.704276377182
FAT_006,FAT_DON_11,Allogenic,565040,28942.332580634047,14030.071250055777,-1.0446588637008376,-0.41687780068028585,21679.077964417058
FAT_006,FAT_DON_11,Allogenic,565042,33857.97117749369,15752.693901934284,-1.1038969592029306,0.34107923625749187,42888.02150288099
FAT_006,FAT_DON_11,Allogenic,566550,9178.091826504542,5189.875910537567,-0.8224941966505426,0.729711411813939,15220.097047249277
FAT_006,FAT_DON_11,Allogenic,566552,17783.151068950734,5200.879887988591,-1.773683358797792,-0.12188653571309105,16342.451867747299
FAT_006,FAT_DON_11,Allogenic,568703,17.94465294545987,7.00253110519718,-1.3576056294350256,3.2686911995607644,172.94545808549674
FAT_006,FAT_DON_11,Allogenic,568816,4400.028902226761,3004.0858441295904,-0.550586960738899,-0.4528770655911187,3214.592655556778
FAT_006,FAT_DON_11,Allogenic,573236,112.4531584582152,46.01663297701004,-1.2890968515047356,2.4069615883012148,596.4022791081338
FAT_006,FAT_DON_11,Allogenic,580050,105.27529728003124,55.0198872551207,-0.9361418609967488,2.305339854249182,520.3588231335892
FAT_006,FAT_DON_11,Allogenic,585394,215417.1844388712,45272.36395668622,-2.2504307964367083,-0.9406116173775949,112234.92847777787
FAT_006,FAT_DON_11,Allogenic,585543,49030.77339797818,61657.28638126117,0.3305838774458823,0.6176146387592848,75229.69061499099
FAT_006,FAT_DON_11,Allogenic,585544,2141.395251491545,1796.649409276305,-0.2532421932945831,-0.533995008747744,1478.9323887436879
FAT_006,FAT_DON_11,Allogenic,591001,992.9374629821128,759.2744441206656,-0.387081406702932,0.5742724263542973,1478.4107872033403
FAT_006,FAT_DON_11,Allogenic,592028,138.77198277822302,182.06580873512667,0.3917436891870126,2.345140266854213,705.1140328828684
FAT_006,FAT_DON_11,Allogenic,622312,93668.6957549078,89448.33161461585,-0.0665124037208361,-0.2871368081195696,76764.01489649485
FAT_006,FAT_DON_11,Allogenic,626522,1128.1205151712438,750.271189842555,-0.5884371311759642,-0.4081338929520781,850.1488134870146
FAT_006,FAT_DON_11,Allogenic,626939,339388.4174676789,267921.8418927764,-0.3411251305722697,-1.2368728894096315,143999.56370106942
FAT_006,FAT_DON_11,Allogenic,633147,5975.569430838137,1981.716302770802,-1.592325753674405,0.10847731290549975,6442.20027326581
FAT_006,FAT_DON_11,Allogenic,641112,1646.1228301968524,1338.483802679118,-0.2984723099447484,1.153858559208194,3662.75841920829
FAT_006,FAT_DON_11,Allogenic,645463,2625.900881018961,1792.647962930478,-0.5507202582492277,1.931917529584784,10019.440127950393
FAT_006,FAT_DON_11,Allogenic,649757,17563.029992819756,13032.71074835841,-0.4304045721005951,0.1617806314687351,19647.18188949615
FAT_006,FAT_DON_11,Allogenic,649764,1006.0968751421168,586.2118896636497,-0.7792750917170076,0.7812680885568245,1729.119185016009
FAT_006,FAT_DON_11,Allogenic,657308,8712.72716011895,3906.4119951135694,-1.157280252664977,1.392319735606723,22870.9454603858
FAT_006,FAT_DON_11,Allogenic,657309,1576.7368388077407,1469.531170504951,-0.1015859303358831,-0.6451884237511016,1008.1801587883302
FAT_006,FAT_DON_11,Allogenic,657313,59535.5732322504,108673.28058314147,0.8681734105502925,0.3196837963239121,74303.78744372765
FAT_006,FAT_DON_11,Allogenic,657314,51942.59241592814,50598.28904298191,-0.0378294179439303,-0.4193719669630285,38840.07677908747
FAT_006,FAT_DON_11,Allogenic,657317,110170.5986035527,366807.5847140251,1.7352842097269003,-0.3716696127319636,85149.4813969409
FAT_006,FAT_DON_11,Allogenic,657319,37401.44197912383,35027.66094978275,-0.0945992408253348,0.008071034111334106,37611.26752819236
FAT_006,FAT_DON_11,Allogenic,657321,184350.2049494947,68653.81531693961,-1.4250372173420454,0.6437551211530546,288027.016670236
FAT_006,FAT_DON_11,Allogenic,657322,201525.6304386925,379552.191325484,0.913334945563914,0.028213545087377005,205505.4821553727
FAT_006,FAT_DON_11,Allogenic,657323,693172.0355282058,176447.77806558562,-1.973972190409148,-1.4753656064500773,249293.945813425
FAT_006,FAT_DON_11,Allogenic,658089,7704.237664584105,7005.532189956551,-0.1371575567462915,2.2707634655708024,37178.99002311931
FAT_006,FAT_DON_11,Allogenic,658659,9162.539793951812,6052.187598063277,-0.5982908519630673,0.9029791096221252,17133.246818476102
FAT_006,FAT_DON_11,Allogenic,665943,1975.1081341969495,1163.4205250491889,-0.7635589793241506,0.18840326661500875,2250.6393725098583
FAT_006,FAT_DON_11,Allogenic,665951,8984.289574693576,9279.35407597272,0.0466199563602583,1.13031768185308,19667.233237281365
FAT_006,FAT_DON_11,Allogenic,665953,5642.995196248948,4060.467679427908,-0.4748152167160148,0.8699793512562983,10313.345355617763
FAT_006,FAT_DON_11,Allogenic,679189,1933.2372773242105,2718.982791989419,0.4920483021314852,0.150001431969088,2145.0631942968157
FAT_006,FAT_DON_11,Allogenic,679192,630.4554734838234,245.08858868190129,-1.3630911685187552,0.6723223549804209,1004.7166864610128
FAT_006,FAT_DON_11,Allogenic,679935,7804.72772107868,2016.728958296788,-1.952331099096079,0.9717521451652987,15306.796229704938
FAT_006,FAT_DON_11,Allogenic,702443,43161.67557461645,56941.5818627041,0.399731699735611,-0.10410401082592095,40156.87105790842
FAT_006,FAT_DON_11,Allogenic,702444,3506.385185542859,2719.983153575876,-0.3663867725488925,0.3332767194927097,4417.595146854052
FAT_006,FAT_DON_11,Allogenic,702447,3982.516643695728,2882.041730581868,-0.4665891658645041,0.42074370594692795,5331.06619904248
FAT_006,FAT_DON_11,Allogenic,702459,1518.117639185905,403.1457193420662,-1.9129102811972496,0.2385109904631954,1791.0363032828
FAT_006,FAT_DON_11,Allogenic,706433,976.189120233017,461.1666913565571,-1.0818723574262687,0.515393912997114,1395.349465860911
FAT_006,FAT_DON_11,Allogenic,709991,9765.48013291926,6440.327893608492,-0.6005568363772679,1.3940904714957725,25665.90895819189
FAT_006,FAT_DON_11,Allogenic,717959,39588.29701807721,8491.06914584481,-2.2210558817838457,1.6836072290373303,127169.53896905169
FAT_006,FAT_DON_11,Allogenic,717960,25603.430822582148,19877.18472289542,-0.3652237049350473,3.1813079208867197,232256.17727602512
FAT_006,FAT_DON_11,Allogenic,717962,87202.63914356043,62349.53659908924,-0.4839929605531829,0.4827702285867326,121859.09505242557
FAT_006,FAT_DON_11,Allogenic,718252,316615.456569694,215469.8828300901,-0.5552454552494823,-0.9230995977730161,166974.9970894973
FAT_006,FAT_DON_11,Allogenic,742725,2335.1975033025114,518.1873017845913,-2.171999005760444,1.2939157664214747,5725.732774391185
FAT_006,FAT_DON_11,Allogenic,742726,4407.2067634049445,3410.232648231027,-0.3699944178355003,-0.22427053853967283,3772.691265581635
FAT_006,FAT_DON_11,Allogenic,742727,2298.111887215228,1659.5998719317315,-0.4696135885937751,-0.3314754038686425,1826.3631241597361
FAT_006,FAT_DON_11,Allogenic,742729,110.0605380654872,56.02024884157744,-0.9742769898835196,2.575036350285578,655.8353368244766
FAT_006,FAT_DON_11,Allogenic,742733,5885.846166110838,4185.512877735,-0.491845419863772,0.4397874050197246,7983.5878345526535
FAT_006,FAT_DON_11,Allogenic,742740,13463.27494988036,10263.709877046153,-0.3914770934472519,0.7471164713980433,22597.228818713138
FAT_006,FAT_DON_11,Allogenic,742741,6237.561363841851,4372.58049440241,-0.5124971606339989,0.8211454071870111,11020.574366528075
FAT_006,FAT_DON_11,Allogenic,742742,3463.3180184737557,1538.556119970466,-1.1705778007988838,0.25609193541949266,4136.030442012574
FAT_006,FAT_DON_11,Allogenic,742743,1199.8991269530834,1175.4248640866697,-0.0297308050439297,0.30708175568744556,1484.5183044768746
FAT_006,FAT_DON_11,Allogenic,742817,218.92476593461043,92.03326595402008,-1.2502078381111408,1.3690328019515547,565.4768531226238
FAT_006,FAT_DON_11,Allogenic,742818,1774.1280212077993,1434.5185149789652,-0.3065435296368368,-0.1893979745805166,1555.8598865229615
FAT_006,FAT_DON_11,Allogenic,742820,34.692995694555755,18.00650855622132,-0.9461259495693712,3.36975768979847,358.62449109260876
FAT_006,FAT_DON_11,Allogenic,742821,3579.3601075210627,8318.006591387793,1.2165361324028834,0.29713839268459763,4397.977088738124
FAT_006,FAT_DON_11,Allogenic,748224,237613.5238222087,300092.47015163867,0.3367901698738587,-0.9286131883008979,124833.38036075806
FAT_006,FAT_DON_11,Allogenic,752555,2704.857353978985,4341.569285222251,0.6826640946962012,1.1087223202019814,5833.14862209398
FAT_006,FAT_DON_11,Allogenic,759350,14139.190210826016,6591.382493163459,-1.1010464989415325,-0.22251230906277486,12118.298824463436
FAT_006,FAT_DON_11,Allogenic,762966,486.89824992014456,401.1449961691527,-0.2794965136954381,-0.19276342046277112,426.0010229008307
FAT_006,FAT_DON_11,Allogenic,762968,60110.99843670148,31083.235214383825,-0.9514923126875388,0.714055877397656,98606.64425122271
FAT_006,FAT_DON_11,Allogenic,762982,14721.793276455275,7854.839176858322,-0.906299775618948,1.1057334245505812,31682.514555918307
FAT_006,FAT_DON_11,Allogenic,762983,1236.9847430403672,2118.765840115376,0.7763964477932906,0.43699345495742975,1674.6053753630108
FAT_006,FAT_DON_11,Allogenic,762984,698.6451546765711,985.3561626598888,0.4960853995796098,0.16937388304462267,785.6756087524631
FAT_006,FAT_DON_11,Allogenic,763034,1877.0106980951025,1694.6125274577173,-0.1474814335200102,1.4676938773700323,5191.425541040636
FAT_006,FAT_DON_11,Allogenic,767031,2747.9245210480885,2833.0240128454875,0.0440004528209624,0.2075512051677962,3173.1013066170726
FAT_006,FAT_DON_11,Allogenic,862962,3937.056856233896,794.2870996466515,-2.3093850698655025,0.9692090443113297,7707.8398236825515
FAT_006,FAT_DON_11,Allogenic,862965,98.0974361018473,41.01482504472634,-1.258069955884111,2.1233075307210316,427.40235761696255
FAT_006,FAT_DON_11,Allogenic,866771,2336.3938134988757,2700.976283433198,0.2091975021672904,0.17980215650121523,2646.4999492519464
FAT_006,FAT_DON_11,Allogenic,866776,21.533583534551845,16.00578538330784,-0.4279949573264236,3.6133754759250407,263.54253147972065
FAT_006,FAT_DON_11,Allogenic,868129,15244.580832266343,25544.233110172856,0.7447011414576802,2.0072661673935297,61286.216789450176
FAT_006,FAT_DON_11,Allogenic,873513,4494.537407739516,7267.626925608215,0.693311725994321,0.6213154401859524,6913.8441194327515
FAT_006,FAT_DON_11,Allogenic,883156,1283.640840698563,816.2950545486998,-0.6530789746691377,1.2099015009728291,2969.3416489170263
FAT_006,FAT_DON_11,Allogenic,888048,90.91957492366336,155.0560459007947,0.7701269359465407,2.4925901414489804,511.68395166158314
FAT_006,FAT_DON_11,Allogenic,888832,1475.0504721168015,1728.6248213972467,0.2288604618765182,0.21227828503802687,1708.8699470158597
FAT_006,FAT_DON_11,Allogenic,888833,40.674546676375705,27.00976283433198,-0.590645294970982,3.5192321649947615,466.3555662719533
FAT_006,FAT_DON_11,Allogenic,889204,20.337273338187853,15.0054237968511,-0.4386422015259319,3.1206844783674597,176.89369785454795
FAT_006,FAT_DON_11,Allogenic,890402,30868.391996780072,15107.460678669686,-1.0308691446848115,0.21938697114100453,35938.17885091813
FAT_006,FAT_DON_11,Allogenic,904306,64.60075060365554,38.01374028535612,-0.7650299446039943,2.3216669656206865,322.9452943018493
FAT_006,FAT_DON_11,Allogenic,927666,20.337273338187853,44.01590980409656,1.113898821502847,4.574913733267398,484.70665988801
FAT_006,FAT_DON_11,Allogenic,997884,1217.8437798985433,425.15367424411454,-1.518272770934742,-0.19286006247519238,1065.4545258916846
FAT_006,FAT_DON_11,Allogenic,999410,11559.945427465247,8608.111451460247,-0.4253659250605163,-0.25785245576402904,9667.951436511306
FAT_006,FAT_DON_11,Allogenic,999412,3760.002947172025,2914.0533013484837,-0.3677065265425139,0.7291899096054953,6232.986993817785
FAT_006,FAT_DON_11,Allogenic,999413,5945.661675929038,3181.149844932433,-0.9022890421620424,0.6902763757410776,9593.87570179644
FAT_006,FAT_DON_11,Allogenic,1002367,293191.702924887,126336.66511520816,-1.2145708817218537,-0.46125405519167517,212961.1433301767
FAT_006,FAT_DON_11,Allogenic,1035839,9.570481570911932,9.00325427811066,-0.0881449544417988,3.8592697348998173,138.89600127852827
FAT_006,FAT_DON_11,Allogenic,1042156,17469.717797503366,10611.835709133096,-0.7191820581603265,0.736676428703719,29110.361031741173
FAT_006,FAT_DON_11,Allogenic,1042403,100.49005649457528,46.01663297701004,-1.1268254226058587,2.219892918419295,468.14182730252287
FAT_006,FAT_DON_11,Allogenic,1064535,211106.87880137176,145968.76124942166,-0.5323139376641524,-0.7064522659707326,129371.63363603984
FAT_006,FAT_DON_11,Allogenic,1077285,12941.68370426566,14107.099092212948,0.1243960272184291,0.40714323203198044,17161.415520968683
FAT_006,FAT_DON_11,Allogenic,1121100,7029.518713834814,3240.171178533381,-1.1173558836452044,0.9590028207901682,13665.1438073871
FAT_006,FAT_DON_11,Allogenic,1121101,2336.3938134988757,1401.5065826258926,-0.7373049493400847,1.821575037002414,8258.378298690159
FAT_006,FAT_DON_11,Allogenic,1121111,3478.870051026487,956.3456766526434,-1.863014701822957,0.3950260205231423,4574.597494226914
FAT_006,FAT_DON_11,Allogenic,1121114,5471.922838168896,2901.048600724546,-0.9154734213934868,1.8312267068271313,19471.263418687104
FAT_006,FAT_DON_11,Allogenic,1121115,168233.51398407904,90531.7232127485,-0.8939698145586109,-0.22488067829792935,143951.66310791692
FAT_006,FAT_DON_11,Allogenic,1121130,9594.407774839212,9265.349013762325,-0.0503484355227007,0.7426482616374207,16053.789923212355
FAT_006,FAT_DON_11,Allogenic,1121315,440.2421522619488,139.05026051748686,-1.6626908392176167,0.6867496815543768,708.6370853146211
FAT_006,FAT_DON_11,Allogenic,1121333,1516.9213289895413,2483.8978191720853,0.7114595601533222,1.5172069465120348,4341.980397078461
FAT_006,FAT_DON_11,Allogenic,1121334,1971.519203607858,1716.620482359766,-0.199736645567784,0.6018770236167869,2992.154740509073
FAT_006,FAT_DON_11,Allogenic,1121344,2954.8861850190588,1533.5543120381822,-0.946223300697374,-0.054441591906053625,2845.458168761029
FAT_006,FAT_DON_11,Allogenic,1122975,1234.5921226476391,1166.4216098085587,-0.0819451381068689,0.48514508810242823,1728.0914655757445
FAT_006,FAT_DON_11,Allogenic,1122978,7729.360178707749,10747.884884891217,0.475631873839953,0.8112860033176333,13563.287495668921
FAT_006,FAT_DON_11,Allogenic,1122981,3251.571113717329,5054.827096365907,0.6365247679664502,0.06809465910212852,3408.723633173707
FAT_006,FAT_DON_11,Allogenic,1122982,1436.7685458331537,1955.7069015229267,0.4448625006049694,0.4876420997455787,2014.5669780369249
FAT_006,FAT_DON_11,Allogenic,1122992,2456.0248331352745,3123.1288729179423,0.3466669539851956,-0.1994169836555181,2138.958014768957
FAT_006,FAT_DON_11,Allogenic,1122993,1270.481428538559,1807.653386727329,0.5087427841763347,0.4827726630768446,1775.4047347126448
FAT_006,FAT_DON_11,Allogenic,1123075,2481.147347258918,1655.5984255859046,-0.583654633002757,1.0914477679101304,5287.021460070595
FAT_006,FAT_DON_11,Allogenic,1123263,2356.7310868370632,1270.4592148000595,-0.8914370885683217,-0.09676106349174378,2203.85008134992
FAT_006,FAT_DON_11,Allogenic,1123313,1174.7766128294395,3473.2554281778007,1.5639020622456747,0.28364081093652055,1430.0120076192882
FAT_006,FAT_DON_11,Allogenic,1125712,4693.124900335939,1630.589385924486,-1.525155326842767,0.5370446775463271,6809.71081642821
FAT_006,FAT_DON_11,Allogenic,1150460,13865.23517585866,3788.369327911674,-1.871823195893526,-0.3031737579662745,11237.32250967688
FAT_006,FAT_DON_11,Allogenic,1156431,23.926203927279825,8.00289269165392,-1.5799980507714737,2.992277150774843,190.38773960935168
FAT_006,FAT_DON_11,Allogenic,1156433,32.30037530182777,15.0054237968511,-1.1060668624390613,2.534938891484978,187.19757219906555
FAT_006,FAT_DON_11,Allogenic,1160721,27090.444396662584,9600.470145225334,-1.496607096984755,0.9025041776098348,50640.38024374255
FAT_006,FAT_DON_11,Allogenic,1197728,2508.66248177529,3649.319067394188,0.5407089121840379,0.08302901036047078,2657.2747293675943
FAT_006,FAT_DON_11,Allogenic,1203465,1178.3655434185316,1080.3905133732792,-0.125234273177019,0.5799961087749392,1761.4740961568093
FAT_006,FAT_DON_11,Allogenic,1203540,3222.859669004593,1634.590832270313,-0.9794118232007308,0.2956723033409182,3955.9211619248194
FAT_006,FAT_DON_11,Allogenic,1203606,10534.70758918131,6308.280164196201,-0.7398316301376702,0.6224960872260269,16218.56702346472
FAT_006,FAT_DON_11,Allogenic,1203610,943.8887449311892,568.2053811074284,-0.7322043263928877,0.08352057595581672,1000.1450875388458
FAT_006,FAT_DON_11,Allogenic,1203611,5782.963489223535,2560.925661329254,-1.175143618762332,-0.025918131457457548,5679.99973424147
FAT_006,FAT_DON_11,Allogenic,1233170,504.84290286560434,38.01374028535612,-3.731241631147711,0.4158988528278714,673.525875578895
FAT_006,FAT_DON_11,Allogenic,1235789,991.7411527857488,566.2046579345149,-0.8086400045479792,-0.11411894698148294,916.3156599059337
FAT_006,FAT_DON_11,Allogenic,1235811,2081.579741673345,2952.06704163384,0.5040466588118055,0.10478240656615725,2238.3897064936746
FAT_006,FAT_DON_11,Allogenic,1256908,59510.45071812676,32153.62211189254,-0.8881617778859374,-0.3875218604619356,45492.262405118265
FAT_006,FAT_DON_11,Allogenic,1280705,1643.7302098041243,3203.157799834481,0.9625213478140456,-0.02294832018441027,1617.790960037837
FAT_006,FAT_DON_11,Allogenic,1282887,436.6532216728568,410.14825044726337,-0.0903425101460446,0.5198170468549533,626.0617806880504
FAT_006,FAT_DON_11,Allogenic,1292036,812.2946233311502,74.02675739779876,-3.455884354499893,0.748132220610455,1364.3437876389528
FAT_006,FAT_DON_11,Allogenic,1322347,31843.384806816724,15000.421988918815,-1.0859906090414997,0.26172848889607075,38177.4881412344
FAT_006,FAT_DON_11,Allogenic,1384484,2402.190874298895,1412.5105600769168,-0.7660891365637029,0.37983650852049666,3125.7172916968557
FAT_006,FAT_DON_11,Allogenic,1401079,791.9573499929623,242.08750392253103,-1.7098941254167346,0.4990537578629841,1119.2624768360752
FAT_006,FAT_DON_11,Allogenic,1408437,11463.044301559768,5563.010782285931,-1.0430524322118029,0.3492534432086048,14602.786422054514
FAT_006,FAT_DON_11,Allogenic,1408472,2645.041844160785,4421.598212138791,0.741277388578457,1.5945653084551241,7988.119161914916
FAT_006,FAT_DON_11,Allogenic,1410645,2106.702255796989,1059.3829200576877,-0.991762275722983,0.3006655099451396,2594.851432237231
FAT_006,FAT_DON_11,Allogenic,1410647,69019.92046902413,18308.617755331252,-1.9144899351895857,-0.012259983230675127,68435.87617255391
FAT_006,FAT_DON_11,Allogenic,1410657,3139.1179552591134,4043.461532458143,0.3652316458775405,0.21653696860092567,3647.4702450863533
FAT_006,FAT_DON_11,Allogenic,1410665,942.6924347348252,587.2122512501064,-0.6829050822304351,0.7470115415215232,1582.132685989927
FAT_006,FAT_DON_11,Allogenic,1410676,2648.630774749877,6531.360797976055,1.3021368634589623,1.4705326074392093,7339.996372839972
FAT_006,FAT_DON_11,Allogenic,1437612,691085.6705457469,180346.18716800757,-1.938095643255182,-2.59002949227142,114777.1194939374
FAT_006,FAT_DON_11,Allogenic,1899017,143.55722356367897,1472.5322552643213,3.358601404564383,2.2377309853157543,677.0943645351174
FAT_015,FAT_DON_11,Allogenic,561,25041.701331373653,90820.24201952553,1.858681299092001,-0.4475014316609295,18363.37391631951
FAT_015,FAT_DON_11,Allogenic,818,52865.24899796097,21961.65979557168,-1.2673325845088772,-0.5411842914576402,36329.34578343132
FAT_015,FAT_DON_11,Allogenic,904,907.9132947825236,1539.9707724045454,0.7622765371828634,-0.29958797903600026,737.6653900122587
FAT_015,FAT_DON_11,Allogenic,1547,1622.6226404353265,1563.256620777598,-0.0537728961310925,-0.5528629300729245,1106.0867909470794
FAT_015,FAT_DON_11,Allogenic,205913,15768.638103782872,106507.91806845106,2.7558307192351563,-0.33891493710876924,12467.248729586072
FAT_015,FAT_DON_11,Allogenic,206672,11883.495532749495,82383.77915396857,2.7934010402039817,0.06747959070970072,12452.529755274885
FAT_015,FAT_DON_11,Allogenic,207244,644.9816046135048,582.9224042720836,-0.1459541624903963,0.27616799528776165,781.0560105368494
FAT_015,FAT_DON_11,Allogenic,213810,3399.2273756657687,10912.524742558217,1.6827061522962847,-0.41670964206974576,2546.467360425268
FAT_015,FAT_DON_11,Allogenic,226186,45658.596429295205,4322.629652984331,-3.400905369160128,-0.5491422083134395,31204.28819747238
FAT_015,FAT_DON_11,Allogenic,246201,123.47620809042324,10.090534294989462,-3.613158611651172,0.6618636260417695,195.35480083858195
FAT_015,FAT_DON_11,Allogenic,264199,1434.5030057563874,73.7385198479999,-4.281988723275442,1.9049734005666,5372.2423619274405
FAT_015,FAT_DON_11,Allogenic,272559,30063.551347474757,162619.05069805015,2.435408930812882,-0.511075828585778,21095.563330489404
FAT_015,FAT_DON_11,Allogenic,272621,23.968910982258624,4.657169674610521,-2.363639012291859,3.232530521115397,225.28742505823885
FAT_015,FAT_DON_11,Allogenic,272623,735.7729340917573,13.971509023831562,-5.718700851013388,-0.022691974259785964,724.2905903073384
FAT_015,FAT_DON_11,Allogenic,295405,25022.81673484218,160484.514597187,2.6811179930374243,-0.5900944408078675,16622.642635423184
FAT_015,FAT_DON_11,Allogenic,300267,3896.763861206592,8688.726222931695,1.156868183097206,-0.10172505572488989,3631.46444004821
FAT_015,FAT_DON_11,Allogenic,300269,6540.607375613301,10741.761854489168,0.7157341233386115,-0.2743774623162274,5407.8200728379425
FAT_015,FAT_DON_11,Allogenic,314315,28.32689479721474,28.719212993431544,0.0198437531121389,2.8305328440798725,201.49963297151652
FAT_015,FAT_DON_11,Allogenic,321967,65.36975722434171,18.628678698442084,-1.8110979892630807,1.977682674411898,257.4652845050444
FAT_015,FAT_DON_11,Allogenic,334413,1250.0150242565787,79.17188446837885,-3.98081343372327,-0.9877345441963163,630.3438317407335
FAT_015,FAT_DON_11,Allogenic,347253,4858.425623040241,391.97844761305214,-3.6316426459423785,1.6164913033933785,14897.3125200439
FAT_015,FAT_DON_11,Allogenic,349741,867466.8469959161,97497.84713797124,-3.153366353566916,-2.5455936523510956,148577.42924193226
FAT_015,FAT_DON_11,Allogenic,364106,24916.772462011584,96290.86399730136,1.950281718560189,-0.6788300017717083,15564.801763236415
FAT_015,FAT_DON_11,Allogenic,367928,82084.07781597006,315257.78678340995,1.9413576963764392,-1.1959967668866147,35828.45013302801
FAT_015,FAT_DON_11,Allogenic,386585,7128.935190632376,15610.056554348695,1.130717253582032,-0.07411760856963681,6771.939089286189
FAT_015,FAT_DON_11,Allogenic,391904,3425.3752785555057,18586.764171370585,2.4399416675981027,1.136891464100115,7532.629236318913
FAT_015,FAT_DON_11,Allogenic,398513,1865.943403437043,3441.6483895371744,0.8831944863119278,-0.3109666698529677,1504.1396913309545
FAT_015,FAT_DON_11,Allogenic,409438,9587.56439290345,14381.339955197289,0.5849618352014961,0.020017220501418794,9721.517842951043
FAT_015,FAT_DON_11,Allogenic,411459,112970.5617738357,55492.50525782166,-1.025582038274004,-0.8517859873930127,62596.80346197905
FAT_015,FAT_DON_11,Allogenic,411460,155386.81824480352,256004.6170133403,0.7203057068857184,-1.0101206986987075,77150.2867299579
FAT_015,FAT_DON_11,Allogenic,411461,56758.38120598843,65979.67517009878,0.2171882320917612,-0.3387957651332594,44878.911282923094
FAT_015,FAT_DON_11,Allogenic,411462,196295.2123157966,162795.2469507396,-0.2699664069854535,-0.8353768204012656,110011.02891054351
FAT_015,FAT_DON_11,Allogenic,411463,25688.86192789464,14524.159825218676,-0.8226882662562012,-0.4899761899077219,18291.416303726197
FAT_015,FAT_DON_11,Allogenic,411464,12969.359833309394,1515.132534139956,-3.0975913679208635,-0.5108896518568533,9101.761059803
FAT_015,FAT_DON_11,Allogenic,411466,197.56193294467715,272.44442596471544,0.4636569853996588,1.1828358727355832,448.51022074382416
FAT_015,FAT_DON_11,Allogenic,411467,17100.72848988779,70880.57005768058,2.051332421696271,0.21011738658509127,19781.820086088745
FAT_015,FAT_DON_11,Allogenic,411468,3200.9391120852656,5800.504829727403,0.8576832320299944,0.10499084262277293,3442.5702077687015
FAT_015,FAT_DON_11,Allogenic,411469,188201.7100407873,66124.0474300117,-1.5090327974514306,-1.2837266638396736,77300.68334753465
FAT_015,FAT_DON_11,Allogenic,411470,39784.03424673436,55106.73636977475,0.4700391096718219,-0.661204891701107,25157.43240059067
FAT_015,FAT_DON_11,Allogenic,411471,39502.94429066969,118011.90335968482,1.5789002940039174,-0.8223431101229908,22339.812484585702
FAT_015,FAT_DON_11,Allogenic,411473,17397.79771994063,43442.078724766936,1.3201884427071144,-1.1217296918243538,7995.02806942496
FAT_015,FAT_DON_11,Allogenic,411474,23198.27417764722,5946.429479531866,-1.9639219104256007,-0.6484579015385477,14799.614318171325
FAT_015,FAT_DON_11,Allogenic,411475,30686.01670237765,100645.31764306218,1.713626765443888,-0.7335762621423584,18454.91537499137
FAT_015,FAT_DON_11,Allogenic,411476,18056.579606634838,3631.039956304669,-2.3140699232419824,-0.5551926863209605,12288.696969372078
FAT_015,FAT_DON_11,Allogenic,411477,164248.7783325168,30107.04955646548,-2.447709401696953,-1.5378776416651798,56565.9191173578
FAT_015,FAT_DON_11,Allogenic,411479,173587.21131733194,77967.22991254626,-1.1547208808596527,-1.4112878379964002,65264.61110525059
FAT_015,FAT_DON_11,Allogenic,411483,131628.54314693448,99401.0771449954,-0.405138975372641,-0.8345583904500699,73811.31895603654
FAT_015,FAT_DON_11,Allogenic,411484,71774.54077105554,14320.020554481582,-2.3254386313887445,-0.43107090029272727,53235.96749564845
FAT_015,FAT_DON_11,Allogenic,411485,106963.08108491868,202501.4994015231,0.9208196621704454,-0.8662478850446932,58676.91972553611
FAT_015,FAT_DON_11,Allogenic,411486,30547.28755093488,32222.95697863019,0.0770446092760685,-0.09432003095905946,28614.06073037814
FAT_015,FAT_DON_11,Allogenic,411487,30525.4976318601,17535.02001985438,-0.7997757367379635,-0.6712558920916275,19168.785354528864
FAT_015,FAT_DON_11,Allogenic,411489,19695.907851694155,17402.29068412798,-0.1786186949985485,-0.8194008886890579,11161.222290108382
FAT_015,FAT_DON_11,Allogenic,411490,8279.44291778079,7754.963703172285,-0.0944136704762539,-0.5607443459096129,5613.0672852879125
FAT_015,FAT_DON_11,Allogenic,411901,3179.149193010485,899.6099421455989,-1.8212692112871376,0.08796417010080423,3379.0200050574044
FAT_015,FAT_DON_11,Allogenic,411902,23788.05465393795,24709.389903591888,0.0548220942304807,-1.2996092368463752,9663.569283590681
FAT_015,FAT_DON_11,Allogenic,411903,235585.34173016928,1668969.7152215822,2.824636094422628,-1.2626288479556953,98188.1569754399
FAT_015,FAT_DON_11,Allogenic,428125,39312.64566408328,28936.5475782467,-0.4421006535017316,-0.17561244648706445,34807.08533325439
FAT_015,FAT_DON_11,Allogenic,428126,8442.140980205819,1992.4924257875343,-2.0830346818973617,0.30998047459376515,10465.645534332834
FAT_015,FAT_DON_11,Allogenic,428127,7663.514538600327,11902.173298412954,0.6351469505046949,-0.11535594193188253,7074.60809927786
FAT_015,FAT_DON_11,Allogenic,428128,3834.299426525554,5853.286086039656,0.6102837900085436,0.2003962541167843,4405.663347824499
FAT_015,FAT_DON_11,Allogenic,435590,567578.0014147976,21568.905153012856,-4.7177938218553725,-2.355315153444512,110918.76975425017
FAT_015,FAT_DON_11,Allogenic,435591,49776.89113442873,2658.467689256838,-4.226809290896815,-0.7429009716028498,29743.515117493807
FAT_015,FAT_DON_11,Allogenic,442563,308.6905202260581,62.09559566147361,-2.313598329792264,1.709501875921792,1009.5658114970357
FAT_015,FAT_DON_11,Allogenic,445970,355255.5772888641,387799.4140250349,0.1264533244472098,-0.9344135701521228,185889.2999254156
FAT_015,FAT_DON_11,Allogenic,445972,13254.081442553192,28291.529578313144,1.0939334884811542,-0.2844353183659707,10882.434759374803
FAT_015,FAT_DON_11,Allogenic,445973,26386.86566892344,7431.290410786854,-1.8281353368449464,-0.8364105846308075,14777.573615294687
FAT_015,FAT_DON_11,Allogenic,445975,1146.149743333458,9373.33016509944,3.031766157845604,-0.9205184422637699,605.532836502574
FAT_015,FAT_DON_11,Allogenic,449673,20555.15699387634,9516.15003512083,-1.1110504676830255,-0.7890152987765253,11896.07041434024
FAT_015,FAT_DON_11,Allogenic,450749,2131.05408551354,997.4105053124198,-1.0953079052467118,0.695734442599,3451.6870117651074
FAT_015,FAT_DON_11,Allogenic,451640,1505.6834080673373,290.2969097173891,-2.37481733487634,-0.946528228266365,781.268431514117
FAT_015,FAT_DON_11,Allogenic,457387,20613.263444742417,6787.824800744834,-1.602551693793461,-0.11876789274565637,18984.276713153296
FAT_015,FAT_DON_11,Allogenic,457388,57868.21441753058,17554.424893498588,-1.7209363966071247,-0.7354782144253136,34756.74345193076
FAT_015,FAT_DON_11,Allogenic,457390,23862.866709428028,5810.5953640223925,-2.038009470786231,-0.4472874648320804,17501.516098705484
FAT_015,FAT_DON_11,Allogenic,457391,97144.54354982256,12019.378735223983,-3.014770637165282,-0.5318975117760294,67189.48408150932
FAT_015,FAT_DON_11,Allogenic,457392,17944.724688717626,141446.00496737918,2.97861973516549,0.4108326419523051,23856.66587704196
FAT_015,FAT_DON_11,Allogenic,457393,313374.62649650004,57573.4839074268,-2.444411950656224,-1.0901081070138956,147200.2645814624
FAT_015,FAT_DON_11,Allogenic,457394,339510.1817654277,21542.51452485673,-3.9781962792094583,-1.284257098825497,139396.82889937534
FAT_015,FAT_DON_11,Allogenic,457395,110214.13701087594,14962.709969577834,-2.8808658906654085,-0.36192687492581027,85760.33303073731
FAT_015,FAT_DON_11,Allogenic,457400,12255.376818292418,17231.527796058926,0.4916357769695797,0.16022887227869156,13694.94731520724
FAT_015,FAT_DON_11,Allogenic,457401,13562.771962779252,15106.30603454499,0.1554988524697052,-0.15693335592043556,12164.85151768048
FAT_015,FAT_DON_11,Allogenic,457412,127361.3506614566,99954.50414132827,-0.3495840566439953,-1.097867569035509,59504.058303233716
FAT_015,FAT_DON_11,Allogenic,457416,1911.7022334940816,881.7574583929252,-1.1164040478851218,0.5709791852639146,2839.8938630379034
FAT_015,FAT_DON_11,Allogenic,457421,4600.578247322004,10133.225017006724,1.139206291517452,0.15282238055886005,5114.657328685794
FAT_015,FAT_DON_11,Allogenic,457424,28431.48640877369,17439.548041524864,-0.7051268735089923,-0.5438690340112242,19501.978459526188
FAT_015,FAT_DON_11,Allogenic,469585,22365.8992689906,4178.257393071405,-2.42032749160286,-0.36132595529963063,17410.70727612675
FAT_015,FAT_DON_11,Allogenic,469588,8283.800901595747,3027.936483442607,-1.4519579368295,0.4296330552464333,11157.37651563586
FAT_015,FAT_DON_11,Allogenic,469589,68781.33222081652,2729.1014293217645,-4.655519139913944,-0.7670954212051894,40415.862566632306
FAT_015,FAT_DON_11,Allogenic,469590,27084.869409952247,9087.690425056662,-1.5755015399068153,-0.6869482557310786,16824.211353796618
FAT_015,FAT_DON_11,Allogenic,469591,103311.81697862128,6268.55038202576,-4.042729616534264,-1.473526476327113,37202.6889323914
FAT_015,FAT_DON_11,Allogenic,469592,64266.46098852198,5054.581486843952,-3.668402479741943,-0.5962541819591831,42510.28250643036
FAT_015,FAT_DON_11,Allogenic,469593,334456.3732013503,23159.32859689235,-3.852152702229848,-1.2727244920371374,138423.94674976627
FAT_015,FAT_DON_11,Allogenic,469596,32447.368494255745,255923.8927389804,2.979541457455241,-0.999802426586594,16225.906191528757
FAT_015,FAT_DON_11,Allogenic,469610,19672.665271347723,145.14845485869455,-7.082519404125341,-0.358470728008181,15344.500682190053
FAT_015,FAT_DON_11,Allogenic,470145,12399.190284185968,9458.711609133969,-0.3905303204823088,-0.34619398018437236,9753.90570109523
FAT_015,FAT_DON_11,Allogenic,470146,59665.88274119997,87824.9057238052,0.5577238959743293,-0.11938371637509063,54927.267020677034
FAT_015,FAT_DON_11,Allogenic,471870,27595.479846937946,3598.439768582396,-2.9389885566601026,-0.8770482047942327,15025.195549536658
FAT_015,FAT_DON_11,Allogenic,471872,110.40225664555489,18.628678698442084,-2.5671724063769914,1.168134775677608,248.09702525946457
FAT_015,FAT_DON_11,Allogenic,471875,33833.933678047615,50260.17512839673,0.5709447774185924,-0.8063056243802259,19347.743227924664
FAT_015,FAT_DON_11,Allogenic,471881,2810.173230010867,4.657169674610521,-9.236989906376625,0.7503455693977685,4727.261378176993
FAT_015,FAT_DON_11,Allogenic,476272,3304.0780623725605,5806.714389293551,0.8134743026058744,-0.24684833805649767,2784.463602390936
FAT_015,FAT_DON_11,Allogenic,478749,3805.246201092513,5339.445031940962,0.4886999999783278,-0.19968156251419827,3313.3904880874993
FAT_015,FAT_DON_11,Allogenic,479436,1332.0903861049187,683.0515522762097,-0.9636256037249572,0.06221767043171794,1390.794866485027
FAT_015,FAT_DON_11,Allogenic,479437,3128.3060485026635,4225.605284763279,0.4337763496075739,-1.0917969514320356,1467.7280791686067
FAT_015,FAT_DON_11,Allogenic,483215,115084.91025472524,16666.457875539516,-2.7876792562052413,-0.8709023401794266,62928.974676067184
FAT_015,FAT_DON_11,Allogenic,483216,19533.209789269127,2466.7475376520392,-2.985247065280776,-0.5206675129282684,13615.60912683675
FAT_015,FAT_DON_11,Allogenic,483217,109235.04331378246,15863.872301614969,-2.7836188818136565,-0.7295764753112504,65877.57165017592
FAT_015,FAT_DON_11,Allogenic,483218,14714.73235119932,7116.931457750644,-1.0479340543511066,-0.5917668419926904,9763.663363312775
FAT_015,FAT_DON_11,Allogenic,484018,72595.29438953895,23004.089607738668,-1.657985673512438,-1.2635032648871494,30238.210666346473
FAT_015,FAT_DON_11,Allogenic,484020,1310.3004670301382,1793.0103247250504,0.4524861193934766,-0.3491834329808182,1028.6229469134882
FAT_015,FAT_DON_11,Allogenic,500632,22450.153622746424,23483.00188927778,0.0648915263270057,-0.6534094066113549,14273.27016842711
FAT_015,FAT_DON_11,Allogenic,500635,2577.747426546541,2093.397768737429,-0.3002644464799033,-0.04564079617844327,2497.4747912414105
FAT_015,FAT_DON_11,Allogenic,502347,2027.1888045904188,2532.7241080423546,0.3212094693712344,-0.36344238831155246,1575.7493567897202
FAT_015,FAT_DON_11,Allogenic,511145,13213.406926946938,12461.033659366216,-0.0845787502801452,0.033243643374979356,13521.415043285357
FAT_015,FAT_DON_11,Allogenic,511680,36897.59629996177,3745.916808278395,-3.300136069985702,-0.18786454246862774,32392.555570746175
FAT_015,FAT_DON_11,Allogenic,515619,181335.7065403239,37539.89235714387,-2.272166613491505,-0.9125585647303847,96333.16474607492
FAT_015,FAT_DON_11,Allogenic,515620,44929.36047092588,4786.018035608078,-3.2307607878953903,-0.6157401543739006,29320.676129976957
FAT_015,FAT_DON_11,Allogenic,518635,2792.741294751043,9511.49286544622,1.767989859473578,-0.6414004796817825,1790.3993978862488
FAT_015,FAT_DON_11,Allogenic,518636,8694.904041473274,12811.87377485354,0.559239478684664,0.7727528457748686,14855.47624543112
FAT_015,FAT_DON_11,Allogenic,518637,12288.06169690459,4308.6581439605,-1.5119468224921038,-0.055880815046143194,11821.200451989951
FAT_015,FAT_DON_11,Allogenic,525259,2218.213761812662,5191.967992244962,1.2268830894755594,0.886229836432693,4100.012295735738
FAT_015,FAT_DON_11,Allogenic,525306,43.57983814956114,2.3285848373052604,-4.2261354885419244,2.453731718503904,238.74399761648206
FAT_015,FAT_DON_11,Allogenic,525337,47.21149132869124,7.761949457684201,-2.604647111795655,2.6455304348447384,295.41444990772686
FAT_015,FAT_DON_11,Allogenic,525362,671.1295075032415,306.5970035785259,-1.1302475920061543,0.34843805841588815,854.4696489507953
FAT_015,FAT_DON_11,Allogenic,536231,59755.947740042415,76530.49306792891,0.3569523773914023,-0.8328619585344039,33547.85111926969
FAT_015,FAT_DON_11,Allogenic,537006,30120.205137069184,6166.092649184329,-2.288303123615543,-1.060526588125652,14441.343930310111
FAT_015,FAT_DON_11,Allogenic,537007,6215.211250763244,5894.424418165382,-0.0764524852812198,1.2022325156628748,14300.918893140586
FAT_015,FAT_DON_11,Allogenic,537011,15324.850085293176,4765.836967018099,-1.6850714560860844,0.13557388711451326,16834.803105889845
FAT_015,FAT_DON_11,Allogenic,537012,239811.13336940503,2512.543039452376,-6.576606518392426,-1.7149932108876862,73047.4303099534
FAT_015,FAT_DON_11,Allogenic,537013,5126.441627660042,14604.884099578592,1.5104212364020777,0.29780697684424756,6301.803391295297
FAT_015,FAT_DON_11,Allogenic,537937,13201.78563677372,95274.8248132905,2.851361972585841,-0.3813883950856844,10134.990121427314
FAT_015,FAT_DON_11,Allogenic,537973,72.63306358260189,13.971509023831562,-2.3781385819869745,2.213426756791007,336.85438845813735
FAT_015,FAT_DON_11,Allogenic,543734,395.8501965251804,20.181068589978924,-4.293880095177759,0.942298064131845,760.6604693331101
FAT_015,FAT_DON_11,Allogenic,545696,12288.788027540417,17170.98459028899,0.4826301283372249,-0.14286400455596324,11130.193184480788
FAT_015,FAT_DON_11,Allogenic,545697,1207.1615167428436,1150.3209096287983,-0.0695823281190731,0.8126810808188946,2120.3461416410937
FAT_015,FAT_DON_11,Allogenic,546269,903.5553109675676,602.327277916294,-0.5850653215980375,0.20031473913676082,1038.1389556150812
FAT_015,FAT_DON_11,Allogenic,546273,1646.591551417585,86.15763898029464,-4.256360203045242,2.6359193532233958,10234.736694708172
FAT_015,FAT_DON_11,Allogenic,547042,24434.488919823103,35797.334703893765,0.5509332464108603,-0.36972541152966293,18910.57875589819
FAT_015,FAT_DON_11,Allogenic,547043,9092.933229905932,45533.92410361282,2.3241241316811774,0.5971535307496724,13755.143541317997
FAT_015,FAT_DON_11,Allogenic,548480,12524.119153548048,89632.66375249984,2.839315432736579,-0.14311316521119993,11341.378258546974
FAT_015,FAT_DON_11,Allogenic,552396,11747.671703850032,18367.87719666389,0.6448100473272992,0.6753825582985351,18761.26898052371
FAT_015,FAT_DON_11,Allogenic,552398,39100.55711842208,130542.01836922445,1.739253181932403,-0.6874437955864973,24279.612021988272
FAT_015,FAT_DON_11,Allogenic,552531,334.83842311579474,104.0101227329683,-1.686741143626128,1.7869562654344835,1155.4807771115584
FAT_015,FAT_DON_11,Allogenic,555970,322.4908023067524,52.00506136648415,-2.6325340695468955,1.784901118932961,1111.286679843702
FAT_015,FAT_DON_11,Allogenic,556258,8603.386381359194,3115.646512314438,-1.465373070419539,0.3982788041680289,11338.700770286641
FAT_015,FAT_DON_11,Allogenic,556259,14301.450219414315,1868.301234464587,-2.9363624579689818,-0.1633123641870583,12770.801613862854
FAT_015,FAT_DON_11,Allogenic,556270,2366.38521152117,2137.6408806462287,-0.146665438045116,0.9124067945257393,4453.96967687824
FAT_015,FAT_DON_11,Allogenic,563192,11190.576106171471,4407.234902073089,-1.344338611879332,-0.41918675274005307,8368.828321575304
FAT_015,FAT_DON_11,Allogenic,563193,64065.267402398174,5749.275963306688,-3.478090233985804,-0.6437775322099888,41004.006667079186
FAT_015,FAT_DON_11,Allogenic,565040,12550.99338707361,86906.66710296116,2.7916653033552468,-0.019039265368394665,12386.445918491649
FAT_015,FAT_DON_11,Allogenic,565042,12269.903431008936,87543.14695849126,2.834870351744005,-0.046962176875952194,11876.927919558515
FAT_015,FAT_DON_11,Allogenic,566550,8344.086344369307,281227.8479710309,5.074841564069657,-0.30997771830466214,6730.792440806123
FAT_015,FAT_DON_11,Allogenic,566552,2658.3701271232294,9070.614136249756,1.7706582471190713,-0.2568227994640575,2224.8671400073194
FAT_015,FAT_DON_11,Allogenic,568703,347.9123745606631,13.971509023831562,-4.638164237948431,0.5660510555298297,515.0723334088818
FAT_015,FAT_DON_11,Allogenic,573236,334.83842311579474,83.05285919722095,-2.011363347682753,1.7869562654344835,1155.4807771115584
FAT_015,FAT_DON_11,Allogenic,580050,344.280721381533,86.15763898029464,-1.9985347762027157,1.7717938547396945,1175.6439159629854
FAT_015,FAT_DON_11,Allogenic,585054,2705.581618451921,4854.323190835699,0.8433314000335919,0.5323822738703953,3913.124568950835
FAT_015,FAT_DON_11,Allogenic,585394,41896.93006635225,121344.88445681444,1.534196848362902,-0.4007946063079896,31734.45200580664
FAT_015,FAT_DON_11,Allogenic,585543,308543.8014376212,49849.56800208524,-2.6298224041679927,-1.1124847087480056,142700.52106558226
FAT_015,FAT_DON_11,Allogenic,585544,14704.563722297757,11568.409471732532,-0.3460734572767446,-0.2606316499590498,12274.228367274256
FAT_015,FAT_DON_11,Allogenic,591020,5465.638034590792,10829.471883360997,0.9865010645879372,0.22630290295584424,6393.885117166381
FAT_015,FAT_DON_11,Allogenic,592028,5921.773673889533,1446.8273789123348,-2.03313654867946,-0.5433951355333493,4063.2502396201517
FAT_015,FAT_DON_11,Allogenic,622312,131948.85495733374,54159.00234099151,-1.284705762623955,-1.143333104188158,59734.88974009796
FAT_015,FAT_DON_11,Allogenic,626522,501.8944693557791,556.5317761159572,0.1490800146590838,0.47078019348606104,695.5548281480478
FAT_015,FAT_DON_11,Allogenic,626939,3216.918386073438,3746.693003224164,0.219938435904724,0.2060582168088482,3710.818789958649
FAT_015,FAT_DON_11,Allogenic,641112,1061.1690589418138,6360.141385626434,2.5834043210222406,0.4408393715682874,1440.4243442277882
FAT_015,FAT_DON_11,Allogenic,645463,3095.6211698904926,4507.364050077215,0.5420550472654238,0.42874006742612275,4166.884173941996
FAT_015,FAT_DON_11,Allogenic,649757,62797.82044288178,12161.422410299603,-2.368402510119004,-0.2901159943441227,51358.33717766729
FAT_015,FAT_DON_11,Allogenic,655811,934.0611976722604,286.415934988547,-1.7054053149221138,-0.3319332092484274,742.0847018511951
FAT_015,FAT_DON_11,Allogenic,657308,3911.290473923112,20725.181246962584,2.4056681308864385,-0.10549791303438283,3635.4822949526138
FAT_015,FAT_DON_11,Allogenic,657309,15611.024355808626,6344.617486711065,-1.2989601138518343,-0.6440745021448372,9989.543829555503
FAT_015,FAT_DON_11,Allogenic,657313,78552.65826458395,67679.54210133162,-0.2149402902623556,-1.1032283911883034,36564.19770791361
FAT_015,FAT_DON_11,Allogenic,657314,49987.52701881828,73256.50278667772,0.5513886736271556,-0.8198987090461602,28317.01996783253
FAT_015,FAT_DON_11,Allogenic,657317,181961.0772177701,24305.768531792302,-2.9042592235953824,-0.7750949325499543,106328.98667334205
FAT_015,FAT_DON_11,Allogenic,657319,17003.400184687103,20372.78874158372,0.2608202058186281,-0.7404714251113015,10177.278671546312
FAT_015,FAT_DON_11,Allogenic,657321,371364.86446084944,418271.2752060116,0.1716015986564948,-2.1716679000274293,82425.88776403786
FAT_015,FAT_DON_11,Allogenic,657322,93285.54888167891,181634.2744794849,0.9613109539191772,-0.7074105538699922,57129.783105173214
FAT_015,FAT_DON_11,Allogenic,657323,192404.98543031243,312313.6793541103,0.6988495794053247,-1.4822842214220862,68865.91277439258
FAT_015,FAT_DON_11,Allogenic,658089,65923.94749947697,12416.790547457416,-2.4085103145905378,-0.49364054431633997,46821.205790950175
FAT_015,FAT_DON_11,Allogenic,658659,4056.556601088316,7424.304656274938,0.872000294208235,-0.36433222876176735,3151.2482014739535
FAT_015,FAT_DON_11,Allogenic,665943,3030.251412666151,3565.8395808601217,0.2348043052035957,-0.8912348116546481,1633.7674937736613
FAT_015,FAT_DON_11,Allogenic,665951,182388.15963163585,287681.1327501495,0.657458531692618,-1.0992373145553103,85132.07855832268
FAT_015,FAT_DON_11,Allogenic,665953,25415.03527818823,3724.183349796879,-2.7706862265379386,-0.93614861793464,13282.563550721816
FAT_015,FAT_DON_11,Allogenic,679935,31868.482977502408,21908.10234431366,-0.5406658196370211,0.6794651860482642,51038.83966617433
FAT_015,FAT_DON_11,Allogenic,702443,28178.723347506235,14781.080352268023,-0.93085453081777,-1.009663493395304,13995.303347997859
FAT_015,FAT_DON_11,Allogenic,702444,6772.306848441801,2726.77284448446,-1.3124528215610574,0.1688878995065427,7613.370256911756
FAT_015,FAT_DON_11,Allogenic,702447,7386.782566350613,3001.54585528648,-1.2992404033166178,0.2245420498709565,8630.763332818156
FAT_015,FAT_DON_11,Allogenic,702459,1052.4530913119015,3729.616714417258,1.8252714424496208,-0.7749924909065187,615.0448153943694
FAT_015,FAT_DON_11,Allogenic,709991,57577.682163200174,9759.875248092114,-2.5605751008827853,-0.2235716012265256,49311.977612026305
FAT_015,FAT_DON_11,Allogenic,717959,61989.41444520742,88479.23806308798,0.5133170856054973,0.4552164279753134,84986.77186902572
FAT_015,FAT_DON_11,Allogenic,717960,15794.059676036784,29173.287036706068,0.8852659013789231,0.5069087669279811,22443.393216167795
FAT_015,FAT_DON_11,Allogenic,717962,43282.7689195083,54237.39803051412,0.3254951733487813,-0.25876330080948406,36175.91467723121
FAT_015,FAT_DON_11,Allogenic,718252,93042.95444931304,137577.4493576694,0.5642752004704206,-0.7160336178019143,56641.64992284871
FAT_015,FAT_DON_11,Allogenic,742725,3355.647537516208,2616.553162185344,-0.3589236179737722,0.42305098828899707,4499.117913218036
FAT_015,FAT_DON_11,Allogenic,742726,146321.485579059,47628.09806729602,-1.6192567839018657,-0.7180523932251058,88951.40106309993
FAT_015,FAT_DON_11,Allogenic,742727,8571.42783338285,2646.048570124544,-1.69569600576247,0.6367248272488932,13326.817331580534
FAT_015,FAT_DON_11,Allogenic,742729,352.2703583756192,81.5004693056841,-2.11180281306293,1.7395015576110173,1176.3004077369817
FAT_015,FAT_DON_11,Allogenic,742733,8253.295014891053,9703.989211996788,0.233607736021908,-1.1116743219932037,3819.2672863447756
FAT_015,FAT_DON_11,Allogenic,742740,12223.418270316071,19062.57167312663,0.6410949717122627,0.8169275184851875,21533.38773065392
FAT_015,FAT_DON_11,Allogenic,742741,5393.004971008191,11248.617154075942,1.0605863862232343,0.7397072520654271,9005.439055669778
FAT_015,FAT_DON_11,Allogenic,742742,1746.8251791615755,5209.820475997636,1.576498428127857,-0.4034481802212327,1320.6855902980394
FAT_015,FAT_DON_11,Allogenic,742743,3727.5288230591295,2634.4056459380176,-0.5007419992015817,-0.605419905499661,2450.0303190910527
FAT_015,FAT_DON_11,Allogenic,742817,1770.0677595080083,1482.5323464176824,-0.2557410064547919,-0.9196220893361378,935.7418607457614
FAT_015,FAT_DON_11,Allogenic,742818,845.4488601014862,4224.052894871742,2.3208385046868325,-0.35688100683548285,660.1694985447662
FAT_015,FAT_DON_11,Allogenic,742820,1372.03857107535,267.0110613443365,-2.3613496253408344,-0.6735527630590978,860.2144531131648
FAT_015,FAT_DON_11,Allogenic,742821,2169.5496092123185,888.743212904841,-1.2875570329810466,-0.19033153724967586,1901.4025997722397
FAT_015,FAT_DON_11,Allogenic,748224,91371.66765627736,109161.7285880333,0.2566483533919973,-0.658654030434971,57881.12071832665
FAT_015,FAT_DON_11,Allogenic,759350,5623.978113200865,37497.20163512661,2.737120048260996,0.2326734712069702,6608.232520857045
FAT_015,FAT_DON_11,Allogenic,762966,22988.364623893503,244.50140791705232,-6.55491725447035,-0.3701873053646763,17785.68490669036
FAT_015,FAT_DON_11,Allogenic,762967,1445.3979652937778,2383.694678454818,0.721732687890301,-1.141552354564826,655.1578343682821
FAT_015,FAT_DON_11,Allogenic,762968,196854.48690538263,11465.9517388911,-4.101701579371927,-0.9198065029879511,104053.32690714703
FAT_015,FAT_DON_11,Allogenic,762982,22618.662330258056,5740.737818903235,-1.9782055367934104,-0.771859027286374,13246.898158655047
FAT_015,FAT_DON_11,Allogenic,762983,3597.515639246272,1003.6200648785672,-1.841787739478722,0.3794677504170742,4679.870826338713
FAT_015,FAT_DON_11,Allogenic,762984,6164.368106255422,4254.32449775671,-0.5350229364233265,-0.037935486614067274,6004.38934227021
FAT_015,FAT_DON_11,Allogenic,763034,12984.612776661745,10967.634583707775,-0.2435505812680529,-0.4964270359609417,9204.274755904326
FAT_015,FAT_DON_11,Allogenic,862962,23180.842242387396,157923.847471097,2.768224152814524,-0.2526067989749341,19457.497699631436
FAT_015,FAT_DON_11,Allogenic,862965,3901.121845021548,7.761949457684201,-8.973254304922735,1.8293785683206365,13863.96130197121
FAT_015,FAT_DON_11,Allogenic,866771,1301.584499400226,7512.01468514677,2.5289309081646323,-1.015848163571288,643.68234833868
FAT_015,FAT_DON_11,Allogenic,866776,1861.5854196220864,23.2858483730526,-6.320934561337621,0.44234682422925004,2529.5462905115055
FAT_015,FAT_DON_11,Allogenic,868129,1777.3310658662683,1508.9229745738087,-0.2361932761281712,-0.4176283601378551,1330.6065854235387
FAT_015,FAT_DON_11,Allogenic,873513,2288.6678334877856,9749.008518851357,2.090747411106888,-0.7290325383842402,1380.772420629759
FAT_015,FAT_DON_11,Allogenic,883156,561.4535814935126,1428.198700213893,1.346958053364966,0.1544903904358458,624.9137752127369
FAT_015,FAT_DON_11,Allogenic,888048,911.544947961654,38.80974728842101,-4.553822852717972,0.18310653358712112,1034.9006207410846
FAT_015,FAT_DON_11,Allogenic,888833,201.91991675963328,31.047797830736805,-2.7012203714907077,0.8470322033173765,363.21289526510037
FAT_015,FAT_DON_11,Allogenic,889204,94.42298265738248,7.761949457684201,-3.604647111795655,1.1120911960468782,204.103533230797
FAT_015,FAT_DON_11,Allogenic,890402,11008.267116579142,78284.69364536554,2.8301428742335504,0.20676022734801872,12704.57055844166
FAT_015,FAT_DON_11,Allogenic,904306,1068.4323653000738,156.01518409945243,-2.775737233730464,0.09460916624204124,1140.8465469528828
FAT_015,FAT_DON_11,Allogenic,908338,1248.5623629849265,68.30515522762096,-4.192129604495326,0.16125031128784417,1396.2121719822007
FAT_015,FAT_DON_11,Allogenic,927666,73.35939421842792,12.41911913229472,-2.5624188764063573,2.8574497282486973,531.6597903660768
FAT_015,FAT_DON_11,Allogenic,981539,1151.960388420066,10.866729240757882,-6.7280295273009365,-0.35918062641664505,898.0766464913816
FAT_015,FAT_DON_11,Allogenic,997884,6342.319112032797,7816.28310388799,0.3014722542487936,0.867744173009418,11573.510614435869
FAT_015,FAT_DON_11,Allogenic,999410,10032.8050726648,19507.33137705193,0.9592914037283624,0.12889011026132707,10970.392440978512
FAT_015,FAT_DON_11,Allogenic,999412,33854.99726648657,18603.840460177493,-0.863768329768972,-0.8656528061577727,18579.555625188354
FAT_015,FAT_DON_11,Allogenic,999413,5992.227745564657,16709.148597556778,1.4794738615889982,-0.10234619333868662,5581.8612516057265
FAT_015,FAT_DON_11,Allogenic,1002367,7174.694020689416,14053.009493137244,0.9698899093305332,-0.07420309823018795,6815.00260374422
FAT_015,FAT_DON_11,Allogenic,1035839,266.563343348149,41.138332125726265,-2.695923191934576,0.875387895221105,489.01078915406777
FAT_015,FAT_DON_11,Allogenic,1042156,2704.855287816095,3621.725616955448,0.4211258407708431,0.2826451590319709,3290.2485463096027
FAT_015,FAT_DON_11,Allogenic,1042403,333.3857618441427,79.94807941414727,-2.0600572098851515,1.8084639204055337,1167.7474679349748
FAT_015,FAT_DON_11,Allogenic,1077285,8925.877183665947,2738.4157686709864,-1.70465245086415,-0.42791361489105106,6634.925842686005
FAT_015,FAT_DON_11,Allogenic,1121100,36076.84268147836,8910.717977421464,-2.0174594984161125,-1.1506478733036603,16249.836599980374
FAT_015,FAT_DON_11,Allogenic,1121101,30807.313918560598,1935.0539998006711,-3.992827167638024,-0.5772803893281032,20647.863517292917
FAT_015,FAT_DON_11,Allogenic,1121114,2766.5933918613064,3204.132736132038,0.2118232892053518,0.6572698064845581,4363.181330068888
FAT_015,FAT_DON_11,Allogenic,1121115,107344.40466872737,81217.9343454244,-0.4023767525329799,-1.4002515878865127,40668.83036824136
FAT_015,FAT_DON_11,Allogenic,1121130,14003.654658725643,1953.6826784991133,-2.841535323610907,0.1773517903250531,15835.42052048819
FAT_015,FAT_DON_11,Allogenic,1121315,443.7880184896976,412.1595162030311,-0.1066679126691379,0.09405927854054402,473.6856596059313
FAT_015,FAT_DON_11,Allogenic,1121333,4445.143491255236,1573.3471550725874,-1.4983929577676776,0.6251084842396339,6855.863923746241
FAT_015,FAT_DON_11,Allogenic,1121344,667.4978543241114,2055.364216394776,1.622558961863621,-0.2840832727991609,548.1914877918343
FAT_015,FAT_DON_11,Allogenic,1122949,573.801202302555,131.9531407806314,-2.120525300581326,0.3509000578830871,731.8008284520625
FAT_015,FAT_DON_11,Allogenic,1122975,1460.6509086461242,1272.9597110602087,-0.1984246604544685,-1.073077512356363,694.2532385390442
FAT_015,FAT_DON_11,Allogenic,1122981,1920.418201123994,2179.5554077177235,0.1826133651423066,-0.3539613569499835,1502.5980734536156
FAT_015,FAT_DON_11,Allogenic,1123075,1187.550589575541,1976.9685268721655,0.7353009302341874,-0.07945609158105062,1123.9149618691433
FAT_015,FAT_DON_11,Allogenic,1123263,1471.5458681835146,2256.398707348797,0.6166895036805365,-0.43331289553318797,1089.7669296907536
FAT_015,FAT_DON_11,Allogenic,1123313,1691.624050838798,3544.106122378606,1.0670128263592733,-0.11067101734330205,1566.7097829150775
FAT_015,FAT_DON_11,Allogenic,1124991,11685.207269168994,18.628678698442084,-9.292942259238758,0.7941654517529625,20263.01391634297
FAT_015,FAT_DON_11,Allogenic,1150460,2800.730931745129,11607.995413966722,2.0512435601221903,-0.6967509209823661,1727.9392158227379
FAT_015,FAT_DON_11,Allogenic,1156431,80.6227005766881,7.761949457684201,-3.376695165117306,0.4936373374875085,113.51597585282485
FAT_015,FAT_DON_11,Allogenic,1156433,101.68628901564269,32.60018772227364,-1.641172987820769,1.601411249290043,308.5568695171736
FAT_015,FAT_DON_11,Allogenic,1160721,61919.68670416812,329383.75860144943,2.4112993427885985,-0.10339744465494677,57637.21900686142
FAT_015,FAT_DON_11,Allogenic,1203465,28664.63854287384,1730.1385341178084,-4.050312621169217,-0.9354492408615671,14988.155453144114
FAT_015,FAT_DON_11,Allogenic,1203540,2079.4846103698924,12822.7405040943,2.624406717652892,-0.9962527298615779,1042.4464523351785
FAT_015,FAT_DON_11,Allogenic,1203606,7364.992647275832,19581.846091845706,1.4107607923258776,0.8656920563037417,13420.589528015691
FAT_015,FAT_DON_11,Allogenic,1203610,3462.4181409826324,2590.938728974986,-0.418305064361639,-0.09265376565362464,3247.042341444225
FAT_015,FAT_DON_11,Allogenic,1203611,37570.90479937248,30176.907101584635,-0.316170911612942,0.7698320707963326,64061.071573909976
FAT_015,FAT_DON_11,Allogenic,1211844,1465.0088924610802,2049.154656828629,0.4841194519782918,-0.5361869815901144,1010.2570645729634
FAT_015,FAT_DON_11,Allogenic,1233170,337.74374565909886,456.402628111831,0.434378045186408,0.4971349077794614,476.69416354959117
FAT_015,FAT_DON_11,Allogenic,1235789,9373.296855334776,6304.255349531108,-0.5722306027115692,-0.1044127379050732,8718.886124058225
FAT_015,FAT_DON_11,Allogenic,1235811,1839.06916991148,1405.6890467866087,-0.3876982521327359,-0.2765218326035604,1518.2968740684737
FAT_015,FAT_DON_11,Allogenic,1256908,35373.75462599877,16218.593391831138,-1.1250306543415936,-0.9194434167286621,18702.562348078944
FAT_015,FAT_DON_11,Allogenic,1282887,1160.6763560499785,120.31021659410511,-3.270134681308301,0.7275268011532898,1921.845748805356
FAT_015,FAT_DON_11,Allogenic,1292036,406.7451560625707,567.3985053567151,0.4802371853529082,1.0531340680496688,844.009497223636
FAT_015,FAT_DON_11,Allogenic,1322347,13129.15257319112,88273.54640245934,2.7492073595064586,0.021095464070217958,13322.540916403888
FAT_015,FAT_DON_11,Allogenic,1384484,5265.170779102811,4380.844273916962,-0.2652713947026473,-0.10187045683832391,4906.213003325773
FAT_015,FAT_DON_11,Allogenic,1408437,9302.842783659651,13993.24248231308,0.5889867485445397,1.2630342154109,22326.81973384165
FAT_015,FAT_DON_11,Allogenic,1410647,10668.344379012566,42185.41910756786,1.9834081329624893,-0.2063115857892676,9246.79119301904
FAT_015,FAT_DON_11,Allogenic,1410665,25131.039999580255,25447.55129701765,0.018056463345378,-0.3188539344433301,20147.71796882478
FAT_015,FAT_DON_11,Allogenic,1437612,112532.5844004326,423954.574598928,1.91356689097264,-1.1251634625246236,51590.5717156831
FAT_015,FAT_DON_11,Allogenic,1440052,1558.7055444826367,3232.8519491254697,1.0524590258418256,-0.33926044739058775,1232.073195208893
FAT_015,FAT_DON_11,Allogenic,1899017,1047.3687768611194,10.090534294989462,-6.697623124754292,-0.12465105821578297,960.6737312578654
FAT_008,FAT_DON_11,Allogenic,818,24616.263572553868,15221.60518551209,-0.6934912907377287,0.06040418963602108,25668.802373216095
FAT_008,FAT_DON_11,Allogenic,904,1365.6510710566415,2470.639151283635,0.8552953967658936,0.1635540010744632,1529.5877960625455
FAT_008,FAT_DON_11,Allogenic,1547,2648.395837630924,2075.494419861545,-0.3516637148900061,0.1447619314641299,2927.92926318767
FAT_008,FAT_DON_11,Allogenic,205913,707.0065410023423,10376.15932611363,3.875405164797859,0.865316524512698,1287.981607773044
FAT_008,FAT_DON_11,Allogenic,206672,165.81260896471872,8607.853833669924,5.698027956665076,2.431225016773035,894.3123104684271
FAT_008,FAT_DON_11,Allogenic,207244,1709.9425299486618,1472.9315237727092,-0.2152574764959745,0.6193874456451889,2626.85266266985
FAT_008,FAT_DON_11,Allogenic,213810,1980.5394959674736,10535.004882598923,2.4112256058909285,0.30689727227152064,2450.015275168577
FAT_008,FAT_DON_11,Allogenic,226186,20804.876519267626,14004.664434587576,-0.5710143103032291,0.5478479603891522,30414.719228779773
FAT_008,FAT_DON_11,Allogenic,246201,92.1181160915104,292.7484222828112,1.668104583616303,2.515295576892355,526.652880924073
FAT_008,FAT_DON_11,Allogenic,264199,2703.6667072858304,2105.688203325691,-0.3606254880717713,3.909081015720237,40616.62136560818
FAT_008,FAT_DON_11,Allogenic,272559,1827.3931279653375,1852.32297686568,0.0195486383454426,0.5945959677503799,2759.4543189068036
FAT_008,FAT_DON_11,Allogenic,272621,23.0295290228776,13.127731940933236,-0.8108672214166394,4.590447175168816,554.8139209770881
FAT_008,FAT_DON_11,Allogenic,295405,6511.599331218641,3209.7304595581763,-1.020559780454226,0.519542004450155,9334.378287481704
FAT_008,FAT_DON_11,Allogenic,314315,8.06033515800716,56.44924734601292,2.8080426112278545,3.7261847733743445,106.6710295630855
FAT_008,FAT_DON_11,Allogenic,321956,48902.05340362944,35.44487624051974,-10.430102237343691,0.6381223597712258,76106.3802748295
FAT_008,FAT_DON_11,Allogenic,321967,3.45442935343164,60.38756692829289,4.127732233919217,4.532858924396573,79.96552957194328
FAT_008,FAT_DON_11,Allogenic,347253,1610.9155551502884,25424.4784500054,3.98026540490296,3.3266511426803658,16161.979597192714
FAT_008,FAT_DON_11,Allogenic,349741,2453808.9836285706,1958.6576055872388,-10.290942010628475,-2.8608846599325117,337775.89651469665
FAT_008,FAT_DON_11,Allogenic,354242,852.0925738464713,1159.1787303844048,0.4440209457155145,0.2350431499142486,1002.8634853315114
FAT_008,FAT_DON_11,Allogenic,367928,3227.5884925562955,389.8936386457171,-3.0493041296483674,-0.10253151250651574,3006.1669624379656
FAT_008,FAT_DON_11,Allogenic,390333,47831.18030406563,44.63428859917301,-10.065583245219294,0.6466366019783457,74880.3923566922
FAT_008,FAT_DON_11,Allogenic,391904,191.14509088988407,2303.916955633784,3.5913486624283597,2.7853644344767328,1317.7753889236146
FAT_008,FAT_DON_11,Allogenic,411459,57032.62862515638,188667.82513551015,1.7259889779337478,-0.20792833409062111,49377.68480520944
FAT_008,FAT_DON_11,Allogenic,411460,19183.59767605704,87953.1784578645,2.19686240728392,0.4265830934947685,25783.64805683487
FAT_008,FAT_DON_11,Allogenic,411461,91512.43947820872,184859.4700994455,1.0143891823168196,-0.717345718046934,55659.276178345404
FAT_008,FAT_DON_11,Allogenic,411462,28306.74559847,83701.10608219622,1.5641007942317828,0.18024781588471891,32073.764863539007
FAT_008,FAT_DON_11,Allogenic,411463,28800.728996010726,44033.038476278256,0.6124810708859169,-0.009444509856641919,28612.802679660228
FAT_008,FAT_DON_11,Allogenic,411464,219.93200216848103,44458.3769911645,7.659253926585142,0.3272337514930564,275.92789173595276
FAT_008,FAT_DON_11,Allogenic,411466,2799.239252730772,4244.195736503715,0.6004563926807174,0.43489504320699673,3784.0465686908665
FAT_008,FAT_DON_11,Allogenic,411467,24513.782168402064,80261.64031367171,1.7111175498098958,0.2135403449642349,28424.46974460776
FAT_008,FAT_DON_11,Allogenic,411468,19398.923772420945,25795.993263933808,0.4111703821798641,-0.13804500328698177,17628.76748841574
FAT_008,FAT_DON_11,Allogenic,411469,80762.25533032946,82220.29791925896,0.0258134001285069,0.3516134911239682,103051.57792054853
FAT_008,FAT_DON_11,Allogenic,411470,19500.253700121608,24584.303605785677,0.3342445951349069,0.9977983755076019,38941.03607299778
FAT_008,FAT_DON_11,Allogenic,411471,144045.0981322948,265511.00405176287,0.8822510881924905,0.0013108592518358898,144176.03963701962
FAT_008,FAT_DON_11,Allogenic,411472,1941.3892966285816,1251.072853970937,-0.6339236384487799,0.11227547750730847,2098.5093927944313
FAT_008,FAT_DON_11,Allogenic,411473,9267.082478805947,23842.586751122948,1.3633536493265033,1.2987117304439237,22797.866958968425
FAT_008,FAT_DON_11,Allogenic,411474,6509.296378316353,50627.09823020903,2.9593362873701183,0.008566818110889435,6548.0639970740385
FAT_008,FAT_DON_11,Allogenic,411475,41651.20619077643,49739.66355100194,0.2560384732420619,0.4800975004909646,58096.682198808056
FAT_008,FAT_DON_11,Allogenic,411476,7333.753517335372,1984.9130694691053,-1.8854759538221004,0.24425705924741842,8686.703756969475
FAT_008,FAT_DON_11,Allogenic,411477,2199.320021684811,40382.21622350473,4.198590639406401,1.874412206264648,8063.8553023901295
FAT_008,FAT_DON_11,Allogenic,411479,95812.05254677996,31464.54791602878,-1.6064799348818777,-0.09041609578428134,89991.64427746141
FAT_008,FAT_DON_11,Allogenic,411483,823129.4866708491,311030.1017837548,-1.4040651866703266,-2.947177669293672,106728.22298737238
FAT_008,FAT_DON_11,Allogenic,411484,21405.94722676473,85607.25276001974,1.999721351722553,0.19516560948011072,24506.717978421566
FAT_008,FAT_DON_11,Allogenic,411485,96841.4724941026,263675.74712642044,1.4450679572484078,0.2810427996195927,117669.44284376656
FAT_008,FAT_DON_11,Allogenic,411486,54383.081311074304,94524.92106749568,0.797536843629378,0.1539589255352354,60507.61926280159
FAT_008,FAT_DON_11,Allogenic,411487,32703.08268893734,36180.029229212,0.145766938668779,1.194311642567537,74836.3023698769
FAT_008,FAT_DON_11,Allogenic,411489,24839.65000407578,37362.83787709008,0.5889591926214123,-0.06598002853306084,23729.222279894973
FAT_008,FAT_DON_11,Allogenic,411490,9731.12748861693,8494.955338977898,-0.196000608631116,0.15467721580165592,10832.423830874355
FAT_008,FAT_DON_11,Allogenic,411901,1453.1632813435767,469.9728034854099,-1.628547639134932,-0.2234425012689395,1244.6622572856747
FAT_008,FAT_DON_11,Allogenic,411902,29741.48525659528,31594.51246224402,0.0871973078538824,-0.8241522968728815,16798.406659818636
FAT_008,FAT_DON_11,Allogenic,411903,123964.50030079667,374100.9771207745,1.5935006987439513,0.1982825593196657,142228.4024936346
FAT_008,FAT_DON_11,Allogenic,428125,15313.48532376246,25776.301666022413,0.7512426082506994,0.30979615494412993,18981.56348637756
FAT_008,FAT_DON_11,Allogenic,428126,5680.233333492761,6448.341929386405,0.1829780519590473,0.19831083138364292,6517.239556467407
FAT_008,FAT_DON_11,Allogenic,428127,14943.861382945275,21566.23803256512,0.5292215598792814,1.7559204548957847,50471.65634776954
FAT_008,FAT_DON_11,Allogenic,428128,2076.112041412416,8015.793123133833,1.9489609713577989,-0.061033689479236715,1990.1133639391678
FAT_008,FAT_DON_11,Allogenic,435590,206107.37589604768,108788.20182131964,-0.9218740315556936,-0.7922361307249672,119016.36859302707
FAT_008,FAT_DON_11,Allogenic,435591,16437.326340078886,9961.32299678014,-0.7225663831427309,0.42816053227927564,22116.70069730645
FAT_008,FAT_DON_11,Allogenic,435830,1815.8783634538988,1324.5881528401635,-0.4551237071007924,0.0972347391547874,1942.48344899312
FAT_008,FAT_DON_11,Allogenic,442563,188.84213798759637,69.57697928694616,-1.440498771471524,1.8226893091885035,668.0101533206497
FAT_008,FAT_DON_11,Allogenic,445970,2294.892567129753,124137.14600665878,5.757364455655776,6.096643929165264,157048.9564223607
FAT_008,FAT_DON_11,Allogenic,445972,48636.06234341521,84096.25081361832,0.7900150530411002,0.4711360078215388,67419.33692392109
FAT_008,FAT_DON_11,Allogenic,445973,3827.5077236022576,5744.695497352384,0.5858251346055725,2.574055587179087,22792.083011654104
FAT_008,FAT_DON_11,Allogenic,449673,6336.574910644771,5911.417693002237,-0.1001990724041554,0.46050806896040763,8719.293876536385
FAT_008,FAT_DON_11,Allogenic,450749,50.66496385033072,192.97765953171856,1.929373504782428,1.1451467400666815,112.0550039682399
FAT_008,FAT_DON_11,Allogenic,451640,2548.2173863814064,1365.2841218570566,-0.9002871441891965,-0.4259372973170689,1896.7782970280616
FAT_008,FAT_DON_11,Allogenic,457387,18140.360011320685,7264.886856112454,-1.3201908531902833,0.8095053385046159,31792.983913479864
FAT_008,FAT_DON_11,Allogenic,457388,21238.98314134887,12996.454621523904,-0.7085965801444861,0.4693649093662644,29405.369217252537
FAT_008,FAT_DON_11,Allogenic,457390,8296.387830491654,2293.4147700810367,-1.8549860435619892,0.235057173079909,9764.461683976957
FAT_008,FAT_DON_11,Allogenic,457391,21627.030705384357,10281.63965613891,-1.072765247817928,0.6917059337245187,34931.81336045218
FAT_008,FAT_DON_11,Allogenic,457392,3935.7465100097816,1475.5570701608958,-1.4153775828718524,0.11946865736109298,4275.537977607948
FAT_008,FAT_DON_11,Allogenic,457393,225013.467747379,75136.57376393139,-1.58242411821842,-0.10128646733215303,209757.86209346057
FAT_008,FAT_DON_11,Allogenic,457394,161896.43755437838,82682.3940835798,-0.9694191722721952,-0.4707054288654566,116826.35832923662
FAT_008,FAT_DON_11,Allogenic,457395,26334.26643766053,13637.087940241448,-0.9494056680372668,0.4024001243940394,34806.129599734435
FAT_008,FAT_DON_11,Allogenic,457412,466779.7663824504,383269.3851083222,-0.2843832627723228,-2.023807855844292,114785.00361623126
FAT_008,FAT_DON_11,Allogenic,457416,72.54301642206444,182.475473978972,1.3307939278069516,0.7412504237083668,121.26465119939138
FAT_008,FAT_DON_11,Allogenic,457421,10149.113440382158,11497.267633869327,0.1799373317585757,-0.43538683316935206,7505.223164103287
FAT_008,FAT_DON_11,Allogenic,457424,31506.698656198845,19053.5901390705,-0.7255957327982758,0.30465836862543116,38914.746579000384
FAT_008,FAT_DON_11,Allogenic,469585,32306.97478974384,20203.57945709625,-0.6772347465164151,0.16499753921115282,36221.42243545389
FAT_008,FAT_DON_11,Allogenic,469588,6673.957510829929,3467.034005600468,-0.9448405148064756,0.05535215519884087,6934.994108606365
FAT_008,FAT_DON_11,Allogenic,469589,6067.129421077104,4657.719292643113,-0.3813903914890528,0.8271412558786438,10764.09663184944
FAT_008,FAT_DON_11,Allogenic,469590,14491.331137645731,6053.197197964315,-1.259420867053054,0.5120841610708724,20666.216430546196
FAT_008,FAT_DON_11,Allogenic,469591,9787.54983472298,9402.081616096384,-0.0579675440085414,0.08938346835669267,10413.125232766304
FAT_008,FAT_DON_11,Allogenic,469592,11419.191965993858,7610.146206158998,-0.5854644915269497,0.14301582028420334,12609.196873373223
FAT_008,FAT_DON_11,Allogenic,469593,164276.53937889278,83588.2075875042,-0.974755131171969,-0.4824678811887647,117581.29561559908
FAT_008,FAT_DON_11,Allogenic,469596,5536.298777099775,7225.503660289653,0.3841763525742731,0.27673705661571235,6706.959356661746
FAT_008,FAT_DON_11,Allogenic,469610,50.66496385033072,305.8761542237444,2.593887304600344,3.80911477809635,710.1752654103963
FAT_008,FAT_DON_11,Allogenic,470145,9132.359734022111,6349.883939829406,-0.5242574668488963,0.23600417531157272,10755.419308809942
FAT_008,FAT_DON_11,Allogenic,470146,41232.068762560055,125695.40778804757,1.6080931892570205,-0.13144805463645598,37641.361027872474
FAT_008,FAT_DON_11,Allogenic,471870,8395.41480529003,41419.30704683845,2.302629903679166,0.5168162401659657,12012.111350792984
FAT_008,FAT_DON_11,Allogenic,471872,102.48140415180532,353.13598921110406,1.7848617101735869,2.2063050819098593,472.94329907045403
FAT_008,FAT_DON_11,Allogenic,471875,51627.59816348701,28997.847084327423,-0.8321966893259957,0.24318987195830213,61106.775482621946
FAT_008,FAT_DON_11,Allogenic,473819,2559.7321508928453,555.3030611014759,-2.2046456013236795,-0.4928811869445002,1818.957290094808
FAT_008,FAT_DON_11,Allogenic,476272,28527.829077089624,41565.02487138281,0.5430001105364213,0.01867472038126157,28899.50305015132
FAT_008,FAT_DON_11,Allogenic,478749,11224.592445750544,15167.781484554263,0.4343470222001457,-0.05397144383507804,10812.436194089398
FAT_008,FAT_DON_11,Allogenic,479436,46.0590580457552,216.6075770253984,2.233526897941814,1.6385485760956409,143.4060001475259
FAT_008,FAT_DON_11,Allogenic,479437,13509.12172482,16410.97769936064,0.28072730825011,2.5386521530464496,78494.19891610331
FAT_008,FAT_DON_11,Allogenic,483215,7528.353037578687,2566.471594452448,-1.5525479909891906,1.5053088910106285,21371.898640544878
FAT_008,FAT_DON_11,Allogenic,483216,16025.097770569377,7688.912597804598,-1.059481673878114,0.4582170052967606,22015.96625986374
FAT_008,FAT_DON_11,Allogenic,483217,23056.01298125391,11868.78244779774,-0.9579711083760688,0.3697512164901393,29791.365866528733
FAT_008,FAT_DON_11,Allogenic,483218,26566.8646807916,44605.40758890295,0.7475906445512761,0.20463169703233247,30615.445436236776
FAT_008,FAT_DON_11,Allogenic,484018,2411.191688695285,2331.485192709743,-0.0484970819973417,0.5188801494903375,3454.8582006386273
FAT_008,FAT_DON_11,Allogenic,484020,571.1323197673645,3085.0170061193103,2.433381509648848,1.0219606121720266,1159.785128827666
FAT_008,FAT_DON_11,Allogenic,500632,25235.757903269277,35734.999116414365,0.5018683369825109,-0.3333502236003197,20029.399827044017
FAT_008,FAT_DON_11,Allogenic,502558,1290.8051017322894,3380.3909747903085,1.3889189327358773,0.19131663393159612,1473.848075581744
FAT_008,FAT_DON_11,Allogenic,511680,12593.697946160615,30491.78297920563,1.275718542564919,-0.0698241900263941,11998.697297811523
FAT_008,FAT_DON_11,Allogenic,515619,320755.2802306392,725296.6875510085,1.1770982451325895,-0.34981334527398483,251692.053794763
FAT_008,FAT_DON_11,Allogenic,515620,9525.013203862176,16791.681925647703,0.8179537463020454,0.10316915996933376,10231.106328273707
FAT_008,FAT_DON_11,Allogenic,518635,1703.0336712417984,477.8494426499698,-1.8334789183170104,0.22094395401297498,1984.8787953394433
FAT_008,FAT_DON_11,Allogenic,518636,8710.919352903453,15070.636268191356,0.7908434330423112,0.7811973502206712,14970.207770867044
FAT_008,FAT_DON_11,Allogenic,518637,9195.690938835023,10378.784872501818,0.1746076617699267,0.8266938969959888,16309.626919132823
FAT_008,FAT_DON_11,Allogenic,525259,7570.957666271011,9777.534749607074,0.3689949570751272,0.9090127203493614,14216.4418528378
FAT_008,FAT_DON_11,Allogenic,525306,4.60590580457552,5.251092776373294,0.1891327785833606,4.0953568382012415,78.73000938363852
FAT_008,FAT_DON_11,Allogenic,525337,9.21181160915104,49.885381375546295,2.437060292026946,4.0504645159566754,152.63578454610646
FAT_008,FAT_DON_11,Allogenic,525362,811.7908980564354,1300.9582353464837,0.6803945784836929,0.4492066316949397,1108.3293855862412
FAT_008,FAT_DON_11,Allogenic,536231,65228.83800439851,81250.15852882399,0.3168606995227965,-0.9967758940271194,32687.386555197798
FAT_008,FAT_DON_11,Allogenic,537006,758.822981303817,3679.7032630435865,2.2777541526078027,0.8239189092518019,1343.2745324413295
FAT_008,FAT_DON_11,Allogenic,537007,14393.4556392985,19216.37401513807,0.4169231343678705,0.6776913252944686,23023.454684376717
FAT_008,FAT_DON_11,Allogenic,537011,5613.447699326414,1216.940750924511,-2.205628196315444,0.003325248820310689,5626.400983272999
FAT_008,FAT_DON_11,Allogenic,537012,136177.05954162867,61486.358091749,-1.1471454246984834,-0.1412565064097338,123475.70279727045
FAT_008,FAT_DON_11,Allogenic,537013,2575.8528212088595,9803.79021348894,1.928289449750444,1.8947802703474292,9578.703742943113
FAT_008,FAT_DON_11,Allogenic,537937,240.6585782890709,9969.1996359447,5.372417930121567,2.667293437755021,1528.750734636931
FAT_008,FAT_DON_11,Allogenic,537973,14.96919386487044,34.132103046426415,1.1891327785833607,4.212463620558733,277.50851814715
FAT_008,FAT_DON_11,Allogenic,543734,11.5147645114388,43.32151540507968,1.911598803054452,2.3829019458345417,60.05926638496555
FAT_008,FAT_DON_11,Allogenic,545696,37751.15545075211,32710.369677223345,-0.2067727375499855,1.6857540315844834,121448.67399861677
FAT_008,FAT_DON_11,Allogenic,545697,52.96791675261848,267.805731595038,2.337996164497844,2.7675525301173307,360.6859442854027
FAT_008,FAT_DON_11,Allogenic,546273,113.99616866324412,567.1180198483158,2.31466366066722,2.6276307526792233,704.5080003798653
FAT_008,FAT_DON_11,Allogenic,547042,5263.398858178675,3121.774655553924,-0.7536283252750184,0.5325600675787092,7613.473435402311
FAT_008,FAT_DON_11,Allogenic,547043,33241.97366807267,1100.1039366502052,-4.917294301857344,1.0417145883466876,68434.34882476032
FAT_008,FAT_DON_11,Allogenic,548480,2228.106932963408,11217.646943527452,2.33187970411509,0.5644718230362775,3295.0270212472165
FAT_008,FAT_DON_11,Allogenic,552396,9265.931002354802,17616.10349153831,0.9268870049537586,1.5202857936509753,26579.12550238757
FAT_008,FAT_DON_11,Allogenic,552398,40336.22008357012,94106.14641857993,1.2222130587489202,0.2948748333340857,49483.609128931836
FAT_008,FAT_DON_11,Allogenic,552531,239.50710183792705,60.38756692829289,-1.9877449835007188,1.9526021241160691,927.0650412504101
FAT_008,FAT_DON_11,Allogenic,555970,215.32609636390555,77.45361845150609,-1.475118631942435,1.968411258877896,842.6505331315128
FAT_008,FAT_DON_11,Allogenic,556258,7159.880573212646,3625.87956208576,-0.9816045184996526,0.2515147536686101,8523.525475759528
FAT_008,FAT_DON_11,Allogenic,556259,5360.122880074761,896.6240915657401,-2.5796909055727046,0.15869022672204633,5983.361797168598
FAT_008,FAT_DON_11,Allogenic,556270,2015.08378950179,2260.5954402287034,0.1658629992605135,0.43094336060617267,2716.564288876969
FAT_008,FAT_DON_11,Allogenic,563192,3171.1661464502454,11088.995170506303,1.8060432701380045,0.029289240896722947,3236.204344760563
FAT_008,FAT_DON_11,Allogenic,563193,17770.736070503503,10338.088903484924,-0.7815339255118323,0.48475465063092754,24867.44162859549
FAT_008,FAT_DON_11,Allogenic,565040,232.59824313106373,9411.271028455038,5.338477472690485,2.345706116649342,1182.3180836388633
FAT_008,FAT_DON_11,Allogenic,565042,202.6598554013229,9054.196719661652,5.4814544113854,2.3499914967091375,1033.2029999813835
FAT_008,FAT_DON_11,Allogenic,566550,11715.121413937835,15611.498824157805,0.4142371476283761,0.3757585534013479,15200.62305906328
FAT_008,FAT_DON_11,Allogenic,566552,2639.1840260217728,548.7391951310093,-2.265899418092661,0.24528118798994036,3128.2875688409417
FAT_008,FAT_DON_11,Allogenic,568703,4.60590580457552,9.189412358653266,0.9964877006409648,2.8499462895478036,33.20736158879466
FAT_008,FAT_DON_11,Allogenic,568816,873.970626418205,1651.468678169401,0.9180929100471832,0.2964555121983643,1073.3437655883488
FAT_008,FAT_DON_11,Allogenic,573236,244.11300764250257,76.14084525741276,-1.6808066808522666,1.9526021241160691,944.8932151206103
FAT_008,FAT_DON_11,Allogenic,580050,211.8716670104739,72.2025256751328,-1.5530694639489924,1.9572631877626026,822.7498514730162
FAT_008,FAT_DON_11,Allogenic,585394,98340.69483349191,413681.08892268816,2.072658553733805,-0.17652090150444733,87015.21273533862
FAT_008,FAT_DON_11,Allogenic,585543,229364.89725625172,75557.97395923534,-1.6019886911705323,-0.21198198818496594,198022.26141025877
FAT_008,FAT_DON_11,Allogenic,585544,17935.397203017073,6769.97136193927,-1.4055880599377168,0.7305000144055791,29758.663001538196
FAT_008,FAT_DON_11,Allogenic,592028,1607.4611257968563,698.3953392576482,-1.202668012125102,0.027722806712650296,1638.6487661214533
FAT_008,FAT_DON_11,Allogenic,622312,100657.4654531934,144294.77840196175,0.5195649174785127,0.1604295675306516,112496.78282885731
FAT_008,FAT_DON_11,Allogenic,626522,143.934556392985,203.47984508446515,0.4994728991955112,2.9274852788771852,1095.0298410335977
FAT_008,FAT_DON_11,Allogenic,626939,5545.510588708926,5532.026239909266,-0.003512299359035,1.1992398616417987,12733.52687449543
FAT_008,FAT_DON_11,Allogenic,641112,1039.7832353829235,8270.47112278794,2.991686714377144,0.6810116700178422,1667.0466418879762
FAT_008,FAT_DON_11,Allogenic,645463,8161.665085707821,9352.19623472084,0.1964416911299616,1.5505540742154635,23907.934412483086
FAT_008,FAT_DON_11,Allogenic,649757,16212.78843210583,51019.61741524293,1.653919839694566,-0.1023634228143742,15102.305620913161
FAT_008,FAT_DON_11,Allogenic,657308,2824.5717346559377,111744.5670544178,5.30602873926965,0.3219529666297062,3530.775537581957
FAT_008,FAT_DON_11,Allogenic,657309,4068.166301891328,1820.81642020744,-1.159793182983689,0.3189999216528498,5074.897126832404
FAT_008,FAT_DON_11,Allogenic,657313,48428.79658220931,90905.60537138038,0.9085041022899556,0.6177491107800194,74312.98210272417
FAT_008,FAT_DON_11,Allogenic,657314,126681.98472549624,163725.13444773704,0.3700644404162401,-0.11142356022155102,117266.24668074012
FAT_008,FAT_DON_11,Allogenic,657317,320712.6756019469,734511.0426003495,1.1955028054666077,-1.084481692975205,151235.79919133545
FAT_008,FAT_DON_11,Allogenic,657319,9576.82964416365,32786.51052248076,1.7754823194698977,0.3806172295384085,12468.062339987844
FAT_008,FAT_DON_11,Allogenic,657321,11148.594999975046,114644.48304016996,3.3622331194537893,0.17491116116783761,12585.591894273133
FAT_008,FAT_DON_11,Allogenic,657322,74229.92942299023,219280.3832485724,1.562703852500846,0.3525602570824748,94778.59366247586
FAT_008,FAT_DON_11,Allogenic,657323,568716.5221728646,479332.8763592952,-0.2466818230752453,-2.3846907226261536,108901.1353520575
FAT_008,FAT_DON_11,Allogenic,658089,18026.363842657443,58669.146817224726,1.7024935967573551,-0.17325376601880238,15986.505894809165
FAT_008,FAT_DON_11,Allogenic,658659,8267.600919213059,13583.26423928362,0.7162895640549568,0.10968337293575937,8920.670333312555
FAT_008,FAT_DON_11,Allogenic,665943,21044.38362110555,22200.307485312194,0.07714440423728,2.725390485856266,139174.76483698108
FAT_008,FAT_DON_11,Allogenic,665951,26604.86340367935,113655.96482501768,2.0949114993299367,-0.13023429186056465,24308.412931080802
FAT_008,FAT_DON_11,Allogenic,665953,6649.776505355907,5705.312301529585,-0.2209999934261386,0.5438032155337812,9694.114138693862
FAT_008,FAT_DON_11,Allogenic,679935,33243.125144523816,86381.78894453478,1.3776711802599255,1.8404106481872125,119047.60260517045
FAT_008,FAT_DON_11,Allogenic,680646,925.7870667196796,4233.6935509509685,2.1931645326024105,0.20138637047953142,1064.4725034946098
FAT_008,FAT_DON_11,Allogenic,702443,9831.305939866448,2836.9028724356726,-1.7930663118047707,-0.17385238335240744,8715.18135656981
FAT_008,FAT_DON_11,Allogenic,702444,4702.629826471606,1425.6716887853495,-1.7218259844900794,0.34341079538163044,5966.473887941073
FAT_008,FAT_DON_11,Allogenic,702447,4838.504047706584,1556.9490081946817,-1.6358393735436818,0.6016842733119064,7342.367582463374
FAT_008,FAT_DON_11,Allogenic,709991,3720.420413645876,35595.84515784047,3.258171293220568,2.6740099977214284,23743.745941629706
FAT_008,FAT_DON_11,Allogenic,717959,26686.618231710567,70132.28234804762,1.3939621824991753,2.679672699184371,170983.97287076167
FAT_008,FAT_DON_11,Allogenic,717960,27955.54528087112,35136.3745399078,0.3298308526791816,2.1297504412224164,122345.14325342367
FAT_008,FAT_DON_11,Allogenic,717962,50017.83408478786,67930.76170155313,0.4416224450357154,1.0363902228447648,102591.03845747364
FAT_008,FAT_DON_11,Allogenic,718252,200222.1797542513,199906.47645014315,-0.002276586186366,0.13005589864436812,219110.35964061355
FAT_008,FAT_DON_11,Allogenic,742725,5396.970126511366,4475.24381866414,-0.2701834167557176,0.14211236710346312,5955.662781882418
FAT_008,FAT_DON_11,Allogenic,742726,40306.28169584038,24643.37839951987,-0.7098046480077103,1.6923099848511662,130259.31895903766
FAT_008,FAT_DON_11,Allogenic,742727,4961.712027978979,4443.7372620059,-0.1590644860646629,0.7120884348620004,8128.146697170578
FAT_008,FAT_DON_11,Allogenic,742729,221.08347861962497,78.76639164559941,-1.4889391265292773,2.0030911393255617,886.2307325030328
FAT_008,FAT_DON_11,Allogenic,742733,10889.512798467673,12441.151560422428,0.1921806196681013,-0.5442836400628375,7467.285356284909
FAT_008,FAT_DON_11,Allogenic,742740,32249.400967186648,56018.65773835031,0.7966350527310808,0.31317452577206845,40067.89971877574
FAT_008,FAT_DON_11,Allogenic,742741,7740.224704589162,11551.091334827155,0.5775818077534708,0.7502034291973989,13019.29008816613
FAT_008,FAT_DON_11,Allogenic,742743,939.6047841334062,1407.292864068043,0.5827966270696373,0.4848723269965775,1314.941202693098
FAT_008,FAT_DON_11,Allogenic,742817,1925.2686263125672,1252.3856271650309,-0.6203808974920106,0.8911884273752609,3570.8021053451344
FAT_008,FAT_DON_11,Allogenic,742820,19.57509966944596,82.70471122787939,2.078949860832937,4.290919330642926,383.1769793701165
FAT_008,FAT_DON_11,Allogenic,748224,111918.90514538056,192665.2195115244,0.783642401195632,0.02374198978280827,113775.95880989784
FAT_008,FAT_DON_11,Allogenic,759350,300.53535374855267,3808.355036064732,3.6635613622114738,1.7647291028079228,1021.2497474345448
FAT_008,FAT_DON_11,Allogenic,762966,150.84341509984827,468.66003029131656,1.6354900410750102,2.9794643957204023,1189.6919156221643
FAT_008,FAT_DON_11,Allogenic,762968,3488.9736469659565,17475.636759770325,2.32447041836414,3.934886024243936,53360.07261881031
FAT_008,FAT_DON_11,Allogenic,762982,1048.9950469920743,3124.40020194211,1.574571392976616,0.6265802995144836,1619.5445629847004
FAT_008,FAT_DON_11,Allogenic,762984,4991.650415708719,1052.8441016628456,-2.245225073070916,0.5297461758337376,7206.321795266673
FAT_008,FAT_DON_11,Allogenic,763034,7603.199006903039,5314.105889689774,-0.5167795773350425,0.22492955591657954,8886.012117712062
FAT_008,FAT_DON_11,Allogenic,862962,2980.0210555603617,3503.791655035081,0.2335944667328196,0.4723567747745915,4134.403793743471
FAT_008,FAT_DON_11,Allogenic,862965,24.18100547402148,640.6333187175419,4.727552693367486,4.737718307385781,645.163333036854
FAT_008,FAT_DON_11,Allogenic,866771,2277.620420362595,479.1622158440632,-2.248941278408371,-0.2633265457788952,1897.6327150654038
FAT_008,FAT_DON_11,Allogenic,866776,26.48395837630924,145.71782454435893,2.459986688876454,2.087250578446584,112.54026390372405
FAT_008,FAT_DON_11,Allogenic,868129,641.3723832871411,620.941720806142,-0.0467043654172759,0.9837507398016223,1268.3781055860882
FAT_008,FAT_DON_11,Allogenic,883156,3159.6513819388065,2675.431769562193,-0.2399936514236377,0.8189231478669684,5573.905473125486
FAT_008,FAT_DON_11,Allogenic,888048,2374.344442258681,63073.50088340783,4.7314328672814,1.845824376495241,8534.777932455212
FAT_008,FAT_DON_11,Allogenic,888833,1443.9514697344257,14734.566330503463,3.351110439401221,0.8639295059991232,2627.975381936845
FAT_008,FAT_DON_11,Allogenic,889204,168.11556186700648,1341.6542043633767,2.996487700640965,2.645997225006305,1052.2827463382241
FAT_008,FAT_DON_11,Allogenic,890402,617.1913778131197,8726.003421138323,3.82153122668328,1.318004244481597,1538.787544540187
FAT_008,FAT_DON_11,Allogenic,903814,2277.620420362595,3800.478396900173,0.7386537007008488,0.5432117500912823,3318.978038128414
FAT_008,FAT_DON_11,Allogenic,904306,436.4095749835305,5961.303074377784,3.771873061836603,1.606382980445611,1328.8125838708986
FAT_008,FAT_DON_11,Allogenic,927666,70.24006351977668,556.6158342955692,2.9863158955836737,4.091239832604433,1197.2112928063402
FAT_008,FAT_DON_11,Allogenic,997884,2213.137739098537,1877.2656675534529,-0.2374604105246378,-0.1513454460268088,1992.7321380576864
FAT_008,FAT_DON_11,Allogenic,999410,26827.09835875012,40289.0093267241,0.586695311307574,-1.2718662789994748,11109.737590079294
FAT_008,FAT_DON_11,Allogenic,999412,6127.006196536586,8831.025276665789,0.5273986332317575,0.6511635739468089,9622.060591652104
FAT_008,FAT_DON_11,Allogenic,999413,7361.388952162825,16831.065121470503,1.193076571911381,0.7341339856287746,12244.924609607007
FAT_008,FAT_DON_11,Allogenic,1002367,4645.056003914412,1979.661976692732,-1.2304418767609366,0.28807755121948164,5671.669798196822
FAT_008,FAT_DON_11,Allogenic,1035839,3.45442935343164,36.75764943461306,3.4115251999198084,4.110239159873062,59.659772346977185
FAT_008,FAT_DON_11,Allogenic,1042156,5216.188323681777,15075.88736096773,1.531175058856945,0.8784279749604816,9589.28954394079
FAT_008,FAT_DON_11,Allogenic,1042403,214.1746199127617,69.57697928694616,-1.6221055779614717,1.9472280865048723,825.9277675902371
FAT_008,FAT_DON_11,Allogenic,1064535,1105.4173930981249,191.66488633762523,-2.527933258145141,0.09897208034951246,1183.9131886847583
FAT_008,FAT_DON_11,Allogenic,1077285,3495.88250567282,1823.4419665956264,-0.9389924128507132,-0.008966228007373596,3474.2232656214
FAT_008,FAT_DON_11,Allogenic,1121100,6855.890790110661,4727.2962719300585,-0.536328843464395,0.1553824867814905,7635.521076158087
FAT_008,FAT_DON_11,Allogenic,1121101,2951.2341442817647,16828.439575082317,2.511511117694051,1.1757412109867307,6667.101063736086
FAT_008,FAT_DON_11,Allogenic,1121114,5114.858395981115,8991.183606345174,0.8138167459822379,0.701947311953475,8320.334972433026
FAT_008,FAT_DON_11,Allogenic,1121115,405590.30776866456,350971.22621404415,-0.2086704187894323,-1.9174492611270355,107368.73232152424
FAT_008,FAT_DON_11,Allogenic,1121130,3219.5281573982884,10542.881521763482,1.7113480575698583,0.6662690119907968,5109.273904187434
FAT_008,FAT_DON_11,Allogenic,1121315,44.90758159461132,208.73093786083845,2.216613515005468,1.6098523713009332,137.0671933353476
FAT_008,FAT_DON_11,Allogenic,1121333,10099.599952982971,8656.426441851376,-0.2224546711257166,1.2220420575490911,23560.010893667437
FAT_008,FAT_DON_11,Allogenic,1121344,589.5559429856665,2800.1452230010595,2.247801028923932,0.5944242357069321,890.1527681067645
FAT_008,FAT_DON_11,Allogenic,1121864,780.7010338755507,836.2365246374471,0.099140877703317,0.6404917020887274,1217.0038967254636
FAT_008,FAT_DON_11,Allogenic,1122975,718.521305513781,746.9679474391012,0.0560154020276943,0.9186224610589613,1358.2276451517469
FAT_008,FAT_DON_11,Allogenic,1122981,1419.770464260404,1151.302091219845,-0.3023912733747451,-0.04494078409246435,1376.2255398778277
FAT_008,FAT_DON_11,Allogenic,1123075,1686.9130009257842,4048.59253058381,1.2630348791887849,0.5580328298873454,2483.575149557293
FAT_008,FAT_DON_11,Allogenic,1123263,1542.9784445327991,2184.4545949712906,0.5015552113793181,-0.17218636746903518,1369.3882514117586
FAT_008,FAT_DON_11,Allogenic,1123313,2555.12624508827,6675.45169196455,1.3854708851312114,0.5241627635286622,3674.5239068746846
FAT_008,FAT_DON_11,Allogenic,1130798,1191.778126933916,1814.2525542369733,0.6062596265849315,0.3258610444289081,1493.789351416985
FAT_008,FAT_DON_11,Allogenic,1150460,4077.3781135004792,229.73530896633164,-4.149597237975227,-0.341429468556781,3218.106969859205
FAT_008,FAT_DON_11,Allogenic,1156431,569.9808433162206,5306.229250525214,3.218701669996124,1.008341991778685,1146.5722987239826
FAT_008,FAT_DON_11,Allogenic,1156433,497.43782689415616,4959.657127284577,3.317652262808262,0.9443136240762574,957.2062675561804
FAT_008,FAT_DON_11,Allogenic,1160721,311072.5147529703,286428.7321264459,-0.1190747102463888,-0.7269478407069385,187944.02990030198
FAT_008,FAT_DON_11,Allogenic,1203465,17952.66934978423,8375.492978315406,-1.099952357153466,0.6576198680445242,28319.9406062861
FAT_008,FAT_DON_11,Allogenic,1203606,15722.259463918535,26296.159850883367,0.7420435676572672,0.10788594535356447,16943.060624567803
FAT_008,FAT_DON_11,Allogenic,1203610,5318.669727833581,1507.0636268191354,-1.8193251255899885,0.5479785205268537,7776.084916552452
FAT_008,FAT_DON_11,Allogenic,1203611,544713.9955487704,714191.9391021731,0.3908129153139052,-1.795621289269059,156903.5121453622
FAT_008,FAT_DON_11,Allogenic,1211844,2254.590891339717,1686.9135544099208,-0.418479626939094,0.8403453331962996,4036.7969041121155
FAT_008,FAT_DON_11,Allogenic,1233170,34.5442935343164,59.07479373419957,0.7740952793045168,4.8732046580329005,1012.411553044488
FAT_008,FAT_DON_11,Allogenic,1235789,1504.9797216450513,5231.401178461895,1.7974533616657615,0.01878353439474657,1524.7023002114358
FAT_008,FAT_DON_11,Allogenic,1235811,181.93327928073305,565.8052466542225,1.636896089495356,2.4977085376424624,1027.5366894556657
FAT_008,FAT_DON_11,Allogenic,1256908,22119.862626473936,46564.06519449019,1.0738745898530222,0.3615980150475229,28420.66754293139
FAT_008,FAT_DON_11,Allogenic,1282887,320.1104534179986,543.488102354636,0.7636786633591787,-0.6333043341047947,206.3746052683994
FAT_008,FAT_DON_11,Allogenic,1292036,42.60462869232356,126.02622663295908,1.5646419136755672,5.176477586898557,1540.7487009485171
FAT_008,FAT_DON_11,Allogenic,1322347,191.14509088988407,9052.88394646756,5.565637406325534,2.3098794487621457,947.7769646111981
FAT_008,FAT_DON_11,Allogenic,1384484,119790.39816540013,85924.94387299032,-0.4793633637875868,-0.10630864170008439,111280.7178385166
FAT_008,FAT_DON_11,Allogenic,1408437,13535.60568319631,31093.03310210037,1.1998319115117324,-0.3019493742244394,10979.482612335112
FAT_008,FAT_DON_11,Allogenic,1410645,778.3980809732628,1533.319090701002,0.9780779011811936,0.7304450028664746,1291.4797846652275
FAT_008,FAT_DON_11,Allogenic,1437612,3863.203493587717,544.8008755487293,-2.825996746269898,-0.04910705938737525,3733.9189544922383
FAT_008,FAT_DON_11,Allogenic,1899017,9.21181160915104,2.625546388186647,-1.8108672214166397,2.6865891789228953,59.304681317719606
FAT_020,FAT_DON_19,Allogenic,818,1661.4327508603449,1893.9694526274984,0.1889851632869789,2.8301908151445243,11815.581387475984
FAT_020,FAT_DON_19,Allogenic,904,527.7874964798648,28018.607069062444,5.730284251486022,3.540182244456982,6139.883673757171
FAT_020,FAT_DON_19,Allogenic,205913,5226.641355741281,21353.291495392597,2.0305023984466244,-0.16371874680589055,4665.932447253087
FAT_020,FAT_DON_19,Allogenic,206672,4994.870267148428,20945.35961328821,2.068111542029222,-0.21000254717114142,4318.243687358013
FAT_020,FAT_DON_19,Allogenic,213810,498.5111484470834,1034.398701050403,1.0530946948056523,1.292355378284665,1220.9914112313977
FAT_020,FAT_DON_19,Allogenic,226186,2773.1207442162386,1070.821190524009,-1.3727928400834184,3.1471915718332637,24567.889199967525
FAT_020,FAT_DON_19,Allogenic,246198,1480.08203943506,373.9375585956856,-1.9848078561205615,-0.204514863330907,1284.4602836456613
FAT_020,FAT_DON_19,Allogenic,264199,234.21078426225128,174.82794947330757,-0.4218716617294043,2.898545792460047,1746.4498357535838
FAT_020,FAT_DON_19,Allogenic,272559,1043.3765146127373,2216.915525960136,1.0872939331651352,1.1787362726521904,2361.9789997230027
FAT_020,FAT_DON_19,Allogenic,272623,54.4865366165654,26.709825613977543,-1.0285292335498797,4.590403382605606,1312.6178735845517
FAT_020,FAT_DON_19,Allogenic,295405,616.4297724680085,1862.403295083707,1.5951570676024374,2.671293406262499,3926.6577425645005
FAT_020,FAT_DON_19,Allogenic,347253,36.59543504097676,2474.301118240284,6.079213578106734,2.7623069141487435,248.2928152557646
FAT_020,FAT_DON_19,Allogenic,349741,76265.69985728536,3943.341527009048,-4.27354378689467,0.43525243570322714,103122.46811076812
FAT_020,FAT_DON_19,Allogenic,354242,130.93033425771685,301.09257964847416,1.201407770542854,4.8091141476240225,3670.5224747308034
FAT_020,FAT_DON_19,Allogenic,367928,41041.373782510535,105010.89348433516,1.3553880677290862,0.9761172691990105,80735.11474409964
FAT_020,FAT_DON_19,Allogenic,391904,956.3607024041928,4118.169476482355,2.1063764479974303,1.0598971829985746,1993.8044763862829
FAT_020,FAT_DON_19,Allogenic,411459,7351.616283787331,26459.72451959212,1.847664668837126,2.23105351261764,34514.12441386559
FAT_020,FAT_DON_19,Allogenic,411460,5636.510228200221,27040.0561852049,2.262224031011003,1.0726209242339406,11854.994903092913
FAT_020,FAT_DON_19,Allogenic,411461,22367.9431289348,88188.55967945913,1.979158915589582,1.127039167925827,48853.83324715901
FAT_020,FAT_DON_19,Allogenic,411462,9199.27913741176,85629.2727524471,3.2185113527227367,0.5986384293043254,13930.34655500912
FAT_020,FAT_DON_19,Allogenic,411463,5461.665371893331,12723.589656112938,1.220092919758378,2.883780850588035,40311.56185030948
FAT_020,FAT_DON_19,Allogenic,411464,50942.47204081925,5798.460324198034,-3.13512719496771,-1.0407051680059727,24762.617172282276
FAT_020,FAT_DON_19,Allogenic,411467,13010.897004901935,14165.920239267729,0.1227038957646232,0.2603398619864457,15583.94283661213
FAT_020,FAT_DON_19,Allogenic,411468,1616.704996921373,2416.025135082514,0.5795790121393207,0.9748600071354195,3177.553594522179
FAT_020,FAT_DON_19,Allogenic,411469,5715.39372151077,31138.800333968,2.445788572416768,2.78373945892895,39358.20021511805
FAT_020,FAT_DON_19,Allogenic,411470,5335.614428974412,30558.468668355217,2.517845928549688,2.02584650988171,21728.262753075895
FAT_020,FAT_DON_19,Allogenic,411471,63582.53530397263,46246.84896761967,-0.4592754731144329,0.23111403317706158,74629.4253391547
FAT_020,FAT_DON_19,Allogenic,411473,3474.126633223394,17982.997136101607,2.371911240754672,3.1702184447341897,31273.500062990624
FAT_020,FAT_DON_19,Allogenic,411474,21705.972370638014,943119.0860976172,5.441275991029573,0.119620421511679,23582.431457535484
FAT_020,FAT_DON_19,Allogenic,411475,10136.122274460764,12653.172843130636,0.3199933596404752,2.2310733428906127,47587.384927310835
FAT_020,FAT_DON_19,Allogenic,411476,952.2945429551952,410.3600480692914,-1.2145175859484352,3.6115945041197866,11640.444742288188
FAT_020,FAT_DON_19,Allogenic,411477,3555.449822203342,2088.222729820063,-0.7677564978118485,0.7254918631645659,5878.809215245718
FAT_020,FAT_DON_19,Allogenic,411479,3258.6201824265304,3037.6356220987186,-0.1013123819943824,3.333507082775559,32848.78916236807
FAT_020,FAT_DON_19,Allogenic,411483,180657.02462328583,517840.386339937,1.519254132063514,0.09761540015390788,193303.6331627663
FAT_020,FAT_DON_19,Allogenic,411484,3760.384258432812,16645.077689437825,2.1461436064365054,2.677435850979801,24055.85119298755
FAT_020,FAT_DON_19,Allogenic,411485,801947.4840966259,923601.4880716944,0.2037627333106516,-3.6126317846997864,65559.46468542711
FAT_020,FAT_DON_19,Allogenic,411486,50970.12192507243,68314.02125669493,0.422529913619159,0.5220089712846191,73190.72191339567
FAT_020,FAT_DON_19,Allogenic,411487,6484.711089261082,16428.970918561095,1.3411279100672533,2.211800585713746,30040.624214052386
FAT_020,FAT_DON_19,Allogenic,411489,10200.367593754923,38428.15456061896,1.913542551391466,1.550344346195608,29875.55449874308
FAT_020,FAT_DON_19,Allogenic,411490,763.624744521715,1872.115958943335,1.2937340405318556,3.1959722988793344,6997.832131178109
FAT_020,FAT_DON_19,Allogenic,411901,1069.3999350863207,2539.861599292774,1.2479483903378723,3.7975773921697074,14870.475620095585
FAT_020,FAT_DON_19,Allogenic,411902,3309.853791483898,4751.920793323096,0.5217432997437901,3.0194986058954845,26839.131738270105
FAT_020,FAT_DON_19,Allogenic,411903,176246.05485301343,197805.68399922297,0.1664929187859979,0.4205149451197325,235888.63456664537
FAT_020,FAT_DON_19,Allogenic,428125,12283.8676954212,21528.1194448659,0.8094574218205571,0.07174792025891033,12910.21296279688
FAT_020,FAT_DON_19,Allogenic,428126,177.28455197628742,599.7569933320412,1.758311245078347,3.5470091879150387,2072.1779813273947
FAT_020,FAT_DON_19,Allogenic,428127,5852.016678997084,9477.131761032211,0.6955166144580649,2.9758294556367484,46038.321708604315
FAT_020,FAT_DON_19,Allogenic,428128,735.9748602685326,828.0045940333038,0.1699822853242005,3.2127253652522922,6823.224841506974
FAT_020,FAT_DON_19,Allogenic,435590,6369.232160909555,8549.57236243772,0.4247328005300317,2.4307552856382166,34341.3475222666
FAT_020,FAT_DON_19,Allogenic,435591,2982.1213398947066,2202.3465301706938,-0.4372974719125479,3.5409191365518664,34709.48603578964
FAT_020,FAT_DON_19,Allogenic,445970,56850.6017202125,38962.35107289851,-0.5450948836242786,1.6806347855172643,182245.38853784613
FAT_020,FAT_DON_19,Allogenic,445972,6977.529614479569,8552.000528402628,0.2935455997148959,1.7338205715653274,23207.784738903978
FAT_020,FAT_DON_19,Allogenic,445973,461.91571340610665,1629.29936245263,1.818550174966097,4.521944217941037,10612.15499979633
FAT_020,FAT_DON_19,Allogenic,445975,1077.5322539843155,980.979049822448,-0.1354368233155334,0.49492902949231005,1518.5138677738673
FAT_020,FAT_DON_19,Allogenic,449673,1933.865433943172,1566.1670473650468,-0.304249311164444,2.630211313769233,11972.883349444766
FAT_020,FAT_DON_19,Allogenic,451640,154.5140590619019,1231.080144207874,2.994114666942988,3.025278905014105,1257.9625065227017
FAT_020,FAT_DON_19,Allogenic,457387,1932.238970163573,1282.071629470922,-0.5917966631717169,2.8134721302124035,13583.145101206372
FAT_020,FAT_DON_19,Allogenic,457388,3458.6752273172037,3926.3443652546985,0.1829671621184937,3.47071788236141,38344.225704709854
FAT_020,FAT_DON_19,Allogenic,457390,498.5111484470834,254.95742631524016,-0.9673694077540632,4.554122763638169,11711.22785887471
FAT_020,FAT_DON_19,Allogenic,457391,4049.894811201428,7605.015802088879,0.9090668086061934,2.966892683158857,31664.12088494687
FAT_020,FAT_DON_19,Allogenic,457392,185.41687087428224,1403.4799277162745,2.920164006606533,2.969325970809786,1452.129779173072
FAT_020,FAT_DON_19,Allogenic,457393,5337.24089275401,4849.047431919377,-0.1383927620486028,3.389908112462927,55947.518585601094
FAT_020,FAT_DON_19,Allogenic,457394,7171.078804251845,8598.135681735861,0.2618337050457642,2.509216857771595,40825.737128925975
FAT_020,FAT_DON_19,Allogenic,457395,3730.2946785102313,3904.490871570536,0.0658448373675632,3.334421171123607,37627.37584210183
FAT_020,FAT_DON_19,Allogenic,457412,17811.404850388288,135622.78180391833,2.928726324909709,0.7861508010151179,30715.18584652225
FAT_020,FAT_DON_19,Allogenic,457421,2388.462060341083,2547.146097187495,0.0927997505230121,1.3934076622560803,6274.452698689352
FAT_020,FAT_DON_19,Allogenic,457424,2198.979030017804,2073.6537340306204,-0.0846588383910979,3.235712265232434,20714.170041196103
FAT_020,FAT_DON_19,Allogenic,469585,662.7839901865791,488.06135894631694,-0.4414762196689155,3.374475477946413,6873.696426392401
FAT_020,FAT_DON_19,Allogenic,469588,728.6557732603374,650.7484785950892,-0.1631373933292362,3.3105729849124454,7229.432073661131
FAT_020,FAT_DON_19,Allogenic,469589,680.6750917621677,1146.0943354361273,0.7516875750820932,2.988517912102553,5402.234009798053
FAT_020,FAT_DON_19,Allogenic,469590,1715.1060555871109,1765.2766564874248,0.0415965123964984,3.175186720979421,15492.354467895666
FAT_020,FAT_DON_19,Allogenic,469591,3069.9503839930503,3812.220564904068,0.3124162529497816,2.423467156758562,16469.016483788808
FAT_020,FAT_DON_19,Allogenic,469592,1684.2032437747305,2491.2982799946326,0.5648315156571376,3.3124812728137822,16732.110447354917
FAT_020,FAT_DON_19,Allogenic,469593,5902.437056164652,7459.325844194455,0.3377344975124174,2.692159039409217,38146.26209534698
FAT_020,FAT_DON_19,Allogenic,469596,1264.575588638197,5283.68913963774,2.0628923145029705,3.1470387155957167,11202.058719620356
FAT_020,FAT_DON_19,Allogenic,470145,2822.7278894940077,1881.8286228029635,-0.5849548113964504,1.588224966290833,8487.35502350055
FAT_020,FAT_DON_19,Allogenic,470146,29177.13374222587,191405.038515728,2.7137187374949487,0.7936423383264912,50576.96627328863
FAT_020,FAT_DON_19,Allogenic,471870,740.04101971753,1889.1131206976845,1.352031948170729,4.660317880292192,18713.338099666766
FAT_020,FAT_DON_19,Allogenic,471875,13491.517051773431,50204.75949041815,1.8957715593734743,0.8663685908947572,24595.95669674505
FAT_020,FAT_DON_19,Allogenic,476272,7589.89322749858,10649.93592208232,0.4886932546886511,0.5854001618810762,11388.294111159981
FAT_020,FAT_DON_19,Allogenic,478749,2430.7501186106565,4620.799831218114,0.9267410028665228,0.8019759783282258,4237.982322967802
FAT_020,FAT_DON_19,Allogenic,483215,16729.806436954976,4232.2932768329865,-1.9829092459561768,0.42071719125109364,22394.398934864505
FAT_020,FAT_DON_19,Allogenic,483216,3235.036457622346,3018.210294379462,-0.1000886415106637,2.82545406038752,22931.13773509654
FAT_020,FAT_DON_19,Allogenic,483217,1533.755344161826,2195.062032275973,0.5171933400106871,3.9751553439058047,24121.09865412026
FAT_020,FAT_DON_19,Allogenic,483218,26074.65408264084,57899.617433208594,1.150905702290318,-0.05801971575105318,25046.83650081437
FAT_020,FAT_DON_19,Allogenic,484018,128434.52558792222,72327.77959668628,-0.8284113099380633,0.2514560452025309,152889.4780615267
FAT_020,FAT_DON_19,Allogenic,484020,171.59192874769104,563.3345038584355,1.7150101446909825,2.534030733669462,993.8391863113435
FAT_020,FAT_DON_19,Allogenic,500632,15228.58036838513,21559.68560240969,0.5015546820614118,0.2529790269415515,18147.37004271373
FAT_020,FAT_DON_19,Allogenic,511680,12682.351321422946,17788.74385890904,0.4881423917176404,0.10365461375207495,13627.083830401756
FAT_020,FAT_DON_19,Allogenic,515619,880125.9053587196,1115429.0274653162,0.3418168940414263,-3.033488763407697,107491.3939294782
FAT_020,FAT_DON_19,Allogenic,515620,5692.623228596384,15139.614791195452,1.411162976267937,1.02189948680883,11559.387927036198
FAT_020,FAT_DON_19,Allogenic,518635,964.4930213021876,1932.8201080660112,1.0028646642682406,3.945013342126895,14854.787340748799
FAT_020,FAT_DON_19,Allogenic,518636,7277.612181815579,6910.560336125463,-0.0746624782592907,1.6221867414906255,22403.495092585003
FAT_020,FAT_DON_19,Allogenic,518637,4135.284159630374,143344.34957232277,5.1153547576733365,2.489250578491725,23219.050103655776
FAT_020,FAT_DON_19,Allogenic,525259,3082.1488623400423,3938.485195079234,0.3537043094294146,0.7365051201796454,5135.2754510266295
FAT_020,FAT_DON_19,Allogenic,525362,48101.85304974965,292526.01012428204,2.604400530706161,0.6256365456250998,74215.93681377135
FAT_020,FAT_DON_19,Allogenic,536231,31526.560671856576,44530.13563043038,0.4982142153386806,-1.000580455080265,15756.939400764626
FAT_020,FAT_DON_19,Allogenic,537006,694.5000338887589,594.9006614022271,-0.223325982347324,1.6970190087325878,2251.7796818320835
FAT_020,FAT_DON_19,Allogenic,537007,2916.249556820948,6861.997016827322,1.2345143157361604,2.6863760746525385,18771.737128544162
FAT_020,FAT_DON_19,Allogenic,537011,4291385.647341165,920095.2164183686,-2.221588483487871,-2.90418554133888,573258.6062374454
FAT_020,FAT_DON_19,Allogenic,537012,180.53747953548532,271.95458806958953,0.5910673939780938,5.683629229104927,9279.194055825488
FAT_020,FAT_DON_19,Allogenic,537013,4322.327494284255,4526.10135858674,0.0664605065064087,0.2473565507502457,5130.732952670887
FAT_020,FAT_DON_19,Allogenic,537937,5270.555877790453,22703.35177188091,2.106878269214476,-0.36930012747676616,4080.2427920721416
FAT_020,FAT_DON_19,Allogenic,545696,9294.427268518297,12524.48004699056,0.4303128385183008,0.88532522150371,17168.489250210056
FAT_020,FAT_DON_19,Allogenic,547042,6479.831697922285,2481.5856161350043,-1.384694112859864,0.7920913869356916,11220.365205608778
FAT_020,FAT_DON_19,Allogenic,547043,883.1698323222392,3052.204617888161,1.7890888848867417,2.462072997160467,4866.335525511391
FAT_020,FAT_DON_19,Allogenic,548480,5425.069936852355,20318.89279434219,1.9051081485499912,-0.16701828112555606,4832.010048794465
FAT_020,FAT_DON_19,Allogenic,552396,6518.86682863266,9511.126084540912,0.5449949580261336,1.633083472410926,20219.91007119593
FAT_020,FAT_DON_19,Allogenic,552398,37016.68915989289,30565.75316624994,-0.2762597469282873,0.7350896813169336,61614.31373576162
FAT_020,FAT_DON_19,Allogenic,553174,3156.9661962015957,709.0244617528584,-2.1546315055630507,-0.39379638141014967,2402.8430740974622
FAT_020,FAT_DON_19,Allogenic,556258,714.0175992439466,614.3259891214835,-0.2169552165704524,3.372599358681262,7395.413926891623
FAT_020,FAT_DON_19,Allogenic,556259,422.88058269573145,67.98864701739738,-2.6368845527002547,4.6979177733139235,10975.691994564386
FAT_020,FAT_DON_19,Allogenic,556268,875.8507453140438,845.0017557876531,-0.0517307004248838,-0.173967918920152,776.3553354243659
FAT_020,FAT_DON_19,Allogenic,563192,42411.669516822665,31639.00252273885,-0.4227571581763464,0.16103078774472224,47419.88167279954
FAT_020,FAT_DON_19,Allogenic,563193,2107.083826470462,3661.6742750798303,0.7972557513591654,3.404345889294332,22309.613262903727
FAT_020,FAT_DON_19,Allogenic,565040,4854.181150213118,23286.111603458605,2.2621698997262856,-0.147905236588193,4381.18978826554
FAT_020,FAT_DON_19,Allogenic,565042,5847.950519548087,23667.33365994901,2.0168941729509458,-0.19536795966115947,5107.308284400246
FAT_020,FAT_DON_19,Allogenic,566550,5736.537750645557,7226.22191156338,0.3330612889523754,1.664752366834355,18188.222303362112
FAT_020,FAT_DON_19,Allogenic,566552,978.3179634287789,3576.688466308084,1.870249126130368,3.5130489312937545,11168.970207078295
FAT_020,FAT_DON_19,Allogenic,568816,10315.033290216648,40475.098469035605,1.9722861130510445,3.054130089437306,85675.25417016572
FAT_020,FAT_DON_19,Allogenic,585394,36155.47658859525,66633.73040897925,0.8820384699303854,1.1444854425909552,79927.92499961115
FAT_020,FAT_DON_19,Allogenic,585543,5248.598616765867,4841.762934024657,-0.1163998298181503,3.22841780221173,49191.94094272417
FAT_020,FAT_DON_19,Allogenic,585544,2554.361365860178,2003.236921048316,-0.350629580248191,2.4621323154491326,14075.311572597131
FAT_020,FAT_DON_19,Allogenic,591001,7084.062992043301,6820.718195423902,-0.0546533832108071,0.3801248479342789,9219.5854880426
FAT_020,FAT_DON_19,Allogenic,622312,78159.71692862836,135596.07197830436,0.7948182388812703,0.10532618938293581,84079.34507636861
FAT_020,FAT_DON_19,Allogenic,626939,3857.97208520875,5667.339362093053,0.55482888943194,2.5729505458361466,22955.90255698071
FAT_020,FAT_DON_19,Allogenic,645463,2118.4690729276545,3023.0666263092767,0.5129907080601687,2.617462926070845,13000.407977233985
FAT_020,FAT_DON_19,Allogenic,649757,2941.459745404732,13784.698182777318,2.2284634818896984,2.91401322385959,22170.13294892586
FAT_020,FAT_DON_19,Allogenic,657308,4463.016611219566,3914.203535430164,-0.1893003993742492,0.8522741323503766,8057.282328133043
FAT_020,FAT_DON_19,Allogenic,657309,1166.1745299724594,1000.4043775417044,-0.2212004432480907,3.4649133329204744,12876.753957467057
FAT_020,FAT_DON_19,Allogenic,657313,27146.49371339656,124642.61531060866,2.198959635875976,1.457941910298424,74575.81191647459
FAT_020,FAT_DON_19,Allogenic,657314,9740.078344128417,26241.189582750485,1.4298278408765202,0.8699313232217729,17800.732446639377
FAT_020,FAT_DON_19,Allogenic,657317,954154.4042871668,1181263.891271841,0.3080366433337622,-2.82902040515793,134276.08150037721
FAT_020,FAT_DON_19,Allogenic,657319,8417.763291314455,34460.53137396085,2.033436101205825,2.5734407904372905,50104.82840683383
FAT_020,FAT_DON_19,Allogenic,657321,29259.270163095614,281101.4892593944,3.2641254082883053,1.1645393439194756,65588.05657759226
FAT_020,FAT_DON_19,Allogenic,657322,760201.8514975491,875385.396506535,0.2035357776839243,-3.5371329432328853,65485.59961243431
FAT_020,FAT_DON_19,Allogenic,657323,16995.733264919407,121614.69235236956,2.83907302020893,1.9403539738679307,65229.59091816657
FAT_020,FAT_DON_19,Allogenic,658089,2259.971421752765,14224.196222425497,2.653970696949401,2.7917141844729088,15649.218566065209
FAT_020,FAT_DON_19,Allogenic,658659,3246.4217040795384,4732.49546560384,0.5437507081912252,2.464796356250777,17921.83892098837
FAT_020,FAT_DON_19,Allogenic,665951,9644.116981132076,32850.65733922747,1.7682011833078282,2.022232207425214,39175.54277168531
FAT_020,FAT_DON_19,Allogenic,665953,3144.7677178546032,2561.715092976937,-0.2958434272176642,1.8132493156815566,11051.748830489527
FAT_020,FAT_DON_19,Allogenic,679189,2517.765930819201,626.4668189460187,-2.006834162450561,-0.558423253153044,1709.6735903315498
FAT_020,FAT_DON_19,Allogenic,679935,3248.0481678591373,2331.039326310768,-0.4785996835648582,1.5601583098518512,9578.045821030992
FAT_020,FAT_DON_19,Allogenic,702443,38641.52647571226,13401.047960322005,-1.527806263137976,1.4528580918464058,105781.11472696255
FAT_020,FAT_DON_19,Allogenic,702444,554.6241488432478,390.934720350035,-0.5045827126389596,3.5853637387031974,6657.341048233768
FAT_020,FAT_DON_19,Allogenic,702447,612.363613019011,466.2078652621535,-0.3934152156801763,3.6840613638201747,7870.863000148062
FAT_020,FAT_DON_19,Allogenic,709991,3201.693950140567,1981.383427364152,-0.6923273169169499,2.754772377621145,21609.70967758739
FAT_020,FAT_DON_19,Allogenic,717959,17214.49264327547,12560.902536464167,-0.4546835318043261,2.755800302897526,116271.36757967583
FAT_020,FAT_DON_19,Allogenic,717960,13770.455589974654,17293.398002068006,0.3286450825961298,2.5080887050464926,78335.43166908257
FAT_020,FAT_DON_19,Allogenic,717962,15474.989630994372,61347.61310337661,1.9870687702218848,1.6666977498367883,49131.088167168964
FAT_020,FAT_DON_19,Allogenic,718252,203312.0386093199,166258.95178315058,-0.2902636223708121,0.047750599937361,210153.90191848544
FAT_020,FAT_DON_19,Allogenic,742725,13039.36012104492,5783.891328408592,-1.1727607227615853,0.15764448712528079,14544.942178751557
FAT_020,FAT_DON_19,Allogenic,742726,1626.463779598967,1160.6633312255697,-0.4867891384107426,2.9528565549735166,12593.394033777917
FAT_020,FAT_DON_19,Allogenic,742727,792.9010925544965,757.5877810509994,-0.0657278515041289,3.6041270608428153,9642.049789845063
FAT_020,FAT_DON_19,Allogenic,742733,5116.85505061835,6046.133252618553,0.2407554098103525,0.5852039604474338,7676.567273437661
FAT_020,FAT_DON_19,Allogenic,742740,9801.883967753176,14214.483558565866,0.5362307101894904,1.766524265973339,33349.271337022234
FAT_020,FAT_DON_19,Allogenic,742741,2918.6892524903465,4072.034323149122,0.4804291040188644,2.705164528567553,19033.713381418056
FAT_020,FAT_DON_19,Allogenic,742742,2150.1851166298347,1915.8229463116616,-0.1664966332236377,-0.1777484074168487,1900.9392986836533
FAT_020,FAT_DON_19,Allogenic,742817,119.54508780052409,157.83078771895822,0.4008238064626859,3.8195785135360008,1687.8717276930593
FAT_020,FAT_DON_19,Allogenic,742818,343.1838574953821,531.7683463146438,0.6318162091645839,1.5005853317965199,971.0644327172271
FAT_020,FAT_DON_19,Allogenic,742821,1289.7857772219809,1432.6179192951593,0.1515224268158209,2.8219323666656346,9120.189698094071
FAT_020,FAT_DON_19,Allogenic,748224,324206.2781150213,372577.7856553377,0.2006296302033808,-0.5838782936551887,216300.0103958894
FAT_020,FAT_DON_19,Allogenic,752555,3330.184588728885,932.4157305243068,-1.836556897536619,0.4110957646166931,4428.1310257702835
FAT_020,FAT_DON_19,Allogenic,759350,2041.212043396704,8250.907948754153,2.0151268266166817,0.89950102187477,3807.719172791126
FAT_020,FAT_DON_19,Allogenic,762967,3018.716774935683,944.5565603488424,-1.6762263118707843,-0.4820985589713536,2161.2063803795077
FAT_020,FAT_DON_19,Allogenic,762968,25266.301584180157,54716.29185321546,1.1147559596976584,0.0627046006264303,26388.678456673213
FAT_020,FAT_DON_19,Allogenic,762982,9606.7083142013,11766.89226593956,0.2926192536744004,0.18912017483748553,10952.302992996958
FAT_020,FAT_DON_19,Allogenic,762984,705.8852803459516,466.2078652621535,-0.5984603934527275,4.668984042279983,17957.189749136705
FAT_020,FAT_DON_19,Allogenic,763034,984.0105866573753,910.5622368401434,-0.1119162085081182,2.717940973227917,6474.131707279712
FAT_020,FAT_DON_19,Allogenic,767031,1678.510620546134,349.65589894661514,-2.263173915710346,-0.39953437082932747,1272.483804615558
FAT_020,FAT_DON_19,Allogenic,862962,266.7400598542306,1507.8910642072776,2.499025791872993,3.114475919259358,2310.143280868647
FAT_020,FAT_DON_19,Allogenic,866771,3437.531198182417,760.0159470159065,-2.1772712118275788,1.5819647690946246,10291.187620795958
FAT_020,FAT_DON_19,Allogenic,868129,3518.8543871623656,895.9932410507013,-1.9735460610908997,-0.4064688256399539,2654.862217764369
FAT_020,FAT_DON_19,Allogenic,873513,1473.576184316664,524.4838484199227,-1.490351399612171,-0.1557700557837428,1322.760247434543
FAT_020,FAT_DON_19,Allogenic,890402,5174.594514794114,20044.51004030769,1.9536894318195048,-0.1121185821866934,4787.681678609252
FAT_020,FAT_DON_19,Allogenic,903814,313.9075094626006,1694.8598435051204,2.432754527212168,2.9538239281536587,2432.155339842575
FAT_020,FAT_DON_19,Allogenic,904306,19.517565355187603,492.91769087613096,4.658501754734616,4.126896912221148,340.99295140977455
FAT_020,FAT_DON_19,Allogenic,997884,548.1182937248519,279.2390859643107,-0.9729863919668876,1.2979221022669143,1347.683098750788
FAT_020,FAT_DON_19,Allogenic,999410,5088.3919344753685,8634.558171209466,0.7629125584010271,1.1446519983536338,11250.067848377046
FAT_020,FAT_DON_19,Allogenic,999412,4139.350319079371,3926.3443652546985,-0.0762176392188003,0.6452454396757394,6473.966008614539
FAT_020,FAT_DON_19,Allogenic,999413,3000.012441470295,11511.934839624322,1.9400899423021725,2.838137353378629,21452.97521360789
FAT_020,FAT_DON_19,Allogenic,1002367,16538.696942852097,4159.448297885776,-1.9913814818172892,0.36550995929279617,21307.414315358183
FAT_020,FAT_DON_19,Allogenic,1042156,1129.5790949314826,1954.6736017501744,0.7911424272911823,3.1960622438304354,10352.071184950359
FAT_020,FAT_DON_19,Allogenic,1064535,1510.1716193576408,794.0102705246052,-0.9274829361667426,0.05743349165651062,1571.5040625342856
FAT_020,FAT_DON_19,Allogenic,1077285,799.4069476728923,271.95458806958953,-1.555564346012381,2.5342316768661375,4630.71090761216
FAT_020,FAT_DON_19,Allogenic,1121100,8611.312481086732,10479.964304538826,0.2833287571377514,0.7487707735489915,14470.109300684067
FAT_020,FAT_DON_19,Allogenic,1121101,822.1774405872779,718.7371256124867,-0.1939855780034691,3.3294977106130172,8265.02625595723
FAT_020,FAT_DON_19,Allogenic,1121114,1771.2190559832752,3688.384100693808,1.0582462540557722,1.066622559650079,3709.8611930812162
FAT_020,FAT_DON_19,Allogenic,1121115,15314.782948703874,109782.23960537752,2.8416478509707157,1.4659142359515074,42305.321728026756
FAT_020,FAT_DON_19,Allogenic,1121130,210.62705945806624,271.95458806958953,0.3686749726416458,4.331570719549514,4240.791098058861
FAT_020,FAT_DON_19,Allogenic,1121333,455.4098582877108,2377.174479644001,2.384010370929324,4.209921569557398,8427.817049692916
FAT_020,FAT_DON_19,Allogenic,1122975,4018.178767499248,1124.240841751964,-1.8375906189166784,-0.6494859097196718,2561.61887052993
FAT_020,FAT_DON_19,Allogenic,1122978,9115.516252762412,2372.318147714187,-1.9420268645641303,0.0626045454566147,9519.784465935763
FAT_020,FAT_DON_19,Allogenic,1122988,879.9169047630412,225.8194347363556,-1.962197634448188,0.5840268964119819,1319.0196802994956
FAT_020,FAT_DON_19,Allogenic,1122992,1067.7734713067218,432.2135417534548,-1.3047894316558937,0.04358081338959538,1100.520808963041
FAT_020,FAT_DON_19,Allogenic,1122993,1251.5638784014052,274.3827540344966,-2.1894702156424266,-0.20146649460926247,1088.442678541715
FAT_020,FAT_DON_19,Allogenic,1123263,459.4760177367082,1143.6661694712202,1.3156045305808288,3.999219727135448,7347.641281724253
FAT_020,FAT_DON_19,Allogenic,1123313,940.096064608203,1653.581022101701,0.814713643781988,0.957973549655242,1826.2112261357956
FAT_020,FAT_DON_19,Allogenic,1150460,979.9444272083776,3127.47776280028,1.6742277852678888,2.918352470113677,7408.206488579905
FAT_020,FAT_DON_19,Allogenic,1160721,2007.0563040251252,9003.639397875339,2.1654271877467086,2.3353588980641873,10129.14142541765
FAT_020,FAT_DON_19,Allogenic,1203465,175.65808819668845,267.0982561397754,0.6046005496317866,5.379925515498021,7314.541467171718
FAT_020,FAT_DON_19,Allogenic,1203606,5773.946417576333,7347.630209808732,0.347721301207926,1.3629944464359827,14851.65874357785
FAT_020,FAT_DON_19,Allogenic,1203610,357.0087996219733,378.7938905254997,0.0854534275974855,5.305835272093126,14121.944155614317
FAT_020,FAT_DON_19,Allogenic,1203611,3505.8426769255734,2219.343691925043,-0.6596281538498273,3.5328294720371,40577.01206301011
FAT_020,FAT_DON_19,Allogenic,1235789,474.9274236428984,458.9233673674323,-0.0494537963883489,5.233737745840533,17870.606771784027
FAT_020,FAT_DON_19,Allogenic,1235815,2190.033479230009,492.91769087613096,-2.1515342590459,-0.4550519966955009,1597.5941198747873
FAT_020,FAT_DON_19,Allogenic,1256908,18982.458771699545,68236.3199458179,1.8458729679812207,1.0887670163209349,40374.20608586156
FAT_020,FAT_DON_19,Allogenic,1280705,1471.949720537065,189.39694526274985,-2.958243424837724,-0.09189660316829704,1381.113407768114
FAT_020,FAT_DON_19,Allogenic,1322347,6826.268482976865,30682.30513256548,2.1682378121315597,-0.060047231248207204,6547.980051968252
FAT_020,FAT_DON_19,Allogenic,1384484,816.4848173586815,1515.1755621019988,0.8919870031820718,2.9268630585292748,6209.000391124439
FAT_020,FAT_DON_19,Allogenic,1408437,5526.72392307729,10798.05404594165,0.9662748904378834,2.821476593270577,39067.61123890617
FAT_020,FAT_DON_19,Allogenic,1410647,4554.911814766907,11451.230690501645,1.3300076283030002,2.0984247086097336,19506.0239976569
FAT_020,FAT_DON_19,Allogenic,1410665,814.8583535790825,709.0244617528584,-0.2007138960445955,0.041154738686436564,838.4379605654059
FAT_020,FAT_DON_19,Allogenic,1437612,52281.0517314292,128017.76600182948,1.2919839688589831,0.8256579622047648,92659.96427539429
FAT_020,FAT_DON_19,Allogenic,1899017,705104.5777317442,169.9716175434935,-12.018327671457827,-3.0445797994544215,85456.2223089911
FAT_012,FAT_DON_8,Allogenic,561,1928.9643458317876,8.463296698257997,-7.832391017954666,1.2373159151975834,4547.716726211635
FAT_012,FAT_DON_8,Allogenic,818,8877.545796067418,20973.459767733028,1.2403320643403437,0.4658798730317277,12261.30618196223
FAT_012,FAT_DON_8,Allogenic,904,1608.34095591865,1703.9437352492769,0.0833044189150855,0.1789848041196291,1820.7818520523235
FAT_012,FAT_DON_8,Allogenic,195103,2408.2669287161925,221.4562636044176,-3.4429015994487435,0.22465453272361433,2814.0536617020207
FAT_012,FAT_DON_8,Allogenic,205913,4537.049517548835,283.5204393916429,-4.000229755442496,0.18463540494353764,5156.4915968585365
FAT_012,FAT_DON_8,Allogenic,206672,4922.972986874017,80.40131863345098,-5.936166850348102,0.03292559980469076,5036.618378815385
FAT_012,FAT_DON_8,Allogenic,213810,6751.375210411256,12971.412739530091,0.9420823099847544,0.04250615907872713,6953.2504669652435
FAT_012,FAT_DON_8,Allogenic,218495,660.1838028557675,11.28439559767733,-5.870466689814047,1.0116246940791433,1331.0496093118022
FAT_012,FAT_DON_8,Allogenic,226185,1520.8388495065108,77.58021973403164,-4.293034618597239,0.554434948505043,2233.4937838583787
FAT_012,FAT_DON_8,Allogenic,226186,4695.075709725982,17844.86108827699,1.9262883437625973,0.18895690065360274,5352.100930289149
FAT_012,FAT_DON_8,Allogenic,264199,396246.1058786375,152.33934056864396,-11.34489248601363,-0.8709698100184501,216659.1171172917
FAT_012,FAT_DON_8,Allogenic,272559,1296.2065763290786,10304.063730129112,2.990845857749508,-0.16733670131770673,1154.2525802319349
FAT_012,FAT_DON_8,Allogenic,272623,515.2176265610292,1424.6549442067628,1.467358679714666,0.7326685743507454,856.142251373704
FAT_012,FAT_DON_8,Allogenic,295405,2252.1997389214066,9157.287027515153,2.023585463176085,0.9675506132116886,4404.216510786453
FAT_012,FAT_DON_8,Allogenic,326426,160.6381953536289,80.40131863345098,-0.9985238990855309,2.6222475072382245,989.0630379876179
FAT_012,FAT_DON_8,Allogenic,334413,820.8219982093963,241.20395590035287,-1.7668158274456425,0.5963137113549856,1240.9586227032562
FAT_012,FAT_DON_8,Allogenic,339860,0.6530007941204427,2.8210988994193325,2.111100592088967,3.1354259602215304,5.738137788405187
FAT_012,FAT_DON_8,Allogenic,347253,45604.92246057759,433.03868106086753,-6.7185498437642766,0.17166809086126564,51367.56348029047
FAT_012,FAT_DON_8,Allogenic,349741,374.82245582513406,223306.9044824367,9.21860475530206,0.2832824344209442,456.14415249262527
FAT_012,FAT_DON_8,Allogenic,367928,102598.1787706157,32982.877782561125,-1.6372159360843714,0.5947550764827029,154945.42934601262
FAT_012,FAT_DON_8,Allogenic,391904,1219.1524826228665,293.3942855396106,-2.0549659019961424,0.235127648152757,1434.955728265656
FAT_012,FAT_DON_8,Allogenic,398513,170.43320726543553,117.0756043259023,-0.5417659731339922,2.5679931287698894,1010.6416151147419
FAT_012,FAT_DON_8,Allogenic,409438,2588.4951478934345,31.032087893612665,-6.382209036460223,1.1915155848786703,5911.930046545089
FAT_012,FAT_DON_8,Allogenic,411459,159237.50865024052,40526.49623960842,-1.9742428488510664,-0.25245420807712604,133674.65904561663
FAT_012,FAT_DON_8,Allogenic,411460,5295.83644031679,14201.41185967692,1.4231038941453116,0.24355060148824356,6269.755428574218
FAT_012,FAT_DON_8,Allogenic,411461,124915.78691127009,157839.07287306193,0.3374985700965511,-0.9868816987666185,63028.40756591575
FAT_012,FAT_DON_8,Allogenic,411462,181877.6991831904,130025.85882368677,-0.4841700917128871,0.1557555652911756,202612.64624275916
FAT_012,FAT_DON_8,Allogenic,411463,66199.26150554811,18479.60834064634,-1.8408809425491008,-0.2968011692475429,53889.86429325137
FAT_012,FAT_DON_8,Allogenic,411464,19595.247829966243,97123.38235975908,2.3093148454147454,-0.10555625637837206,18212.734690767138
FAT_012,FAT_DON_8,Allogenic,411466,3898.4147408990425,2214.562636044176,-0.8158657802842105,-0.01152755464811523,3867.389384665049
FAT_012,FAT_DON_8,Allogenic,411467,38056.88628133939,71637.57490240483,0.9125589708237564,0.8848020930791378,70272.47064519205
FAT_012,FAT_DON_8,Allogenic,411468,7794.870479415723,8519.718676246384,0.1282807418865152,0.2617913068387059,9345.78830119372
FAT_012,FAT_DON_8,Allogenic,411469,215388.39393586328,45244.78414888726,-2.2511171213115184,-0.4130728385913544,161761.4320860398
FAT_012,FAT_DON_8,Allogenic,411470,21038.37958497242,15444.105924871135,-0.445967235572992,0.7272884485881709,34829.55495189746
FAT_012,FAT_DON_8,Allogenic,411471,63143.87078985856,149127.51947165505,1.2398319048006363,-0.08667988371460737,59461.786891928554
FAT_012,FAT_DON_8,Allogenic,411473,14691.21186612172,16452.648781413547,0.1633664606832065,0.6077753531498158,22388.048228183794
FAT_012,FAT_DON_8,Allogenic,411474,14769.571961416172,110873.41839552888,2.908213603773289,0.30905937098795044,18298.01799100889
FAT_012,FAT_DON_8,Allogenic,411475,21543.149198827523,45632.68524755741,1.082838391540372,0.32241333162620406,26937.995313230695
FAT_012,FAT_DON_8,Allogenic,411476,6763.782225499545,12615.954278203257,0.8993472218013091,0.004837860025978627,6786.501619851287
FAT_012,FAT_DON_8,Allogenic,411477,26103.706744964693,149044.29705412217,2.513414583747169,-0.0698767016419247,24869.508289627334
FAT_012,FAT_DON_8,Allogenic,411479,46141.03611255047,34352.521298229214,-0.4256344112701975,0.6088190311150123,70365.55748831136
FAT_012,FAT_DON_8,Allogenic,411483,292446.4056468402,192286.10098442173,-0.60491777341794,-0.3082693294209027,236182.6401791872
FAT_012,FAT_DON_8,Allogenic,411484,94086.31341925576,11168.73054280114,-3.074519655819939,0.028606073977578875,95970.49575504701
FAT_012,FAT_DON_8,Allogenic,411485,152303.29321747556,165654.92737390322,0.1212339795329,0.23769737316075232,179582.21887448156
FAT_012,FAT_DON_8,Allogenic,411486,65217.14831119096,64061.513808014206,-0.025793468923619,-0.03295564356559663,63744.272307043706
FAT_012,FAT_DON_8,Allogenic,411487,141155.91666104548,22194.9955911816,-2.668983274551627,-0.5580706183166005,95874.49531878077
FAT_012,FAT_DON_8,Allogenic,411489,19615.49085458397,46202.54722524012,1.2359789544594806,-0.14580276301779324,17729.977121373788
FAT_012,FAT_DON_8,Allogenic,411490,4123.047014076475,2972.027690538267,-0.4722633544067113,0.15529613575714363,4591.632086134882
FAT_012,FAT_DON_8,Allogenic,411901,1377.831675594134,13647.065925941022,3.308119254413555,-0.2598244655948132,1150.7505919571315
FAT_012,FAT_DON_8,Allogenic,411902,11450.36892490196,23358.698887192077,1.0285658343354802,-0.44988686457402643,8382.818028761008
FAT_012,FAT_DON_8,Allogenic,411903,247157.53557061692,242479.09260289048,-0.0275705349468647,-0.3743996722860385,190663.83513435582
FAT_012,FAT_DON_8,Allogenic,420247,9223.636216951252,13847.363947799791,0.5862038450110858,0.25871241895062874,11035.254773500985
FAT_012,FAT_DON_8,Allogenic,428125,10017.68518260171,34568.33536403479,1.786901953333478,-0.257841129918597,8378.175726261017
FAT_012,FAT_DON_8,Allogenic,428126,2186.899659509362,425.9859338123192,-2.3600093292926694,1.0571343687293835,4550.488397782759
FAT_012,FAT_DON_8,Allogenic,428127,7158.194705148291,13168.889662489446,0.8794660184476712,0.2037300655360575,8243.893410070927
FAT_012,FAT_DON_8,Allogenic,428128,39747.50533731722,92804.27994474808,1.223327025317528,0.1591214451399904,44382.340835226314
FAT_012,FAT_DON_8,Allogenic,435590,130714.4339630596,297788.14707545616,1.187867873605709,-0.5418720136875987,89785.00613747205
FAT_012,FAT_DON_8,Allogenic,435591,13892.591894912415,17067.64834148696,0.2969485076775993,0.5665531483596593,20574.664871443547
FAT_012,FAT_DON_8,Allogenic,442563,105.7861286475117,128.35999992357964,0.2790452294030391,2.821673534003986,747.8889139565265
FAT_012,FAT_DON_8,Allogenic,445970,108340.01475331676,638638.9583010988,2.559434370600165,-0.3577023047988061,84549.2514830215
FAT_012,FAT_DON_8,Allogenic,445972,13273.547142086238,55775.94634041963,2.071089127335296,0.17376101733099605,14972.498384153587
FAT_012,FAT_DON_8,Allogenic,445973,16321.754849040462,2381.007471109917,-2.7771521257747325,0.21974099244781983,19007.083408030452
FAT_012,FAT_DON_8,Allogenic,445975,2052.381495920551,2998.8281300827502,0.547099916821321,0.17957313590126675,2324.4220722710443
FAT_012,FAT_DON_8,Allogenic,449673,7376.94997117864,10112.229004968598,0.4550046839923945,0.46486283956909646,10181.564028959392
FAT_012,FAT_DON_8,Allogenic,451640,6925.073421647295,50973.02546415821,2.8798327135942654,-0.04596709897177984,6707.905051678013
FAT_012,FAT_DON_8,Allogenic,457387,20865.334374530503,18868.919988766203,-0.1450961915613499,0.675399201976134,33322.74484262638
FAT_012,FAT_DON_8,Allogenic,457388,16572.507153982715,18717.991197647272,0.1756337385141748,0.554895660021595,24346.046843520813
FAT_012,FAT_DON_8,Allogenic,457390,9521.404579070171,5726.830765821245,-0.7334374419367448,0.044141957405645554,9817.232413829128
FAT_012,FAT_DON_8,Allogenic,457391,36594.16450250961,22207.690536228987,-0.7205542378899731,0.7434789791882617,61266.25157720095
FAT_012,FAT_DON_8,Allogenic,457392,619.0447528261797,7234.708127560879,3.546819199168026,0.8010621008079544,1078.6132910061856
FAT_012,FAT_DON_8,Allogenic,457393,90997.61966306604,92953.7981864173,0.0306850088789987,0.1648404503671716,102012.16205812868
FAT_012,FAT_DON_8,Allogenic,457394,78582.11556445407,166392.64473610136,1.0823187483794372,-0.14132783405478255,71249.16832770225
FAT_012,FAT_DON_8,Allogenic,457395,36907.60488368742,20304.859328570645,-0.8620930846815376,0.5604844062213192,54430.01838073288
FAT_012,FAT_DON_8,Allogenic,457400,5778.404027171798,14.105494497096664,-8.678270027281933,-0.2042866088223429,5015.46850485007
FAT_012,FAT_DON_8,Allogenic,457401,7141.869685295281,29.621538443902992,-7.913511428345875,0.2901866264664185,8733.067168358375
FAT_012,FAT_DON_8,Allogenic,457412,366595.2988200106,61896.32040270986,-2.566262732905221,-1.0818184688414891,173191.70286366626
FAT_012,FAT_DON_8,Allogenic,457421,4815.880856638264,17163.56570406722,1.833477695789536,0.05373667567177156,4998.642591443297
FAT_012,FAT_DON_8,Allogenic,457424,10681.13398942808,3622.290986854423,-1.5600904714784452,0.31024978964980005,13243.77689293815
FAT_012,FAT_DON_8,Allogenic,469585,2061.5235070382373,16712.189880160127,3.0191179720648305,-0.36074313524391755,1605.4389188423543
FAT_012,FAT_DON_8,Allogenic,469588,7880.413583445502,6303.745490752499,-0.3220620596627246,0.23753225319227872,9290.804980560086
FAT_012,FAT_DON_8,Allogenic,469589,5013.087096462638,10308.29537847824,1.0400345779558533,-0.03955486044145449,4877.50867582518
FAT_012,FAT_DON_8,Allogenic,469590,11165.007577871327,9333.605708728865,-0.258477802224388,0.24973723151586416,13275.088342586061
FAT_012,FAT_DON_8,Allogenic,469591,17706.769533369923,16125.401309080906,-0.1349659622659441,0.45370460201223145,24250.351003868334
FAT_012,FAT_DON_8,Allogenic,469592,13710.404673352812,22211.922184578118,0.6960630928101238,0.4021597530507657,18118.090400154517
FAT_012,FAT_DON_8,Allogenic,469593,87530.83844708062,170524.14407430097,0.9621127261410112,0.25157388553657983,104205.91568627008
FAT_012,FAT_DON_8,Allogenic,469596,26195.779856935675,6808.722193748559,-1.9438784368049893,0.27887300428054645,31781.944969239798
FAT_012,FAT_DON_8,Allogenic,469610,2395.859913627904,1173.5771421584425,-1.029630879018483,-0.2521358933547053,2011.6895239556338
FAT_012,FAT_DON_8,Allogenic,470145,6554.168970586883,5330.466370452829,-0.2981511048958019,0.08539356610158182,6953.823420931564
FAT_012,FAT_DON_8,Allogenic,470146,217237.6921848124,86760.07555274216,-1.324171227591447,-0.3899049501532408,165791.43668103043
FAT_012,FAT_DON_8,Allogenic,471870,5082.958181433525,2950.8694487926223,-0.7845282664452025,0.12287693632880173,5534.854138619055
FAT_012,FAT_DON_8,Allogenic,471872,6284.47964261514,53.60087908896732,-6.873392821643524,0.05451318919148531,6526.486272315127
FAT_012,FAT_DON_8,Allogenic,471875,32461.975477315445,16140.917353027711,-1.0080282228454274,0.04351249947152999,33455.96128128366
FAT_012,FAT_DON_8,Allogenic,473819,853.4720379154185,327.2474723326426,-1.382961838578893,-0.06048789504034504,818.4282774247159
FAT_012,FAT_DON_8,Allogenic,476272,11104.278504018126,11809.119992969325,0.0887858027494723,0.10830673408375008,11969.9936877368
FAT_012,FAT_DON_8,Allogenic,478749,3860.540694840057,5479.9846121220535,0.5053689212378889,0.02325785664952921,3923.2812914810456
FAT_012,FAT_DON_8,Allogenic,479437,1478.393797888682,4060.971865714129,1.45779442282052,0.5746416442099108,2201.7829462612654
FAT_012,FAT_DON_8,Allogenic,483215,6812.104284264457,19921.189878249617,1.5481313950678044,0.1125392448224589,7364.766400084001
FAT_012,FAT_DON_8,Allogenic,483216,4360.086302342195,6820.006589346236,0.6454164415601916,0.28995297275813725,5330.64336270884
FAT_012,FAT_DON_8,Allogenic,483217,37558.64667542549,21077.840427011542,-0.833418020008172,0.7318346481588898,62375.51095444952
FAT_012,FAT_DON_8,Allogenic,483218,55246.47918576593,34854.67690232585,-0.6645302715085059,0.5523954497462791,81019.99384199838
FAT_012,FAT_DON_8,Allogenic,484018,5882.884154231067,99376.0298309454,4.078302373879778,0.12051663966441853,6395.42514117735
FAT_012,FAT_DON_8,Allogenic,484020,255.9763112952135,300.44703278815894,0.2311003681995976,2.3916941230778934,1343.2951537842844
FAT_012,FAT_DON_8,Allogenic,500632,33314.79451443674,34561.282616786244,0.0529937637999892,0.8691084484097883,60850.59811089983
FAT_012,FAT_DON_8,Allogenic,502558,320.6233899131373,1689.83824075218,2.39793357056306,1.7486392868146226,1077.4275553147124
FAT_012,FAT_DON_8,Allogenic,511145,7563.055197502966,22.56879119535466,-8.388496189400787,1.266557742805667,18195.715670478286
FAT_012,FAT_DON_8,Allogenic,511680,25659.013204168677,12242.158674030195,-1.06760771569338,0.2858784228758976,31282.24626587937
FAT_012,FAT_DON_8,Allogenic,515619,613507.3060920383,429643.4885354164,-0.5139404942756144,-2.6508533604799185,97686.23318443744
FAT_012,FAT_DON_8,Allogenic,515620,144949.85127488527,31019.39294856527,-2.2243114949976905,-1.4761625204416289,52101.30207191899
FAT_012,FAT_DON_8,Allogenic,518635,1507.1258328299814,641.7999996178982,-1.2316041814704564,0.2556446341626238,1799.3109255071217
FAT_012,FAT_DON_8,Allogenic,518636,13730.647697970548,21139.904602798768,0.6225691848777493,0.1573521120412471,15312.945249603561
FAT_012,FAT_DON_8,Allogenic,518637,119452.78226765843,3692.8184593399055,-5.015574306159975,0.6878133159275136,192419.3349157488
FAT_012,FAT_DON_8,Allogenic,521003,1343.2226335057503,1988.8747240906296,0.5662539608501894,-0.03495911323339173,1311.0651078708902
FAT_012,FAT_DON_8,Allogenic,525259,2451.3649811281416,2990.364833384492,0.2867362067086546,0.4322408093725084,3307.6947708532516
FAT_012,FAT_DON_8,Allogenic,525362,1877.3772830962723,843.5085709263805,-1.1542439744320274,0.22812481588531758,2198.993627368469
FAT_012,FAT_DON_8,Allogenic,536231,210298.2527456944,52321.51073808065,-2.006960760434019,-1.5730191598225056,70682.14384423272
FAT_012,FAT_DON_8,Allogenic,537006,1592.0159360656392,4832.542414705317,1.6019276175527546,-0.27889229913936586,1312.1771268561554
FAT_012,FAT_DON_8,Allogenic,537007,20130.05548035089,12490.415377179095,-0.6885296929304328,0.6231826306912385,31005.706841025407
FAT_012,FAT_DON_8,Allogenic,537011,5730.081968406884,1983201.4942038967,8.435059771392087,0.15895977531865607,6397.532414865926
FAT_012,FAT_DON_8,Allogenic,537012,26580.397324672616,2221.6153832927243,-3.580681693054576,0.24152351366074704,31424.421454954674
FAT_012,FAT_DON_8,Allogenic,537013,2099.397553097223,9051.495818786929,2.1081808377598583,0.8619161773645486,3815.551412552065
FAT_012,FAT_DON_8,Allogenic,537937,6264.889618791526,148.10769221951497,-5.402570614446398,-0.4529569448213142,4576.777465238965
FAT_012,FAT_DON_8,Allogenic,545696,21375.327994738567,28065.70240087323,0.3928616084370299,0.029993258460395782,21824.36709072786
FAT_012,FAT_DON_8,Allogenic,545697,1517.5738455359087,964.8158236014116,-0.6534412464296636,0.6938176547303249,2454.7640744131327
FAT_012,FAT_DON_8,Allogenic,547042,8813.551718243614,25624.041303425794,1.539702604597888,0.3283622779259339,11066.183117282366
FAT_012,FAT_DON_8,Allogenic,547043,2712.5652987763187,1794.2189000306953,-0.5963019534713249,0.31907725086083594,3384.0130180342762
FAT_012,FAT_DON_8,Allogenic,548480,6255.74760767384,1891.546812060663,-1.7256158266301012,-0.1869741202642115,5495.337877236874
FAT_012,FAT_DON_8,Allogenic,552396,10963.88333328223,17983.094934348537,0.7138824519083444,0.026139695117382625,11164.34472498284
FAT_012,FAT_DON_8,Allogenic,552398,59643.13353257887,111644.9889445201,0.9044905378479304,0.1842110060776307,67766.25578700085
FAT_012,FAT_DON_8,Allogenic,552531,105.7861286475117,117.0756043259023,0.1462900205512675,2.821673534003986,747.8889139565265
FAT_012,FAT_DON_8,Allogenic,555970,124.72315167700457,125.5389010241603,0.0094051950196165,2.6744967382997915,796.2525170569418
FAT_012,FAT_DON_8,Allogenic,556258,8143.572903476041,6487.116919214755,-0.3280844588766275,0.2841005880919452,9916.028982542157
FAT_012,FAT_DON_8,Allogenic,556259,3240.8429412197565,3254.1375804802,0.00590614147483,0.6259752515401709,5001.442864551109
FAT_012,FAT_DON_8,Allogenic,556268,2017.772453832168,1750.491867089696,-0.2050031305724127,0.3964290128818149,2655.884674392016
FAT_012,FAT_DON_8,Allogenic,556270,1568.5079074773032,438.68087885970624,-1.838149073486064,-0.12172714379792131,1441.5947463422974
FAT_012,FAT_DON_8,Allogenic,563192,11885.920454580297,31414.346794483976,1.402169951125479,0.056987328354800984,12364.817612192282
FAT_012,FAT_DON_8,Allogenic,563193,11691.979218726525,22004.571415470797,0.9122841025180538,0.21024511806604104,13526.27216636509
FAT_012,FAT_DON_8,Allogenic,565040,5357.218514964111,64.88527468664465,-6.367449228333872,0.06233395881802435,5593.759013672257
FAT_012,FAT_DON_8,Allogenic,565042,5475.411658699912,308.9103294864169,-4.147707416761568,0.0680653279213543,5739.928488602453
FAT_012,FAT_DON_8,Allogenic,566550,6718.725170705235,15004.01449656172,1.159089138834528,0.3931155886000716,8823.206843811868
FAT_012,FAT_DON_8,Allogenic,566552,3641.132428015588,719.3802193519298,-2.339560816920598,-0.15692315914890037,3265.8625042480026
FAT_012,FAT_DON_8,Allogenic,568816,1575.690916212628,1438.7604387038596,-0.1311581712679259,0.3035878696371305,1944.7334596484075
FAT_012,FAT_DON_8,Allogenic,573236,127.33515485348632,134.00219772241832,0.0736258866703049,2.6744967382997915,812.9279624403331
FAT_012,FAT_DON_8,Allogenic,580050,109.70413341223436,134.00219772241832,0.288638777641155,3.0537032488943976,910.9179643046491
FAT_012,FAT_DON_8,Allogenic,585394,75208.06046123373,225692.1436018957,1.5853970019810046,0.2561400037530371,89819.4131150383
FAT_012,FAT_DON_8,Allogenic,585543,124054.4788638252,81064.27687481452,-0.6138356255076778,-0.18105205575718497,109423.43629918351
FAT_012,FAT_DON_8,Allogenic,585544,12909.172698967031,15714.931419215392,0.2837394295241225,0.5291161269007434,18628.51501633338
FAT_012,FAT_DON_8,Allogenic,586220,81.62509926505533,2366.90197661282,4.857843307866704,2.4526945361071144,446.8464870385548
FAT_012,FAT_DON_8,Allogenic,591001,171.73920885367642,595.2518677774792,1.7932807915038504,1.8928515974459634,637.7853894413516
FAT_012,FAT_DON_8,Allogenic,592028,116.88714214755922,177.72923066341795,0.6045647383246278,2.8143537225281445,822.1889379080438
FAT_012,FAT_DON_8,Allogenic,622312,130440.82663032314,109335.91949534536,-0.254628049770019,-0.18200973426481654,114980.22464945712
FAT_012,FAT_DON_8,Allogenic,626939,83980.47312944777,480735.0001533502,2.517116022269068,0.11640443059859944,91037.33635159809
FAT_012,FAT_DON_8,Allogenic,633147,831.2700109153234,1289.242197034635,0.6331342432456794,0.5511002393418843,1217.9790430260098
FAT_012,FAT_DON_8,Allogenic,641112,7566.320201473569,6805.90109484914,-0.1528056457121553,0.5744983262594411,11267.457926330924
FAT_012,FAT_DON_8,Allogenic,645463,3480.494232661959,4224.595601880451,0.2795210621185774,0.04247531589764929,3584.489087828302
FAT_012,FAT_DON_8,Allogenic,645464,250.75230494225,433.03868106086753,0.7882329367379908,2.619924439639363,1541.4192433653361
FAT_012,FAT_DON_8,Allogenic,649757,85363.52881139486,10952.91647699556,-2.9623047432579344,0.05113367870672075,88443.33917861784
FAT_012,FAT_DON_8,Allogenic,657308,4405.143357136506,7616.967028432198,0.7900276810090342,0.3331500047974948,5549.4276125886145
FAT_012,FAT_DON_8,Allogenic,657309,14973.961209975869,17985.916033247955,0.264411716382445,0.5852032915465253,22464.690937217267
FAT_012,FAT_DON_8,Allogenic,657313,235156.68697627145,285300.5527971765,0.2788601846544046,-0.4363311091471395,173783.51656886697
FAT_012,FAT_DON_8,Allogenic,657314,88181.22723802457,43996.4478858942,-1.0030845049345478,0.2805421043300392,107109.43468779953
FAT_012,FAT_DON_8,Allogenic,657317,594886.3354468996,438927.7250134054,-0.4386306385493452,-2.63708557060398,95629.55512197988
FAT_012,FAT_DON_8,Allogenic,657319,38934.51934863728,247668.50402837232,2.669288691662137,0.34324951098618933,49392.75110949642
FAT_012,FAT_DON_8,Allogenic,657321,566358.0367533658,133250.37486572305,-2.087574783929438,-2.0186190013092564,139773.9371111883
FAT_012,FAT_DON_8,Allogenic,657322,132296.0018864193,150295.45441601466,0.1840319139510046,0.18741325584554802,150648.125160299
FAT_012,FAT_DON_8,Allogenic,657323,787269.5114058998,75534.92303195263,-3.381641884503855,-2.5403160712805013,135335.61378114883
FAT_012,FAT_DON_8,Allogenic,657324,1175.4014294167969,746.1806588964134,-0.6555566870140441,0.1661978646493387,1318.9148466159938
FAT_012,FAT_DON_8,Allogenic,658089,87532.79744946297,10172.882631306113,-3.1050951327794007,0.41146970738996713,116422.12780992125
FAT_012,FAT_DON_8,Allogenic,658659,9288.283295569176,13123.752080098737,0.4986963647324159,0.13975459892713593,10233.066098108124
FAT_012,FAT_DON_8,Allogenic,665943,1499.9428240946568,2970.617141088557,0.9858551717367604,0.40571792367922244,1987.0462210241515
FAT_012,FAT_DON_8,Allogenic,665951,16825.218461307326,25078.15866638816,0.5758061867432474,0.34756841687939805,21408.647474191817
FAT_012,FAT_DON_8,Allogenic,665953,5737.264977142209,8418.159115867289,0.5531416282514438,0.7275709079217839,9500.04310003036
FAT_012,FAT_DON_8,Allogenic,679935,6789.902257264363,77814.37094268345,3.518573908469287,0.045252464648738826,7006.2539011675835
FAT_012,FAT_DON_8,Allogenic,697329,2189.5116626858444,3031.270767426073,0.4693135917229665,0.8063929180861183,3829.091280574317
FAT_012,FAT_DON_8,Allogenic,702443,12800.121566348917,29944.55426788651,1.2261361456325357,0.20421937193336417,14746.543998163417
FAT_012,FAT_DON_8,Allogenic,702444,6793.820262029085,5715.546370223568,-0.2493316330528854,0.035869196473488775,6964.849830393916
FAT_012,FAT_DON_8,Allogenic,702447,7875.842577886658,6492.759117013594,-0.2786025889696983,0.10889649595406645,8493.332739761163
FAT_012,FAT_DON_8,Allogenic,702459,1347.7936390645937,579.7358238306728,-1.2171320796526042,0.547585123312121,1969.9851376161926
FAT_012,FAT_DON_8,Allogenic,709991,6292.315652144585,22161.142404388567,1.816369304021004,0.03618931331757588,6452.1516972498575
FAT_012,FAT_DON_8,Allogenic,717959,39291.71078302115,63335.08084141373,0.6887798344391662,1.117215276914303,85234.66304499925
FAT_012,FAT_DON_8,Allogenic,717960,55910.58099338642,12747.135377026256,-2.1329482655092398,1.575506675776559,166635.9773393566
FAT_012,FAT_DON_8,Allogenic,717962,119223.57898892216,43293.99425993879,-1.461430774148773,-0.37968350728353584,91635.98031927641
FAT_012,FAT_DON_8,Allogenic,718252,152566.4525375061,223524.129097692,0.5509928102254508,-0.09778520176454053,142568.2337695174
FAT_012,FAT_DON_8,Allogenic,720554,170.43320726543553,873.1301093702834,2.356990194733348,1.748937453978639,572.8446361948536
FAT_012,FAT_DON_8,Allogenic,742725,5088.83518858061,3186.431206894136,-0.675393953521416,0.3484420488471614,6479.028556547227
FAT_012,FAT_DON_8,Allogenic,742726,5959.93824793728,13443.94680518283,1.1735874514970364,-0.11108561888240441,5518.25361650195
FAT_012,FAT_DON_8,Allogenic,742727,4955.62302658004,4259.859338123192,-0.2182606530806774,0.10185090986991555,5318.123777992768
FAT_012,FAT_DON_8,Allogenic,742729,114.27513897107744,141.05494497096663,0.3037456700313634,2.92368944040276,867.101580198366
FAT_012,FAT_DON_8,Allogenic,742733,8517.742358507054,15408.842188628394,0.8552154651057883,-0.22611710214093794,7282.09716257517
FAT_012,FAT_DON_8,Allogenic,742740,22845.885783097805,21836.716030955344,-0.0651784706796259,0.018693377747988724,23143.832027935394
FAT_012,FAT_DON_8,Allogenic,742741,13063.933887173574,11769.624608377457,-0.1505210885446874,0.07394980930907515,13751.025412589353
FAT_012,FAT_DON_8,Allogenic,742742,1405.2577089471924,6254.37626001266,2.1540312843996507,0.6027213932012236,2133.994003863341
FAT_012,FAT_DON_8,Allogenic,742743,607.943739326132,368.15340637422287,-0.7236307688999417,0.6689346987292035,966.5688611669234
FAT_012,FAT_DON_8,Allogenic,742818,700.0168512971145,1868.978020865308,1.416788045969119,0.5558610102420827,1029.0567655621699
FAT_012,FAT_DON_8,Allogenic,742821,9017.287966009191,5132.989447493475,-0.8128943000144087,0.33041161417524023,11338.085974060466
FAT_012,FAT_DON_8,Allogenic,748224,185599.80370967693,153117.9638648837,-0.277551634307025,0.356027167558657,237548.54204512935
FAT_012,FAT_DON_8,Allogenic,759350,2509.482051804861,495.10285684809287,-2.3415894486692745,0.9643015966046274,4896.297517774966
FAT_012,FAT_DON_8,Allogenic,762966,2988.131633895145,1379.5173618160538,-1.1150800897371878,-0.3937092026237752,2274.476456078391
FAT_012,FAT_DON_8,Allogenic,762967,912.8951101803788,528.9560436411249,-0.7873012679032256,0.9822898070879336,1803.5142461379933
FAT_012,FAT_DON_8,Allogenic,762968,71298.54470683465,22774.731415012277,-1.6464385894838764,0.5329727387544037,103162.40226721944
FAT_012,FAT_DON_8,Allogenic,762982,13771.786748000137,9728.559554647569,-0.5014176311527501,0.2845615815170435,16774.58794331756
FAT_012,FAT_DON_8,Allogenic,762984,29829.729276215938,37386.61316455471,0.3257708997035872,0.18881377083689807,34000.704868838184
FAT_012,FAT_DON_8,Allogenic,763034,4062.3179402232736,4244.343294176386,0.063238192507065,0.35557040906963666,5197.700719498778
FAT_012,FAT_DON_8,Allogenic,862962,1526.715856653595,7705.831643763908,2.3355190852553056,-0.0858390659512131,1438.5272150935373
FAT_012,FAT_DON_8,Allogenic,866771,863.2670498272252,2520.6518666311736,1.5459180496227662,0.6750429297273061,1378.3303995868284
FAT_012,FAT_DON_8,Allogenic,883062,160.6381953536289,112.8439559767733,-0.5094858183629102,2.662687004888643,1017.1792075673558
FAT_012,FAT_DON_8,Allogenic,883156,809.0679839152284,2276.626811831401,1.4925649832261465,0.6667098601229009,1284.35382101677
FAT_012,FAT_DON_8,Allogenic,888048,5128.668237021956,928.1415379089603,-2.466167516842188,0.918950997182728,9696.978240032628
FAT_012,FAT_DON_8,Allogenic,888833,6493.439896733682,174.9081317639986,-5.214313678576643,0.7838193183164036,11179.643402206535
FAT_012,FAT_DON_8,Allogenic,890402,4662.42567001996,547.2931864873505,-3.090694924640367,0.11591566069066513,5052.496391762579
FAT_012,FAT_DON_8,Allogenic,903814,923.9961236804264,2093.2553833691445,1.1797896309905258,2.0452915964149777e-05,924.009223156403
FAT_012,FAT_DON_8,Allogenic,904306,16832.40147004265,136.8232966218376,-6.942783313822791,0.12324108250589844,18333.498337180645
FAT_012,FAT_DON_8,Allogenic,997884,3123.302798278077,5161.200436487668,0.7246342164417492,0.17833891547967287,3534.267794238987
FAT_012,FAT_DON_8,Allogenic,999410,19990.96631120323,19331.580208270974,-0.0483886382726355,-0.41085992993071124,15036.703089807166
FAT_012,FAT_DON_8,Allogenic,999412,5818.237075613144,5705.6725240756,-0.0281851370029768,0.32413658278752217,7283.938119021593
FAT_012,FAT_DON_8,Allogenic,999413,14942.617171858088,9573.399115179503,-0.6423296939491875,0.1523404124468186,16606.79037697636
FAT_012,FAT_DON_8,Allogenic,1002367,3618.930401015493,20921.26943809377,2.531335125233081,0.0933567867742397,3860.854400967712
FAT_012,FAT_DON_8,Allogenic,1042156,3193.173883248965,3218.8738442374583,0.0115649185380529,0.33396998756006435,4024.9227782566027
FAT_012,FAT_DON_8,Allogenic,1042403,125.37615247112498,126.94945047386996,0.017991187697486,2.6744967382997915,800.4213784027895
FAT_012,FAT_DON_8,Allogenic,1077285,4764.29379390275,4519.400436869771,-0.0761309896670642,-0.0685442593225724,4543.229301473914
FAT_012,FAT_DON_8,Allogenic,1121100,8262.41904800596,4565.94856871019,-0.8556496227236309,0.3933190460172943,10851.95659884052
FAT_012,FAT_DON_8,Allogenic,1121101,13137.722976909186,12034.807904922873,-0.1265021359564748,0.6057743434477698,19992.925516982374
FAT_012,FAT_DON_8,Allogenic,1121111,893.958087150886,330.0685712320619,-1.4374414195855274,0.9334689004836153,1707.3371750292026
FAT_012,FAT_DON_8,Allogenic,1121114,5377.4615395818455,4295.123074365934,-0.3242258297310548,0.14583983851703278,5949.4864381446305
FAT_012,FAT_DON_8,Allogenic,1121115,322564.7612740574,64978.37095032549,-2.3115573593241443,-0.5547132457903519,219599.62541851308
FAT_012,FAT_DON_8,Allogenic,1121130,4032.9329044878536,7877.918676628486,0.965985120191564,0.21946392074063237,4695.5473015803855
FAT_012,FAT_DON_8,Allogenic,1121315,2803.3324091590603,201.70857130848228,-3.7967985285804673,0.3531018258574161,3580.7074430846765
FAT_012,FAT_DON_8,Allogenic,1121333,4652.6306581081535,6138.711205136468,0.3998891345124781,0.6607948019932871,7355.592045694946
FAT_012,FAT_DON_8,Allogenic,1121334,1033.7002570926606,5893.275600886986,2.5112518290188945,-0.08886031224931848,971.9524187764857
FAT_012,FAT_DON_8,Allogenic,1121344,1411.1347160942764,4317.691865561288,1.6134045647564517,0.25525920824081916,1684.2600778658343
FAT_012,FAT_DON_8,Allogenic,1121864,1635.1139884775882,757.4650544940907,-1.1101399768582385,1.2905220461202151,3999.75951219412
FAT_012,FAT_DON_8,Allogenic,1122981,5950.796236819593,1667.2694495568255,-1.8355954398852152,0.1395651770546491,6555.236795016364
FAT_012,FAT_DON_8,Allogenic,1123075,2391.288908069061,2428.9661524000453,0.0225539436884742,0.3843884706688733,3121.3646603784027
FAT_012,FAT_DON_8,Allogenic,1123263,7741.977415091967,2760.445273081817,-1.4878010995900623,0.3912522202913833,10153.845577272003
FAT_012,FAT_DON_8,Allogenic,1123313,1298.8185795055604,5838.264172348308,2.168339564485514,0.3232263457072039,1624.9848562150028
FAT_012,FAT_DON_8,Allogenic,1150460,2455.935986686985,805.4237357842194,-1.6084530635884964,-0.4703875731035408,1772.6225662339257
FAT_012,FAT_DON_8,Allogenic,1156431,3046.901705365985,59.243076887805984,-5.684552577116471,0.4602123289040324,4191.757588779184
FAT_012,FAT_DON_8,Allogenic,1156433,2688.4042693938623,53.60087908896732,-5.648349627788717,0.3761603579914563,3489.234254326789
FAT_012,FAT_DON_8,Allogenic,1160721,605331.7361496503,12199.842190538904,-5.632791598982587,-2.695081768021347,93474.46553247819
FAT_012,FAT_DON_8,Allogenic,1203465,4012.68987987012,961.9947247019924,-2.060468774146884,0.20068111927782425,4611.546934923251
FAT_012,FAT_DON_8,Allogenic,1203540,437.51053206069656,270.8254943442559,-0.6919541925350113,1.0871839378388288,929.5301654517052
FAT_012,FAT_DON_8,Allogenic,1203606,46208.295194344886,20255.490097830807,-1.189838871184555,0.5377550348116364,67081.12567143334
FAT_012,FAT_DON_8,Allogenic,1203610,1208.0514691228188,3613.827690156165,1.5808457970269394,-0.14930438836100435,1089.2820283875453
FAT_012,FAT_DON_8,Allogenic,1203611,7555.872188767641,15358.062408438847,1.0233260122430443,0.29564270098635625,9274.31674006409
FAT_012,FAT_DON_8,Allogenic,1233170,1253.108523917129,165.03428561603096,-2.924673684523008,-0.0025580908807891368,1250.8885639615416
FAT_012,FAT_DON_8,Allogenic,1235789,1213.9284762699028,20190.604823144164,4.055928801486221,-0.17514930968159179,1075.1471382036457
FAT_012,FAT_DON_8,Allogenic,1256908,107703.33897904932,68980.09973915182,-0.6428108565501367,0.10368544380692804,115728.83893911964
FAT_012,FAT_DON_8,Allogenic,1282887,1342.56963271163,2239.95252613895,0.7384712400380471,0.8326180902429932,2391.001451950399
FAT_012,FAT_DON_8,Allogenic,1292036,1439.8667510355758,207.35076910732096,-2.795790003519551,0.24477724260305816,1706.1122274579936
FAT_012,FAT_DON_8,Allogenic,1295400,267.077324795261,225.6879119535466,-0.2429283459654188,2.3916941230778934,1401.5503007596233
FAT_012,FAT_DON_8,Allogenic,1322347,6082.702397231924,77.58021973403164,-6.292879748215373,-0.11717633608677984,5608.193332059945
FAT_012,FAT_DON_8,Allogenic,1336236,3767.8145820749537,4238.701096377547,0.1698942641546706,0.39896522056670297,4968.096479847611
FAT_012,FAT_DON_8,Allogenic,1384484,3802.4236241633375,4461.567909431675,0.2306315291715411,-0.5022705230813735,2684.4913329091432
FAT_012,FAT_DON_8,Allogenic,1401079,638.6347766497929,341.3529668297392,-0.9037268255886718,1.1531830693205647,1420.349617230931
FAT_012,FAT_DON_8,Allogenic,1408437,14182.524247501897,15090.05801299401,0.0894840216961165,-0.2941540930597186,11566.563045475656
FAT_012,FAT_DON_8,Allogenic,1410645,820.168997415276,843.5085709263805,0.0404815173954454,0.6184268819719076,1259.1236763972863
FAT_012,FAT_DON_8,Allogenic,1410647,11622.10813375564,4045.455821767323,-1.5224976102764027,1.1676437540841444,26108.426950435874
FAT_012,FAT_DON_8,Allogenic,1410657,216.79626364798693,1551.604394680633,2.8393489691540648,1.2464778944993966,514.3740237646022
FAT_012,FAT_DON_8,Allogenic,1410665,546.5616646788105,2643.3696687559145,2.2739220171978105,0.07283886466088038,574.8649769743241
FAT_012,FAT_DON_8,Allogenic,1437612,120506.07254857472,43820.129204680496,-1.4594402053869098,-0.2243273021688047,103152.48282116193
FAT_010,FAT_010,Autologous,561,10505.525923364296,559.4346428857425,-4.231034982004465,-0.5110264783815114,7371.968998254538
FAT_010,FAT_010,Autologous,904,3710.484919663381,4875.073316575756,0.3938161722406835,-0.9503264046224649,1920.2329488594062
FAT_010,FAT_010,Autologous,213810,10581.114786988606,10565.666565714597,-0.0021078457109339,-0.20374574928132902,9187.51040085533
FAT_010,FAT_010,Autologous,300269,2149.641191842152,166.71324227317055,-3.688655262595895,0.06128713905659964,2242.927536122346
FAT_010,FAT_010,Autologous,347253,2835.2454461187667,1946.420070869749,-0.542650532052374,-0.4585687140739632,2063.230378177926
FAT_010,FAT_010,Autologous,349741,272283.02185848623,294.7558871118428,-9.851370682742049,-0.8858295262039957,147353.10899085406
FAT_010,FAT_010,Autologous,354242,4071.18967239692,7624.982467473414,0.9052835836302244,-1.1362758818271015,1852.1161230993544
FAT_010,FAT_010,Autologous,364106,10875.513518999069,659.9781962154381,-4.0425213506296735,-0.7120884691245641,6638.803034266833
FAT_010,FAT_010,Autologous,367928,160445.98282528695,218073.8110924519,0.4427288558123596,-0.0024747456450687298,160170.99564706694
FAT_010,FAT_010,Autologous,398513,826.1730182095378,1386.9854279840067,0.7474367809882976,-0.4999248649252796,584.2229689536708
FAT_010,FAT_010,Autologous,409438,2620.4139389759976,213.97730580422407,-3.6142650287820777,-0.035336571394709526,2557.010627239364
FAT_010,FAT_010,Autologous,411459,248064.0847291752,162138.0809233646,-0.6134899012939015,-1.14180570353652,112420.65847086566
FAT_010,FAT_010,Autologous,411460,29931.86387481136,116776.61078608838,1.9639973212174853,-1.234947372148657,12716.791750780363
FAT_010,FAT_010,Autologous,411461,103947.9486875676,169344.56159193575,0.7041003679299563,-0.546445277230881,71173.69352774731
FAT_010,FAT_010,Autologous,411462,327801.0530099185,433427.79016534414,0.4029711690488308,-0.8502868612117834,181822.86395112012
FAT_010,FAT_010,Autologous,411463,35216.45372644058,30462.97796567847,-0.2091926559635228,-0.8231873144961138,19904.05426092434
FAT_010,FAT_010,Autologous,411466,4254.194289592611,3860.184970572588,-0.1402159433198,-0.7235017843984592,2576.4491846443757
FAT_010,FAT_010,Autologous,411467,32447.514301044896,35589.839838883294,0.1333574781933543,-0.6582411293885935,20560.378631769803
FAT_010,FAT_010,Autologous,411468,6495.3377900326095,7259.760158369819,0.1605173315289943,-0.3459873583767869,5110.332622204941
FAT_010,FAT_010,Autologous,411469,63334.18487426856,41963.61364269827,-0.593845491084276,-0.9545366200478902,32680.90171461947
FAT_010,FAT_010,Autologous,411470,19934.24207018583,29633.70848736089,0.5719904295976935,-0.3584930441329179,15548.287707107622
FAT_010,FAT_010,Autologous,411471,247344.00134412252,216135.12514106903,-0.1945853608341529,-0.945168674345014,128462.76347187109
FAT_010,FAT_010,Autologous,411473,46074.727680051656,55516.36902357545,0.2689375744153508,-0.8021978748865444,26422.697589405285
FAT_010,FAT_010,Autologous,411474,14593.95516114922,10958.387966327173,-0.4133353400539287,-1.1057070505361686,6781.441488771097
FAT_010,FAT_010,Autologous,411475,13267.83474668768,13686.81345198344,0.044853650786303,-0.37220515600991533,10250.738087218313
FAT_010,FAT_010,Autologous,411479,3687.940872617535,1820.096119250388,-1.018800884619831,-0.09066956957308371,3463.296623026169
FAT_010,FAT_010,Autologous,411483,259725.98765394997,109455.83701843304,-1.2466414823174468,-1.9568677624536246,66902.0633772017
FAT_010,FAT_010,Autologous,411484,23506.81046674521,20042.540976995653,-0.2300133756481643,-0.8544597204901894,13000.968310359116
FAT_010,FAT_010,Autologous,411485,345580.3494066043,94407.81853675524,-1.872042935679054,-0.7945809757834951,199230.7324994941
FAT_010,FAT_010,Autologous,411486,75875.30563383132,95500.0480776274,0.3318710367354439,-1.3202639349643286,30385.151554429078
FAT_010,FAT_010,Autologous,411487,52090.00988004919,57382.86985974723,0.1396134119422979,-1.2774446698081132,21488.459213137296
FAT_010,FAT_010,Autologous,411489,281992.8755331736,22789.872088064345,-3.629193981446361,-1.2024545741556902,122535.87064647554
FAT_010,FAT_010,Autologous,411490,12822.258287428604,15050.596521506746,0.2311702931772417,-0.4441275752482267,9424.727428404143
FAT_010,FAT_010,Autologous,411902,10334.45638989876,11005.652029858224,0.0907821176998464,-0.7229005035741427,6261.420942206352
FAT_010,FAT_010,Autologous,411903,4799.229779936303,3353.1704708758325,-0.5172770590289931,0.34022222581971756,6075.592522971029
FAT_010,FAT_010,Autologous,428125,32825.458619166435,42761.94664306824,0.38151236225829,-0.8936106537999028,17668.805551950187
FAT_010,FAT_010,Autologous,428127,13350.054212384295,13565.645580022014,0.0231121056748465,-0.22641988446215705,11411.003864912906
FAT_010,FAT_010,Autologous,428128,2662.849792238767,3076.460862566755,0.2083005889353655,-0.39662536729622333,2022.7887825316948
FAT_010,FAT_010,Autologous,435590,2902.877587256305,7170.388110965644,1.3045674740733386,0.4068931889265087,3848.715218699709
FAT_010,FAT_010,Autologous,435830,1930.8313234559985,1698.0689006793043,-0.1853271378794993,-0.6321758161032175,1245.7774130160005
FAT_010,FAT_010,Autologous,445970,5439.745940121225,3143.489898119886,-0.7911721459966162,-0.513484591996857,3810.696422109121
FAT_010,FAT_010,Autologous,445972,11602.22750612399,12502.633823878135,0.1078302329602551,-0.28032191827059494,9553.358411222363
FAT_010,FAT_010,Autologous,445973,22212.516942230748,12337.639274824276,-0.8483065058478843,-0.09542814471130359,20790.792215796788
FAT_010,FAT_010,Autologous,445975,7544.299037871686,14468.81886676996,0.9394883879171072,-0.39270091035930954,5746.509660256406
FAT_010,FAT_010,Autologous,457391,2693.350561771382,808.6451596858427,-1.7358233408330972,0.0021348793629826055,2697.3390935369725
FAT_010,FAT_010,Autologous,457393,10428.610939325528,5692.311942358153,-0.8734603781067364,-0.4168084106327978,7811.863237373409
FAT_010,FAT_010,Autologous,457394,2483.82353628646,5889.961662578922,1.245695563010648,-0.4612241887658454,1804.1740108953643
FAT_010,FAT_010,Autologous,457395,2568.695242811998,1111.9945128942409,-1.207886065876227,-0.5192641478907116,1792.249621012985
FAT_010,FAT_010,Autologous,457400,3772.812579143074,290.4591540635652,-3.699233230177241,0.03560353504814254,3867.078279828303
FAT_010,FAT_010,Autologous,457401,4583.0721523790735,262.1007159449331,-4.128121798978701,-0.43349468741459496,3393.608903758837
FAT_010,FAT_010,Autologous,457412,135373.02414906266,173183.26289726695,0.3553592281700894,-1.5589138508030935,45946.48590607893
FAT_010,FAT_010,Autologous,457421,5008.756805421226,5608.955321221568,0.1632795262583796,-0.6835494774638653,3118.6098717189266
FAT_010,FAT_010,Autologous,469593,2905.5298280852285,6033.472546391394,1.0541873144140814,0.2005100102433865,3338.757416670856
FAT_010,FAT_010,Autologous,469596,9868.988124422762,12986.445965114191,0.3960325819971161,-0.4247940761825015,7351.853892141962
FAT_010,FAT_010,Autologous,470145,2381.7122643729213,2944.980831289461,0.3062591125125462,-0.7787437208175416,1388.2384667729775
FAT_010,FAT_010,Autologous,470146,333328.3228973942,737065.0244879767,1.144847992278344,-0.8875260925974899,180177.36919528036
FAT_010,FAT_010,Autologous,471870,4104.342682758458,161.55716261523744,-4.667034571689471,-0.243884316100508,3465.9885161169645
FAT_010,FAT_010,Autologous,471875,131744.7586950959,55176.92711276152,-1.255608548984089,-0.3806228727664489,101193.92580022053
FAT_010,FAT_010,Autologous,476272,20126.52953028275,10624.961481780829,-0.9216408149356844,-0.4061204035822072,15188.485520140763
FAT_010,FAT_010,Autologous,478749,4141.474054363381,5628.720293243645,0.442662608026121,-0.2794853952913839,3412.097696720692
FAT_010,FAT_010,Autologous,479437,2416.191395148921,3666.8319834000968,0.6017994221335798,-0.8753729064288998,1317.0972139790244
FAT_010,FAT_010,Autologous,483217,2505.041462917844,1177.3048552280602,-1.0893465378059617,-0.38489308623554025,1918.4503080724983
FAT_010,FAT_010,Autologous,483218,47944.55746444242,42906.31687349037,-0.1601769898910566,-1.0130283123134007,23756.770700736008
FAT_010,FAT_010,Autologous,500632,45244.576300598725,57570.20742065214,0.3475775508663351,-1.0949096120398345,21181.947621785774
FAT_010,FAT_010,Autologous,502558,1136.4851951935375,956.4527765465918,-0.2488132460360214,-0.4574862080353658,827.6499847632236
FAT_010,FAT_010,Autologous,511145,4539.310178701842,219.9927320718127,-4.366945306275318,-0.3167945785754453,3644.39287767484
FAT_010,FAT_010,Autologous,511680,8613.152091927685,6877.350917073112,-0.3246883457124463,-0.6326991747784444,5555.212626328013
FAT_010,FAT_010,Autologous,515619,1370387.6400166778,1436098.8054190387,0.0675709673787708,-1.803441560102865,392602.83190651395
FAT_010,FAT_010,Autologous,515620,39588.67273292028,37006.04305159558,-0.0973268190505941,-1.1998135073144862,17234.198340944284
FAT_010,FAT_010,Autologous,518635,2776.896147882459,4531.334672713549,0.7064628251835433,-0.44237003631268906,2043.5863252615734
FAT_010,FAT_010,Autologous,518636,22814.57561039629,15232.77800275372,-0.582776747259596,-0.7928539086684628,13168.59938861826
FAT_010,FAT_010,Autologous,518637,7858.58957609907,9970.99871183298,0.3434676072232028,0.06234483645877236,8205.636487903457
FAT_010,FAT_010,Autologous,521003,164576.84791633463,1236895.3865280123,2.9098901840335314,-0.2185625957025871,141440.84522378893
FAT_010,FAT_010,Autologous,525259,8995.074771292608,8950.95428617188,-0.0070937735725303,0.07882226600417917,9500.197723154772
FAT_010,FAT_010,Autologous,525362,2190.75092469046,2285.861981683679,0.0613128297036257,-0.9766382422024824,1113.2574185144547
FAT_010,FAT_010,Autologous,536231,125118.13498403158,91082.1471573884,-0.4580507061750106,-1.07295682469397,59474.126721874905
FAT_010,FAT_010,Autologous,537007,18940.97787975414,17739.492063118865,-0.0945461144236344,-0.6692800027780934,11910.473866951099
FAT_010,FAT_010,Autologous,537013,3583.177359875074,3537.929991951769,-0.0183339552698964,0.012909845410388403,3615.3850354223537
FAT_010,FAT_010,Autologous,545696,12126.045069836297,23091.50274805343,0.9292529740865804,-0.49736122178231873,8590.106171695174
FAT_010,FAT_010,Autologous,547043,5764.645441664303,5880.508849872712,0.028709122489727,-0.6887191931435456,3576.411355610695
FAT_010,FAT_010,Autologous,548480,1340.707739020614,57713.718304464615,5.427847598655897,-0.25674397457382114,1122.1385405233784
FAT_010,FAT_010,Autologous,552396,19223.441528034444,24082.329388986247,0.3251083034903471,-0.03422628556555556,18772.754573935388
FAT_010,FAT_010,Autologous,552398,39713.32805187966,42951.00289719246,0.1130685518960489,-1.075358315764836,18846.08624127122
FAT_010,FAT_010,Autologous,562973,2095.270254849229,357.48818961669565,-2.551168854188854,-0.3056056406305212,1695.2883711199165
FAT_010,FAT_010,Autologous,563192,3954.491075924304,1149.8057637190836,-1.7821018709074623,0.1150744472830854,4282.83615414894
FAT_010,FAT_010,Autologous,566550,10726.988032579377,10360.282726006928,-0.050181673302232,-0.15738099412107165,9618.368153068588
FAT_010,FAT_010,Autologous,566552,5504.725840429842,7951.534179142511,0.5305625296568388,-0.9148092805612699,2919.7835693375155
FAT_010,FAT_010,Autologous,568816,2304.797280334152,3722.689513027705,0.691705431528446,-0.9143709856938628,1222.8681644801202
FAT_010,FAT_010,Autologous,585394,75468.18666659163,116840.20243520288,0.6305962478991112,-0.6086973483026784,49491.17386949489
FAT_010,FAT_010,Autologous,585543,9159.513702685836,4186.736682241685,-1.1294448196707858,0.29205966871526734,11214.789788048314
FAT_010,FAT_010,Autologous,622312,103417.500521783,116366.7024532827,0.1701979577172663,-1.2903622695662111,42282.07466261855
FAT_010,FAT_010,Autologous,626939,5223.588312563996,7244.291919396019,0.4718034849499204,-0.038739717380937184,5085.1893005477405
FAT_010,FAT_010,Autologous,633147,1060.89633156923,812.9418927341204,-0.3840595457008104,-0.6972278163717364,654.3143742192048
FAT_010,FAT_010,Autologous,645463,8924.790389326146,6875.632223853802,-0.3763259084910781,0.02238803237439713,9064.367275219103
FAT_010,FAT_010,Autologous,645464,1572.7788115513831,1920.6396725800832,0.2882710922591953,-0.6493357934816147,1002.7625328113722
FAT_010,FAT_010,Autologous,649757,13972.004686766755,12176.941458818694,-0.1983872217166145,-0.9793884638436662,7086.526534552251
FAT_010,FAT_010,Autologous,649764,791.6938874335377,763.0997893741003,-0.0530709841801799,-0.41534419643535936,593.6442015538302
FAT_010,FAT_010,Autologous,657308,2276.94875163046,2587.492641672766,0.1844529394570622,-0.438834803580867,1679.7738529671406
FAT_010,FAT_010,Autologous,657313,250744.1740868019,350121.8704787285,0.4816410020629992,-0.9287193363336195,131722.0476825955
FAT_010,FAT_010,Autologous,657314,64010.50628564395,64144.20898451685,0.0030103034476064,-1.004882818558487,31897.11408434652
FAT_010,FAT_010,Autologous,657317,1353248.859780177,1419042.4939105962,0.0684906197751137,-1.432479173931819,501370.14590427344
FAT_010,FAT_010,Autologous,657319,76850.00413846056,67628.85948666999,-0.18440631368186,-1.231420589047034,32730.252871033663
FAT_010,FAT_010,Autologous,657321,1103048.3950633043,238785.7830783692,-2.207707240483899,-2.446569826237027,202350.21160166682
FAT_010,FAT_010,Autologous,657322,311472.5323466536,76714.73119055777,-2.0215293989296885,-1.8531359247934815,86212.50305664308
FAT_010,FAT_010,Autologous,657323,250358.2730461936,139373.12988698026,-0.8450416827839619,-1.7189904632672994,76049.13093765649
FAT_010,FAT_010,Autologous,658089,13563.559599112605,12146.864327480753,-0.1591519117885922,-0.5708057226653418,9131.540209822384
FAT_010,FAT_010,Autologous,658659,8554.802793691377,10203.022296439967,0.2541900615358731,0.03849303741660318,8786.128718447992
FAT_010,FAT_010,Autologous,665943,2734.4602946196896,3784.562468922903,0.4688704069307798,-0.9392070404243217,1426.0742245385916
FAT_010,FAT_010,Autologous,665951,40186.75303984243,129978.75275022612,1.69348388724522,-0.8923481714814919,21650.072340530944
FAT_010,FAT_010,Autologous,697329,2186.772563447075,1622.4463990296188,-0.4306323633411065,-0.18690873083190063,1921.0491742651168
FAT_010,FAT_010,Autologous,702459,990.6119496027684,4827.809253044702,2.2849767470716804,-0.7392541762756164,593.4250581596149
FAT_010,FAT_010,Autologous,717959,3410.781705995074,1936.9672581635384,-0.8163028564212071,-0.6539176929257153,2167.729484237945
FAT_010,FAT_010,Autologous,717960,25222.81028305844,29100.91358937447,0.2063354183050136,0.12485814342931686,27502.96522294801
FAT_010,FAT_010,Autologous,717962,144399.92581030235,270919.33085321804,0.9077933365470422,-0.29724369931903805,117513.48354292364
FAT_010,FAT_010,Autologous,718252,125181.78876392574,75525.39548279454,-0.7289909580428948,-1.8126499006098329,35635.1967779089
FAT_010,FAT_010,Autologous,742733,10325.17354699753,8962.1257920974,-0.2042531495091978,-0.8875770124513755,5580.974727140316
FAT_010,FAT_010,Autologous,742740,28673.37560148736,26964.577917770854,-0.088646306061261,-0.7096952725875448,17532.314754939234
FAT_010,FAT_010,Autologous,742741,16349.738589896291,19567.32230185615,0.2591787741104356,-1.1379337972589707,7429.483238188042
FAT_010,FAT_010,Autologous,742742,4061.9068294956887,6474.317357144675,0.672570937082954,0.7261080965071097,6719.087157630989
FAT_010,FAT_010,Autologous,742818,26133.85500779352,47020.00909391134,0.8473548655578151,-0.45246543194320776,19098.43629003976
FAT_010,FAT_010,Autologous,748224,172760.3369939768,70721.6479348202,-1.288548238360559,0.05713457766837697,179739.39031070532
FAT_010,FAT_010,Autologous,762984,2888.290262697228,3563.710390241434,0.3031643639235735,1.5152758345733934,8256.27811811841
FAT_010,FAT_010,Autologous,871541,1197.4867342587684,244.9137837518227,-2.289663797694236,-0.9453907907573413,621.8415330226215
FAT_010,FAT_010,Autologous,883077,1515.755633729537,515.607965793311,-1.555690726984078,-0.8768628946568409,825.4051185282735
FAT_010,FAT_010,Autologous,883156,1304.9024878301527,1184.1796281053043,-0.1400540619004293,0.10266720376344976,1401.1478574098255
FAT_010,FAT_010,Autologous,888048,2914.812670986459,7038.048733078696,1.271772336313659,-0.6527250523404726,1854.0473834143957
FAT_010,FAT_010,Autologous,999410,13400.446788133837,14216.170963531238,0.0852518336263834,-1.1808514709507296,5910.817702885299
FAT_010,FAT_010,Autologous,999412,9481.760963399993,8778.22561763112,-0.1112256721980051,0.11143745454124039,10243.185058050509
FAT_010,FAT_010,Autologous,999413,7646.410309785224,10943.779073963027,0.5172564884011697,0.11234059160968587,8265.62097462306
FAT_010,FAT_010,Autologous,1042156,3462.5004021590744,4613.831947240478,0.4141512179822145,0.3765034163054949,4494.989217497879
FAT_010,FAT_010,Autologous,1121111,807.6073324070762,1090.5108476528528,0.4332782066692926,-0.2541698330727739,677.1540956689856
FAT_010,FAT_010,Autologous,1121114,5441.072060535687,6827.508813713093,0.3274683360778656,0.18143505302500165,6170.237357957679
FAT_010,FAT_010,Autologous,1121115,110660.7702255719,146458.44268359,0.4043474901909775,-1.840349296935546,30902.480980705885
FAT_010,FAT_010,Autologous,1121315,1473.3197804667682,280.146994747699,-2.394814676423495,-0.9176480838909391,779.9332237858404
FAT_010,FAT_010,Autologous,1121333,23778.66515170983,26113.82477421189,0.1351460484935862,-0.6056959110451569,15626.252359773891
FAT_010,FAT_010,Autologous,1121334,2987.749293781844,4136.894578881665,0.4694890989735878,-0.15731463916818184,2679.0926152494067
FAT_010,FAT_010,Autologous,1121344,1464.0369375655373,2414.7639731320064,0.7219302290646383,-1.0513684762868607,706.4128427675013
FAT_010,FAT_010,Autologous,1123075,2087.31353236246,2799.7512542576787,0.4236513337525505,-0.5781122832372438,1398.1654001094766
FAT_010,FAT_010,Autologous,1123263,2849.832770677844,4078.45900942509,0.5171468885006837,-0.43045004226712275,2114.662197894463
FAT_010,FAT_010,Autologous,1123313,3115.056853570151,2568.587016260344,-0.2782835455995832,-0.06902813958330156,2969.5212462992004
FAT_010,FAT_010,Autologous,1125712,1083.440378615076,703.8048733078695,-0.6223723557701559,-0.17531803501123094,959.4647636681075
FAT_010,FAT_010,Autologous,1150460,3316.6271565683046,5501.536995014629,0.7301178900991304,-0.6823905311410959,2066.6961659704007
FAT_010,FAT_010,Autologous,1160721,605729.3694727675,45854.73509121846,-3.723530740339824,-2.348971047851874,118896.17606626195
FAT_010,FAT_010,Autologous,1203606,16454.502102638755,15197.54479175784,-0.1146441017132906,-0.814420992206723,9356.63305360488
FAT_010,FAT_010,Autologous,1203611,3730.376725880305,745.9128571809899,-2.322242334135701,-0.7976123551216115,2146.087618913507
FAT_010,FAT_010,Autologous,1256908,91471.80782831344,169312.7657673785,0.8882916834382787,-1.4861524742615995,32652.075316293078
FAT_010,FAT_010,Autologous,1295400,1140.463556436922,1331.1278983563975,0.223028849934627,-0.38677356779624034,872.2700611878868
FAT_010,FAT_010,Autologous,1384484,78226.51712867162,72198.86475681803,-0.1156815808424003,-0.4539499102841218,57108.59229487638
FAT_010,FAT_010,Autologous,1401079,953.4805779978454,450.2976234594916,-1.0823246881673283,-0.13592815300097394,867.7475572102089
FAT_010,FAT_010,Autologous,1408437,11506.74683628276,8307.303675539895,-0.4700278167752133,-0.6277678749346649,7446.901294163703
FAT_010,FAT_010,Autologous,1410645,1981.2238992055368,2394.139654500274,0.2731153805465349,-0.056088176524344106,1905.677185251136
FAT_010,FAT_010,Autologous,1410647,19887.82785567968,27105.51076175436,0.4467004786228717,0.45491080603698036,27260.207050993005
FAT_010,FAT_010,Autologous,1437612,200607.53957725465,277292.2453104234,0.4670314420590088,-0.19099991905797542,175731.8765188271
FAT_014,FAT_014,Autologous,818,34262.5183214216,65501.755269960806,0.934902372981884,-0.7649012038475909,20163.275062614983
FAT_014,FAT_014,Autologous,213810,916.6583561896864,1038.0959439659075,0.1794837496758775,-0.855699545458404,506.54294539612346
FAT_014,FAT_014,Autologous,226186,21362.964216883847,35045.02123743072,0.7140976565675523,-0.427471509211365,15884.727408771516
FAT_014,FAT_014,Autologous,264199,1890.004794933208,546.2246672500758,-1.79082352244232,-0.4920743446642563,1343.7973123169609
FAT_014,FAT_014,Autologous,272559,3151.616164110066,2625.1073170895265,-0.2637154365661151,0.0972632341504744,3371.4169831132267
FAT_014,FAT_014,Autologous,295405,6578.229835077038,8035.153208582149,0.2886261174406342,0.5343076750613427,9526.901614371227
FAT_014,FAT_014,Autologous,347253,23866.88888458093,9913.305020111964,-1.2675724931417909,-0.08836518370241536,22448.90904474474
FAT_014,FAT_014,Autologous,354242,1833.3167123793728,3571.179203814288,0.9619444925826368,-0.792668693543295,1058.3283843984439
FAT_014,FAT_014,Autologous,367928,8442.905912273427,87493.35234106853,3.3733618646362613,0.27070584454248964,10185.504118830744
FAT_014,FAT_014,Autologous,411459,196653.3706380887,103830.04418708876,-0.9214309529738104,-0.5145595980031357,137658.65471941646
FAT_014,FAT_014,Autologous,411460,8009.905451915403,2216.1115071288787,-1.85375473863454,0.22408634713778786,9355.86834566442
FAT_014,FAT_014,Autologous,411461,81001.23932235125,42446.23094057386,-0.9323075276765308,-0.608803439529058,53115.78042307879
FAT_014,FAT_014,Autologous,411462,129532.26863551492,240897.45576205853,0.8951076146991537,-0.6533070263272448,82359.35950969424
FAT_014,FAT_014,Autologous,411463,38526.18580711968,16215.069407795105,-1.248504163304322,-1.0448286074274409,18673.738107610592
FAT_014,FAT_014,Autologous,411467,7283.815543459887,15206.033692431663,1.0618775999636922,-0.3119533606094325,5867.480032381344
FAT_014,FAT_014,Autologous,411468,4496.450462993619,3001.275831777017,-0.5832106590559208,0.18641516305432876,5116.657757734614
FAT_014,FAT_014,Autologous,411469,318643.7120351114,357399.37407696754,0.1655929161846838,-0.7288946401392411,192258.78896782213
FAT_014,FAT_014,Autologous,411470,17283.834531839744,8698.15694262362,-0.990641679360067,-0.7604468321358213,10202.880341778413
FAT_014,FAT_014,Autologous,411471,13582.223354015863,21596.593223066782,0.6690840887657207,-0.6015344369134842,8951.399890972116
FAT_014,FAT_014,Autologous,411473,19370.43842158732,8705.152923583473,-1.1539150605439403,-0.09213271582237104,18172.084156689416
FAT_014,FAT_014,Autologous,411474,89436.90845812844,25902.888580047187,-1.7877573296840008,-0.9011138514191042,47891.063334570084
FAT_014,FAT_014,Autologous,411475,9474.146562986823,14688.331101402528,0.6326025897889734,-0.28693000519007633,7765.430920440233
FAT_014,FAT_014,Autologous,411476,9835.98538779854,19046.289087009536,0.953368438593182,-0.6096530265969566,6446.055299635543
FAT_014,FAT_014,Autologous,411477,153406.3942965921,126772.55651635502,-0.2751161512361477,-0.10304033127582475,142831.90606378132
FAT_014,FAT_014,Autologous,411479,116995.75948520494,252662.00497462397,1.110752489520122,-0.36106638158009857,91091.59566308337
FAT_014,FAT_014,Autologous,411483,124407.42474676495,85031.84334796327,-0.5489974708086427,-0.5512394500869238,84899.80464745493
FAT_014,FAT_014,Autologous,411484,26160.947033887227,26229.00892325265,0.0037485278889486,-0.749252315608311,15563.45592818935
FAT_014,FAT_014,Autologous,411485,39587.57969323405,28997.264773828407,-0.4491310450223625,-1.0043708734761863,19733.912170714313
FAT_014,FAT_014,Autologous,411486,53122.7640000244,70393.02226566123,0.4061022155961962,-0.6055602358699326,34913.136653527305
FAT_014,FAT_014,Autologous,411487,48440.56960696076,40329.67762402752,-0.2643739560310594,0.2595749373642655,57989.462535288985
FAT_014,FAT_014,Autologous,411489,229364.80653048403,63914.74389683719,-1.843423366328518,-0.938735137204183,119657.34070807298
FAT_014,FAT_014,Autologous,411490,11990.132524844304,6256.559587634858,-0.938406146305874,-0.1580334774467154,10746.107141305385
FAT_014,FAT_014,Autologous,411901,2130.0245487249817,2438.906593081126,0.1953644481297711,-0.22902846702762034,1817.356674446738
FAT_014,FAT_014,Autologous,411902,11388.273946240812,20822.19194604919,0.87057284591065,-1.0892906592081735,5352.402232653047
FAT_014,FAT_014,Autologous,411903,105252.88349064864,479510.9928169158,2.187704131820154,-0.5239498030175609,73199.71591787481
FAT_014,FAT_014,Autologous,428125,6978.664801202006,7306.494883994363,0.0662284357067219,-0.17291795376513114,6190.401932429507
FAT_014,FAT_014,Autologous,428126,1409.965287349662,300.2890288921599,-2.231235972744747,-0.1700646250698024,1253.1811892458256
FAT_014,FAT_014,Autologous,428127,11700.66146499493,14183.006015148516,0.277573245831292,-0.22532482751573127,10008.773984675972
FAT_014,FAT_014,Autologous,428128,1151.853592317303,1246.3609156169214,0.1137645450238472,-0.15562358373184823,1034.069941935289
FAT_014,FAT_014,Autologous,435590,570242.3082208595,602218.3462432146,0.0787115779148737,-2.528123790473762,98859.48467262636
FAT_014,FAT_014,Autologous,435591,36007.787586430124,25800.1014751755,-0.4809322192895954,0.172315484258564,40575.93792579034
FAT_014,FAT_014,Autologous,445970,260385.24898159265,179590.598306102,-0.5359358951115313,-0.08378619591769412,245693.81241737638
FAT_014,FAT_014,Autologous,445972,6979.870930618045,7951.20143706391,0.1879725111397189,-0.5599820651256388,4734.520411611949
FAT_014,FAT_014,Autologous,445973,1144.6168158210687,935.8469914757454,-0.2905201297568006,-0.5976104695774469,756.4172857990563
FAT_014,FAT_014,Autologous,445975,718.8531319592803,2628.8743837602165,1.8706762563513075,0.3447366669967964,912.8853690277955
FAT_014,FAT_014,Autologous,449673,45126.12597168542,38831.46139385588,-0.2167369270344403,-1.0660887324558876,21552.7834256956
FAT_014,FAT_014,Autologous,451640,850.3212383075379,323.96773367935526,-1.392157840568732,-0.397904545422584,645.3596715686646
FAT_014,FAT_014,Autologous,457387,21423.2706876858,43520.38309410209,1.0225125032142186,-1.0115735225404878,10626.048703592847
FAT_014,FAT_014,Autologous,457388,47601.10353339758,40235.50095726026,-0.2425260245649969,-0.7995457972188281,27348.263343939954
FAT_014,FAT_014,Autologous,457390,17784.378239495953,31999.616910368477,0.8474440965613871,-1.2681848517541394,7383.75037584665
FAT_014,FAT_014,Autologous,457391,58243.98950052624,56795.52604161428,-0.0363318895842707,-0.8781757125129505,31687.931018385767
FAT_014,FAT_014,Autologous,457392,2529.253385433911,2792.472707744476,0.1428316043998777,-0.38850489575687797,1932.1494376676187
FAT_014,FAT_014,Autologous,457393,543059.7695715871,1113958.747037411,1.036512910698444,-1.2182137811564844,233414.9892360072
FAT_014,FAT_014,Autologous,457394,428683.7231780191,475964.0304702702,0.1509389103054546,-2.1609793574068363,95855.57735705092
FAT_014,FAT_014,Autologous,457395,70501.88275573122,73955.05287898956,0.068986935622406,-0.7368304884115281,42305.09126243958
FAT_014,FAT_014,Autologous,457412,278372.2569629832,207025.606716357,-0.4272062132369165,-1.3381325467387475,110105.22173359893
FAT_014,FAT_014,Autologous,457421,8600.908865774543,7618.62326528012,-0.1749588018478702,-0.3327256810278365,6829.42178612616
FAT_014,FAT_014,Autologous,457424,28087.13571130161,43798.607875351634,0.6409755071114357,0.19582095277845452,32170.3238798372
FAT_014,FAT_014,Autologous,469585,13348.234247304288,25832.928770448656,0.952562306547399,-1.051627316334842,6439.5045289720665
FAT_014,FAT_014,Autologous,469588,10306.375860053777,19968.14411656557,0.9541631399828712,-0.7360985722081028,6187.542950238805
FAT_014,FAT_014,Autologous,469589,24083.99217946797,15246.395121046204,-0.6596063838981843,-0.4465823353801844,17672.32944641567
FAT_014,FAT_014,Autologous,469590,21880.393736364604,46593.77134500376,1.0904984087328868,-1.2011857612841927,9516.169923511785
FAT_014,FAT_014,Autologous,469591,67976.24775854543,73103.15765903205,0.1049029957894712,-0.9929745075793561,34154.0395068918
FAT_014,FAT_014,Autologous,469592,38435.72610091675,28128.148677662022,-0.4504333218057051,-0.5079739565143908,27028.359821725768
FAT_014,FAT_014,Autologous,469593,459500.3297578171,489115.3983700311,0.0901089875745167,-2.045580823578851,111302.42866903654
FAT_014,FAT_014,Autologous,469596,8474.26527709044,9566.734886408469,0.1749383275537042,0.07222262993822007,8909.292817944686
FAT_014,FAT_014,Autologous,469610,850.3212383075379,324.5058860608824,-1.3897633254283497,-0.8341246810761634,476.9649626301841
FAT_014,FAT_014,Autologous,470145,29225.72188004248,29614.525555440065,0.0190663133788288,-0.7957696034807742,16835.062259032213
FAT_014,FAT_014,Autologous,470146,209592.7270133557,98754.72907690603,-1.0856669139910713,-1.11745299964052,96602.71596201132
FAT_014,FAT_014,Autologous,471870,7730.083427394341,7907.611094160209,0.0327579347238523,0.14990032738868253,8576.472037610685
FAT_014,FAT_014,Autologous,471875,15837.685362008908,7559.426503312131,-1.0670128110624606,-1.4110828072188162,5955.434596306914
FAT_014,FAT_014,Autologous,476272,4355.333321317048,5346.005758090889,0.2956782564463202,0.7929571905422932,7546.147634244148
FAT_014,FAT_014,Autologous,478749,3081.6606579798004,2208.039221405971,-0.4809422069747269,1.0963775660170099,6589.118953173644
FAT_014,FAT_014,Autologous,479436,623.5689080921944,232.48182881973668,-1.423431038193744,-0.5119842084072118,437.2822495823144
FAT_014,FAT_014,Autologous,483215,171924.0992210398,35116.057351792304,-2.291569005972283,-1.8315163878510856,48305.36714175071
FAT_014,FAT_014,Autologous,483216,80539.29175600829,98861.82140082995,0.2957207008960448,-0.8074094671733206,46020.712457534406
FAT_014,FAT_014,Autologous,483217,81080.84386380982,87799.02289377597,0.1148437802492287,0.381140972572633,105597.37572313167
FAT_014,FAT_014,Autologous,483218,37488.91450932609,20041.33284045327,-0.9034855954747903,-0.4635866928245697,27186.253706374395
FAT_014,FAT_014,Autologous,484018,402034.293730636,109263.7687833686,-1.879503478074389,-1.5117354833714456,140989.04674721172
FAT_014,FAT_014,Autologous,500632,28702.26171348153,23311.68486299387,-0.3001111448077737,-0.5730302429982416,19293.758073090165
FAT_014,FAT_014,Autologous,511680,20244.88224821564,9125.449933556192,-1.1495896534477588,-0.520447597734887,14113.831134768156
FAT_014,FAT_014,Autologous,515619,209111.48137635613,70457.06239906297,-1.5694560458296278,-1.9951970865140487,52452.199980053025
FAT_014,FAT_014,Autologous,515620,133099.9994481585,8543.707209125323,-3.961504547996572,-1.6824232611584238,41468.48666357834
FAT_014,FAT_014,Autologous,518636,7012.4364248511,10881.979306860869,0.6339532987506901,-0.15568869099845917,6295.090397641409
FAT_014,FAT_014,Autologous,518637,91366.71552379092,17310.209504202892,-2.4000455081488465,0.35857359215977846,117146.52759101531
FAT_014,FAT_014,Autologous,525259,1238.6949102721155,1127.9673916809445,-0.1350955348230232,-0.2555650115916367,1037.6039557412855
FAT_014,FAT_014,Autologous,525362,963.6974034152096,489.7186671897231,-0.9766270278841964,-0.7053694767139956,591.0215524011865
FAT_014,FAT_014,Autologous,536231,705408.4073586928,147603.35890050864,-2.256733218406075,-2.3007482796388494,143168.14133875768
FAT_014,FAT_014,Autologous,537006,9033.909326132569,6750.045321495271,-0.4204532446230979,0.06048131216810422,9420.68356489637
FAT_014,FAT_014,Autologous,537007,13710.073072116003,7562.655417601295,-0.8582714693964003,-0.27323728036494715,11344.54682916975
FAT_014,FAT_014,Autologous,537011,15613.345290625644,6752.736083402906,-1.209235600986149,-0.06538480173669618,14921.523859634342
FAT_014,FAT_014,Autologous,537012,85741.32792738476,41097.621072466776,-1.0609358750000786,-1.243560049747004,36211.067586948986
FAT_014,FAT_014,Autologous,537013,3546.020483154839,4850.905567085894,0.4520532249493538,0.49455323469432755,4995.932914405116
FAT_014,FAT_014,Autologous,545696,7386.336543823209,7551.892369970751,0.0319792058801478,-0.7777683936433353,4308.216060298187
FAT_014,FAT_014,Autologous,546273,943.1932033425456,261.00390504067656,-1.8534819302751409,-0.3018478318135341,765.1303180125559
FAT_014,FAT_014,Autologous,547042,13500.20655372521,15052.660263696422,0.1570369969485688,-0.9250771694126725,7109.915462669117
FAT_014,FAT_014,Autologous,548480,1208.541674871139,3424.263603657372,1.5025265430142245,-0.24355941560983857,1020.8053587257593
FAT_014,FAT_014,Autologous,552396,8623.825324679285,8365.57877083983,-0.0438626003669659,0.19497161896893633,9871.70700552588
FAT_014,FAT_014,Autologous,552398,18137.7741583954,25484.20602721905,0.4906059848159897,0.03379544963655901,18567.671076571434
FAT_014,FAT_014,Autologous,556258,11024.022862597016,20937.89470807753,0.9254656023505058,-1.2187564225889709,4736.503522640007
FAT_014,FAT_014,Autologous,556259,9509.124316051955,17508.787732986417,0.8806948021950282,-0.5598160982849398,6450.881846360967
FAT_014,FAT_014,Autologous,556270,1175.9761806380843,548.3772767761844,-1.1006181425134374,-0.6217204714169731,764.2615563605149
FAT_014,FAT_014,Autologous,563192,15893.167315146706,61304.166694048894,1.947578468764481,-0.7625245425643707,9368.448973822153
FAT_014,FAT_014,Autologous,563193,54221.547898035984,38820.1601938438,-0.4820602278875235,-1.0916573195228163,25441.945229386285
FAT_014,FAT_014,Autologous,566550,10441.46235465015,10223.818944253142,-0.0303895867106035,-0.6374293783780917,6712.371179406296
FAT_014,FAT_014,Autologous,585394,140655.19411022717,407223.1360158974,1.5336566997323984,-1.0915872004896559,66001.72468190388
FAT_014,FAT_014,Autologous,585543,360003.09584050684,771309.5915857215,1.0993007385337534,-1.8628220400101705,98978.51298795386
FAT_014,FAT_014,Autologous,585544,11914.146371633842,33940.732550536966,1.5103421146512712,-1.3379438841973084,4713.046120673725
FAT_014,FAT_014,Autologous,622312,174160.2631583762,101684.43064193997,-0.7763166939575955,-0.8973965276253609,93498.74885473849
FAT_014,FAT_014,Autologous,626939,4906.5344644469,4689.998005009271,-0.0651170848867308,0.129063712862519,5365.706367433419
FAT_014,FAT_014,Autologous,645463,2157.76552529388,2041.211983132549,-0.080112085799949,0.17466529660496144,2435.47537926932
FAT_014,FAT_014,Autologous,649757,22538.94039752193,22737.476271904387,0.0126524393185078,-0.5226377373325812,15689.3105464192
FAT_014,FAT_014,Autologous,657308,4549.520157299337,6779.643702479265,0.5754950651679628,-0.6292641777187947,2941.2924007619795
FAT_014,FAT_014,Autologous,657309,14937.91281764377,32234.78950109585,1.1096399791273472,-0.1800024245612326,13185.718242818988
FAT_014,FAT_014,Autologous,657313,132835.85710604594,91150.09777354564,-0.5433285248748139,-0.4955231257958297,94221.06262911868
FAT_014,FAT_014,Autologous,657314,83570.29497851444,56775.61440349778,-0.5577188148604424,-1.3108056430664667,33686.82791756833
FAT_014,FAT_014,Autologous,657317,210445.4605104953,61215.37155109691,-1.781480516844668,-1.5287078770295996,72937.79610350366
FAT_014,FAT_014,Autologous,657319,20407.70971938091,27308.54260059615,0.4202380393529162,-0.47342150259660376,14698.74295896893
FAT_014,FAT_014,Autologous,657321,290809.8635011779,681818.617604424,1.229311791475155,-0.782304508305126,169087.6973087481
FAT_014,FAT_014,Autologous,657322,28670.90234866452,25757.049284653323,-0.1546199822391028,-0.6772808397932849,17929.14226459744
FAT_014,FAT_014,Autologous,657323,173389.54646152726,217175.16063195944,0.324842182531262,-1.1724411388074734,76927.73749369515
FAT_014,FAT_014,Autologous,658089,24075.54927355569,23096.423910383008,-0.0598992208582514,-0.810782474049181,13724.810585254174
FAT_014,FAT_014,Autologous,658659,5354.008477797392,5103.837186403664,-0.0690371158853637,-0.09509989405922013,5012.4624689297625
FAT_014,FAT_014,Autologous,665951,19252.23773881549,7016.430750351219,-1.4562169187751128,-0.8040319153770774,11026.647518201233
FAT_014,FAT_014,Autologous,665953,90815.51438066109,105224.9351600072,0.2124659355885145,-0.8836413354373132,49221.800942908
FAT_014,FAT_014,Autologous,679935,53654.66707249762,35093.99310414969,-0.6124795557237336,1.4075418340366976,142337.65828492
FAT_014,FAT_014,Autologous,702443,17580.54236818535,50570.71744448952,1.524322667056336,-0.6161606772310523,11469.630395274171
FAT_014,FAT_014,Autologous,702444,8948.274137593791,17224.105123158544,0.9447476694721774,-0.6310446562759057,5777.978353078034
FAT_014,FAT_014,Autologous,702447,9732.25825801918,18958.03209643908,0.9619627060403048,-0.29318953280109605,7942.455334446018
FAT_014,FAT_014,Autologous,709991,29915.627906016827,9714.72679132844,-1.6226540159980212,-1.015011348025045,14802.983705484548
FAT_014,FAT_014,Autologous,717959,9954.18607057037,19228.722744347247,0.949887675522918,-0.2032153841836278,8646.330425895849
FAT_014,FAT_014,Autologous,717960,24824.55564091595,23272.399739142387,-0.0931479115077088,2.204481421599926,114418.57013062005
FAT_014,FAT_014,Autologous,717962,82253.20165619979,62425.13810476998,-0.3979447281049275,0.13430544796058372,90278.17685330778
FAT_014,FAT_014,Autologous,718252,184812.7981608332,42827.2428266951,-2.109463959739216,-0.28329241092069224,151863.19383737192
FAT_014,FAT_014,Autologous,742725,3286.702658706441,1855.0112591241489,-0.82521300122666,0.036606292336933244,3371.164990497898
FAT_014,FAT_014,Autologous,742726,33339.829318151715,77051.04352991536,1.208567777281809,-0.1845211610027704,29337.08558721435
FAT_014,FAT_014,Autologous,742727,8333.148135413872,10844.308640153968,0.3800045477386299,0.38801878953155394,10904.716937324878
FAT_014,FAT_014,Autologous,742733,9281.165856420574,9621.62642932424,0.0519747449142714,-0.45761793059918865,6758.429844949361
FAT_014,FAT_014,Autologous,742740,35337.179631112405,18091.06860979881,-0.9659092704503992,0.46727458410176353,48853.4850360404
FAT_014,FAT_014,Autologous,742741,5995.669327130171,6292.07764481565,0.0696156558211665,0.21624174612960595,6965.189305881734
FAT_014,FAT_014,Autologous,742742,7148.7290488635135,4306.833509361927,-0.7310592183216119,0.6609148095996623,11302.747326040299
FAT_014,FAT_014,Autologous,742817,5659.159220055274,8328.446256514455,0.5574596453724294,0.39790744614161555,7456.482273560923
FAT_014,FAT_014,Autologous,742818,3868.057037237268,13955.905710144054,1.8511947817986016,-0.5830707905471014,2582.088193455256
FAT_014,FAT_014,Autologous,742821,9119.54451467134,6597.2100451415545,-0.467105730391795,0.047621082668090356,9425.589506236454
FAT_014,FAT_014,Autologous,748224,145991.110646784,29490.75050768882,-2.307546083521184,-0.3543399505051099,114198.25263911125
FAT_014,FAT_014,Autologous,762966,986.6138623199516,436.44158141853336,-1.1766969987667542,-0.9932105076961273,495.63396286327537
FAT_014,FAT_014,Autologous,762967,3565.318553811464,2631.0269932863253,-0.438404934180292,-0.2710700563096325,2954.596107646454
FAT_014,FAT_014,Autologous,762968,119066.683692544,48629.60180432103,-1.2918631025742762,-0.045706967360010765,115353.58319016802
FAT_014,FAT_014,Autologous,762982,23371.169694588883,11554.669783769828,-1.0162539106139328,-0.09595975376221606,21867.225550060026
FAT_014,FAT_014,Autologous,762984,15987.245409597752,12848.926261342667,-0.3152735813470962,0.5450083425826903,23325.851185519237
FAT_014,FAT_014,Autologous,763034,8352.446206070495,11977.119403268654,0.520010278676048,0.047542375632831285,8632.277009129064
FAT_014,FAT_014,Autologous,862962,4366.1884860614,4361.7250522776985,-0.0014755816079419,0.4413883773983487,5928.893119675974
FAT_014,FAT_014,Autologous,866771,5001.818688313985,10927.18410690915,1.1273970048634478,-0.49506200589353866,3548.94632784458
FAT_014,FAT_014,Autologous,868129,961.2851445831316,1304.4813728218558,0.4404399994402007,-0.29120086921408955,785.5829235777771
FAT_014,FAT_014,Autologous,888048,5691.724714288328,7276.358350628841,0.354350709257394,-0.8619061749132743,3131.7297271514085
FAT_014,FAT_014,Autologous,888833,4729.233440289157,5309.949548528568,0.1670917969976906,-0.577004682310042,3170.261121764943
FAT_014,FAT_014,Autologous,904306,4736.470216785392,2494.8744407599515,-0.9248451017022036,-1.3615797124905462,1843.2255247221187
FAT_014,FAT_014,Autologous,997353,960.0790151670924,969.750591511957,0.0144606052276114,0.019707712396165363,973.2840130858342
FAT_014,FAT_014,Autologous,997884,6175.382610119992,7343.627398319738,0.2499643360312858,0.11392221876865967,6682.790945404942
FAT_014,FAT_014,Autologous,999410,11108.45192171975,8939.787361929317,-0.3133453545961814,-1.009767815348441,5516.747903378107
FAT_014,FAT_014,Autologous,999412,2402.609796749809,2991.589088909528,0.3163096646380628,-0.35261456689880133,1881.6362969148036
FAT_014,FAT_014,Autologous,999413,5510.805301882469,3121.821965239103,-0.8198748932648228,0.141903558444681,6080.402027430112
FAT_014,FAT_014,Autologous,1002367,4203.361014896127,8870.903857093841,1.0775377374824358,-0.28966995080874136,3438.724223075202
FAT_014,FAT_014,Autologous,1042156,2724.646350832238,2118.167773690934,-0.3632521200961224,0.9230412623183156,5166.224178396069
FAT_014,FAT_014,Autologous,1077285,2838.02251593991,4193.821509241222,0.5633794257368918,-0.25456338545811097,2378.9462071751536
FAT_014,FAT_014,Autologous,1121100,192324.5721639245,74022.32192668045,-1.3775108031865668,-0.3295699031530899,153046.83346433766
FAT_014,FAT_014,Autologous,1121101,3614.7698598690654,5019.885414885425,0.4737506346446437,0.28360095849247197,4400.003761515902
FAT_014,FAT_014,Autologous,1121114,4109.28292044508,1962.1035830480555,-1.0664854560994903,0.6048495618213225,6249.480309520166
FAT_014,FAT_014,Autologous,1121115,223732.1821575816,168513.26968474677,-0.4089105901144192,-0.6273793998476751,144833.30479909581
FAT_014,FAT_014,Autologous,1121130,14110.508038240972,3339.7736797576054,-2.078947685333395,0.023653394278259368,14343.76071558048
FAT_014,FAT_014,Autologous,1121315,1344.834298883553,128.08026680346603,-3.392308301542002,-0.5645409321343022,909.3373352049706
FAT_014,FAT_014,Autologous,1121333,18360.908100362623,9043.112619182535,-1.021746078198068,-0.2898326654979828,15019.166465897202
FAT_014,FAT_014,Autologous,1122975,1032.446780129436,1802.2723257344865,0.8037496042632905,-0.0934907423052164,967.6630466750648
FAT_014,FAT_014,Autologous,1122981,1487.157569976162,2508.328250298131,0.7541686430938269,-0.2746200318365995,1229.3855922476237
FAT_014,FAT_014,Autologous,1123075,1387.04882844492,844.899238997654,-0.7151673720950265,-0.7298286080591809,836.3565204836834
FAT_014,FAT_014,Autologous,1123263,3386.811400237683,1693.027392284471,-1.0003223349311523,0.05979876469596037,3530.142484493145
FAT_014,FAT_014,Autologous,1123313,753.8308850244131,920.2405724114576,0.2877701601815323,-0.3383639765444118,596.2332896632065
FAT_014,FAT_014,Autologous,1156431,2057.6567837626376,2174.6737737512867,0.079796634822891,-0.25573666233824704,1723.4096880798957
FAT_014,FAT_014,Autologous,1156433,1973.2277246399035,1906.6738877507569,-0.0494993528657137,-0.4492408798573557,1445.247506412399
FAT_014,FAT_014,Autologous,1160721,2395.373020253575,2178.978992803504,-0.1365980498941947,1.521965519835189,6879.081067831149
FAT_014,FAT_014,Autologous,1203465,35964.36692745271,43949.29054217924,0.2892716677453204,-0.21948716094285978,30888.740547558147
FAT_014,FAT_014,Autologous,1203606,11201.32388675476,12422.70957517315,0.1493106260492206,0.004009431840837603,11232.497078471657
FAT_014,FAT_014,Autologous,1203610,3749.85635446544,2996.4324603432724,-0.3235894755346141,0.7650468304604524,6372.600240433974
FAT_014,FAT_014,Autologous,1203611,58424.90891293211,68328.66973012302,0.2259074599162557,0.4128867795536564,77783.83463230767
FAT_014,FAT_014,Autologous,1211844,1104.8145450917798,166.82723827342215,-2.727377452864985,-0.30362750603170774,895.1347070538482
FAT_014,FAT_014,Autologous,1256908,95508.56393846907,50625.07083502377,-0.9157780791456958,-0.2430651623815451,80699.79106324917
FAT_014,FAT_014,Autologous,1282887,1965.990948143669,403.6142861453761,-2.284207533777475,0.6841516238004083,3158.869424825999
FAT_014,FAT_014,Autologous,1384484,6767.59215339517,24349.24265457825,1.8471623675425315,-0.808972611490242,3862.8616722176116
FAT_014,FAT_014,Autologous,1408437,6965.397377625576,5562.881167846338,-0.3243733736622416,1.151026393001387,15468.185376087633
FAT_014,FAT_014,Autologous,1410647,839.4660735631863,9334.79120997026,3.4750738283072,-0.638795615662368,539.1461492707746
FAT_014,FAT_014,Autologous,1437612,11478.73365244374,116511.06690539495,3.3434316009647884,-0.4879023012870612,8185.038964273019
FAT_014,FAT_014,Autologous,1899017,5520.454337210781,91.4859048596186,-5.915093710505238,-0.6014224395495372,3638.552348434461
FAT_017,FAT_017,Autologous,818,74192.40567773356,24617.98339171942,-1.5915589336152924,-0.9715372201519662,37835.33712931318
FAT_017,FAT_017,Autologous,205913,4581.751034936762,4649.690909742669,0.0212357485992451,-1.057657164847702,2201.1262590135398
FAT_017,FAT_017,Autologous,206672,4866.621604050031,7124.08782662327,0.5497846976105947,-1.2400190079568254,2060.367368974689
FAT_017,FAT_017,Autologous,213810,2578.723827722207,1602.466574741723,-0.6863630093061381,-0.5960663129199206,1705.9684441439792
FAT_017,FAT_017,Autologous,226186,73292.13527290522,23667.198642339292,-1.6307694438113294,-0.29565537678609544,59711.26029384775
FAT_017,FAT_017,Autologous,272559,5241.81698776019,513.0068333166375,-3.353017036489245,1.033938646286194,10733.179689774117
FAT_017,FAT_017,Autologous,295405,3574.2819490483707,910.9043595109906,-1.9722819513736785,0.8091700959318926,6262.868288018064
FAT_017,FAT_017,Autologous,347253,3037.295963367957,1750.2052917569383,-0.795263341879052,1.45096266941376,8303.676074212564
FAT_017,FAT_017,Autologous,349741,1088.8606770636109,2962.931692777541,1.4442059981143844,-0.05540069513635122,1047.840168768378
FAT_017,FAT_017,Autologous,367928,85054.21277810466,503184.4745663683,2.5646328092906088,0.6876836976017704,136996.42994365827
FAT_017,FAT_017,Autologous,391904,1957.368509726017,2226.0508526955155,0.1855711557425792,0.7699056299355145,3337.6230459926223
FAT_017,FAT_017,Autologous,398513,12150.176433852015,2110.0351730762054,-2.5256383103487456,-0.2922455769858974,9922.198237468761
FAT_017,FAT_017,Autologous,411459,41510.704079742274,93969.98137415024,1.1787165604763377,-0.548382628742307,28384.4497339337
FAT_017,FAT_017,Autologous,411460,9406.684263019,10489.448908080294,0.1571806980180416,0.2256455677269383,10999.239317539881
FAT_017,FAT_017,Autologous,411461,109573.92590982972,94489.33281494606,-0.2136811635666373,-0.8895167366218366,59147.446872171146
FAT_017,FAT_017,Autologous,411462,81826.34138174106,456653.1233140546,2.4804614480237044,-0.19040145957908305,71709.48159424002
FAT_017,FAT_017,Autologous,411463,24381.74445887925,13111.584541976112,-0.8949593046705732,-0.854266586488564,13486.675506060006
FAT_017,FAT_017,Autologous,411467,20669.49383698508,20664.38655969261,-0.0003565232002934,-0.31619883115487046,16601.39216609431
FAT_017,FAT_017,Autologous,411468,2235.291016177987,3839.3938974015487,0.7804159086624182,0.29676001954965725,2745.79266197539
FAT_017,FAT_017,Autologous,411469,33180.969529224654,30446.86492009274,-0.1240623585742628,0.7052456413475774,54098.990864545405
FAT_017,FAT_017,Autologous,411470,13100.075857689642,11269.83562801956,-0.2171086921261776,0.931510629010409,24985.408313645337
FAT_017,FAT_017,Autologous,411471,74163.62084670819,35380.2504214045,-1.0677674220721116,-0.7747963991133456,43346.493216995856
FAT_017,FAT_017,Autologous,411473,7436.412208350568,5965.74377542422,-0.317904726368385,1.563759772590783,21983.763978376483
FAT_017,FAT_017,Autologous,411474,19622.321535889267,30357.134042887177,0.6295398568864038,-0.5710245910528416,13208.541277172691
FAT_017,FAT_017,Autologous,411475,23823.914285214934,15701.090765978995,-0.6015456807944399,0.05000690004380481,24664.180770314135
FAT_017,FAT_017,Autologous,411476,48532.21768917525,2786.1890558574983,-4.122577725913347,-1.298554957773911,19729.957222230452
FAT_017,FAT_017,Autologous,411477,21482.417168357093,24801.97700861567,0.2072987926489872,0.429003849305181,28921.85688930854
FAT_017,FAT_017,Autologous,411479,38305.66203212295,23748.77216707162,-0.6897047286483625,0.2681236398451512,46129.23269968527
FAT_017,FAT_017,Autologous,411483,562548.9007917135,303540.5237639729,-0.8900893768235386,-2.1245621222925615,129004.0526873563
FAT_017,FAT_017,Autologous,411484,18713.117907639247,21147.4831006074,0.1764360141520271,-0.3701706950112672,14478.169985356639
FAT_017,FAT_017,Autologous,411485,207567.416524034,137430.5426065403,-0.594877325594943,-0.5193430646711992,144817.59786634825
FAT_017,FAT_017,Autologous,411486,42761.35535877613,31977.728067569416,-0.4192401384534813,-0.3200258516656406,34254.21989564194
FAT_017,FAT_017,Autologous,411487,16772.623264376387,18358.574927258825,0.1303457285114848,1.1335725764159867,36799.36630029392
FAT_017,FAT_017,Autologous,411489,14869.84667556058,17358.8460630393,0.2232812754819462,-0.22322273301087733,12738.249532923639
FAT_017,FAT_017,Autologous,411490,2524.1319068119988,3134.236094715429,0.3123265537024868,1.6040465724921171,7673.229352057542
FAT_017,FAT_017,Autologous,411901,206860.6992933418,62224.28466581944,-1.7331099337804985,-0.6831399976975666,128834.55387620287
FAT_017,FAT_017,Autologous,411902,9023.548236267354,8636.823524159434,-0.0631940296525737,-0.38774713662597443,6896.898353180458
FAT_017,FAT_017,Autologous,411903,144033.33896873344,570827.9603919054,1.986653216224549,-0.20361358905830979,125074.63113457151
FAT_017,FAT_017,Autologous,428125,49803.71315619302,9971.910212278526,-2.320311509719569,-0.3770817213975638,38348.53823246119
FAT_017,FAT_017,Autologous,428126,2614.456721408889,624.4906504508185,-2.065759310801912,1.8225794484592854,9247.674617892064
FAT_017,FAT_017,Autologous,428127,7234.91839117289,5968.462892915298,-0.2776173131911378,1.5548339294952656,21256.183361499956
FAT_017,FAT_017,Autologous,428128,56606.85908198517,22131.803632377483,-1.3548558473127912,-0.5974636124972543,37412.315608924066
FAT_017,FAT_017,Autologous,435590,210050.85263525837,17942.549951123954,-3.5492817997864767,-0.8939330143890782,113037.82625029034
FAT_017,FAT_017,Autologous,435591,13769.07503393474,9395.45730417008,-0.5513963580868243,1.018074341866648,27885.323126403582
FAT_017,FAT_017,Autologous,445970,9740.191270761365,61693.150382562286,2.6630883115926727,1.6847862677945493,31314.010164381132
FAT_017,FAT_017,Autologous,445972,23271.04701345156,14165.695756017189,-0.7161346598693944,0.45897513545550583,31987.566855102395
FAT_017,FAT_017,Autologous,445973,2767.3140999574725,3647.242928032066,0.3983198906874153,0.9243584143402029,5251.919556136181
FAT_017,FAT_017,Autologous,449673,5908.831003244918,1674.070002006766,-1.8195128812953627,0.8445185942126392,10610.283735848741
FAT_017,FAT_017,Autologous,450749,1588.1286082969712,233.84410423267224,-2.7637087876011592,-0.11479361051694534,1466.6596668787697
FAT_017,FAT_017,Autologous,457387,41297.29929800236,5638.543303997884,-2.872653036261379,-0.9683844363849065,21106.143595189118
FAT_017,FAT_017,Autologous,457388,21802.02805077685,14218.265360844687,-0.616716876661815,-0.18983684430457395,19113.9440167067
FAT_017,FAT_017,Autologous,457390,55301.61588204109,1505.484717559956,-5.19902166761311,-1.3084088218807495,22328.909800828504
FAT_017,FAT_017,Autologous,457391,37533.43449633855,15432.804506859342,-1.2821760523897896,-1.3297724793399266,14931.962915306589
FAT_017,FAT_017,Autologous,457393,87379.82860887954,61038.74943970961,-0.5175748714342087,-1.3113983062122736,35207.96810243981
FAT_017,FAT_017,Autologous,457394,140528.53764629803,12311.257627102275,-3.5128130840516194,-0.8211864147330281,79535.82387809317
FAT_017,FAT_017,Autologous,457395,41864.062695088345,17868.227406367834,-1.228315803785101,-1.0575596521487443,20113.339979476845
FAT_017,FAT_017,Autologous,457412,230577.4148974967,438046.2023226107,0.925831836482233,-0.8713373268905167,126042.81502114331
FAT_017,FAT_017,Autologous,457416,1520.63314244435,209.372046812974,-2.8605313937585883,0.3604585788819788,1952.240401417266
FAT_017,FAT_017,Autologous,457421,3740.042872539367,4714.949729528531,0.3341875810805193,0.6451229464383954,5848.9503982569495
FAT_017,FAT_017,Autologous,457424,7617.061837544348,4373.247298149781,-0.8005296758096768,0.3561053974622702,9749.579559236237
FAT_017,FAT_017,Autologous,469585,111843.9572393142,38094.83604999696,-1.553819960472645,-1.6273971437420431,36200.71677552287
FAT_017,FAT_017,Autologous,469588,19182.608427467043,2292.216044978404,-3.0649839776904213,-0.6247967427174876,12440.135217574385
FAT_017,FAT_017,Autologous,469589,10122.33471713282,6466.967766279521,-0.6463807615151221,0.10748303276975424,10905.267197520181
FAT_017,FAT_017,Autologous,469590,59744.405663751866,4343.337005747928,-3.781927825565951,-1.309549664356872,24103.68900953259
FAT_017,FAT_017,Autologous,469591,29228.51445532557,12713.687015781758,-1.2009940278986546,-0.758479678198342,17277.52812417187
FAT_017,FAT_017,Autologous,469592,13166.578743162076,9499.690141328054,-0.4709281567678045,-0.31233732461062125,10603.519449463054
FAT_017,FAT_017,Autologous,469593,154302.57558213372,14739.42954663456,-3.3880095485711914,-0.8103012602380458,87993.01332867233
FAT_017,FAT_017,Autologous,469596,4790.192914775739,10567.396942824518,1.1414643790384085,0.5522976143560463,7024.431026819415
FAT_017,FAT_017,Autologous,470145,3911.759278311477,1570.7435373458177,-1.3163699482273528,0.19410144636792792,4475.097263709835
FAT_017,FAT_017,Autologous,470146,151963.06362603625,399967.6809775602,1.3961627264352463,-0.46489526164032413,110100.83734294909
FAT_017,FAT_017,Autologous,471870,45332.13854345686,14346.97025542236,-1.6597881163483716,0.16792583478462297,50928.03511211726
FAT_017,FAT_017,Autologous,471875,11493.088222169145,23972.646173837005,1.0606226609390148,-0.76563518023839,6760.169502013238
FAT_017,FAT_017,Autologous,476272,4380.257217759084,3608.268910659954,-0.2797087291343254,1.2298796572965967,10273.780477971619
FAT_017,FAT_017,Autologous,478749,5749.025562035036,4837.310016627022,-0.2491124443445781,0.7067215419963201,9382.933155217564
FAT_017,FAT_017,Autologous,479436,1203.0074207849557,195.77645935758608,-2.619366334559171,-0.21591480220171747,1035.7894288289533
FAT_017,FAT_017,Autologous,479437,4244.273705673656,2718.2111185805584,-0.6428601841014392,-0.5057031513507692,2989.314202840286
FAT_017,FAT_017,Autologous,483215,241648.65645808692,7598.120642567796,-4.9911245441029335,-0.8657501289089944,132607.35946894798
FAT_017,FAT_017,Autologous,483216,2520.161585291256,756.8210350165944,-1.7354921455357797,0.6758464755366432,4026.043369944114
FAT_017,FAT_017,Autologous,483217,43474.0280717494,15904.11820531279,-1.4507533895448177,0.6910673727539415,70187.84198708845
FAT_017,FAT_017,Autologous,483218,19692.79474288244,15387.48588200805,-0.3559103357200023,-0.4618116434966952,14298.424853724217
FAT_017,FAT_017,Autologous,484018,17650.064320460464,3791.3561550591785,-2.218887548102934,0.4711344166437861,24466.50208485725
FAT_017,FAT_017,Autologous,484020,12845.975280362123,5678.423693867021,-1.1777540209220758,-0.34023131686665403,10147.224060473585
FAT_017,FAT_017,Autologous,500632,18971.188806487506,23200.416806370973,0.2903406379655999,-0.4294017756399521,14087.428720483662
FAT_017,FAT_017,Autologous,511680,30902.0049763185,13422.47030845598,-1.2030502322039016,-1.002838203667679,15420.635721084365
FAT_017,FAT_017,Autologous,515619,154837.57640705377,80014.56403744305,-0.9524211066403327,-0.9929286296689306,77799.18792858966
FAT_017,FAT_017,Autologous,515620,21755.376772908137,4336.086025771721,-2.326906718134758,-1.3917580378189942,8290.976668028625
FAT_017,FAT_017,Autologous,518635,156003.85835377185,130090.73812562486,-0.262063458550423,0.05997086681028673,162625.39686944408
FAT_017,FAT_017,Autologous,518636,14042.034638485782,11430.263559993138,-0.2968933222018575,0.8015113571063172,24474.22793160309
FAT_017,FAT_017,Autologous,518637,160251.10980058607,121303.45676695912,-0.4017136847818918,0.6729060710137094,255485.32385524368
FAT_017,FAT_017,Autologous,525259,2673.01896383984,2768.061605916981,0.0504059790454912,0.8184022591454468,4713.740481166705
FAT_017,FAT_017,Autologous,536231,35478.79310935434,33148.76133372683,-0.098001971657778,-0.7005670405604377,21831.176696211387
FAT_017,FAT_017,Autologous,537006,1917.6652945185929,1172.8460111514646,-0.7093373300929545,0.7198831573696668,3158.4880077968837
FAT_017,FAT_017,Autologous,537007,5533.63561953476,6268.472189430858,0.1798862106975634,1.0992926681236068,11855.793472709207
FAT_017,FAT_017,Autologous,537011,311055.8321229457,80984.38260926072,-1.9414579320671277,-0.8325127420752649,174673.50761627688
FAT_017,FAT_017,Autologous,537012,2562.8425416392374,823.892599796508,-1.6372166543627724,1.3057204205737662,6335.529784397919
FAT_017,FAT_017,Autologous,537013,2967.815336754965,2344.785649805904,-0.3399452836504147,0.9409404704844936,5697.550464966056
FAT_017,FAT_017,Autologous,537937,5690.463319604085,5520.714879384522,-0.0436910278646255,-1.3017509851770928,2308.2430405939326
FAT_017,FAT_017,Autologous,545696,17134.915103144132,13210.37914415193,-0.3752671706692359,1.7201997601394532,56456.46524276489
FAT_017,FAT_017,Autologous,546273,1231.7922518103385,111.48381713418097,-3.465852748040805,-0.2459508428363783,1038.7209399822982
FAT_017,FAT_017,Autologous,547042,6317.774119881388,1648.691572090042,-1.9380948243869225,0.24341661575425633,7478.93566295545
FAT_017,FAT_017,Autologous,547043,1606.987635520498,5918.612405578875,1.8809001528815383,-0.3808757907612164,1234.1203043222467
FAT_017,FAT_017,Autologous,548480,5830.417153210256,6590.234425875038,0.1767306765704492,-1.2058411862476879,2527.582044754339
FAT_017,FAT_017,Autologous,552396,18031.215186451736,15536.13097152029,-0.2148693602749993,1.8235378155589534,63821.14287463693
FAT_017,FAT_017,Autologous,552398,47126.72387083244,29115.403721961746,-0.6947627686681006,-0.47001739187269576,34023.416084119
FAT_017,FAT_017,Autologous,556258,20010.42046454184,2303.092514942714,-3.119107211583613,-0.6981126624636877,12333.983482643956
FAT_017,FAT_017,Autologous,556259,35020.22097370859,1450.195995241378,-4.59386838703491,-0.7000404123104115,21556.870850338502
FAT_017,FAT_017,Autologous,556268,992.5803801856068,594.5803580489651,-0.7393121332936919,0.09830261734593351,1062.5704228479128
FAT_017,FAT_017,Autologous,563193,32033.546609730096,14716.770234208912,-1.122122445655037,-0.2294102048040388,27324.087757090856
FAT_017,FAT_017,Autologous,565040,4554.951364671751,3935.4693820862894,-0.2108999340468166,-0.9026471057994491,2436.4633883984325
FAT_017,FAT_017,Autologous,565042,5482.021439765107,6521.350116101074,0.2504627063069092,-1.1731692426755465,2430.981185584853
FAT_017,FAT_017,Autologous,566550,5703.366864546499,5699.270261298617,-0.0010366285236059,1.0421715067933888,11745.085761509275
FAT_017,FAT_017,Autologous,566552,2163.8252288046237,9913.902372468872,2.195869073846313,-0.7542446835198412,1282.8382665235679
FAT_017,FAT_017,Autologous,585394,46774.35783586655,71336.95375091744,0.6089317639091844,0.19890473416466173,53688.852900067744
FAT_017,FAT_017,Autologous,585543,71056.84425672723,52474.43571531225,-0.4373588702391626,-0.8691444807719259,38901.59038420127
FAT_017,FAT_017,Autologous,585544,50528.29683372851,6826.797647598789,-2.8878106567471487,-1.1651400651730532,22531.626885105954
FAT_017,FAT_017,Autologous,592028,2588427.293518902,3334550.761165624,0.3654166162715909,-2.0712907806308043,615907.2493535976
FAT_017,FAT_017,Autologous,622312,80417.8698222577,59796.11274628715,-0.4274644212200077,-0.4816031503162974,57593.778353337555
FAT_017,FAT_017,Autologous,626939,1579.1953848753003,1948.7008686056024,0.3033229708960865,1.9312514348891534,6022.82822788844
FAT_017,FAT_017,Autologous,641112,2096.329762952002,555.606340676853,-1.9157307089173603,1.927223006440907,7972.812185766228
FAT_017,FAT_017,Autologous,645463,3231.841717884336,2971.0890452507742,-0.1213646984164764,0.6291678439425624,4998.601049374805
FAT_017,FAT_017,Autologous,649757,14446.014853221324,15729.188313386798,0.1227726652071558,-0.15874383291989408,12940.808238552354
FAT_017,FAT_017,Autologous,657308,9395.765878836955,27453.11656241632,1.5468872674914431,1.7545652018813758,31703.626411174933
FAT_017,FAT_017,Autologous,657309,33382.463346402335,4133.964958934954,-3.0134923523541124,-0.9885302404799358,16824.45972375784
FAT_017,FAT_017,Autologous,657313,174054.9251478273,120495.8788721091,-0.530558832774108,-0.37024806843588876,134657.49848639127
FAT_017,FAT_017,Autologous,657314,36162.68099130222,123352.76498273462,1.7702165105087024,-0.13979639932216648,32822.957528010265
FAT_017,FAT_017,Autologous,657317,156252.99602919843,74397.77367337378,-1.0705524976293692,-0.6611506186078216,98810.2926360507
FAT_017,FAT_017,Autologous,657319,46204.616697640005,24512.844182064426,-0.9144991235423467,-0.4833050201050038,33051.872113476755
FAT_017,FAT_017,Autologous,657321,45788.72551834224,69493.39209196685,0.601883393373986,0.5286513239591553,66053.89949755189
FAT_017,FAT_017,Autologous,657322,165323.19554333453,114779.387533367,-0.5264255737759571,-0.6420366147585491,105940.3764527484
FAT_017,FAT_017,Autologous,657323,72537.77418396417,152976.64367552788,1.0765070183490166,-1.244842299422973,30607.605361894315
FAT_017,FAT_017,Autologous,658089,14595.894490629353,16374.525531269212,0.1658904764217185,-0.6791794057284433,9115.433807690397
FAT_017,FAT_017,Autologous,658659,6443.831828164961,5274.181560193488,-0.2889716070463371,0.5717744047957309,9577.792947187829
FAT_017,FAT_017,Autologous,665943,1644.7056899675508,2106.409683088102,0.3569566129333885,-0.7899780600924851,951.2202844469989
FAT_017,FAT_017,Autologous,665951,15627.185505642195,16599.305910531624,0.0870649486284544,0.02633389770129927,15915.051953219168
FAT_017,FAT_017,Autologous,665953,11436.511140498564,2739.057686012153,-2.0618954505640894,-0.014082352913007435,11325.420783845831
FAT_017,FAT_017,Autologous,679935,38103.17563456508,54549.12236100444,0.5176447439408949,1.0851276836860007,80838.29676820472
FAT_017,FAT_017,Autologous,702443,84794.15671849603,4131.245841443876,-4.359316030620652,-0.7915324768968045,48988.13515614278
FAT_017,FAT_017,Autologous,702444,17127.967040482836,1504.57834506293,-3.508922788175856,0.02318988349280395,17405.50663344406
FAT_017,FAT_017,Autologous,702447,18819.32400831911,1717.5758818640074,-3.453769063976856,0.021762545217940105,19105.3588082622
FAT_017,FAT_017,Autologous,702459,11158.588634046591,1763.8008792123262,-2.661394958043496,-0.29236025502715834,9111.713612951786
FAT_017,FAT_017,Autologous,709991,38401.94232900095,3925.4992846190057,-3.2902312154538857,-0.028719934245642,37645.02842381383
FAT_017,FAT_017,Autologous,717959,303426.8593208391,138988.59692892776,-1.1263822740176128,-0.4583657309231017,220837.1775239421
FAT_017,FAT_017,Autologous,717960,13842.525982068477,18869.76901558141,0.4469695332761879,2.8400679913905695,99119.9336095745
FAT_017,FAT_017,Autologous,717962,87923.76265722125,147649.89251050688,0.7478552739911287,0.3720256090876195,113788.17518944814
FAT_017,FAT_017,Autologous,718252,339548.84451655374,104111.3832433726,-1.7054913053989431,-0.6670756990458172,213841.73141068534
FAT_017,FAT_017,Autologous,742725,86206.59859950015,53021.88470351587,-0.7012103504000212,0.14523996991048171,95337.13512270646
FAT_017,FAT_017,Autologous,742726,9541.67519472424,24913.46082574985,1.3846109639540285,-0.15430536722995003,8573.814534036208
FAT_017,FAT_017,Autologous,742727,6015.037103924778,1717.5758818640074,-1.808199798551548,1.7519867951953016,20259.974201357985
FAT_017,FAT_017,Autologous,742733,9423.558129482151,6857.614312497667,-0.4585651266297447,-0.5181551827421232,6580.132842816639
FAT_017,FAT_017,Autologous,742740,23227.373476723387,16666.37747531154,-0.478885464107892,-0.1248521660492425,21301.77808716419
FAT_017,FAT_017,Autologous,742741,6186.753509696889,5277.807050181591,-0.2292439472257532,0.2940353989011769,7585.3615905126835
FAT_017,FAT_017,Autologous,748224,281690.3415751545,152539.7721319614,-0.8849246485871799,-0.8200781235448702,159552.58412273577
FAT_017,FAT_017,Autologous,759350,1783.666943193536,1612.4366722090074,-0.1456037514924708,0.42183985439142335,2389.46246692967
FAT_017,FAT_017,Autologous,762968,3053.177249450928,1230.8538509611196,-1.3106518769667836,0.38526576771860205,3987.7559342781965
FAT_017,FAT_017,Autologous,762982,1835.2811229631875,874.6494596299563,-1.0692242304984418,0.6577513133040614,2895.3793497505753
FAT_017,FAT_017,Autologous,762984,137837.6522356149,1861.6891088911195,-6.210214052047935,-0.5687156445202786,92932.45268112226
FAT_017,FAT_017,Autologous,763034,2745.477331593389,1056.8303315321543,-1.3773132211996866,1.2426148315024508,6496.541238433303
FAT_017,FAT_017,Autologous,767031,1324.1022271675995,589.1421230668099,-1.1683268965184568,-0.028393577909750993,1298.297430053591
FAT_017,FAT_017,Autologous,862962,4340.554002551659,1721.201371852111,-1.3344632961813987,1.2898038874339057,10612.429604717452
FAT_017,FAT_017,Autologous,866776,1327.0799683081566,90.63724970258612,-3.872007413568317,-0.1728584453775957,1177.2305305900788
FAT_017,FAT_017,Autologous,868129,2262.0906864429985,797.607797382758,-1.5039053489903265,0.31618862993664015,2816.3866273669896
FAT_017,FAT_017,Autologous,873513,1299.2877176629595,634.460747918103,-1.0341181233626004,-0.16506735483885454,1158.8176675449272
FAT_017,FAT_017,Autologous,883062,10374.450133699964,1442.9450152651714,-2.8459466420260604,-0.28962696303523006,8487.478440283445
FAT_017,FAT_017,Autologous,888048,1261.5696632159063,867.3984796537494,-0.540453053768622,0.6066130962718284,1920.9673119368
FAT_017,FAT_017,Autologous,890402,4773.319048312584,4157.530643857626,-0.1992658720434319,-1.0419770397326409,2318.21717889137
FAT_017,FAT_017,Autologous,997884,56093.69502542921,6457.904041309263,-3.118700710848869,-0.3811374844944233,43070.53175519657
FAT_017,FAT_017,Autologous,999410,8726.766702591856,8019.583853684822,-0.1219198539642126,-0.5326154783072129,6032.816710735746
FAT_017,FAT_017,Autologous,999413,3719.198684555469,4838.216389124048,0.3794834745631641,0.04814545932939176,3845.4096071241147
FAT_017,FAT_017,Autologous,1002367,8761.507015898353,2691.9263161668086,-1.7025401199473842,0.21595552318862904,10176.253175489466
FAT_017,FAT_017,Autologous,1042156,1844.214346384858,1572.5562823398695,-0.2298946921667182,1.5546799838407686,5417.7218583616805
FAT_017,FAT_017,Autologous,1077285,15661.925818948694,2743.5895484972825,-2.5131250498847457,0.14326874616964175,17297.10224899292
FAT_017,FAT_017,Autologous,1121100,11260.824413205712,1703.980294408619,-2.7243318952443887,0.3890016356986793,14745.902139594806
FAT_017,FAT_017,Autologous,1121101,2584.679310003321,899.1215170496546,-1.5233972760284489,1.033045057717191,5289.12968418333
FAT_017,FAT_017,Autologous,1121114,2408.992582710468,3620.051753121291,0.5875803710431504,1.6195156219099385,7402.1561681004005
FAT_017,FAT_017,Autologous,1121115,179178.6250703454,343666.5405798048,0.9396108547256968,-0.3666503315917946,138967.56632201842
FAT_017,FAT_017,Autologous,1121333,2438.7699941160363,3320.0424566057304,0.4450479900967061,1.2674445530628142,5870.967432602328
FAT_017,FAT_017,Autologous,1121344,1338.990932870384,1546.2714799261196,0.2076474451203341,-0.3459461605191925,1053.5070954164912
FAT_017,FAT_017,Autologous,1122978,1369.7609246561376,337.17056889362044,-2.0223735938071887,0.389946511864577,1794.859134626628
FAT_017,FAT_017,Autologous,1123313,1687.3866463155318,1311.5210031964214,-0.3635496777430281,-0.1547723166473392,1515.7357642520979
FAT_017,FAT_017,Autologous,1150460,2066.552351546434,10540.205767913743,2.350605215033387,-0.16007462986964907,1849.5204878045827
FAT_017,FAT_017,Autologous,1160721,2759.373456915988,6766.070690298056,1.2939775241613454,0.1565551813220379,3075.6597408947227
FAT_017,FAT_017,Autologous,1203465,4819.970326181307,1277.985220806465,-1.9151531122192147,1.1090599039045501,10396.919050492994
FAT_017,FAT_017,Autologous,1203606,7689.5202052978975,6424.368258919305,-0.2593389890297227,2.1669359005041615,34531.22197025907
FAT_017,FAT_017,Autologous,1203611,44553.95552539134,22970.198192126405,-0.955790216043064,0.873117702827294,81605.77344223969
FAT_017,FAT_017,Autologous,1256908,84006.04789662866,116744.40310691904,0.4747882852038546,-0.2916681831712183,68629.31777151657
FAT_017,FAT_017,Autologous,1322347,4907.317399637641,5521.621251881548,0.1701573453332292,-1.2252297229315479,2099.003923498735
FAT_017,FAT_017,Autologous,1384484,13214.222601410987,9107.230850115857,-0.5370071939576755,0.6752853296063321,21101.9581951318
FAT_017,FAT_017,Autologous,1408437,9497.009077615889,7477.573100463357,-0.3449031234272531,1.1138986538796238,20554.350597994693
FAT_017,FAT_017,Autologous,1410645,1231.7922518103385,4843.654624106203,1.975337039094007,-0.2761042908355877,1017.2361710706233
FAT_017,FAT_017,Autologous,1410647,10723.8384275253,67624.45200309952,2.656723610066769,1.595925852447605,32416.924866417376
FAT_017,FAT_017,Autologous,1437612,112471.2680395915,685896.4807518236,2.608434356412268,-0.2888854806568365,92061.57414839687
FAT_023,FAT_023,Autologous,561,9950.433815774864,457.638439206506,-4.442479284110938,0.3983069902399037,13114.277432700914
FAT_023,FAT_023,Autologous,818,7222.522116684939,1836.592973765699,-1.9754707851868745,-0.9036397300061022,3860.701429481341
FAT_023,FAT_023,Autologous,904,17849.563952312816,42968.357501685336,1.2673857990130126,0.1511499769987557,19821.124439957355
FAT_023,FAT_023,Autologous,205913,17650.877470292486,8281.779496608058,-1.0917272089420649,-2.8551003339910723,2439.4698727973755
FAT_023,FAT_023,Autologous,206672,19154.450847743625,8898.450648559347,-1.106053596146097,-2.7694631845296045,2809.171249516056
FAT_023,FAT_023,Autologous,213810,6803.669532966407,6000.297541619612,-0.1812790257060124,-0.6031339890579637,4479.007491539771
FAT_023,FAT_023,Autologous,226186,10449.83497328542,5656.062176058121,-0.8856102744126264,0.073536564749246,10996.288961930099
FAT_023,FAT_023,Autologous,272559,3506.5479124128365,942.7888666937548,-1.8950448135459872,0.7740042570570782,5996.2298974429195
FAT_023,FAT_023,Autologous,295405,2244.6202563377724,1021.2986869095336,-1.1360665356851818,1.437291137329575,6078.698773269055
FAT_023,FAT_023,Autologous,300267,8049.487474283065,75.15469969373704,-6.7428897929981,1.9603869656769717,31325.896499745424
FAT_023,FAT_023,Autologous,300269,27628.16081066469,152.99349580510756,-7.496525394724434,0.4417673692897196,37526.426005059904
FAT_023,FAT_023,Autologous,326426,1149.1596527662282,455.6253668932808,-1.33465926926426,-0.35853742085844154,896.2926833155934
FAT_023,FAT_023,Autologous,349741,1189927.970914832,192021.59976570692,-2.631533738155203,-2.6242056034445227,192999.4502380786
FAT_023,FAT_023,Autologous,352165,1788.1783381829623,565.0022959118445,-1.6621619911127108,1.589824480129662,5382.644356393807
FAT_023,FAT_023,Autologous,354242,719.5672592087597,407.9826554802868,-0.8186217241220315,-0.7715115451518707,421.5249420350933
FAT_023,FAT_023,Autologous,364106,7673.59412992028,516.6885603944422,-3.892535612621397,0.4499369543944976,10481.980424131074
FAT_023,FAT_023,Autologous,367928,799723.8299416638,244399.7282835108,-1.7102591963377125,-2.7719039592121884,117088.38083493097
FAT_023,FAT_023,Autologous,386585,18445.6233983738,134.87584498608166,-7.095502739634378,0.10338882196744859,19816.021924981713
FAT_023,FAT_023,Autologous,391904,3511.917817332305,1495.0417046218404,-1.2320733552658956,0.677916916018696,5618.464882201964
FAT_023,FAT_023,Autologous,398513,1455.2442331759244,589.8301877749541,-1.302889733318312,0.32996315106274926,1829.2147423794252
FAT_023,FAT_023,Autologous,409438,69755.06490389394,323.4336183248326,-7.752684521213126,-0.6153567119665734,45533.90727404742
FAT_023,FAT_023,Autologous,411459,87964.41248581115,202216.46898398324,1.2009086186624336,0.029789303820827326,89799.61617414
FAT_023,FAT_023,Autologous,411460,13156.267052697473,10503.54030630416,-0.3248745158339979,0.42946891930303965,17718.04120524189
FAT_023,FAT_023,Autologous,411461,29502.25762755915,63925.11130646303,1.1155574081535633,0.5230328001072979,42393.94311193198
FAT_023,FAT_023,Autologous,411462,46540.96593703224,167342.00422967164,1.8462265605820012,0.016124248477210876,47064.047650106826
FAT_023,FAT_023,Autologous,411463,12968.32038051608,16122.696156619822,0.314101384201947,-0.5255801587230419,9008.828891438558
FAT_023,FAT_023,Autologous,411464,181948.4883863463,96885.14429089756,-0.9091826907678308,-0.28933214703220184,148884.94913291163
FAT_023,FAT_023,Autologous,411466,8210.584621867116,8146.232627517568,-0.0113519373256049,1.3488150028538413,20912.591585475555
FAT_023,FAT_023,Autologous,411467,160372.21041992246,51525.92790520524,-1.6380536848036276,-1.3448070818072007,63139.6027493051
FAT_023,FAT_023,Autologous,411468,6288.158660697444,8038.197746707822,0.3542344497451447,0.31666193876603677,7831.55916421069
FAT_023,FAT_023,Autologous,411469,26274.944770958664,82472.88857641468,1.6502322065174395,-0.014892823989797452,26005.105804549745
FAT_023,FAT_023,Autologous,411470,4537.569656950761,8686.407031566303,0.936839766510082,0.8901854527118179,8409.99675041921
FAT_023,FAT_023,Autologous,411471,116274.55122124832,101352.82277804847,-0.198149101707111,-0.4363529740230922,85926.93840921589
FAT_023,FAT_023,Autologous,411473,16469.498388009448,8661.579139703194,-0.9270946358879222,0.9091181338463106,30928.025869112804
FAT_023,FAT_023,Autologous,411474,7829.321372584863,7039.713879348172,-0.1533704700159094,0.5641783964287246,11576.00592189987
FAT_023,FAT_023,Autologous,411475,92072.38974920443,22437.70400320696,-2.0368435363700854,0.0635045334557524,96215.75340429683
FAT_023,FAT_023,Autologous,411476,5536.371971971875,9845.93668398396,0.830587585582993,0.5317664279862051,8003.923090578752
FAT_023,FAT_023,Autologous,411477,50240.83042654594,39143.52010655765,-0.3600868098379042,0.4025346161194569,66409.74351860028
FAT_023,FAT_023,Autologous,411479,24540.465481970383,15827.44555068014,-0.6327341817731145,0.8898588191421628,45473.35449774851
FAT_023,FAT_023,Autologous,411483,580459.872269932,1589176.9921328726,1.4530115707638995,-2.290358439135348,118660.34615661918
FAT_023,FAT_023,Autologous,411484,12538.727986958613,23720.702090835755,0.9197557128792548,-0.043351569848398205,12167.556122410862
FAT_023,FAT_023,Autologous,411485,178350.6520903025,402483.6129446602,1.174213554693684,-1.8864723150893017,48238.07281239544
FAT_023,FAT_023,Autologous,411486,131439.16271382695,103512.84937013904,-0.3445853302189546,-0.15050969257391533,118417.76276522018
FAT_023,FAT_023,Autologous,411487,44097.65919867413,55348.08120391529,0.3278312264436439,0.9292016192411032,83971.72912822186
FAT_023,FAT_023,Autologous,411489,15508.285407424612,16761.511104016587,0.1121130273394287,-0.02375786202342952,15254.99100377039
FAT_023,FAT_023,Autologous,411490,3866.331542017216,4463.652342524454,0.2072593098497501,1.6511364488281388,12143.410897820879
FAT_023,FAT_023,Autologous,411901,7056.05506418142,2331.1377387146654,-1.5978275687197814,0.6919175657036765,11398.55772906017
FAT_023,FAT_023,Autologous,411902,9773.226953432408,11365.135256364503,0.2177079544099313,-0.6337875627133197,6298.67089071342
FAT_023,FAT_023,Autologous,411903,797538.2786394402,267336.6742203976,-1.5768959987891942,-3.250269320848487,83815.23693789956
FAT_023,FAT_023,Autologous,420247,20223.06192671783,17934.46123852241,-0.1732670423139966,2.2436327692129963,95774.0106811902
FAT_023,FAT_023,Autologous,428125,26323.27391523388,15275.86373685646,-0.7850849770681229,-0.9185896056940251,13925.69496544167
FAT_023,FAT_023,Autologous,428127,13467.721538026635,5360.140546014031,-1.329163062465911,1.7110100938490134,44091.96858987852
FAT_023,FAT_023,Autologous,428128,5181.958247286963,6654.54604341777,0.3608428611215352,0.24497009032123165,6140.973943359165
FAT_023,FAT_023,Autologous,435590,49875.67689202209,41139.81681717254,-0.2778010511230095,0.5574704820927296,73401.36555916935
FAT_023,FAT_023,Autologous,435591,27440.214138483298,4761.587044881768,-2.5267773286317645,1.2638773003731019,65895.00184106013
FAT_023,FAT_023,Autologous,435830,988.0625051821776,1113.9000133178884,0.1729455230694296,-0.6181849416405546,643.7128945214741
FAT_023,FAT_023,Autologous,445970,408230.9117878233,138387.98514855505,-1.5606667357353077,-1.1069548194985337,189530.5760000703
FAT_023,FAT_023,Autologous,445972,39581.56916140125,18714.86227194934,-1.080644376275491,0.35621178797465197,50666.79581809197
FAT_023,FAT_023,Autologous,445975,13349.583629798331,6210.99911040384,-1.1038974790528395,0.6429886457444696,20846.18509648806
FAT_023,FAT_023,Autologous,449673,20953.36899576552,5347.391088030272,-1.9702751278849973,0.5674818246759736,31051.523446838466
FAT_023,FAT_023,Autologous,457387,8366.311864531699,12170.364181654542,0.5407086570681846,-0.6985966945001539,5155.080951304649
FAT_023,FAT_023,Autologous,457388,37197.3313771573,8380.420039956089,-2.1501046617417416,-0.22684112719790764,31785.262335148385
FAT_023,FAT_023,Autologous,457390,7270.851260960154,11641.59718738075,0.6790928168218034,-0.5910203399272111,4826.923434877124
FAT_023,FAT_023,Autologous,457391,19004.09350999851,8732.70769477048,-1.1218092551396448,0.0358942167768746,19482.845861811496
FAT_023,FAT_023,Autologous,457393,76741.31120412228,52875.35737917046,-0.537407905783046,-0.3910197806420049,58522.184963684864
FAT_023,FAT_023,Autologous,457394,27628.16081066469,25213.73072314437,-0.1319299251980861,-0.36529753083776123,21447.983212203533
FAT_023,FAT_023,Autologous,457395,22419.353038780384,7289.334846188084,-1.6208855671592877,-0.2388118654947872,18999.12241742342
FAT_023,FAT_023,Autologous,457400,19320.917900247143,106.69283260093027,-7.500556563074972,0.7228980853611289,31889.063299182824
FAT_023,FAT_023,Autologous,457401,18483.21273281008,109.37692901856371,-7.40076327491697,0.6470262560483594,28943.54838325199
FAT_023,FAT_023,Autologous,457412,32568.47333657558,167882.8496578248,2.3659068575909616,-0.20027852698761947,28347.02959744288
FAT_023,FAT_023,Autologous,457421,10729.070029097777,9033.326493545428,-0.2481957735648981,-0.5073535326308842,7548.027056020854
FAT_023,FAT_023,Autologous,457424,30049.98792934492,4872.306022109149,-2.624687756748872,0.19590445605593196,34420.51939780692
FAT_023,FAT_023,Autologous,469585,4435.541463480861,1183.6865201763585,-1.9058231729697688,-0.44074245434792253,3267.908923576335
FAT_023,FAT_023,Autologous,469588,4048.90830927914,4077.142458385235,0.0100253941255748,-0.5700741503905694,2727.272434366141
FAT_023,FAT_023,Autologous,469589,13521.42058722132,2158.0135197773066,-2.647470923647933,-0.5254574606022225,9393.855269531832
FAT_023,FAT_023,Autologous,469590,10240.408681426154,16676.96206686113,0.7035832138194712,-0.4133314512480527,7689.394171241741
FAT_023,FAT_023,Autologous,469591,35317.86465534338,7510.772800642846,-2.233364856504335,0.05732822936615573,36749.543997959234
FAT_023,FAT_023,Autologous,469592,28788.060273269857,5615.800729793618,-2.357906934729112,-0.480689395176352,20630.534349973652
FAT_023,FAT_023,Autologous,469593,41579.17379144348,29225.112819297585,-0.508652496994696,-0.34489253756952115,32738.053662934544
FAT_023,FAT_023,Autologous,469596,6336.48780497266,9639.932283930591,0.6053396088266795,0.5397049799907855,9211.195313758499
FAT_023,FAT_023,Autologous,470145,5890.785696656786,3618.83299507432,-0.7029355390004774,0.30699761435204165,7287.670259380871
FAT_023,FAT_023,Autologous,470146,38577.39694146067,165462.46571322382,2.1006762822777287,-0.09953227317901833,36005.655342420956
FAT_023,FAT_023,Autologous,471870,6019.663414724027,1657.4295378886652,-1.8607352834412312,1.0468185544098554,12436.437555085116
FAT_023,FAT_023,Autologous,471875,11620.47424572952,35515.963798126024,1.611798688236615,-0.30960058252973083,9376.155265610212
FAT_023,FAT_023,Autologous,473819,3495.8081025738998,1587.6430310301948,-1.1387394219336917,-1.0143310901674525,1730.6271035269644
FAT_023,FAT_023,Autologous,476272,27552.98214179213,9754.006381680016,-1.4981416530651446,0.7045987418679803,44902.85622724388
FAT_023,FAT_023,Autologous,478749,3775.043158386254,4210.00523105809,0.1573288876632228,0.8742956905022387,6920.080539155063
FAT_023,FAT_023,Autologous,479437,23568.512691546613,5842.606877083646,-2.012176593964463,3.2679893946906704,227036.1482573458
FAT_023,FAT_023,Autologous,483215,17801.2348080376,14703.480175796129,-0.2758196514024163,0.3640520837669645,22910.82489179815
FAT_023,FAT_023,Autologous,483216,20131.773543086867,5621.168922628886,-1.8405321992178751,-0.0980091708711495,18809.546994343906
FAT_023,FAT_023,Autologous,483217,26248.09524636132,8674.328597686954,-1.5973887330950352,0.25510550382694913,31325.080953375535
FAT_023,FAT_023,Autologous,483218,14053.041174248689,19244.30029032754,0.4535488433820259,-0.4861279645895268,10033.009411461728
FAT_023,FAT_023,Autologous,484018,6701.641339496508,50877.71862034675,2.924447597857988,0.7928091781331621,11610.222023342081
FAT_023,FAT_023,Autologous,491074,1288.7771806724054,383.8257877215856,-1.7474793059379738,0.5353090356737045,1867.7636304853913
FAT_023,FAT_023,Autologous,500632,36112.61058342469,32814.42075377794,-0.1381727499867246,-0.2404201015381972,30569.280896476197
FAT_023,FAT_023,Autologous,500635,1997.6046300422283,620.697296577739,-1.6863093028122014,2.016925757955504,8084.714501697554
FAT_023,FAT_023,Autologous,502558,4607.3784209038495,1082.361880410695,-2.089763161451748,-0.2837739575281209,3784.6821397048902
FAT_023,FAT_023,Autologous,511145,17887.153286749093,106.0218084965219,-7.398418937605093,0.7584061502638407,30258.27940837657
FAT_023,FAT_023,Autologous,511680,9032.180074545777,10316.995605278637,0.1918767526383379,0.28535215645201467,11007.587489131163
FAT_023,FAT_023,Autologous,515619,41949.69723088679,106650.55808235254,1.346159211789535,0.30882392026387107,51962.98536050552
FAT_023,FAT_023,Autologous,515620,10922.386606198635,29544.520292995963,1.435602446303739,0.5842414502286779,16375.393538382283
FAT_023,FAT_023,Autologous,518635,9730.26771407666,3359.81769077269,-1.5340965470703247,0.8014060283917872,16957.898935618592
FAT_023,FAT_023,Autologous,518636,12200.423977032106,8021.4221440976125,-0.6050013391869214,0.8571685343673798,22100.81876909037
FAT_023,FAT_023,Autologous,518637,178683.58619530956,130247.12071387272,-0.4561556349005274,0.8215190518119183,315781.3934515913
FAT_023,FAT_023,Autologous,521003,7603.785365967192,6546.511162608023,-0.215991554394658,1.633594337793673,23593.411685387597
FAT_023,FAT_023,Autologous,521095,655.1284001751394,713.9696470905019,0.1240850508304587,0.5733922756968463,974.8430527280732
FAT_023,FAT_023,Autologous,525259,10610.932120869473,6362.65055800013,-0.7378516009661269,0.5514781860899826,15551.239586885005
FAT_023,FAT_023,Autologous,525362,77691.78437486818,164146.58744447902,1.0791508050200307,0.05959899503675217,80968.51634020077
FAT_023,FAT_023,Autologous,536231,33314.89012038168,190278.9501665584,2.513876930187223,-0.7582049201725626,19696.812982179646
FAT_023,FAT_023,Autologous,537006,4172.416122426912,3458.458234120721,-0.2707540136559346,1.0281873553592273,8509.476631921892
FAT_023,FAT_023,Autologous,537007,11534.55576701803,13096.377445738088,0.1832053646446317,0.7104471643124299,18874.12295355704
FAT_023,FAT_023,Autologous,537011,12764.263993576282,390217.29231607536,4.934095454474082,0.516446073494554,18258.35038317104
FAT_023,FAT_023,Autologous,537012,14219.508226752205,3586.6238380627183,-1.9871732213072093,0.08560443055980628,15088.778324925926
FAT_023,FAT_023,Autologous,537013,9558.430756653674,4654.894212280838,-1.0380254037175125,0.16502436068211285,10716.76928043293
FAT_023,FAT_023,Autologous,537937,21946.80140586717,10251.235243046614,-1.0982129316593028,-2.4204867370936816,4099.511620545365
FAT_023,FAT_023,Autologous,545696,21962.911120625577,8770.956068721758,-1.3242632763006317,2.159738946401732,98137.75294643597
FAT_023,FAT_023,Autologous,547042,7254.741546201748,9909.012949798347,0.4498171372869741,0.4450629408856551,9876.412950206059
FAT_023,FAT_023,Autologous,547043,9493.991897620052,4076.471434280826,-1.2196939131187707,-0.17331231474937256,8419.312923437068
FAT_023,FAT_023,Autologous,548480,22295.845225632616,10357.928075647544,-1.1060394469244712,-2.8900724716883026,3007.6371274553308
FAT_023,FAT_023,Autologous,552396,44205.05729706351,16539.402125457418,-1.418304346962462,1.895697331681306,164487.80959827013
FAT_023,FAT_023,Autologous,552398,266733.9171598322,85540.81078176975,-1.6407164990397352,-0.8666915404357564,146277.6896142063
FAT_023,FAT_023,Autologous,556258,4065.018024037545,4161.02047143628,0.0336756370530273,-0.5210854237926048,2832.697065847852
FAT_023,FAT_023,Autologous,556259,3007.14675490228,5974.798625652095,0.9904948132891483,1.2940483409151151,7373.980580160771
FAT_023,FAT_023,Autologous,556268,4886.613476716204,1433.307487016271,-1.7694868505063497,1.9023189995748395,18266.8250177257
FAT_023,FAT_023,Autologous,563192,15642.53303041132,2204.985207085892,-2.826633268298119,0.21820684042792013,18196.752365261207
FAT_023,FAT_023,Autologous,563193,89677.41215512154,15508.709101086166,-2.5316660407920057,0.2369326433406032,105683.4299439172
FAT_023,FAT_023,Autologous,565040,19986.786110261222,9298.381014786732,-1.1039950555968034,-2.833616801472366,2803.750160184201
FAT_023,FAT_023,Autologous,565042,22585.820091283906,10977.954348120877,-1.040808054010513,-2.761709972115305,3330.261398890031
FAT_023,FAT_023,Autologous,566550,9279.19570084132,7693.96238114633,-0.2702729855727004,0.8171578587527817,16349.307451520228
FAT_023,FAT_023,Autologous,566552,17849.563952312816,8470.33726994681,-1.075397510317905,0.31446751447182275,22196.871388906344
FAT_023,FAT_023,Autologous,568816,21259.45357617522,45530.32753231648,1.0987233214433545,3.225837268127928,198895.9210213799
FAT_023,FAT_023,Autologous,585394,77138.68416816293,53006.20707953009,-0.5412932260901955,0.33585555631559494,97358.7127320891
FAT_023,FAT_023,Autologous,585543,55787.94220835675,42057.106767898775,-0.4076037309328157,-1.1044957181240591,25945.01947958274
FAT_023,FAT_023,Autologous,585544,5504.1525424550655,8985.683782132435,0.7071078389030634,-0.768464748834262,3231.167868465046
FAT_023,FAT_023,Autologous,591001,1449.8743282564562,1699.704056466392,0.2293557175538252,2.0178351950723585,5871.638105084549
FAT_023,FAT_023,Autologous,591020,17221.285076735017,102.66668797448008,-7.39008084285684,1.1588536494592176,38451.67518978805
FAT_023,FAT_023,Autologous,622312,69330.84241525595,203714.8658091272,1.5549820673724228,-0.914899486178464,36771.74915488205
FAT_023,FAT_023,Autologous,626939,78411.35163407694,312954.2348862872,1.996817264963502,-0.29426621807459175,63943.43783303656
FAT_023,FAT_023,Autologous,633147,7899.130136537952,4574.371319751834,-0.7881203106574152,3.0902912119254653,67274.36682103007
FAT_023,FAT_023,Autologous,641112,4231.485076541064,10632.376934350566,1.3292281727053752,2.082595474585095,17923.240000865564
FAT_023,FAT_023,Autologous,645463,4312.03365033309,4840.767889201955,0.1668674831624108,0.3939872694269475,5666.098595084219
FAT_023,FAT_023,Autologous,645464,961.2129805848356,465.6907284594063,-1.0454839717938402,0.4654905626218549,1327.2301815551161
FAT_023,FAT_023,Autologous,649757,12103.765688481675,19896.535719812477,0.7170612937257445,0.3891933422721961,15851.828968467915
FAT_023,FAT_023,Autologous,649764,2529.225217069596,1028.0089279536176,-1.2988427147956705,0.6642696388222618,4008.2295889242796
FAT_023,FAT_023,Autologous,657308,40140.03927302596,10983.322540956142,-1.869727481335346,1.8564679056868658,145355.11486796872
FAT_023,FAT_023,Autologous,657309,4043.538404359672,7676.515754431712,0.924833329885979,0.27469031106063135,4891.60742357458
FAT_023,FAT_023,Autologous,657313,41487.88540781252,75070.1506565816,0.8555492518181648,0.45082934079914955,56706.71041630806
FAT_023,FAT_023,Autologous,657314,25023.75692472254,45619.57373820279,0.8663545626044676,-0.5484721165525979,17109.840219378602
FAT_023,FAT_023,Autologous,657317,22736.17742902902,85023.45119727089,1.9028711025066691,-0.05600648486308919,21870.454975971472
FAT_023,FAT_023,Autologous,657319,39415.10210889773,58542.82696500352,0.570743901501602,-0.2225437506909734,33780.82966037518
FAT_023,FAT_023,Autologous,657321,54713.96122446308,101117.29331740114,0.8860488374555809,0.6809171462239825,87715.15676467629
FAT_023,FAT_023,Autologous,657322,151415.20901424924,366744.86914387066,1.2762666571732697,-1.5309113424345333,52398.54957632331
FAT_023,FAT_023,Autologous,657323,37836.350062574034,144121.21509662012,1.9294378915279375,-0.19724839638407402,33001.33821413187
FAT_023,FAT_023,Autologous,658089,7738.032988953901,17600.96225863145,1.1856155198697544,0.5521436713548749,11345.989671387655
FAT_023,FAT_023,Autologous,658659,11808.420917910917,10272.70801438768,-0.2009995088571154,0.13208220506794294,12940.543918930796
FAT_023,FAT_023,Autologous,665943,8328.72253009542,2364.6889439350834,-1.8164448092235217,1.3925724072669223,21866.76107024116
FAT_023,FAT_023,Autologous,665951,19197.41008709937,14206.251314429526,-0.4343857782866532,0.5507271125142008,28120.822718674102
FAT_023,FAT_023,Autologous,665953,26242.725341441856,6489.474113733312,-2.015744076835237,-0.7361707616077395,15754.312431385059
FAT_023,FAT_023,Autologous,679935,112660.60521044613,18647.759861508504,-2.5949088904845503,1.078116104238041,237857.7827103674
FAT_023,FAT_023,Autologous,697329,2362.7581645660766,3534.2839579188662,0.5809459835214525,1.8964044175359953,8796.175507867158
FAT_023,FAT_023,Autologous,702443,16614.485820835092,48312.39346919357,1.5399516821286667,0.07706079498272474,17526.068961149664
FAT_023,FAT_023,Autologous,702444,3372.300289426128,4199.268845387557,0.3164051472414501,0.2392479276294775,3980.58628592703
FAT_023,FAT_023,Autologous,702447,3979.099545326052,4615.974814225153,0.2141933608882712,0.3628409414868867,5116.9457322848275
FAT_023,FAT_023,Autologous,702459,1084.720793732608,529.4380183782011,-1.034790039846181,-0.1089343116974966,1005.8320504646238
FAT_023,FAT_023,Autologous,709991,8194.474907108712,5719.809465976915,-0.5186844161596719,1.4605427583904884,22552.16861310013
FAT_023,FAT_023,Autologous,717959,338153.6525887613,54659.61047279231,-2.629131853446568,-0.38567991382130223,258828.95568598105
FAT_023,FAT_023,Autologous,717960,17505.89003746684,12711.209609807684,-0.4617390883845031,1.997660404558218,69910.09609015152
FAT_023,FAT_023,Autologous,717962,15857.329227190055,26163.229830882206,0.7223908460431994,1.6464474067098438,49643.23776630968
FAT_023,FAT_023,Autologous,718252,161258.24473163474,434516.29061680246,1.4300373428676123,-1.2639024965130512,67150.51769878193
FAT_023,FAT_023,Autologous,742725,11572.145101454304,2257.3250872297444,-2.3579702108291607,0.5043533635512735,16414.942334958967
FAT_023,FAT_023,Autologous,742726,3264.9021910367605,4361.656678654382,0.417836442251749,-0.38760088277221383,2495.690255369493
FAT_023,FAT_023,Autologous,742727,3581.7265812853934,1122.623326675197,-1.6737812682540771,1.4724273049375796,9938.874694219141
FAT_023,FAT_023,Autologous,742733,14606.141380953926,7487.957981092961,-0.9639308560703606,0.032327588841540716,14937.12701779415
FAT_023,FAT_023,Autologous,742740,17194.435552137675,16991.672371828656,-0.0171139028545737,0.11607549102269803,18635.031371489924
FAT_023,FAT_023,Autologous,742741,18740.968168944564,10208.960724468889,-0.8763594784935521,-0.20046949958357596,16309.651844731168
FAT_023,FAT_023,Autologous,742742,25856.09218724013,10469.989101083742,-1.3042443065213098,0.9152622441491971,48762.31065141123
FAT_023,FAT_023,Autologous,742743,1299.516990511342,548.2266933016354,-1.2451310162367557,-0.08243947815622897,1227.340898238169
FAT_023,FAT_023,Autologous,742818,4274.444315896811,1905.0374324153524,-1.1659175339271015,-0.23817348299708901,3623.9508695843638
FAT_023,FAT_023,Autologous,742821,3968.359735487115,1884.2356851786928,-1.074563380949435,1.200513618073658,9120.142911187806
FAT_023,FAT_023,Autologous,748224,231518.08069795868,675783.678380935,1.545436639773094,-0.549839020907278,158149.15484677174
FAT_023,FAT_023,Autologous,759350,8350.202149773293,3770.4844426706113,-1.1470612271616076,0.35499203735966317,10679.729205715206
FAT_023,FAT_023,Autologous,762968,2002.9745349616967,768.9936236519878,-1.3811005386061777,0.8480891737742929,3605.584749875368
FAT_023,FAT_023,Autologous,762982,2158.701777626279,2768.64545478892,0.3590163675997113,0.7064212780966065,3522.4646502646283
FAT_023,FAT_023,Autologous,762984,3979.099545326052,10190.84307364986,1.3567595119393094,1.6061758020578285,12114.120764188408
FAT_023,FAT_023,Autologous,763034,2180.1813973041526,752.2180210417789,-1.535225401487594,1.870153901819417,7970.123492671579
FAT_023,FAT_023,Autologous,866499,7082.9045887787615,896.4882034895776,-2.981984603885337,0.8035156614690392,12362.141425467853
FAT_023,FAT_023,Autologous,883156,2180.1813973041526,1032.0350725800677,-1.0789561763311943,1.6339655824094947,6766.518629259173
FAT_023,FAT_023,Autologous,890402,20421.74840873816,9350.720894930586,-1.1269568887472643,-2.4142106427748318,3831.2730274860696
FAT_023,FAT_023,Autologous,997872,945.1032658264306,334.84102809977486,-1.4969956604078811,0.7074832084394278,1543.3091500164949
FAT_023,FAT_023,Autologous,997884,13848.98478730889,2621.0201518190797,-2.401579871010267,0.19513757174009505,15854.779285255596
FAT_023,FAT_023,Autologous,999410,21952.17131078664,14339.785111206793,-0.6143402404982923,-0.9111663682404694,11673.177122264828
FAT_023,FAT_023,Autologous,999412,4870.503761957799,4462.310294315637,-0.1262801623604526,1.6767967590121617,15571.842564112607
FAT_023,FAT_023,Autologous,999413,11717.132534279952,7464.472137438668,-0.6505074040847648,0.5125240825009026,16715.00322241159
FAT_023,FAT_023,Autologous,1002367,2486.2659777138488,19789.17186310713,2.9926586922517773,0.20990130487317843,2875.6377486441384
FAT_023,FAT_023,Autologous,1042156,8113.926333316686,4626.040175791278,-0.8106224089054046,0.7172804932743199,13339.94393048469
FAT_023,FAT_023,Autologous,1064535,135332.3437804415,331116.8443203084,1.2908337265574037,-0.3922836521824367,103112.77080088321
FAT_023,FAT_023,Autologous,1077285,20389.528979221348,10798.79091224384,-0.9169586579511496,0.34081475528781624,25822.759919339653
FAT_023,FAT_023,Autologous,1121100,3366.9303845066597,1020.6276628051254,-1.721977242185387,1.6497828572671596,10564.969880557372
FAT_023,FAT_023,Autologous,1121101,6841.258867402686,3401.4211852460094,-1.0081241607746687,0.6026532898028099,10388.497540226525
FAT_023,FAT_023,Autologous,1121111,5112.149483333875,1696.3489359443504,-1.5914970622386853,1.040632629537642,10516.353602201627
FAT_023,FAT_023,Autologous,1121114,3205.8332369226086,4702.536923693832,0.5527398912285237,1.481677366344354,8953.034507003164
FAT_023,FAT_023,Autologous,1121115,30683.636709842183,133219.0864722974,2.118259403707248,0.17833455108082621,34720.8925858287
FAT_023,FAT_023,Autologous,1121130,2147.9619677873425,758.9282620858625,-1.5009330228927489,0.16853495060780027,2414.1300548137606
FAT_023,FAT_023,Autologous,1121333,3903.920876453495,4799.835418833045,0.2980611251601763,2.40155457844987,20627.232856227096
FAT_023,FAT_023,Autologous,1121334,6476.105332878837,2753.2119003875277,-1.2340108001153944,1.219587886964149,15081.56604146594
FAT_023,FAT_023,Autologous,1121344,4494.610417595014,1631.2595978167387,-1.4622096816294596,1.0935053101084355,9591.13387098747
FAT_023,FAT_023,Autologous,1123075,4338.883174930432,2180.1573152227825,-0.992891501530156,0.9305028729681979,8269.651971786521
FAT_023,FAT_023,Autologous,1123263,1299.516990511342,1136.0438087633645,-0.1939570264867973,1.2000431830049914,2985.595422618813
FAT_023,FAT_023,Autologous,1123313,10084.681438761572,5170.240724466464,-0.9638621533594712,0.3654823214231694,12992.218793591404
FAT_023,FAT_023,Autologous,1125712,6465.3655230399,3561.1249220952004,-0.8603988904559322,1.2209547570017372,15070.827126799793
FAT_023,FAT_023,Autologous,1150460,14004.71202997347,4475.059752299396,-1.6459334675907755,0.42591580985191746,18814.280627231943
FAT_023,FAT_023,Autologous,1150461,1589.4918561626332,522.0567532297091,-1.6062870677506025,0.2706707109207455,1917.5129694572638
FAT_023,FAT_023,Autologous,1160721,331086.85771474097,790988.4517462853,1.2564468868320569,-1.047428869592905,160189.6431706199
FAT_023,FAT_023,Autologous,1203465,3603.2062009632655,842.8062751369083,-2.096008254416401,0.9831702027218229,7122.834246247676
FAT_023,FAT_023,Autologous,1203540,1122.3101281688862,892.4620588631273,-0.3306086488001754,-0.3299651982856752,892.8601909938333
FAT_023,FAT_023,Autologous,1203606,27058.95088920105,13287.619315494472,-1.0260232588108986,0.7322158744695381,44950.0206870212
FAT_023,FAT_023,Autologous,1203611,109003.69996028816,16905.110262359976,-2.6888457746136694,0.40944207951384387,144775.67119997047
FAT_023,FAT_023,Autologous,1235789,3726.714014111039,795.8345878283226,-2.227363605140102,0.9637944680538775,7268.706132520002
FAT_023,FAT_023,Autologous,1254439,1798.918148021899,869.6472393132428,-1.0486273295683546,-0.1314068887202113,1642.305653711551
FAT_023,FAT_023,Autologous,1256908,19562.56362162322,53024.99575445352,1.438577156239315,1.3007867859388194,48194.958189208766
FAT_023,FAT_023,Autologous,1322347,20765.42232358413,9924.44650419974,-1.0651246642042218,-2.8506025663784764,2878.8821698504194
FAT_023,FAT_023,Autologous,1384484,7893.760231618483,4035.538963911916,-0.9679513342575684,-0.08388602631200054,7447.863707923188
FAT_023,FAT_023,Autologous,1408437,34920.49169130272,15279.889881482914,-1.1924397264493656,0.6500269217588985,54797.14748931466
FAT_023,FAT_023,Autologous,1410645,5122.889293172811,1866.118034359667,-1.4569174737666692,1.074002477379534,10785.044264181814
FAT_023,FAT_023,Autologous,1410647,71011.62265504953,21058.74946864777,-1.7536354061811412,0.6860868542393632,114251.56544958633
FAT_023,FAT_023,Autologous,1410665,4575.158991387039,2587.4689465986608,-0.8222803311037213,2.2316669407581937,21488.43961661354
FAT_023,FAT_023,Autologous,1437612,845760.0248162661,245176.7741964157,-1.786426054645801,-2.84431342248736,117766.96881333421
FAT_024,FAT_024,Autologous,904,4630.776628092887,3714.995139931674,-0.3178938449437835,-1.1754239647751508,2050.293154525775
FAT_024,FAT_024,Autologous,1547,3044.9395105713106,1561.1013325564786,-0.9638493814233434,-0.6353536677815642,1960.2802198174718
FAT_024,FAT_024,Autologous,205913,9651.675799342576,14461.336749658669,0.5833495543407309,-2.2282241939421983,2059.8728148894847
FAT_024,FAT_024,Autologous,206672,10737.186265470966,15320.094636690714,0.512809231994346,-2.053618819260051,2586.36385882231
FAT_024,FAT_024,Autologous,213810,927.9185913503596,1332.870143586233,0.5224660863168715,-0.4548065597938067,677.0168213346022
FAT_024,FAT_024,Autologous,246201,1011.673713610012,197.19174727029204,-2.3590729856344512,-0.4433616842181815,744.0040505412904
FAT_024,FAT_024,Autologous,264199,372006.0898038228,23115.25481890645,-4.008409066877466,-1.1177292286039637,171427.31561988167
FAT_024,FAT_024,Autologous,272559,6692.695493195646,11666.569763655025,0.8017211576799228,0.18682477653995427,7617.999282645637
FAT_024,FAT_024,Autologous,272623,2402.449559553188,119.28883476844828,-4.331975220654348,1.8068042808719125,8405.364725307241
FAT_024,FAT_024,Autologous,295405,6670.654671548369,12850.328863780698,0.945905018655355,0.15738590103920116,7439.544325022663
FAT_024,FAT_024,Autologous,321956,13904.452336184664,37954.54241749985,1.4487256369706452,-0.40208590912639985,10522.379674711632
FAT_024,FAT_024,Autologous,321967,1238.6941765769643,7.912014550968507,-7.290559247185102,-1.0101365982327122,615.0107118309096
FAT_024,FAT_024,Autologous,347253,15651.187451731364,1175.2384690707836,-3.7352466876103887,-0.6377217202639751,10059.442817817859
FAT_024,FAT_024,Autologous,354242,1201.2247797765938,1843.4993903756624,0.6179407980258157,-0.7647403609481275,706.9919926572898
FAT_024,FAT_024,Autologous,367928,50854.78778676211,11163.852531416564,-2.18754863237753,0.10626944002718083,54742.185936805676
FAT_024,FAT_024,Autologous,390333,13839.431912325195,36407.43926453355,1.395448547924581,-0.4870724716991701,9874.039024361118
FAT_024,FAT_024,Autologous,391904,2416.7760936239174,3787.4205038982327,0.6481317891085127,0.7957756775418657,4195.54868575367
FAT_024,FAT_024,Autologous,411459,125294.35677719292,34073.39497199783,-1.8786038319788945,-1.9235784166951466,33027.576601008135
FAT_024,FAT_024,Autologous,411460,5612.695232479076,6422.729965874667,0.1944929181968094,0.8385337514089903,10036.800050118483
FAT_024,FAT_024,Autologous,411461,175789.8791711044,54273.98535362828,-1.6955192567739172,-1.0482305125863498,85005.11142443914
FAT_024,FAT_024,Autologous,411462,448552.7613437332,41040.836708881485,-3.4501456442661427,-1.861363562206955,123448.91280659851
FAT_024,FAT_024,Autologous,411463,40479.07099630649,56847.21593220481,0.4899135152427336,-0.9490172912050221,20967.55861351308
FAT_024,FAT_024,Autologous,411466,1512.0003650031988,923.2712364476328,-0.7116320410310469,-0.32657459559072827,1205.7107884640168
FAT_024,FAT_024,Autologous,411467,7766.083507418034,22680.094018603188,1.5461674953701914,-0.5539840236350154,5289.763406203922
FAT_024,FAT_024,Autologous,411468,6066.73615841298,4581.665041514687,-0.4050485808284624,-0.10613812541053733,5636.43299454197
FAT_024,FAT_024,Autologous,411469,1220540.253827185,121734.25588120145,-3.3257127734309213,-1.775236045900504,356576.5740177601
FAT_024,FAT_024,Autologous,411470,18509.88201938318,20916.93200674505,0.1763755600451274,-0.710456686063184,11311.882295529851
FAT_024,FAT_024,Autologous,411471,10705.227074082411,30481.948982362057,1.5096397523226472,-0.48635386127317576,7641.67886744577
FAT_024,FAT_024,Autologous,411473,64957.60751777226,53286.80938426898,-0.2857200444888261,-1.1149385056924166,29991.631218823622
FAT_024,FAT_024,Autologous,411474,7679.022261911289,9697.086756967788,0.3366287611098487,0.0940421615681098,8196.254556764306
FAT_024,FAT_024,Autologous,411475,8106.614201868462,20420.3009395458,1.3328327365793868,0.11073306722795127,8753.33359363291
FAT_024,FAT_024,Autologous,411479,6833.756751738219,79925.95376087601,3.5479132539510583,0.2540621508925189,8149.666635558456
FAT_024,FAT_024,Autologous,411483,97927.37057885148,347144.50735577464,1.8257522920021256,-1.2339966653498082,41632.652612856786
FAT_024,FAT_024,Autologous,411484,113268.8844864386,28004.87981140499,-2.016001458443468,-0.6707506036423028,71153.22221345238
FAT_024,FAT_024,Autologous,411485,99978.2690331306,283843.5220159952,1.5054093619085405,-1.5449637192686378,34262.984646382654
FAT_024,FAT_024,Autologous,411486,25073.638705942256,50951.54785872543,1.022954598345404,-0.6264393682616829,16242.030562862024
FAT_024,FAT_024,Autologous,411487,115522.55849987268,35423.30637769385,-1.7054038160614686,-0.16966366865611945,102705.32123756883
FAT_024,FAT_024,Autologous,411489,23480.08730084413,53284.983534757215,1.1822912457938015,-0.7014840147648925,14438.829144549376
FAT_024,FAT_024,Autologous,411490,6694.899575360373,5417.904117901666,-0.3053275530335042,0.2727477358632916,8088.152229595518
FAT_024,FAT_024,Autologous,411902,6679.47100020728,11583.797919121816,0.7943025857686411,-0.29638350025320664,5439.033639346408
FAT_024,FAT_024,Autologous,411903,528203.8826126626,208719.55247105315,-1.339529150313935,-2.4160242573202937,98970.51211665684
FAT_024,FAT_024,Autologous,420247,689.8777175597685,13.389563086254396,-5.6871598734005895,-0.013918901387200392,683.253886949755
FAT_024,FAT_024,Autologous,428125,14452.166754119497,21641.79426291455,0.5825343077906873,-0.6202148539673984,9402.204417952977
FAT_024,FAT_024,Autologous,428126,14550.248410449878,6893.190523405332,-1.0777999877333886,-0.6965747914156593,8978.018613893719
FAT_024,FAT_024,Autologous,428127,5234.695141228276,7283.313702418472,0.4764894655973789,-0.9353435401365899,2737.315977915393
FAT_024,FAT_024,Autologous,428128,1072.2859731400235,1184.976333133514,0.1441685288339151,-0.11195520732031738,992.2217650127255
FAT_024,FAT_024,Autologous,435590,22601.760558200145,55898.99141909642,1.306387097506679,0.011439194138464956,22781.683303620306
FAT_024,FAT_024,Autologous,435591,4857.79709105984,16348.656528316618,1.7507979499482746,1.2055150443633604,11203.031550548501
FAT_024,FAT_024,Autologous,445970,4994.450185272956,164156.65205398283,5.038603535141676,-0.43266413137280013,3700.350001710114
FAT_024,FAT_024,Autologous,445972,5152.042060050987,22986.22812007528,2.157553472836364,-1.12825973711642,2356.890338230546
FAT_024,FAT_024,Autologous,445973,5802.246298645657,4269.444775003391,-0.4425630725110857,0.3005046707714174,7145.902394402109
FAT_024,FAT_024,Autologous,445975,2925.919073676015,1765.5964778738182,-0.7287342105987868,-0.6599004286934743,1851.8784882077746
FAT_024,FAT_024,Autologous,449673,1643.1432538044965,9076.29792296872,2.465645701275054,-0.4334913085771534,1216.6944901764155
FAT_024,FAT_024,Autologous,451640,2544.612859178124,878.8422316614251,-1.533770075992212,-1.1392820477313752,1155.2172031657428
FAT_024,FAT_024,Autologous,457388,5138.817567062621,20632.099482910184,2.005382293465906,-0.5773259657516061,3444.0604623400945
FAT_024,FAT_024,Autologous,457391,4278.123481736456,8195.021225291612,0.9377695615701024,-0.38734193580951354,3270.783320859553
FAT_024,FAT_024,Autologous,457392,5936.695310694046,9980.702047794812,0.7494812275565376,-0.9139687737800031,3150.7412886777415
FAT_024,FAT_024,Autologous,457393,15634.656835495904,202915.78548966575,3.69806164241307,-0.7583844243433312,9242.551802924088
FAT_024,FAT_024,Autologous,457394,14027.880937409414,32907.894366989785,1.2301366268522014,-0.9970185390387162,7028.45040465965
FAT_024,FAT_024,Autologous,457395,3986.0825949100367,15037.087962367608,1.9154816966163049,0.06686759711363881,4175.182330135402
FAT_024,FAT_024,Autologous,457412,599935.7366637255,158058.92330120178,-1.924345486121515,-1.5191214482182096,209316.57003834157
FAT_024,FAT_024,Autologous,469589,3454.8987932106616,10019.044887541811,1.5360296289541056,-0.016439823663804483,3415.752931687583
FAT_024,FAT_024,Autologous,469591,4348.654111007742,16624.968421096597,1.934710732741632,-0.10524489802953299,4042.713775686583
FAT_024,FAT_024,Autologous,469592,5437.470700383224,16752.169270416012,1.6233402979337024,-0.49219599973880845,3865.7269064255242
FAT_024,FAT_024,Autologous,469593,14901.799515723947,32481.862814245324,1.1241478139583785,-0.5076927734550779,10481.126504622853
FAT_024,FAT_024,Autologous,469596,12335.145834898543,14342.04791489022,0.2174762702595107,-0.5131278447386881,8643.256779972351
FAT_024,FAT_024,Autologous,470146,506480.4487971065,168152.82801872585,-1.5907335365366213,-1.9516981294237266,130931.15708482979
FAT_024,FAT_024,Autologous,471872,2173.2250144215072,115.63713574492434,-4.232160873152232,0.9825890444094771,4294.310778173428
FAT_024,FAT_024,Autologous,471875,80338.79490432449,84484.49137524172,0.0725897125986738,-0.0022757409299258447,80212.16650812572
FAT_024,FAT_024,Autologous,476272,3730.409063801624,5119.682030980545,0.4567203711641523,0.3676564344554386,4813.179657523573
FAT_024,FAT_024,Autologous,478749,2616.245529531774,4316.308245805281,0.722299956151514,1.4875249103122619,7336.148545870238
FAT_024,FAT_024,Autologous,479437,2725.347596685795,1494.7621336291272,-0.8665243241250266,-0.36882053179002716,2110.5510333804036
FAT_024,FAT_024,Autologous,483216,2491.714887224659,17825.16016682813,2.838704136447749,-0.07667965153709493,2362.7374868888114
FAT_024,FAT_024,Autologous,483217,4277.021440654092,7633.876808676769,0.8358094658745778,1.5385196847385396,12424.588142608362
FAT_024,FAT_024,Autologous,483218,46125.92950233884,63459.2256307988,0.4602519328951789,-0.9084862971792355,24573.301249654058
FAT_024,FAT_024,Autologous,484020,1596.857528345215,965.265775218158,-0.726237468958219,-0.2623148560635009,1331.378471585874
FAT_024,FAT_024,Autologous,500632,43690.41871031474,36160.34096394176,-0.2729086507101283,-1.0897512089840304,20527.61080697087
FAT_024,FAT_024,Autologous,511680,24902.82233817586,30651.75298695592,0.2996603265680341,-0.7658565350039674,14645.45203560627
FAT_024,FAT_024,Autologous,515619,717546.6630146777,1257222.1552314155,0.8090950408454493,-2.1519645662533304,161452.3107070012
FAT_024,FAT_024,Autologous,515620,74457.20164774863,57099.79178133188,-0.3829259111705761,-1.5082957099519527,26173.660141919514
FAT_024,FAT_024,Autologous,518635,2042.0821256202091,767.4654114439452,-1.411867250804314,-0.43295617550591936,1512.6568148725694
FAT_024,FAT_024,Autologous,518636,7801.348822053676,21106.211739464376,1.435872172108689,0.11812119366694293,8466.964119845883
FAT_024,FAT_024,Autologous,518637,92357.6549485846,37849.8603788255,-1.286943563751308,0.06406234336030046,96551.17961975688
FAT_024,FAT_024,Autologous,521003,1308.122764765887,733.9915037283091,-0.8336626728470902,-0.24097441929119,1106.8989492836233
FAT_024,FAT_024,Autologous,525259,2996.449702947301,3152.024873805069,0.0730247620008203,-0.06932339860540743,2855.8708909857214
FAT_024,FAT_024,Autologous,525362,1314.73501126007,1366.9526678057898,0.0561912396001053,-0.9059253321293729,701.661309282554
FAT_024,FAT_024,Autologous,536231,249615.61127865853,374086.1341348303,0.5836623269801854,-1.7230800097697037,75608.90967424106
FAT_024,FAT_024,Autologous,537007,8308.287719941047,10335.525469580554,0.3149886554710348,0.06612958794992121,8697.982259151504
FAT_024,FAT_024,Autologous,537012,9504.00229430582,407916.08250525984,5.423593393330298,-0.0803799547728778,8988.966357911317
FAT_024,FAT_024,Autologous,537937,11743.34977366916,17920.71295794367,0.6097840408981595,-2.0198935015882267,2895.632646805187
FAT_024,FAT_024,Autologous,545696,2410.163847129734,5851.847685197092,1.2797609920738984,-0.6824442706544771,1501.7940240123792
FAT_024,FAT_024,Autologous,547043,106745.903319927,20262.06064852643,-2.397327894767796,-0.013035329885931854,105785.75534830615
FAT_024,FAT_024,Autologous,548480,10510.165802504012,16377.26150400089,0.6399087107113737,-2.0535170189378116,2531.858020217519
FAT_024,FAT_024,Autologous,552396,3319.3477400799084,4035.127420993939,0.2817144552227541,-0.7208155587932744,2014.028665904708
FAT_024,FAT_024,Autologous,552398,19661.5149504534,61675.97927431128,1.6493342295552682,-0.002506971076697782,19627.378805008968
FAT_024,FAT_024,Autologous,556270,3658.776393447974,2912.838587764252,-0.3289354898010564,-0.49367662118987893,2598.5100282382855
FAT_024,FAT_024,Autologous,563193,14455.472877366588,52026.973221153225,1.8476439739116668,-0.14013351102623287,13117.404557972484
FAT_024,FAT_024,Autologous,565040,10240.16573732487,15321.311869698557,0.5813007660741876,-1.9207034841150539,2704.6908030678405
FAT_024,FAT_024,Autologous,565042,11228.696588205245,16952.404100205906,0.5942994118600979,-2.0018681062170294,2803.5415666565686
FAT_024,FAT_024,Autologous,566550,3017.388483512214,7005.175960126733,1.2151208366564257,0.061140413411383404,3148.0116203702214
FAT_024,FAT_024,Autologous,566552,11335.594573194536,2838.587374285932,-1.9976150102572288,-0.691857856836889,7017.369371449374
FAT_024,FAT_024,Autologous,568816,4767.429722306004,3728.384703017929,-0.3546609434682889,-0.8352045874708434,2672.1612780180103
FAT_024,FAT_024,Autologous,585394,56161.115598344026,115687.65091474976,1.0425913730031284,-0.7638542646895601,33074.45374554571
FAT_024,FAT_024,Autologous,585543,14783.881119911017,195393.2855012065,3.724283925324723,-0.361898841532927,11503.925351939914
FAT_024,FAT_024,Autologous,586220,584.0817736528392,51.12378632933497,-3.5141037717770693,-0.4012880981765823,442.2561692185861
FAT_024,FAT_024,Autologous,592028,1958.327003360557,105.89927168219388,-4.208857115285218,-0.2382150433218305,1660.257072590721
FAT_024,FAT_024,Autologous,622312,134727.82844222744,237241.7563107907,0.8163100826497562,-1.614892361690161,43987.19506774254
FAT_024,FAT_024,Autologous,626939,6859.103696632586,12708.521218367185,0.8897041943013567,0.24770491828869282,8143.929006198116
FAT_024,FAT_024,Autologous,645463,2887.3476357932805,3606.661402233798,0.3209191694312018,0.3270707351232197,3622.072824895782
FAT_024,FAT_024,Autologous,649757,97594.5541719776,22263.80032992146,-2.132100771671551,-1.1091961998294682,45240.173025077864
FAT_024,FAT_024,Autologous,657308,6470.083194558149,3615.1820332886873,-0.8397159707651,-0.8144456613889207,3679.063562287179
FAT_024,FAT_024,Autologous,657313,61763.89246108183,74496.48592939986,0.2704086974108776,-0.4813431330593802,44242.12076401633
FAT_024,FAT_024,Autologous,657314,138826.3192275386,47478.173470850255,-1.5479447661703596,-1.488884037163739,49462.15725770823
FAT_024,FAT_024,Autologous,657317,794827.2939154424,1377131.7788338629,0.7929532988381672,-1.8011859036087912,228066.6520863988
FAT_024,FAT_024,Autologous,657319,17173.106186475838,31399.13405377048,0.8705737615779231,-0.34330050160460013,13536.460078664497
FAT_024,FAT_024,Autologous,657321,524001.7999656093,210424.2872985349,-1.316270536507133,-2.0118448744580064,129929.30786665982
FAT_024,FAT_024,Autologous,657322,87239.77616208688,253101.69378645904,1.536659188706076,-1.278085943174012,35972.64208729398
FAT_024,FAT_024,Autologous,657323,856205.4719976969,255434.5208459869,-1.745003543736891,-1.6082170253156327,280838.36432036717
FAT_024,FAT_024,Autologous,658089,98292.14617711391,24462.123142082863,-2.006526520530642,-0.5454509715180825,67347.53648945101
FAT_024,FAT_024,Autologous,658659,4931.633843578217,6537.149868611748,0.4065960836224256,-0.14501176291670295,4460.031581099559
FAT_024,FAT_024,Autologous,665943,2990.9394975354817,1570.8391966192091,-0.929063224430152,-0.8309976856293673,1681.3278168711197
FAT_024,FAT_024,Autologous,665951,18776.575961315237,19997.921085824863,0.0909160287041739,-0.8078391233561674,10725.871527073468
FAT_024,FAT_024,Autologous,665953,1735.7147047230596,13969.57461449078,3.008686350070756,-0.3969069772806866,1318.2489591897365
FAT_024,FAT_024,Autologous,717960,25958.57769508043,29893.416823070784,0.2036164684240102,0.04055772301576771,26698.691944626793
FAT_024,FAT_024,Autologous,717962,66431.03644489273,56567.252340401305,-0.2318903270698776,-0.5279454681488844,46072.69388064257
FAT_024,FAT_024,Autologous,718252,201023.31383398944,543904.7455247869,1.4359911844770312,-1.6106637499193297,65824.61479899392
FAT_024,FAT_024,Autologous,742726,6045.797377848066,119329.00345770703,4.302868300521281,-0.7756946672246713,3531.3944130631235
FAT_024,FAT_024,Autologous,742733,3170.572193960789,13940.36102230259,2.136452791560816,0.989129807579831,6293.545672155638
FAT_024,FAT_024,Autologous,742740,14754.12601068719,31495.295461389946,1.0940178829352154,-0.8994520131675369,7909.544115947657
FAT_024,FAT_024,Autologous,742741,4442.327603008669,8548.018797565592,0.9442742910574132,0.06437828573868984,4645.049836361483
FAT_024,FAT_024,Autologous,742742,1657.4697878752263,1076.033978931717,-0.6232589373914738,0.5019312686043537,2347.1561797034597
FAT_024,FAT_024,Autologous,742818,1574.816706697938,761.9878629086593,-1.047343999268466,-0.3442165147400608,1240.539272323025
FAT_024,FAT_024,Autologous,748224,205505.3149159632,377333.7117997508,0.8766652930285956,-0.3776675492084005,158173.5266042262
FAT_024,FAT_024,Autologous,759350,3633.4294485536057,5322.959943290043,0.550896816305552,0.12181518826893864,3953.545646254063
FAT_024,FAT_024,Autologous,762984,10374.61474937326,47260.897378950576,2.1875892586697225,0.6308675358891853,16065.04809992493
FAT_024,FAT_024,Autologous,862962,6480.001564299423,12410.907747949988,0.9375425731932072,0.28688401928969826,7905.617643559077
FAT_024,FAT_024,Autologous,888048,2683.470035555969,1191.0624981727208,-1.1718506614481687,-0.8647297616225863,1473.6255873093526
FAT_024,FAT_024,Autologous,890402,11191.22719140487,16078.430800575848,0.5227583653692663,-2.0080740012216545,2782.192685450979
FAT_024,FAT_024,Autologous,904306,10179.55347779486,721.2105571459754,-3.819109954085621,-0.832803951646091,5715.177963178102
FAT_024,FAT_024,Autologous,999410,13732.533927335902,22674.616470067904,0.723480292330909,-1.3055708128090575,5555.647783024968
FAT_024,FAT_024,Autologous,999412,3546.3682030468613,5262.098292897978,0.5692958650671895,0.8298035736559448,6303.468553411122
FAT_024,FAT_024,Autologous,999413,12769.3500213499,4881.1043614436485,-1.387405588606913,-0.23254660376175781,10868.391858916699
FAT_024,FAT_024,Autologous,1042156,2357.2658751762697,2878.756063544696,0.2883310559564456,0.5701171630367905,3499.700957412818
FAT_024,FAT_024,Autologous,1121114,6418.287263687048,7608.923532016021,0.2455040018748625,0.7329684467461746,10667.548824979009
FAT_024,FAT_024,Autologous,1121115,424498.5106389775,142390.70002426847,-1.57590456954535,-1.4944221831296611,150664.26856540446
FAT_024,FAT_024,Autologous,1121333,6326.817853850848,4482.46055137562,-0.4971891754533266,0.4037757713078344,8370.163668600346
FAT_024,FAT_024,Autologous,1121864,1200.1227386942298,398.035193564108,-1.5922140583240922,1.4898758930010274,3370.72248432451
FAT_024,FAT_024,Autologous,1123075,1988.082112584381,3478.8519364104604,0.8072339327351673,-0.07348150426813695,1889.357669673808
FAT_024,FAT_024,Autologous,1123263,5754.858532104012,10776.772434923028,0.905072797008076,-0.13730915449966055,5232.3944693369895
FAT_024,FAT_024,Autologous,1123313,997.347179539282,2087.5546084478447,1.0656462339843389,-0.5872174130568538,663.8597048806796
FAT_024,FAT_024,Autologous,1150460,11471.14562632529,2628.0060639293856,-2.1259689711927856,-0.22564544161913017,9810.26517915971
FAT_024,FAT_024,Autologous,1160721,27519.06786770764,15803.944757307632,-0.8001468950681255,-0.9562335664962641,14183.347154719837
FAT_024,FAT_024,Autologous,1203606,35824.04946440159,76335.11638774416,1.0914184663877593,-0.11935784496197535,32979.524094528584
FAT_024,FAT_024,Autologous,1203611,4250.57245467736,221176.1064567972,5.701394577860087,-0.8905386812243732,2292.812644647857
FAT_024,FAT_024,Autologous,1211844,3632.327407471241,1272.0084931941678,-1.5137859453202411,0.02275217674460717,3690.0655018258467
FAT_024,FAT_024,Autologous,1215915,2928.1231558407426,1319.4805804999787,-1.150006116241903,-0.0003666170028882387,2927.3791570620797
FAT_024,FAT_024,Autologous,1256908,244326.91612439445,377580.20148383867,0.6279703126211529,-0.7141393352861001,148934.03382944208
FAT_024,FAT_024,Autologous,1282887,1211.1431495178683,1346.8683231764082,0.1532394197465127,0.4737341822648073,1681.9135751739302
FAT_024,FAT_024,Autologous,1322347,11322.370080206168,17252.45203663879,0.60762543704469,-2.0018681062170294,2826.929635472527
FAT_024,FAT_024,Autologous,1384484,9623.022731201116,3514.760310141779,-1.4530638289052769,-0.1883028911529162,8445.52580368836
FAT_024,FAT_024,Autologous,1408437,6714.736314842922,9296.008480884077,0.4692806382586341,-0.1141251325565271,6204.029791352756
FAT_024,FAT_024,Autologous,1410647,7152.24662454137,1708.9951430091976,-2.065248187687208,-0.41505199439805224,5364.131073363928
FAT_024,FAT_024,Autologous,1437612,68242.79198429889,15682.830073027422,-2.121490745098168,-1.297280341733071,27767.48148488184
