recipient,donor_subject,fmt_type,taxon,pre_abundance,post_abundance,log_fold_change,xfer_pred_fc,xfer_pred_abundance
FAT_006,FAT_DON_11,Allogenic,818,5458.7634260088935,4461.007607810479,-0.2912045658776552,0.7210346439411053,8998.027763088563
FAT_006,FAT_DON_11,Allogenic,904,2403.3871844952587,3432.646817897541,0.514252342615443,-0.005258261403835225,2394.6433854538373
FAT_006,FAT_DON_11,Allogenic,205913,30412.597811965392,15425.411848694064,-0.9793600461882854,0.6500066028597974,47722.69965253524
FAT_006,FAT_DON_11,Allogenic,206672,28173.105124372,15264.17060985754,-0.884169378661753,-0.28889221013097377,23060.54118054967
FAT_006,FAT_DON_11,Allogenic,207244,683.0931221238392,562.5527666074258,-0.2800938408586613,0.06534727215668909,714.7454537146363
FAT_006,FAT_DON_11,Allogenic,213810,8977.111713515393,9523.98250727731,0.0853136223733521,0.5227005925003143,12896.895675282323
FAT_006,FAT_DON_11,Allogenic,226186,21942.72162170833,19839.838654173996,-0.1453421854651754,0.5284236944738527,31649.13726189579
FAT_006,FAT_DON_11,Allogenic,246198,1246.555224611279,1039.1102058353724,-0.2625981266510193,0.4613283599969912,1716.2683651468346
FAT_006,FAT_DON_11,Allogenic,246201,8.37417137454794,93.16160466110236,3.4757171416960424,3.022531083311058,68.04784297971412
FAT_006,FAT_DON_11,Allogenic,264199,306.2554102691818,125.40985242840702,-1.288084637442479,3.1901570178722443,2795.2246844918286
FAT_006,FAT_DON_11,Allogenic,264731,3843.744660917505,3601.054334015688,-0.0940931337925666,0.5940260092984727,5801.9526057874255
FAT_006,FAT_DON_11,Allogenic,272559,2716.8204559426244,763.2085304928771,-1.831770024868495,1.4068162936915922,7203.68711370686
FAT_006,FAT_DON_11,Allogenic,272621,13.159412160003908,7.166277281623259,-0.8767992730247427,4.554001459227555,309.12030198321173
FAT_006,FAT_DON_11,Allogenic,295405,4026.7801209611953,1469.086842732768,-1.4547070162119484,1.1717226202892548,9071.551517201626
FAT_006,FAT_DON_11,Allogenic,314315,37.08561608728374,28.66510912649304,-0.3715639647743207,3.501499639145521,420.0122134506199
FAT_006,FAT_DON_11,Allogenic,321967,9.570481570911932,28.66510912649304,1.5826323456125544,4.197227227728218,175.55980325659564
FAT_006,FAT_DON_11,Allogenic,326426,1802.839465920535,967.44743301914,-0.8980157589344385,0.15772357337527568,2011.1135089806753
FAT_006,FAT_DON_11,Allogenic,347253,261.9919330037141,978.1968489415748,1.9006024269312336,1.5793536227718386,782.926031891036
FAT_006,FAT_DON_11,Allogenic,349741,45.45978746183168,42.997663689739554,-0.0803326671098747,3.258272129376095,434.97575030473075
FAT_006,FAT_DON_11,Allogenic,367928,583221.558000784,556536.676829503,-0.067567280875313,-1.9158720832618856,154560.53195663413
FAT_006,FAT_DON_11,Allogenic,391904,8075.093825456943,4048.946664117141,-0.9959323839104512,1.3391559878358246,20430.25081578094
FAT_006,FAT_DON_11,Allogenic,398513,1424.805443869514,1336.5107130227375,-0.0922935319963217,0.16492487590351235,1597.3603514540434
FAT_006,FAT_DON_11,Allogenic,409438,2176.0882471861005,171.9906547589582,-3.661334981317776,2.245705015120476,10320.507988609956
FAT_006,FAT_DON_11,Allogenic,411459,77012.46889093195,55603.14542811486,-0.4699255503350603,-0.30806264938218325,62204.950433257574
FAT_006,FAT_DON_11,Allogenic,411460,5004.165551390576,4776.323808201902,-0.0672288719425075,1.5175316858588355,14326.965850499653
FAT_006,FAT_DON_11,Allogenic,411461,115910.49492570711,88854.67201484679,-0.3834916578614846,-0.7048803346176888,71110.32051749174
FAT_006,FAT_DON_11,Allogenic,411462,344567.2443077386,180941.3350837057,-0.9292635391560052,-1.1088466000311974,159763.62367585616
FAT_006,FAT_DON_11,Allogenic,411463,19100.28859514749,16364.194172586713,-0.2230518757524676,-0.217239958806304,16430.25052049209
FAT_006,FAT_DON_11,Allogenic,411464,34250.36092190108,73142.60907488779,1.0945928991485276,-0.3558601440314021,26763.356228864446
FAT_006,FAT_DON_11,Allogenic,411466,218.92476593461043,372.64641864440944,0.7673722254696043,2.1053500841454795,942.0379978346474
FAT_006,FAT_DON_11,Allogenic,411467,30181.70994406714,32366.491342451445,0.1008264360576864,-0.6688831553238372,18984.097151835274
FAT_006,FAT_DON_11,Allogenic,411468,9631.493390926496,10043.537610194997,0.060436101110996,0.5597540341920542,14196.99356382128
FAT_006,FAT_DON_11,Allogenic,411469,61169.73296048361,37608.62317395886,-0.7017544866687373,0.7185339226942128,100655.34649693532
FAT_006,FAT_DON_11,Allogenic,411470,11618.564627087086,12680.727649832355,0.1262056857821026,0.4230733261523436,15577.947633401216
FAT_006,FAT_DON_11,Allogenic,411471,54914.2269436963,67620.99242939707,0.3002912249513245,-0.2560736203268588,45983.1833302277
FAT_006,FAT_DON_11,Allogenic,411473,10843.355619843218,15672.648414910069,0.5314377048401324,1.107840382791362,23369.901762673544
FAT_006,FAT_DON_11,Allogenic,411474,118048.30124660958,196907.80086716227,0.7381429865414669,-0.7744625159938815,69011.79029908756
FAT_006,FAT_DON_11,Allogenic,411475,18819.15569900195,18123.51524522522,-0.0543390962621422,0.5308742059967165,27189.999231149046
FAT_006,FAT_DON_11,Allogenic,411476,5772.196697456259,6320.656562391714,0.1309539641272699,1.4107731082949522,15347.093700333147
FAT_006,FAT_DON_11,Allogenic,411477,69844.17819431891,55667.64192364948,-0.3273008938889182,0.27948685142789675,84774.28535270145
FAT_006,FAT_DON_11,Allogenic,411479,21244.07646703176,16217.285488313431,-0.3895282715517359,1.3411030296052024,53820.79334122741
FAT_006,FAT_DON_11,Allogenic,411483,201687.13231520168,448254.22710417566,1.1521981453710128,-0.24895919622339202,169720.38382180774
FAT_006,FAT_DON_11,Allogenic,411484,9730.787137224706,11537.706423413449,0.2457280431524009,1.1744861690005923,21963.600656954954
FAT_006,FAT_DON_11,Allogenic,411485,228772.7914710788,463919.7092418041,1.019959660250093,-0.5051930246716583,161185.55443145026
FAT_006,FAT_DON_11,Allogenic,411486,53721.5056779214,41331.50422176215,-0.3782578702089984,-0.2486954357107348,45215.089039498314
FAT_006,FAT_DON_11,Allogenic,411487,27674.24377248821,24046.443418486844,-0.2027203659762469,1.5807742005362329,82782.05684451373
FAT_006,FAT_DON_11,Allogenic,411489,244745.92521293083,15966.46578345662,-3.938167931429309,-1.3076850103745363,98869.66370305391
FAT_006,FAT_DON_11,Allogenic,411490,9078.798080206332,5700.773577531302,-0.6713436134384839,0.6792632079841211,14538.076764332398
FAT_006,FAT_DON_11,Allogenic,411901,1283.640840698563,3171.077697118292,1.3047316298263922,-0.2194362811883773,1102.5203733957997
FAT_006,FAT_DON_11,Allogenic,411902,7424.30107863493,8836.019888241477,0.2511414484866745,-0.29182134007692695,6064.68989196645
FAT_006,FAT_DON_11,Allogenic,411903,397121.1512340088,296949.0317186229,-0.4193638745436262,-1.6806307009628674,123880.44769441505
FAT_006,FAT_DON_11,Allogenic,420247,18343.02424084908,30926.069608845173,0.753591975351632,0.32813229636521646,23027.596118335503
FAT_006,FAT_DON_11,Allogenic,428125,14251.64336928423,12365.411449440931,-0.2048180421975541,-0.20904913728754151,12329.199647947567
FAT_006,FAT_DON_11,Allogenic,428126,157.91294592004687,283.06795262411873,0.8420189744312041,1.4254498930896753,424.15140570567854
FAT_006,FAT_DON_11,Allogenic,428127,10982.127602621442,8965.012879310696,-0.2927800185227961,0.3811162449190838,14302.564239987802
FAT_006,FAT_DON_11,Allogenic,428128,31631.6379020603,33190.61322983812,0.0694070236374154,-0.14675369607017516,28572.248326010293
FAT_006,FAT_DON_11,Allogenic,435590,30752.34990773276,19230.70508523601,-0.6772849972349171,1.7893660179394584,106299.48296581331
FAT_006,FAT_DON_11,Allogenic,435591,24752.85427296735,18392.250643286094,-0.4284968613373684,0.738180178716471,41289.50354235689
FAT_006,FAT_DON_11,Allogenic,435830,1181.9544740076235,877.8689669988491,-0.4290969469695528,0.17011937562296894,1329.8779455320016
FAT_006,FAT_DON_11,Allogenic,442563,70.58230158547549,103.91102058353724,0.5579702913782856,2.2169852248612893,328.15185876173626
FAT_006,FAT_DON_11,Allogenic,445970,3373.594753746456,3941.452504892792,0.2244407067384207,4.849061318214484,97231.23907002204
FAT_006,FAT_DON_11,Allogenic,445972,14053.055876687808,16643.678986570016,0.2440904852439715,0.7335418441577581,23366.24205095381
FAT_006,FAT_DON_11,Allogenic,445973,4197.852479041246,1959.976836523961,-1.0988148639970556,1.1274097579068656,9170.886678886443
FAT_006,FAT_DON_11,Allogenic,445975,5087.907265136056,3292.9044109058877,-0.6277117427241746,-0.07198213491895769,4840.279107042268
FAT_006,FAT_DON_11,Allogenic,449673,5982.747292016321,5231.382415584979,-0.1936158903276387,1.02280517134208,12156.14005699385
FAT_006,FAT_DON_11,Allogenic,450749,65.79706080001952,50.163940971362805,-0.3913724458545009,0.4604290428092191,90.53352838720964
FAT_006,FAT_DON_11,Allogenic,451640,135679.5209206221,101442.23806001803,-0.4195445006525169,-0.49646020149810666,96175.59662536367
FAT_006,FAT_DON_11,Allogenic,457387,5670.51033076532,4937.565047038425,-0.1996788254687757,0.45089443770879034,7750.9493089670605
FAT_006,FAT_DON_11,Allogenic,457388,17015.119922885053,12544.568381481517,-0.4397544864064929,0.7206586007998088,28039.79730295922
FAT_006,FAT_DON_11,Allogenic,457390,1414.038652102238,1899.063479630164,0.4254665748855834,-0.3042894337446596,1145.146457512965
FAT_006,FAT_DON_11,Allogenic,457391,16802.17670793226,13762.835519357468,-0.287870409870141,1.3945132638055853,44172.895677658256
FAT_006,FAT_DON_11,Allogenic,457392,2204.799691898836,354.7307254403513,-2.635851389938549,1.614686630104853,6752.090409530544
FAT_006,FAT_DON_11,Allogenic,457393,53282.45983585581,38146.093970080605,-0.4821253497757143,0.48701159557780094,74677.43022760082
FAT_006,FAT_DON_11,Allogenic,457394,13462.078639683996,7911.570118912077,-0.7668652459919023,2.874510450388762,98724.73839692914
FAT_006,FAT_DON_11,Allogenic,457395,14123.638178273282,13397.35537799468,-0.0761635249768431,1.5062445140075087,40120.964305873385
FAT_006,FAT_DON_11,Allogenic,457412,183097.6681739016,103670.95029460288,-0.820601725672013,-0.48251623177338543,131048.16805723596
FAT_006,FAT_DON_11,Allogenic,457416,62.20813021092756,75.24591145704422,0.2745100502502227,0.9233604921777077,117.97944610977923
FAT_006,FAT_DON_11,Allogenic,457421,5933.698573965397,5338.876574809327,-0.152395444312159,0.39040730795014794,7777.674988961738
FAT_006,FAT_DON_11,Allogenic,457424,2807.740030866288,2300.375007401066,-0.2875402937883127,1.3991546787323947,7405.330072554924
FAT_006,FAT_DON_11,Allogenic,469585,2811.32896145538,2063.8878571074983,-0.4458876943974951,1.0731441685818432,5915.07493714229
FAT_006,FAT_DON_11,Allogenic,469588,3884.41920759388,3260.6561631385825,-0.252536588587475,0.7750827925137681,6647.360967166927
FAT_006,FAT_DON_11,Allogenic,469589,7819.083443435048,5148.970226846311,-0.6027155760757925,1.000858568957937,15647.476158890218
FAT_006,FAT_DON_11,Allogenic,469590,7119.241978562113,5962.342698310551,-0.2558443387104658,0.668363355214569,11314.390729024472
FAT_006,FAT_DON_11,Allogenic,469591,17222.08158685602,12587.566045171254,-0.4522601800898017,0.73711650139637,28706.471877788714
FAT_006,FAT_DON_11,Allogenic,469592,20022.643756544127,14751.781784221475,-0.4407432578354083,0.9724287015513213,39287.24980197109
FAT_006,FAT_DON_11,Allogenic,469593,14939.521732193523,8495.621717364373,-0.8143425288833465,2.8788849523233764,109892.33947554234
FAT_006,FAT_DON_11,Allogenic,469596,6084.43365870726,2974.005071873652,-1.0327158748432648,0.3563340199304557,7789.10195651908
FAT_006,FAT_DON_11,Allogenic,469610,443.8310828510408,870.7026897172259,0.972169472597532,0.2662961081048942,533.802778741789
FAT_006,FAT_DON_11,Allogenic,470145,2551.729648844394,2501.0307712865174,-0.0289526785183648,1.0267206537794955,5198.86300756204
FAT_006,FAT_DON_11,Allogenic,470146,155358.82365080976,116115.19079414169,-0.4200474566513067,-0.3536338351399408,121585.42923385075
FAT_006,FAT_DON_11,Allogenic,471870,2100.720704815169,1938.478004679092,-0.1159600000959882,0.3260084931635109,2633.338272658534
FAT_006,FAT_DON_11,Allogenic,471872,52.63764864001563,53.74707961217444,0.0300913225837758,2.087295353336479,223.68403688831762
FAT_006,FAT_DON_11,Allogenic,471875,20419.81874173697,17596.793865025913,-0.2146574662261147,0.8745090562330374,37437.37072917246
FAT_006,FAT_DON_11,Allogenic,473819,2768.2617943862765,2404.286027984603,-0.2033718472947521,-0.7636118278162616,1630.5611619188537
FAT_006,FAT_DON_11,Allogenic,476272,5808.086003347178,6510.562910354731,0.1647194695401158,1.0105128927886433,11701.128003448002
FAT_006,FAT_DON_11,Allogenic,478749,5273.335345572475,4622.248846647002,-0.1901208126479865,0.9160474243768136,9950.45963648344
FAT_006,FAT_DON_11,Allogenic,479436,66.99337099638352,64.49649553460932,-0.0547975750027372,0.10585205078491512,72.09356034521015
FAT_006,FAT_DON_11,Allogenic,479437,3451.354916510116,2465.199384878401,-0.4854585032181926,0.7567624818320372,5831.735637335182
FAT_006,FAT_DON_11,Allogenic,483215,8664.87475226439,10935.739131757093,0.3357999324837579,1.6206377880009237,26645.43874909777
FAT_006,FAT_DON_11,Allogenic,483216,3922.701133877528,2483.115078082459,-0.6596962986432924,0.5308382117295782,5667.394515574277
FAT_006,FAT_DON_11,Allogenic,483217,5534.1309683798245,3823.208929746008,-0.533572744199211,1.1719122771022428,12468.95852742952
FAT_006,FAT_DON_11,Allogenic,483218,43190.38701932919,37562.04237162831,-0.201434735075379,-0.555941948032507,29378.65393348852
FAT_006,FAT_DON_11,Allogenic,484018,119339.11994848632,139699.4093279638,0.2272588777394647,-0.3539915181067338,93372.88242603671
FAT_006,FAT_DON_11,Allogenic,484020,22500.20217321395,16761.9225617168,-0.4247503316880393,0.5860719737488815,33776.268174042234
FAT_006,FAT_DON_11,Allogenic,500632,29093.06766537591,29861.87743252412,0.0376294445459304,-0.44950182671178185,21304.72752029978
FAT_006,FAT_DON_11,Allogenic,500635,1202.2917473458117,1698.4077157447125,0.4983958084445227,0.4416928355656944,1632.9491403162885
FAT_006,FAT_DON_11,Allogenic,511680,295089.0508963203,26318.15331676141,-3.487020224219991,-1.3922861081365374,112417.31659704864
FAT_006,FAT_DON_11,Allogenic,515619,126970.38269109224,265284.8355497706,1.0630501983409626,-0.058734990366259426,121904.97638200005
FAT_006,FAT_DON_11,Allogenic,515620,14581.824983480692,33960.988037612624,1.2197071412929112,-0.5926241265738103,9669.727669079892
FAT_006,FAT_DON_11,Allogenic,518635,299290.49230595067,153433.57973819476,-0.9639321901078638,-0.9970621241502978,149950.29128205698
FAT_006,FAT_DON_11,Allogenic,518636,11714.269442796203,12161.17254691467,0.0540153524625663,0.7326662262586633,19465.68629230212
FAT_006,FAT_DON_11,Allogenic,518637,36574.79163343631,46340.7320416168,0.3414311891906901,1.8098457691746939,128232.97697143623
FAT_006,FAT_DON_11,Allogenic,521003,3524.3298384883187,2561.944128180315,-0.4601099377575426,0.19483499569498336,4033.92412059767
FAT_006,FAT_DON_11,Allogenic,525259,2863.966610095396,2407.869166625415,-0.2502576685521874,0.6071985537675334,4362.675675303226
FAT_006,FAT_DON_11,Allogenic,525306,5.981550981819956,7.166277281623259,0.2607042507251925,4.550356116241902,140.1546433513197
FAT_006,FAT_DON_11,Allogenic,525337,13.159412160003908,7.166277281623259,-0.8767992730247427,4.104904534783377,226.4309995944655
FAT_006,FAT_DON_11,Allogenic,525362,35703.877810483325,7058.78312239891,-2.338589373380872,-0.16511214849398725,31842.83146121198
FAT_006,FAT_DON_11,Allogenic,536231,64804.12333703742,85518.76994025115,0.4001554908033372,-1.4464486409539656,23778.158179863352
FAT_006,FAT_DON_11,Allogenic,537006,1144.8688579203397,920.8666306885888,-0.3141182196795929,0.16587825516766055,1284.3697624096185
FAT_006,FAT_DON_11,Allogenic,537007,9739.161308599254,10993.06935001008,0.1747248095846656,0.8457409939303479,17503.099708194823
FAT_006,FAT_DON_11,Allogenic,537011,944195.0003414584,1141172.3268802508,0.2733599187111563,-2.1614302812625112,211060.20141351808
FAT_006,FAT_DON_11,Allogenic,537012,258.40300241462216,340.3981708771048,0.3976004517800338,4.199026493617026,4746.030038687198
FAT_006,FAT_DON_11,Allogenic,537013,5678.884502139868,6288.408314624409,0.1470873263750451,0.6465296437627308,8889.715286079178
FAT_006,FAT_DON_11,Allogenic,537937,32160.40700885318,17052.156791622543,-0.915331438980056,0.04866353258686651,33263.71257605298
FAT_006,FAT_DON_11,Allogenic,537973,20.337273338187853,21.498831844869777,0.0801320050833716,4.3074072037708495,402.6720610088161
FAT_006,FAT_DON_11,Allogenic,543734,19.140963141823864,14.332554563246518,-0.4173676543874455,3.2954533885791837,187.92913130311186
FAT_006,FAT_DON_11,Allogenic,545696,17534.31854810702,18922.555162126213,0.1099255497835182,0.30569732657402915,21672.696889324237
FAT_006,FAT_DON_11,Allogenic,545697,2139.0026310988164,616.2998462196002,-1.7952339208686652,1.431123294528088,5767.961566864801
FAT_006,FAT_DON_11,Allogenic,546273,61.01182001456356,118.24357514678375,0.9546011229995126,3.4053698718049668,646.4463060902517
FAT_006,FAT_DON_11,Allogenic,547042,16353.560384295764,15393.16360092676,-0.0873149988954554,0.21545807007514475,18987.669369708303
FAT_006,FAT_DON_11,Allogenic,547043,10812.251554737755,10369.603226508854,-0.0603062895267245,0.2547967702921674,12900.828799683579
FAT_006,FAT_DON_11,Allogenic,548480,32524.085308547837,16797.75394812492,-0.9532401427968056,0.3874402993745996,42543.79655208955
FAT_006,FAT_DON_11,Allogenic,552396,8919.68882408992,7134.029033855954,-0.3222762933212231,1.9878177016179464,35378.747832101544
FAT_006,FAT_DON_11,Allogenic,552398,57038.87385243875,61726.72936526194,0.1139498529618908,-0.45005314266037805,41753.36161808906
FAT_006,FAT_DON_11,Allogenic,552531,82.5454035491154,96.744743301914,0.228995390997854,1.8765964998972244,303.1131175105141
FAT_006,FAT_DON_11,Allogenic,553174,5407.322087565241,4801.405778687584,-0.1714574263448605,0.19670461521061874,6197.21022259301
FAT_006,FAT_DON_11,Allogenic,555970,76.56385256729546,57.33021825298607,-0.4173676543874455,2.0612815446468375,319.54450432537993
FAT_006,FAT_DON_11,Allogenic,556258,4087.791940975759,3525.808422558643,-0.2133676814774736,0.6806309293458989,6552.078753343299
FAT_006,FAT_DON_11,Allogenic,556259,747.6938727274946,1168.1031969045912,0.6436481202941827,0.041186668033204483,769.3469637395207
FAT_006,FAT_DON_11,Allogenic,556270,552.695310720164,705.8783122398909,0.3529351236528733,-0.3660198126733152,428.8474551559573
FAT_006,FAT_DON_11,Allogenic,563192,3440.588124742839,6413.8181670528165,0.8985282573248756,0.5032548853559506,4876.716417653503
FAT_006,FAT_DON_11,Allogenic,563193,25617.786544938517,19746.67704951289,-0.3755359293251185,0.31513033864045176,31871.704276377182
FAT_006,FAT_DON_11,Allogenic,565040,28942.332580634047,14801.94572519284,-0.9673943677315688,-0.41687780068028585,21679.077964417058
FAT_006,FAT_DON_11,Allogenic,565042,33857.97117749369,17091.57131667147,-0.9862104897453248,0.3410792362574919,42888.02150288099
FAT_006,FAT_DON_11,Allogenic,566550,9178.091826504542,8527.869965131678,-0.1060088012102703,0.7297114118139391,15220.097047249279
FAT_006,FAT_DON_11,Allogenic,566552,17783.151068950734,15346.582798596208,-0.2125935352914099,-0.12188653571309112,16342.451867747299
FAT_006,FAT_DON_11,Allogenic,568703,17.94465294545987,68.07963417542096,1.9236692634476216,3.2686911995607635,172.94545808549663
FAT_006,FAT_DON_11,Allogenic,568816,4400.028902226761,7051.616845117286,0.6804410865398567,-0.4528770655911187,3214.592655556778
FAT_006,FAT_DON_11,Allogenic,573236,112.4531584582152,93.16160466110236,-0.2715167879239908,2.406961588301215,596.402279108134
FAT_006,FAT_DON_11,Allogenic,580050,105.27529728003124,96.744743301914,-0.1219117708612742,2.305339854249182,520.3588231335892
FAT_006,FAT_DON_11,Allogenic,585394,215417.1844388712,84110.59645441218,-1.356773871122095,-0.9406116173775948,112234.92847777787
FAT_006,FAT_DON_11,Allogenic,585543,49030.77339797818,34330.05131761622,-0.5142155045974651,0.6176146387592848,75229.69061499099
FAT_006,FAT_DON_11,Allogenic,585544,2141.395251491545,2114.0517980788613,-0.0185403822898608,-0.5339950087477439,1478.932388743688
FAT_006,FAT_DON_11,Allogenic,591001,992.9374629821128,1684.0751611814658,0.7621817659432673,0.5742724263542971,1478.41078720334
FAT_006,FAT_DON_11,Allogenic,592028,138.77198277822302,236.48715029356757,0.7690454698434358,2.345140266854213,705.1140328828684
FAT_006,FAT_DON_11,Allogenic,622312,93668.6957549078,106809.77974395386,0.1894048671873575,-0.2871368081195696,76764.01489649485
FAT_006,FAT_DON_11,Allogenic,626522,1128.1205151712438,1017.6113739905028,-0.1487344955578599,-0.40813389295207814,850.1488134870145
FAT_006,FAT_DON_11,Allogenic,626939,339388.4174676789,545905.5044822149,0.6857139142452943,-1.2368728894096315,143999.56370106942
FAT_006,FAT_DON_11,Allogenic,633147,5975.569430838137,2923.841130902289,-1.0312112750957303,0.10847731290549976,6442.20027326581
FAT_006,FAT_DON_11,Allogenic,641112,1646.1228301968524,1945.6442819607144,0.241175978714818,1.153858559208194,3662.75841920829
FAT_006,FAT_DON_11,Allogenic,645463,2625.900881018961,3493.5601747913383,0.411885529826807,1.9319175295847844,10019.440127950396
FAT_006,FAT_DON_11,Allogenic,649757,17563.029992819756,15396.74673956757,-0.1899162132258944,0.16178063146873511,19647.18188949615
FAT_006,FAT_DON_11,Allogenic,649764,1006.0968751421168,788.2905009785584,-0.3519699311179304,0.7812680885568248,1729.1191850160092
FAT_006,FAT_DON_11,Allogenic,657308,8712.72716011895,6324.239701032526,-0.4622323160391103,1.3923197356067234,22870.945460385807
FAT_006,FAT_DON_11,Allogenic,657309,1576.7368388077407,1576.5810019571168,-0.0001425958708377,-0.6451884237511015,1008.1801587883305
FAT_006,FAT_DON_11,Allogenic,657313,59535.5732322504,82448.02012507558,0.4697328957877925,0.31968379632391203,74303.78744372765
FAT_006,FAT_DON_11,Allogenic,657314,51942.59241592814,55871.88082617573,0.1052043671945365,-0.4193719669630284,38840.07677908747
FAT_006,FAT_DON_11,Allogenic,657317,110170.5986035527,254298.9324770421,1.2067861447042705,-0.3716696127319635,85149.48139694092
FAT_006,FAT_DON_11,Allogenic,657319,37401.44197912383,46036.16525714781,0.2996737711614838,0.008071034111334115,37611.26752819236
FAT_006,FAT_DON_11,Allogenic,657321,184350.2049494947,47086.02487890562,-1.9690781834010425,0.6437551211530546,288027.016670236
FAT_006,FAT_DON_11,Allogenic,657322,201525.6304386925,424429.9382814191,1.0745630888235596,0.02821354508737704,205505.4821553727
FAT_006,FAT_DON_11,Allogenic,657323,693172.0355282058,279370.1535468011,-1.311035554424458,-1.475365606450077,249293.94581342503
FAT_006,FAT_DON_11,Allogenic,658089,7704.237664584105,8391.710696780836,0.1233127331117901,2.2707634655708024,37178.99002311931
FAT_006,FAT_DON_11,Allogenic,658659,9162.539793951812,8703.443758531448,-0.0741612028798554,0.9029791096221252,17133.246818476102
FAT_006,FAT_DON_11,Allogenic,665943,1975.1081341969495,1637.4943588509143,-0.2704417042426338,0.18840326661500875,2250.6393725098583
FAT_006,FAT_DON_11,Allogenic,665951,8984.289574693576,9180.001197759391,0.0310899135525669,1.13031768185308,19667.233237281365
FAT_006,FAT_DON_11,Allogenic,665953,5642.995196248948,5715.106132094549,0.0183191687351893,0.8699793512562983,10313.345355617763
FAT_006,FAT_DON_11,Allogenic,679189,1933.2372773242105,1852.4826772996123,-0.0615586668243056,0.15000143196908797,2145.0631942968157
FAT_006,FAT_DON_11,Allogenic,679192,630.4554734838234,612.7167075787886,-0.0411742911387621,0.6723223549804209,1004.7166864610128
FAT_006,FAT_DON_11,Allogenic,679935,7804.72772107868,8527.869965131678,0.1278371370959762,0.9717521451652986,15306.796229704938
FAT_006,FAT_DON_11,Allogenic,702443,43161.67557461645,42951.082887409,-0.0070563674093582,-0.10410401082592097,40156.87105790842
FAT_006,FAT_DON_11,Allogenic,702444,3506.385185542859,3224.8247767304665,-0.1207637158599498,0.3332767194927097,4417.595146854052
FAT_006,FAT_DON_11,Allogenic,702447,3982.516643695728,3500.726452072962,-0.1860260575593235,0.4207437059469279,5331.06619904248
FAT_006,FAT_DON_11,Allogenic,702459,1518.117639185905,1042.6933444761842,-0.5419686653202674,0.23851099046319543,1791.0363032828
FAT_006,FAT_DON_11,Allogenic,706433,976.189120233017,627.0492621420351,-0.6385818845266122,0.515393912997114,1395.349465860911
FAT_006,FAT_DON_11,Allogenic,709991,9765.48013291926,42298.95165478128,2.114859024757725,1.3940904714957725,25665.90895819189
FAT_006,FAT_DON_11,Allogenic,717959,39588.29701807721,31599.699673317755,-0.3251631608968016,1.6836072290373307,127169.53896905172
FAT_006,FAT_DON_11,Allogenic,717960,25603.430822582148,17618.29269687078,-0.5392630157547988,3.1813079208867197,232256.17727602512
FAT_006,FAT_DON_11,Allogenic,717962,87202.63914356043,59447.85318970574,-0.5527470865008711,0.48277022858673246,121859.09505242556
FAT_006,FAT_DON_11,Allogenic,718252,316615.456569694,598387.7361541829,0.9183489209145534,-0.9230995977730163,166974.99708949728
FAT_006,FAT_DON_11,Allogenic,742725,2335.1975033025114,1028.3607899129377,-1.183198065274644,1.2939157664214749,5725.732774391185
FAT_006,FAT_DON_11,Allogenic,742726,4407.2067634049445,4052.529802757952,-0.1210417864889607,-0.22427053853967288,3772.691265581635
FAT_006,FAT_DON_11,Allogenic,742727,2298.111887215228,1705.5739930263355,-0.4301916947450291,-0.3314754038686425,1826.3631241597361
FAT_006,FAT_DON_11,Allogenic,742729,110.0605380654872,75.24591145704422,-0.5486121876656981,2.575036350285578,655.8353368244766
FAT_006,FAT_DON_11,Allogenic,742733,5885.846166110838,6865.293635795082,0.2220715911221327,0.4397874050197247,7983.5878345526535
FAT_006,FAT_DON_11,Allogenic,742740,13463.27494988036,17338.807882887475,0.3649753214317962,0.7471164713980432,22597.228818713138
FAT_006,FAT_DON_11,Allogenic,742741,6237.561363841851,9122.670979506407,0.5484741819783561,0.8211454071870111,11020.574366528075
FAT_006,FAT_DON_11,Allogenic,742742,3463.3180184737557,2576.2766827435617,-0.4268673268247464,0.25609193541949277,4136.030442012574
FAT_006,FAT_DON_11,Allogenic,742743,1199.8991269530834,1698.4077157447125,0.5012697038986329,0.3070817556874455,1484.5183044768746
FAT_006,FAT_DON_11,Allogenic,742817,218.92476593461043,168.4075161181466,-0.3784786409938503,1.3690328019515554,565.4768531226241
FAT_006,FAT_DON_11,Allogenic,742818,1774.1280212077993,1565.831586034682,-0.1801810673414775,-0.18939797458051671,1555.8598865229615
FAT_006,FAT_DON_11,Allogenic,742820,34.692995694555755,64.49649553460932,0.8945763519272946,3.36975768979847,358.62449109260876
FAT_006,FAT_DON_11,Allogenic,742821,3579.3601075210627,18087.683858817105,2.3372340807074665,0.2971383926845976,4397.977088738124
FAT_006,FAT_DON_11,Allogenic,748224,237613.5238222087,409090.52176010446,0.7838031619774257,-0.9286131883008979,124833.38036075806
FAT_006,FAT_DON_11,Allogenic,752555,2704.857353978985,2744.684198861708,0.0210876507859823,1.108722320201981,5833.148622093979
FAT_006,FAT_DON_11,Allogenic,759350,14139.190210826016,7739.579464153119,-0.8693724118201184,-0.22251230906277486,12118.298824463436
FAT_006,FAT_DON_11,Allogenic,762966,486.89824992014456,928.032907970212,0.9305556490328613,-0.1927634204627711,426.0010229008307
FAT_006,FAT_DON_11,Allogenic,762968,60110.99843670148,43674.87689285295,-0.4608253466578215,0.7140558773976561,98606.64425122271
FAT_006,FAT_DON_11,Allogenic,762982,14721.793276455275,11057.565845544688,-0.4129195850177184,1.1057334245505812,31682.514555918307
FAT_006,FAT_DON_11,Allogenic,762983,1236.9847430403672,18854.47552795079,3.930007408463509,0.43699345495742975,1674.6053753630108
FAT_006,FAT_DON_11,Allogenic,762984,698.6451546765711,634.2155394236584,-0.1395866631844655,0.16937388304462267,785.6756087524631
FAT_006,FAT_DON_11,Allogenic,763034,1877.0106980951025,1583.7472792387402,-0.2450947319641112,1.4676938773700323,5191.425541040636
FAT_006,FAT_DON_11,Allogenic,767031,2747.9245210480885,2615.6912077924894,-0.0711501419979898,0.20755120516779613,3173.1013066170726
FAT_006,FAT_DON_11,Allogenic,862962,3937.056856233896,1100.0235627291702,-1.8395831201416155,0.9692090443113298,7707.839823682552
FAT_006,FAT_DON_11,Allogenic,862965,98.0974361018473,716.6277281623259,2.868936530769196,2.1233075307210316,427.40235761696255
FAT_006,FAT_DON_11,Allogenic,866771,2336.3938134988757,2071.054134389122,-0.1739182057735581,0.1798021565012152,2646.4999492519464
FAT_006,FAT_DON_11,Allogenic,866776,21.533583534551845,46.58080233055118,1.1131470623113346,3.6133754759250407,263.54253147972065
FAT_006,FAT_DON_11,Allogenic,868129,15244.580832266343,15332.25024403296,0.0082729679780567,2.00726616739353,61286.21678945019
FAT_006,FAT_DON_11,Allogenic,873513,4494.537407739516,4224.520457516911,-0.0893850520494539,0.6213154401859524,6913.8441194327515
FAT_006,FAT_DON_11,Allogenic,883156,1283.640840698563,1433.2554563246515,0.1590541746307572,1.2099015009728291,2969.3416489170263
FAT_006,FAT_DON_11,Allogenic,888048,90.91957492366336,541.0539347625561,2.573109571494048,2.4925901414489813,511.6839516615835
FAT_006,FAT_DON_11,Allogenic,888832,1475.0504721168015,1146.6043650597214,-0.3633966439029222,0.21227828503802687,1708.8699470158597
FAT_006,FAT_DON_11,Allogenic,888833,40.674546676375705,214.98831844869773,2.4020600999707336,3.519232164994762,466.3555662719534
FAT_006,FAT_DON_11,Allogenic,889204,20.337273338187853,39.41452504892792,0.9546011229995126,3.120684478367459,176.89369785454787
FAT_006,FAT_DON_11,Allogenic,890402,30868.391996780072,16041.711694913663,-0.9443022421667374,0.21938697114100456,35938.17885091813
FAT_006,FAT_DON_11,Allogenic,904306,64.60075060365554,741.7096986480072,3.521231800948411,2.3216669656206865,322.9452943018493
FAT_006,FAT_DON_11,Allogenic,927666,20.337273338187853,139.74240699165355,2.780571723224464,4.574913733267399,484.7066598880103
FAT_006,FAT_DON_11,Allogenic,997884,1217.8437798985433,584.0515984522956,-1.0601613462320632,-0.19286006247519236,1065.4545258916846
FAT_006,FAT_DON_11,Allogenic,999410,11559.945427465247,11498.291898364518,-0.0077150262096089,-0.25785245576402904,9667.951436511306
FAT_006,FAT_DON_11,Allogenic,999412,3760.002947172025,4711.827312667292,0.3255528729934682,0.7291899096054951,6232.9869938177835
FAT_006,FAT_DON_11,Allogenic,999413,5945.661675929038,6420.984444334439,0.1109571312205099,0.6902763757410777,9593.87570179644
FAT_006,FAT_DON_11,Allogenic,1002367,293191.702924887,212437.12373643988,-0.46480837550809,-0.46125405519167517,212961.1433301767
FAT_006,FAT_DON_11,Allogenic,1035839,9.570481570911932,146.9086842732768,3.940184350230638,3.8592697348998173,138.89600127852827
FAT_006,FAT_DON_11,Allogenic,1042156,17469.717797503366,12347.495756236876,-0.5006378305513001,0.736676428703719,29110.361031741173
FAT_006,FAT_DON_11,Allogenic,1042403,100.49005649457528,75.24591145704422,-0.4173676543874455,2.219892918419295,468.14182730252287
FAT_006,FAT_DON_11,Allogenic,1064535,211106.87880137176,341670.1850945929,0.694630771585736,-0.7064522659707326,129371.63363603984
FAT_006,FAT_DON_11,Allogenic,1077285,12941.68370426566,14282.390622275154,0.1422121582981146,0.40714323203198033,17161.415520968683
FAT_006,FAT_DON_11,Allogenic,1121100,7029.518713834814,8696.277481249825,0.3069720582074084,0.9590028207901682,13665.1438073871
FAT_006,FAT_DON_11,Allogenic,1121101,2336.3938134988757,1902.646618270975,-0.2962758374700835,1.8215750370024133,8258.378298690155
FAT_006,FAT_DON_11,Allogenic,1121111,3478.870051026487,3353.817767799685,-0.0528144887236352,0.39502602052314223,4574.597494226913
FAT_006,FAT_DON_11,Allogenic,1121114,5471.922838168896,4797.822640046771,-0.1896680594748075,1.8312267068271317,19471.263418687107
FAT_006,FAT_DON_11,Allogenic,1121115,168233.51398407904,100750.6923023414,-0.7396753829158814,-0.22488067829792935,143951.66310791692
FAT_006,FAT_DON_11,Allogenic,1121130,9594.407774839212,6417.401305693628,-0.5802045537437669,0.7426482616374206,16053.789923212355
FAT_006,FAT_DON_11,Allogenic,1121315,440.2421522619488,265.15225942006055,-0.7314762448155087,0.6867496815543767,708.6370853146211
FAT_006,FAT_DON_11,Allogenic,1121333,1516.9213289895413,1060.6090376802422,-0.516253318897903,1.5172069465120344,4341.980397078459
FAT_006,FAT_DON_11,Allogenic,1121334,1971.519203607858,2243.04478914808,0.1861506653619542,0.6018770236167869,2992.154740509073
FAT_006,FAT_DON_11,Allogenic,1121344,2954.8861850190588,2594.1923759476194,-0.1878170937762801,-0.05444159190605365,2845.458168761029
FAT_006,FAT_DON_11,Allogenic,1122975,1234.5921226476391,1042.6933444761842,-0.2437195669024155,0.48514508810242823,1728.0914655757445
FAT_006,FAT_DON_11,Allogenic,1122978,7729.360178707749,6711.218674240181,-0.2037742298477785,0.8112860033176333,13563.287495668921
FAT_006,FAT_DON_11,Allogenic,1122981,3251.571113717329,2468.7825235192126,-0.3973372224505455,0.06809465910212847,3408.723633173707
FAT_006,FAT_DON_11,Allogenic,1122982,1436.7685458331537,1433.2554563246515,-0.0035319003183547,0.4876420997455788,2014.5669780369253
FAT_006,FAT_DON_11,Allogenic,1122992,2456.0248331352745,2185.714570895094,-0.1682201340457989,-0.1994169836555181,2138.958014768957
FAT_006,FAT_DON_11,Allogenic,1122993,1270.481428538559,1117.9392559332284,-0.1845334863293506,0.48277266307684463,1775.404734712645
FAT_006,FAT_DON_11,Allogenic,1123075,2481.147347258918,2081.8035503115566,-0.2531734797961423,1.0914477679101304,5287.021460070595
FAT_006,FAT_DON_11,Allogenic,1123263,2356.7310868370632,2024.4733320585703,-0.219240511428634,-0.09676106349174379,2203.85008134992
FAT_006,FAT_DON_11,Allogenic,1123313,1174.7766128294395,1709.157131667147,0.5408985873033727,0.28364081093652055,1430.0120076192882
FAT_006,FAT_DON_11,Allogenic,1125712,4693.124900335939,2361.288364294864,-0.9909746194564896,0.5370446775463271,6809.71081642821
FAT_006,FAT_DON_11,Allogenic,1150460,13865.23517585866,13992.156392369412,0.013146232748062,-0.3031737579662747,11237.322509676878
FAT_006,FAT_DON_11,Allogenic,1156431,23.926203927279825,60.9133568937977,1.3481670919755318,2.992277150774842,190.38773960935154
FAT_006,FAT_DON_11,Allogenic,1156433,32.30037530182777,100.3278819427256,1.63509976550669,2.5349388914849786,187.1975721990656
FAT_006,FAT_DON_11,Allogenic,1160721,27090.444396662584,18026.770501923307,-0.5876430990394169,0.9025041776098347,50640.38024374255
FAT_006,FAT_DON_11,Allogenic,1197728,2508.66248177529,2941.756824106348,0.2297596112937669,0.08302901036047082,2657.274729367595
FAT_006,FAT_DON_11,Allogenic,1203465,1178.3655434185316,766.7916691336886,-0.6198805823300372,0.5799961087749392,1761.4740961568093
FAT_006,FAT_DON_11,Allogenic,1203540,3222.859669004593,1605.2461110836098,-1.0055468677921444,0.29567230334091826,3955.9211619248204
FAT_006,FAT_DON_11,Allogenic,1203606,10534.70758918131,10226.27768087639,-0.0428691638485752,0.6224960872260269,16218.56702346472
FAT_006,FAT_DON_11,Allogenic,1203610,943.8887449311892,809.7893328234281,-0.2210701819857164,0.08352057595581672,1000.1450875388458
FAT_006,FAT_DON_11,Allogenic,1203611,5782.963489223535,6782.881447056414,0.2300892835506769,-0.02591813145745758,5679.99973424147
FAT_006,FAT_DON_11,Allogenic,1233170,504.84290286560434,322.4824776730466,-0.646613746764956,0.4158988528278714,673.525875578895
FAT_006,FAT_DON_11,Allogenic,1235789,991.7411527857488,720.2108668031375,-0.4615442547042672,-0.11411894698148299,916.3156599059337
FAT_006,FAT_DON_11,Allogenic,1235811,2081.579741673345,2063.8878571074983,-0.0123142436812235,0.10478240656615723,2238.3897064936746
FAT_006,FAT_DON_11,Allogenic,1256908,59510.45071812676,53274.1053115873,-0.1597085849683095,-0.3875218604619356,45492.262405118265
FAT_006,FAT_DON_11,Allogenic,1280705,1643.7302098041243,1429.67231768384,-0.2012890069832,-0.02294832018441027,1617.790960037837
FAT_006,FAT_DON_11,Allogenic,1282887,436.6532216728568,440.7260528198304,0.0133941971844147,0.5198170468549534,626.0617806880505
FAT_006,FAT_DON_11,Allogenic,1292036,812.2946233311502,444.309191460642,-0.8704391082453022,0.7481322206104548,1364.3437876389526
FAT_006,FAT_DON_11,Allogenic,1322347,31843.384806816724,17421.220071626143,-0.8701480312722072,0.26172848889607087,38177.4881412344
FAT_006,FAT_DON_11,Allogenic,1384484,2402.190874298895,3687.0496613951664,0.6181160585557509,0.37983650852049666,3125.7172916968557
FAT_006,FAT_DON_11,Allogenic,1401079,791.9573499929623,501.6394097136281,-0.6587720442496966,0.49905375786298406,1119.2624768360752
FAT_006,FAT_DON_11,Allogenic,1408437,11463.044301559768,10143.865492137722,-0.1763827186140874,0.3492534432086049,14602.786422054518
FAT_006,FAT_DON_11,Allogenic,1408472,2645.041844160785,2450.8668303151544,-0.1099984493177732,1.5945653084551237,7988.119161914914
FAT_006,FAT_DON_11,Allogenic,1410645,2106.702255796989,2655.105732841417,0.3337828840871799,0.3006655099451397,2594.8514322372316
FAT_006,FAT_DON_11,Allogenic,1410647,69019.92046902413,68656.51949659163,-0.0076160888309428,-0.012259983230675106,68435.87617255391
FAT_006,FAT_DON_11,Allogenic,1410657,3139.1179552591134,2217.9628186623986,-0.5011240597912643,0.21653696860092567,3647.4702450863533
FAT_006,FAT_DON_11,Allogenic,1410665,942.6924347348252,1150.187503700533,0.2870100132784814,0.7470115415215232,1582.132685989927
FAT_006,FAT_DON_11,Allogenic,1410676,2648.630774749877,74704.85752228166,4.817883406384252,1.4705326074392093,7339.996372839972
FAT_006,FAT_DON_11,Allogenic,1437612,691085.6705457469,685748.2393558113,-0.0111855526321643,-2.59002949227142,114777.1194939374
FAT_006,FAT_DON_11,Allogenic,1899017,143.55722356367897,1784.4030431241913,3.6357436820721167,2.2377309853157543,677.0943645351174
FAT_015,FAT_DON_11,Allogenic,561,25041.701331373653,40291.612423019054,0.6861469594064927,-0.4475014316609293,18363.37391631951
FAT_015,FAT_DON_11,Allogenic,818,52865.24899796097,28397.36255230178,-0.8965627340004266,-0.5411842914576401,36329.34578343132
FAT_015,FAT_DON_11,Allogenic,904,907.9132947825236,825.600873379199,-0.1371100305689478,-0.2995879790360002,737.6653900122587
FAT_015,FAT_DON_11,Allogenic,1547,1622.6226404353265,797.6144030951583,-1.024564156699913,-0.5528629300729246,1106.0867909470792
FAT_015,FAT_DON_11,Allogenic,205913,15768.638103782872,48738.43799965678,1.628001951702876,-0.3389149371087693,12467.248729586072
FAT_015,FAT_DON_11,Allogenic,206672,11883.495532749495,38341.46428913568,1.6899461680389944,0.06747959070970079,12452.529755274887
FAT_015,FAT_DON_11,Allogenic,207244,644.9816046135048,544.4640582531542,-0.2444211989675961,0.2761679952877616,781.0560105368493
FAT_015,FAT_DON_11,Allogenic,213810,3399.2273756657687,4126.732254610356,0.2797929707278688,-0.41670964206974576,2546.467360425268
FAT_015,FAT_DON_11,Allogenic,226186,45658.596429295205,10245.592348530152,-2.15588311487546,-0.5491422083134393,31204.288197472382
FAT_015,FAT_DON_11,Allogenic,246201,123.47620809042324,203.53796570211372,0.7210648397310234,0.6618636260417695,195.35480083858195
FAT_015,FAT_DON_11,Allogenic,264199,1434.5030057563874,352.37510312178443,-2.0253670909212764,1.9049734005666,5372.2423619274405
FAT_015,FAT_DON_11,Allogenic,272559,30063.551347474757,175945.85022662097,2.549044140657382,-0.511075828585778,21095.563330489404
FAT_015,FAT_DON_11,Allogenic,272621,23.968910982258624,3.8163368569146328,-2.6509039376559342,3.232530521115397,225.28742505823885
FAT_015,FAT_DON_11,Allogenic,272623,735.7729340917573,3194.273949237548,2.1181555354517245,-0.022691974259786026,724.2905903073384
FAT_015,FAT_DON_11,Allogenic,295405,25022.81673484218,178575.30632103514,2.835216492957639,-0.5900944408078674,16622.642635423184
FAT_015,FAT_DON_11,Allogenic,300267,3896.763861206592,11704.70514015718,1.5867401773256542,-0.10172505572488989,3631.46444004821
FAT_015,FAT_DON_11,Allogenic,300269,6540.607375613301,16671.031503288756,1.3498468534035046,-0.27437746231622734,5407.8200728379425
FAT_015,FAT_DON_11,Allogenic,314315,28.32689479721474,40.70759314042275,0.5231254621191146,2.8305328440798725,201.49963297151652
FAT_015,FAT_DON_11,Allogenic,321967,65.36975722434171,26.71435799840243,-1.2910079925695517,1.9776826744118978,257.46528450504434
FAT_015,FAT_DON_11,Allogenic,334413,1250.0150242565787,72.51040028137803,-4.107613686894099,-0.9877345441963163,630.3438317407335
FAT_015,FAT_DON_11,Allogenic,347253,4858.425623040241,7855.293363815953,0.6931762724137921,1.6164913033933785,14897.3125200439
FAT_015,FAT_DON_11,Allogenic,349741,867466.8469959161,342653.6210349372,-1.3400576886259623,-2.5455936523510956,148577.42924193226
FAT_015,FAT_DON_11,Allogenic,364106,24916.772462011584,42779.8640537274,0.7798146936876105,-0.6788300017717083,15564.801763236415
FAT_015,FAT_DON_11,Allogenic,367928,82084.07781597006,482800.95943141327,2.5562542342467016,-1.1959967668866147,35828.45013302801
FAT_015,FAT_DON_11,Allogenic,386585,7128.935190632376,23548.070519448924,1.7238503426657013,-0.0741176085696368,6771.939089286189
FAT_015,FAT_DON_11,Allogenic,391904,3425.3752785555057,8850.085171185034,1.3694292833687598,1.136891464100115,7532.629236318913
FAT_015,FAT_DON_11,Allogenic,398513,1865.943403437043,3355.8322095136004,0.8467653553320907,-0.3109666698529677,1504.1396913309545
FAT_015,FAT_DON_11,Allogenic,409438,9587.56439290345,19166.915807710924,0.9993819409957486,0.020017220501418753,9721.517842951042
FAT_015,FAT_DON_11,Allogenic,411459,112970.5617738357,51360.26142035713,-1.1372224287643966,-0.8517859873930127,62596.80346197905
FAT_015,FAT_DON_11,Allogenic,411460,155386.81824480352,113472.41587892844,-0.4535224884296065,-1.0101206986987077,77150.28672995788
FAT_015,FAT_DON_11,Allogenic,411461,56758.38120598843,104507.84060203595,0.8807058349074,-0.3387957651332595,44878.911282923094
FAT_015,FAT_DON_11,Allogenic,411462,196295.2123157966,156387.12383493347,-0.3279032526271269,-0.8353768204012654,110011.02891054354
FAT_015,FAT_DON_11,Allogenic,411463,25688.86192789464,39973.58435160951,0.6379039650004457,-0.4899761899077219,18291.416303726197
FAT_015,FAT_DON_11,Allogenic,411464,12969.359833309394,692.0290833871868,-4.228130789597485,-0.5108896518568534,9101.761059803
FAT_015,FAT_DON_11,Allogenic,411466,197.56193294467715,494.8516791132641,1.3246911847172154,1.182835872735583,448.51022074382405
FAT_015,FAT_DON_11,Allogenic,411467,17100.72848988779,43125.87859542099,1.3344960637001964,0.21011738658509124,19781.820086088745
FAT_015,FAT_DON_11,Allogenic,411468,3200.9391120852656,4993.040721129978,0.6414234383702786,0.10499084262277282,3442.5702077687015
FAT_015,FAT_DON_11,Allogenic,411469,188201.7100407873,54814.04627586487,-1.779662195835973,-1.2837266638396738,77300.68334753464
FAT_015,FAT_DON_11,Allogenic,411470,39784.03424673436,14629.291284839426,-1.4433296982564452,-0.6612048917011072,25157.432400590667
FAT_015,FAT_DON_11,Allogenic,411471,39502.94429066969,126708.744210994,1.6814839973142066,-0.8223431101229908,22339.812484585702
FAT_015,FAT_DON_11,Allogenic,411473,17397.79771994063,7422.775186698961,-1.2288741159839025,-1.1217296918243538,7995.02806942496
FAT_015,FAT_DON_11,Allogenic,411474,23198.27417764722,6307.13271219425,-1.878961285611668,-0.6484579015385477,14799.614318171325
FAT_015,FAT_DON_11,Allogenic,411475,30686.01670237765,76166.45099030224,1.3115742899914722,-0.7335762621423584,18454.91537499137
FAT_015,FAT_DON_11,Allogenic,411476,18056.579606634838,2223.6522752955925,-3.0215215254578864,-0.5551926863209607,12288.696969372077
FAT_015,FAT_DON_11,Allogenic,411477,164248.7783325168,67663.65247309644,-1.2794296791597746,-1.5378776416651798,56565.9191173578
FAT_015,FAT_DON_11,Allogenic,411479,173587.21131733194,70113.74073523564,-1.3078915508637423,-1.4112878379964002,65264.61110525059
FAT_015,FAT_DON_11,Allogenic,411483,131628.54314693448,85278.59129232875,-0.6262168542220463,-0.8345583904500696,73811.31895603656
FAT_015,FAT_DON_11,Allogenic,411484,71774.54077105554,32029.24312779888,-1.1640824881116167,-0.43107090029272704,53235.96749564846
FAT_015,FAT_DON_11,Allogenic,411485,106963.08108491868,129451.41829883,0.2752978436622935,-0.8662478850446934,58676.91972553609
FAT_015,FAT_DON_11,Allogenic,411486,30547.28755093488,39144.167141373386,0.3577530665499576,-0.09432003095905951,28614.06073037814
FAT_015,FAT_DON_11,Allogenic,411487,30525.4976318601,29125.01077968684,-0.0677562307303702,-0.6712558920916278,19168.78535452886
FAT_015,FAT_DON_11,Allogenic,411489,19695.907851694155,18256.08341119397,-0.1095186288680589,-0.8194008886890579,11161.222290108382
FAT_015,FAT_DON_11,Allogenic,411490,8279.44291778079,10975.784800486485,0.4067184959497792,-0.5607443459096131,5613.067285287912
FAT_015,FAT_DON_11,Allogenic,411901,3179.149193010485,3212.0835212364827,0.0148686848688353,0.08796417010080423,3379.0200050574044
FAT_015,FAT_DON_11,Allogenic,411902,23788.05465393795,26307.282066998203,0.1452249088996809,-1.2996092368463754,9663.569283590681
FAT_015,FAT_DON_11,Allogenic,411903,235585.34173016928,1056537.5934893885,2.165022420174996,-1.2626288479556953,98188.1569754399
FAT_015,FAT_DON_11,Allogenic,428125,39312.64566408328,35210.795954180045,-0.1589756173104485,-0.17561244648706445,34807.08533325439
FAT_015,FAT_DON_11,Allogenic,428126,8442.140980205819,22456.598178371336,1.4114585716588186,0.3099804745937652,10465.645534332836
FAT_015,FAT_DON_11,Allogenic,428127,7663.514538600327,11063.56054819552,0.5297376794174528,-0.11535594193188255,7074.60809927786
FAT_015,FAT_DON_11,Allogenic,428128,3834.299426525554,6982.62433586814,0.8648063542852924,0.20039625411678436,4405.663347824499
FAT_015,FAT_DON_11,Allogenic,435590,567578.0014147976,135968.44953815456,-2.0615467497835813,-2.3553151534445114,110918.76975425023
FAT_015,FAT_DON_11,Allogenic,435591,49776.89113442873,2409.380668998772,-4.368741873527756,-0.74290097160285,29743.5151174938
FAT_015,FAT_DON_11,Allogenic,442563,308.6905202260581,50.88449142552844,-2.600863255156339,1.709501875921792,1009.5658114970357
FAT_015,FAT_DON_11,Allogenic,445970,355255.5772888641,310069.7369506001,-0.1962645743949289,-0.9344135701521228,185889.2999254156
FAT_015,FAT_DON_11,Allogenic,445972,13254.081442553192,21190.84645416132,0.677004526843605,-0.28443531836597075,10882.434759374803
FAT_015,FAT_DON_11,Allogenic,445973,26386.86566892344,31809.167702383464,0.2696226316661477,-0.8364105846308075,14777.573615294683
FAT_015,FAT_DON_11,Allogenic,445975,1146.149743333458,5257.640076542726,2.197619839342445,-0.92051844226377,605.532836502574
FAT_015,FAT_DON_11,Allogenic,449673,20555.15699387634,15583.375499068085,-0.399492622847949,-0.7890152987765251,11896.07041434024
FAT_015,FAT_DON_11,Allogenic,450749,2131.05408551354,1146.1731693600282,-0.8947421788784882,0.695734442599,3451.6870117651074
FAT_015,FAT_DON_11,Allogenic,451640,1505.6834080673373,582.6274268223007,-1.3697729320311078,-0.9465282282663651,781.268431514117
FAT_015,FAT_DON_11,Allogenic,457387,20613.263444742417,8669.445226624408,-1.249561346273979,-0.11876789274565626,18984.2767131533
FAT_015,FAT_DON_11,Allogenic,457388,57868.21441753058,25344.293066770075,-1.191110205856703,-0.7354782144253136,34756.74345193076
FAT_015,FAT_DON_11,Allogenic,457390,23862.866709428028,4933.251443704982,-2.274156640943475,-0.44728746483208043,17501.516098705484
FAT_015,FAT_DON_11,Allogenic,457391,97144.54354982256,36794.57574979962,-1.400639864168718,-0.5318975117760296,67189.4840815093
FAT_015,FAT_DON_11,Allogenic,457392,17944.724688717626,159711.1532373061,3.153833370806782,0.4108326419523052,23856.66587704196
FAT_015,FAT_DON_11,Allogenic,457393,313374.62649650004,52227.84199916239,-2.5849973721719115,-1.0901081070138954,147200.26458146243
FAT_015,FAT_DON_11,Allogenic,457394,339510.1817654277,87774.47559675093,-1.951581463976312,-1.284257098825497,139396.82889937534
FAT_015,FAT_DON_11,Allogenic,457395,110214.13701087594,42342.257427467855,-1.3801391961314111,-0.3619268749258101,85760.33303073733
FAT_015,FAT_DON_11,Allogenic,457400,12255.376818292418,41782.52802178704,1.7694849405783108,0.1602288722786915,13694.94731520724
FAT_015,FAT_DON_11,Allogenic,457401,13562.771962779252,50866.6818535295,1.9070689200838216,-0.15693335592043559,12164.85151768048
FAT_015,FAT_DON_11,Allogenic,457412,127361.3506614566,112345.32439385296,-0.1809874573437936,-1.097867569035509,59504.058303233716
FAT_015,FAT_DON_11,Allogenic,457416,1911.7022334940816,922.281407087703,-1.0515789078515816,0.5709791852639146,2839.8938630379034
FAT_015,FAT_DON_11,Allogenic,457421,4600.578247322004,6308.404824479889,0.455460038966643,0.15282238055886005,5114.657328685794
FAT_015,FAT_DON_11,Allogenic,457424,28431.48640877369,17667.095422943472,-0.6864246540071985,-0.5438690340112242,19501.978459526188
FAT_015,FAT_DON_11,Allogenic,469585,22365.8992689906,6467.4188601846645,-1.790038811981406,-0.3613259552996306,17410.70727612675
FAT_015,FAT_DON_11,Allogenic,469588,8283.800901595747,3827.785867485377,-1.1137827538848,0.42963305524643325,11157.376515635859
FAT_015,FAT_DON_11,Allogenic,469589,68781.33222081652,3578.451859500288,-4.264609583106722,-0.7670954212051895,40415.862566632306
FAT_015,FAT_DON_11,Allogenic,469590,27084.869409952247,8510.431190919631,-1.670183000150817,-0.6869482557310786,16824.211353796618
FAT_015,FAT_DON_11,Allogenic,469591,103311.81697862128,8566.404131487712,-3.5921717314021664,-1.473526476327113,37202.6889323914
FAT_015,FAT_DON_11,Allogenic,469592,64266.46098852198,7991.40937837924,-3.0075441617203005,-0.596254181959183,42510.28250643036
FAT_015,FAT_DON_11,Allogenic,469593,334456.3732013503,84246.90822867617,-1.9891223896484285,-1.2727244920371374,138423.94674976627
FAT_015,FAT_DON_11,Allogenic,469596,32447.368494255745,62042.18828286119,0.9351480930749652,-0.9998024265865942,16225.906191528753
FAT_015,FAT_DON_11,Allogenic,469610,19672.665271347723,463.0488719723088,-5.408884149178356,-0.3584707280081812,15344.500682190052
FAT_015,FAT_DON_11,Allogenic,470145,12399.190284185968,10324.46331023972,-0.2641791211070337,-0.3461939801843723,9753.90570109523
FAT_015,FAT_DON_11,Allogenic,470146,59665.88274119997,179192.28077956967,1.5865303585987376,-0.11938371637509061,54927.267020677034
FAT_015,FAT_DON_11,Allogenic,471870,27595.479846937946,7131.461473287811,-1.9521623039981548,-0.877048204794233,15025.195549536655
FAT_015,FAT_DON_11,Allogenic,471872,110.40225664555489,57.2450528537195,-0.9475467361325478,1.168134775677608,248.09702525946457
FAT_015,FAT_DON_11,Allogenic,471875,33833.933678047615,52065.011626600695,0.621843267266731,-0.8063056243802259,19347.743227924664
FAT_015,FAT_DON_11,Allogenic,471881,2810.173230010867,2.544224571276422,-10.109217332461853,0.7503455693977685,4727.261378176993
FAT_015,FAT_DON_11,Allogenic,476272,3304.0780623725605,3460.1454169359336,0.0665848978274103,-0.24684833805649767,2784.463602390936
FAT_015,FAT_DON_11,Allogenic,478749,3805.246201092513,5280.538097684213,0.4726951509159112,-0.1996815625141983,3313.3904880874993
FAT_015,FAT_DON_11,Allogenic,479436,1332.0903861049187,604.2533356781502,-1.1404665393953812,0.062217670431718004,1390.794866485027
FAT_015,FAT_DON_11,Allogenic,479437,3128.3060485026635,2663.803126126414,-0.2318942003296869,-1.0917969514320356,1467.7280791686067
FAT_015,FAT_DON_11,Allogenic,483215,115084.91025472524,18763.656213163613,-2.616685803745572,-0.8709023401794268,62928.974676067184
FAT_015,FAT_DON_11,Allogenic,483216,19533.209789269127,6859.229444161234,-1.5098106188115112,-0.5206675129282683,13615.60912683675
FAT_015,FAT_DON_11,Allogenic,483217,109235.04331378246,47279.32520802975,-1.2081544065064904,-0.7295764753112504,65877.57165017592
FAT_015,FAT_DON_11,Allogenic,483218,14714.73235119932,15683.872369633504,0.0920205057329631,-0.5917668419926904,9763.663363312775
FAT_015,FAT_DON_11,Allogenic,484018,72595.29438953895,91120.13090797942,0.3278937836117072,-1.263503264887149,30238.210666346484
FAT_015,FAT_DON_11,Allogenic,484020,1310.3004670301382,1653.7459713296744,0.335839965641799,-0.3491834329808184,1028.622946913488
FAT_015,FAT_DON_11,Allogenic,500632,22450.153622746424,27662.0816512029,0.3011844103972506,-0.6534094066113549,14273.27016842711
FAT_015,FAT_DON_11,Allogenic,500635,2577.747426546541,13453.85953290972,2.3838372834281105,-0.04564079617844327,2497.4747912414105
FAT_015,FAT_DON_11,Allogenic,502347,2027.1888045904188,3032.7156889614957,0.5811297923774574,-0.3634423883115524,1575.7493567897202
FAT_015,FAT_DON_11,Allogenic,511145,13213.406926946938,50326.03413213327,1.92930241580452,0.033243643374979384,13521.415043285357
FAT_015,FAT_DON_11,Allogenic,511680,36897.59629996177,28534.75067915071,-0.3708068771397353,-0.18786454246862772,32392.555570746175
FAT_015,FAT_DON_11,Allogenic,515619,181335.7065403239,412197.4554662069,1.1846725670541487,-0.9125585647303847,96333.16474607492
FAT_015,FAT_DON_11,Allogenic,515620,44929.36047092588,18061.45023149132,-1.3147447888828212,-0.6157401543739006,29320.676129976957
FAT_015,FAT_DON_11,Allogenic,518635,2792.741294751043,11651.276424160376,2.0607341730601103,-0.6414004796817827,1790.3993978862486
FAT_015,FAT_DON_11,Allogenic,518636,8694.904041473274,16046.424371040392,0.8840098461543652,0.7727528457748685,14855.47624543112
FAT_015,FAT_DON_11,Allogenic,518637,12288.06169690459,4363.345139739064,-1.4937508645575863,-0.05588081504614321,11821.200451989951
FAT_015,FAT_DON_11,Allogenic,525259,2218.213761812662,4556.706207156072,1.0385929561704728,0.886229836432693,4100.012295735738
FAT_015,FAT_DON_11,Allogenic,525306,43.57983814956114,3.8163368569146328,-3.513400413906,2.4537317185039034,238.74399761648198
FAT_015,FAT_DON_11,Allogenic,525337,47.21149132869124,19.081684284573164,-1.3069495364385733,2.645530434844739,295.41444990772703
FAT_015,FAT_DON_11,Allogenic,525362,671.1295075032415,503.7564651127315,-0.4138647403550849,0.34843805841588826,854.4696489507954
FAT_015,FAT_DON_11,Allogenic,536231,59755.947740042415,45413.1364849985,-0.395972636458846,-0.8328619585344039,33547.85111926969
FAT_015,FAT_DON_11,Allogenic,537006,30120.205137069184,9291.508134301494,-1.6967469065237697,-1.060526588125652,14441.343930310111
FAT_015,FAT_DON_11,Allogenic,537007,6215.211250763244,6346.568193049035,0.0301732597440414,1.202232515662875,14300.91889314059
FAT_015,FAT_DON_11,Allogenic,537011,15324.850085293176,18974.826852579557,0.3082137600659402,0.13557388711451326,16834.803105889845
FAT_015,FAT_DON_11,Allogenic,537012,239811.13336940503,3205.722959808292,-6.225105075578394,-1.7149932108876862,73047.4303099534
FAT_015,FAT_DON_11,Allogenic,537013,5126.441627660042,9093.058617741932,0.8268078852431292,0.2978069768442475,6301.803391295297
FAT_015,FAT_DON_11,Allogenic,537937,13201.78563677372,42965.59244743057,1.70244871057709,-0.3813883950856844,10134.990121427314
FAT_015,FAT_DON_11,Allogenic,537973,72.63306358260189,25.44224571276422,-1.513400413905999,2.213426756791007,336.85438845813735
FAT_015,FAT_DON_11,Allogenic,543734,395.8501965251804,10.176898285105688,-5.281584738682926,0.9422980641318452,760.6604693331102
FAT_015,FAT_DON_11,Allogenic,545696,12288.788027540417,15255.170529373429,0.3119556691060359,-0.14286400455596324,11130.193184480788
FAT_015,FAT_DON_11,Allogenic,545697,1207.1615167428436,1984.495165595609,0.717153327960629,0.8126810808188947,2120.3461416410937
FAT_015,FAT_DON_11,Allogenic,546269,903.5553109675676,1161.4385167876867,0.3622279608349824,0.20031473913676082,1038.1389556150812
FAT_015,FAT_DON_11,Allogenic,546273,1646.591551417585,279.86470284040644,-2.5566812812347632,2.635919353223396,10234.736694708175
FAT_015,FAT_DON_11,Allogenic,547042,24434.488919823103,38960.98297224149,0.6731111475863031,-0.3697254115296629,18910.57875589819
FAT_015,FAT_DON_11,Allogenic,547043,9092.933229905932,64164.07157530572,2.818948027727418,0.5971535307496724,13755.143541317997
FAT_015,FAT_DON_11,Allogenic,548480,12524.119153548048,41305.48591467271,1.721624263997795,-0.14311316521119996,11341.378258546974
FAT_015,FAT_DON_11,Allogenic,552396,11747.671703850032,15414.184565078202,0.3918837162883993,0.675382558298535,18761.268980523706
FAT_015,FAT_DON_11,Allogenic,552398,39100.55711842208,169145.13794759908,2.113000638853133,-0.6874437955864972,24279.61202198828
FAT_015,FAT_DON_11,Allogenic,552531,334.83842311579474,82.68729856648372,-2.0177274464195203,1.786956265434483,1155.480777111558
FAT_015,FAT_DON_11,Allogenic,555970,322.4908023067524,71.23828799573981,-2.178533263311139,1.784901118932961,1111.286679843702
FAT_015,FAT_DON_11,Allogenic,556258,8603.386381359194,3916.833727480052,-1.1352167451014132,0.3982788041680289,11338.700770286641
FAT_015,FAT_DON_11,Allogenic,556259,14301.450219414315,1380.241829917459,-3.3731684824757115,-0.16331236418705836,12770.801613862854
FAT_015,FAT_DON_11,Allogenic,556270,2366.38521152117,1663.92286961478,-0.5080963820460722,0.9124067945257395,4453.9696768782405
FAT_015,FAT_DON_11,Allogenic,563192,11190.576106171471,586.4437636792153,-4.2541477305384605,-0.419186752740053,8368.828321575304
FAT_015,FAT_DON_11,Allogenic,563193,64065.267402398174,8631.281858055261,-2.8918956809076004,-0.6437775322099888,41004.006667079186
FAT_015,FAT_DON_11,Allogenic,565040,12550.99338707361,39247.20823651009,1.644788479485344,-0.019039265368394686,12386.445918491649
FAT_015,FAT_DON_11,Allogenic,565042,12269.903431008936,39630.11403448719,1.6914732241592636,-0.04696217687595217,11876.927919558517
FAT_015,FAT_DON_11,Allogenic,566550,8344.086344369307,11831.916368721,0.5038577682004437,-0.3099777183046622,6730.792440806123
FAT_015,FAT_DON_11,Allogenic,566552,2658.3701271232294,13568.34963861716,2.351631360492952,-0.2568227994640575,2224.8671400073194
FAT_015,FAT_DON_11,Allogenic,568703,347.9123745606631,5.088449142552844,-6.095354164754817,0.5660510555298298,515.0723334088818
FAT_015,FAT_DON_11,Allogenic,573236,334.83842311579474,71.23828799573981,-2.232740337390371,1.786956265434483,1155.480777111558
FAT_015,FAT_DON_11,Allogenic,580050,344.280721381533,64.87772656754876,-2.4077902259454005,1.7717938547396945,1175.6439159629854
FAT_015,FAT_DON_11,Allogenic,585054,2705.581618451921,3396.539802654024,0.3281269973193929,0.5323822738703953,3913.124568950835
FAT_015,FAT_DON_11,Allogenic,585394,41896.93006635225,51107.11107551512,0.2866795061044469,-0.4007946063079896,31734.45200580664
FAT_015,FAT_DON_11,Allogenic,585543,308543.8014376212,41065.05669268709,-2.9094921166041865,-1.1124847087480054,142700.5210655823
FAT_015,FAT_DON_11,Allogenic,585544,14704.563722297757,11476.997041027938,-0.3575187708631041,-0.26063164995904986,12274.228367274256
FAT_015,FAT_DON_11,Allogenic,591020,5465.638034590792,12270.795107266184,1.166766909208832,0.22630290295584415,6393.885117166381
FAT_015,FAT_DON_11,Allogenic,592028,5921.773673889533,2801.191252975341,-1.0799888651334455,-0.5433951355333493,4063.2502396201517
FAT_015,FAT_DON_11,Allogenic,622312,131948.85495733374,106479.61464477517,-0.3094015759307513,-1.1433331041881578,59734.88974009797
FAT_015,FAT_DON_11,Allogenic,626522,501.8944693557791,494.8516791132641,-0.0203878744207036,0.4707801934860609,695.5548281480477
FAT_015,FAT_DON_11,Allogenic,626939,3216.918386073438,2947.484165823735,-0.1261952720391313,0.2060582168088482,3710.818789958649
FAT_015,FAT_DON_11,Allogenic,641112,1061.1690589418138,1511.2693953381945,0.5101063389786302,0.44083937156828745,1440.4243442277882
FAT_015,FAT_DON_11,Allogenic,645463,3095.6211698904926,4442.216101448633,0.5210506468280998,0.42874006742612264,4166.884173941996
FAT_015,FAT_DON_11,Allogenic,649757,62797.82044288178,28472.41717715444,-1.1411495111597785,-0.29011599434412266,51358.33717766729
FAT_015,FAT_DON_11,Allogenic,655811,934.0611976722604,189.54473056009343,-2.300978725884423,-0.3319332092484273,742.0847018511951
FAT_015,FAT_DON_11,Allogenic,657308,3911.290473923112,12371.291977831605,1.6612795863107097,-0.10549791303438283,3635.4822949526138
FAT_015,FAT_DON_11,Allogenic,657309,15611.024355808626,8071.552452374449,-0.951647118508099,-0.6440745021448373,9989.543829555503
FAT_015,FAT_DON_11,Allogenic,657313,78552.65826458395,54253.04475789842,-0.5339559920055061,-1.103228391188303,36564.19770791363
FAT_015,FAT_DON_11,Allogenic,657314,49987.52701881828,41807.97026749981,-0.2577901520563868,-0.8198987090461602,28317.01996783253
FAT_015,FAT_DON_11,Allogenic,657317,181961.0772177701,411221.74534312246,1.1762866754554049,-0.7750949325499544,106328.98667334205
FAT_015,FAT_DON_11,Allogenic,657319,17003.400184687103,18417.641671470017,0.1152650679188953,-0.7404714251113017,10177.27867154631
FAT_015,FAT_DON_11,Allogenic,657321,371364.86446084944,267878.8608851232,-0.4712565872661736,-2.1716679000274293,82425.88776403786
FAT_015,FAT_DON_11,Allogenic,657322,93285.54888167891,108572.23935465004,0.2189297584475128,-0.7074105538699924,57129.7831051732
FAT_015,FAT_DON_11,Allogenic,657323,192404.98543031243,190486.0936514657,-0.0144605031654104,-1.4822842214220864,68865.91277439256
FAT_015,FAT_DON_11,Allogenic,658089,65923.94749947697,27964.84437518479,-1.2371883313824128,-0.49364054431633997,46821.205790950175
FAT_015,FAT_DON_11,Allogenic,658659,4056.556601088316,6445.792951328815,0.6681022291332275,-0.3643322287617675,3151.248201473953
FAT_015,FAT_DON_11,Allogenic,665943,3030.251412666151,2280.897328149312,-0.4098359886700279,-0.8912348116546481,1633.7674937736613
FAT_015,FAT_DON_11,Allogenic,665951,182388.15963163585,132300.9498186596,-0.4631886558336757,-1.0992373145553103,85132.07855832268
FAT_015,FAT_DON_11,Allogenic,665953,25415.03527818823,5375.946519107079,-2.241091542260507,-0.93614861793464,13282.563550721816
FAT_015,FAT_DON_11,Allogenic,679935,31868.482977502408,13130.743012357612,-1.2791817902647715,0.6794651860482642,51038.83966617433
FAT_015,FAT_DON_11,Allogenic,702443,28178.723347506235,13101.484429787935,-1.104875969187466,-1.009663493395304,13995.303347997859
FAT_015,FAT_DON_11,Allogenic,702444,6772.306848441801,3325.3015146582834,-1.02616218235207,0.16888789950654268,7613.370256911756
FAT_015,FAT_DON_11,Allogenic,702447,7386.782566350613,3857.044450055056,-0.9374503395924076,0.22454204987095647,8630.763332818156
FAT_015,FAT_DON_11,Allogenic,702459,1052.4530913119015,4542.712972014051,2.1097982200104988,-0.7749924909065189,615.0448153943693
FAT_015,FAT_DON_11,Allogenic,709991,57577.682163200174,21063.6352255975,-1.4507552706926363,-0.22357160122652558,49311.977612026305
FAT_015,FAT_DON_11,Allogenic,717959,61989.41444520742,79556.63023152808,0.3599602931587422,0.4552164279753135,84986.77186902572
FAT_015,FAT_DON_11,Allogenic,717960,15794.059676036784,17583.136012091352,0.1548103564524608,0.5069087669279813,22443.393216167795
FAT_015,FAT_DON_11,Allogenic,717962,43282.7689195083,56488.14604376476,0.3841553564641649,-0.2587633008094842,36175.91467723121
FAT_015,FAT_DON_11,Allogenic,718252,93042.95444931304,293359.2699664566,1.6566997675548498,-0.7160336178019144,56641.6499228487
FAT_015,FAT_DON_11,Allogenic,742725,3355.647537516208,755.6346976690972,-2.150830334521292,0.42305098828899707,4499.117913218036
FAT_015,FAT_DON_11,Allogenic,742726,146321.485579059,88738.73670926467,-0.7215057076182331,-0.7180523932251061,88951.40106309991
FAT_015,FAT_DON_11,Allogenic,742727,8571.42783338285,3407.988813224767,-1.330614949424112,0.6367248272488932,13326.817331580534
FAT_015,FAT_DON_11,Allogenic,742729,352.2703583756192,72.51040028137803,-2.280423241928385,1.7395015576110169,1176.3004077369815
FAT_015,FAT_DON_11,Allogenic,742733,8253.295014891053,13203.253412638993,0.6778513520672811,-1.111674321993204,3819.267286344775
FAT_015,FAT_DON_11,Allogenic,742740,12223.418270316071,19781.34604167418,0.6944928088466458,0.8169275184851875,21533.38773065392
FAT_015,FAT_DON_11,Allogenic,742741,5393.004971008191,8384.492074641448,0.6366340255503049,0.7397072520654272,9005.439055669778
FAT_015,FAT_DON_11,Allogenic,742742,1746.8251791615755,3437.2473957944458,0.9765184616496432,-0.4034481802212328,1320.6855902980394
FAT_015,FAT_DON_11,Allogenic,742743,3727.5288230591295,15888.682447621257,2.091708082387,-0.6054199054996612,2450.030319091052
FAT_015,FAT_DON_11,Allogenic,742817,1770.0677595080083,2082.4478115897514,0.2344757517321755,-0.9196220893361381,935.7418607457612
FAT_015,FAT_DON_11,Allogenic,742818,845.4488601014862,2756.667322978003,1.7051357761667525,-0.356881006835483,660.169498544766
FAT_015,FAT_DON_11,Allogenic,742820,1372.03857107535,73.78251256701624,-4.216898310279435,-0.6735527630590981,860.2144531131646
FAT_015,FAT_DON_11,Allogenic,742821,2169.5496092123185,1700.814125898288,-0.3511700912360748,-0.19033153724967578,1901.4025997722397
FAT_015,FAT_DON_11,Allogenic,748224,91371.66765627736,87691.78829818443,-0.0593051355987001,-0.658654030434971,57881.12071832665
FAT_015,FAT_DON_11,Allogenic,759350,5623.978113200865,18448.172366325336,1.713815012652976,0.23267347120697013,6608.232520857045
FAT_015,FAT_DON_11,Allogenic,762966,22988.364623893503,581.3553145366624,-5.305339843163634,-0.3701873053646763,17785.68490669036
FAT_015,FAT_DON_11,Allogenic,762967,1445.3979652937778,2691.7895964104546,0.8970988776643776,-1.141552354564826,655.1578343682821
FAT_015,FAT_DON_11,Allogenic,762968,196854.48690538263,27232.107698657182,-2.8537490433375776,-0.9198065029879511,104053.32690714703
FAT_015,FAT_DON_11,Allogenic,762982,22618.662330258056,7593.238232974481,-1.5747264331118782,-0.771859027286374,13246.898158655047
FAT_015,FAT_DON_11,Allogenic,762983,3597.515639246272,2298.7069001482478,-0.6461784337884515,0.37946775041707403,4679.870826338713
FAT_015,FAT_DON_11,Allogenic,762984,6164.368106255422,6168.4724730596845,0.0009602572602838,-0.037935486614067294,6004.38934227021
FAT_015,FAT_DON_11,Allogenic,763034,12984.612776661745,16557.813509866955,0.3507091838190985,-0.4964270359609417,9204.274755904326
FAT_015,FAT_DON_11,Allogenic,862962,23180.842242387396,173587.35404904772,2.9046569596965037,-0.25260679897493415,19457.497699631436
FAT_015,FAT_DON_11,Allogenic,862965,3901.121845021548,287.4973765542357,-3.762268362758984,1.8293785683206365,13863.96130197121
FAT_015,FAT_DON_11,Allogenic,866771,1301.584499400226,5327.606252252828,2.0332184858545674,-1.0158481635712877,643.6823483386801
FAT_015,FAT_DON_11,Allogenic,866776,1861.5854196220864,192.0889551313699,-3.2766853429851355,0.44234682422925,2529.546290511505
FAT_015,FAT_DON_11,Allogenic,868129,1777.3310658662683,2483.163181565788,0.4824666324648594,-0.41762836013785504,1330.606585423539
FAT_015,FAT_DON_11,Allogenic,873513,2288.6678334877856,12761.830449522531,2.4792552747658623,-0.7290325383842403,1380.772420629759
FAT_015,FAT_DON_11,Allogenic,883156,561.4535814935126,1003.6965933685484,0.8380845670699743,0.1544903904358459,624.9137752127369
FAT_015,FAT_DON_11,Allogenic,888048,911.544947961654,3234.9815423779705,1.8273717788333348,0.1831065335871211,1034.9006207410846
FAT_015,FAT_DON_11,Allogenic,888833,201.91991675963328,457.960422829756,1.1814397045875302,0.8470322033173768,363.2128952651004
FAT_015,FAT_DON_11,Allogenic,889204,94.42298265738248,192.0889551313699,1.0245646072779877,1.112091196046878,204.10353323079696
FAT_015,FAT_DON_11,Allogenic,890402,11008.267116579142,36311.1730812571,1.7218261563929596,0.2067602273480187,12704.57055844166
FAT_015,FAT_DON_11,Allogenic,904306,1068.4323653000738,1750.4265050381782,0.7122109044286309,0.0946091662420412,1140.8465469528828
FAT_015,FAT_DON_11,Allogenic,908338,1248.5623629849265,50.88449142552844,-4.616898053609336,0.1612503112878442,1396.2121719822007
FAT_015,FAT_DON_11,Allogenic,927666,73.35939421842792,148.83713741967068,1.0206809178129723,2.8574497282486977,531.659790366077
FAT_015,FAT_DON_11,Allogenic,981539,1151.960388420066,35.619143997869905,-5.015294452665011,-0.3591806264166449,898.0766464913816
FAT_015,FAT_DON_11,Allogenic,997884,6342.319112032797,8987.473298033961,0.5029051112118739,0.8677441730094182,11573.51061443587
FAT_015,FAT_DON_11,Allogenic,999410,10032.8050726648,16802.059068709492,0.7439130185314413,0.12889011026132707,10970.392440978512
FAT_015,FAT_DON_11,Allogenic,999412,33854.99726648657,10744.26036450033,-1.655802631790496,-0.8656528061577728,18579.55562518835
FAT_015,FAT_DON_11,Allogenic,999413,5992.227745564657,13026.42980493528,1.1202773718481844,-0.10234619333868661,5581.8612516057265
FAT_015,FAT_DON_11,Allogenic,1002367,7174.694020689416,17459.741120384446,1.283042956382842,-0.0742030982301879,6815.00260374422
FAT_015,FAT_DON_11,Allogenic,1035839,266.563343348149,418.5249419749714,0.6508352018733915,0.8753878952211046,489.0107891540676
FAT_015,FAT_DON_11,Allogenic,1042156,2704.855287816095,3818.881081485909,0.4975985850432576,0.2826451590319707,3290.2485463096023
FAT_015,FAT_DON_11,Allogenic,1042403,333.3857618441427,76.32673713829266,-2.1269320668239264,1.8084639204055337,1167.7474679349748
FAT_015,FAT_DON_11,Allogenic,1077285,8925.877183665947,5856.8049630783225,-0.6078801036535154,-0.42791361489105106,6634.925842686005
FAT_015,FAT_DON_11,Allogenic,1121100,36076.84268147836,37241.08716205863,0.0458221049327023,-1.1506478733036603,16249.836599980374
FAT_015,FAT_DON_11,Allogenic,1121101,30807.313918560598,4910.353422563495,-2.6493741283381564,-0.5772803893281032,20647.863517292917
FAT_015,FAT_DON_11,Allogenic,1121114,2766.5933918613064,2796.102803832788,0.015306779367254,0.6572698064845581,4363.181330068888
FAT_015,FAT_DON_11,Allogenic,1121115,107344.40466872737,95815.49735427005,-0.1639160688338125,-1.4002515878865127,40668.83036824136
FAT_015,FAT_DON_11,Allogenic,1121130,14003.654658725643,3140.845233240743,-2.1565786289931794,0.1773517903250532,15835.420520488193
FAT_015,FAT_DON_11,Allogenic,1121315,443.7880184896976,408.3480436898657,-0.1200714017150632,0.09405927854054409,473.6856596059313
FAT_015,FAT_DON_11,Allogenic,1121333,4445.143491255236,7319.734091562266,0.7195612491406359,0.6251084842396342,6855.863923746242
FAT_015,FAT_DON_11,Allogenic,1121344,667.4978543241114,1300.0987559222517,0.96178611062995,-0.2840832727991609,548.1914877918343
FAT_015,FAT_DON_11,Allogenic,1122949,573.801202302555,118.30644256435365,-2.2780223509750708,0.3509000578830869,731.8008284520625
FAT_015,FAT_DON_11,Allogenic,1122975,1460.6509086461242,1826.753242176471,0.3226703484990623,-1.0730775123563632,694.2532385390441
FAT_015,FAT_DON_11,Allogenic,1122981,1920.418201123994,3308.764054944987,0.7848719034166626,-0.35396135694998354,1502.5980734536154
FAT_015,FAT_DON_11,Allogenic,1123075,1187.550589575541,1722.4400347541375,0.536464784170915,-0.07945609158105062,1123.9149618691433
FAT_015,FAT_DON_11,Allogenic,1123263,1471.5458681835146,1770.7803016083897,0.267052718028953,-0.43331289553318797,1089.7669296907536
FAT_015,FAT_DON_11,Allogenic,1123313,1691.624050838798,2282.1694404349505,0.4319969316897581,-0.1106710173433021,1566.7097829150773
FAT_015,FAT_DON_11,Allogenic,1124991,11685.207269168994,11.449010570743898,-9.995244683881676,0.7941654517529622,20263.013916342963
FAT_015,FAT_DON_11,Allogenic,1150460,2800.730931745129,15705.498278489353,2.4873944207743914,-0.696750920982366,1727.9392158227379
FAT_015,FAT_DON_11,Allogenic,1156431,80.6227005766881,235.34077284306903,1.5454932751475692,0.4936373374875086,113.51597585282485
FAT_015,FAT_DON_11,Allogenic,1156433,101.68628901564269,199.72162884519912,0.9738654129280232,1.6014112492900432,308.55686951717365
FAT_015,FAT_DON_11,Allogenic,1160721,61919.68670416812,66116.76393376038,0.0946179421808232,-0.10339744465494678,57637.21900686142
FAT_015,FAT_DON_11,Allogenic,1203465,28664.63854287384,2677.7963612684343,-3.420153929839286,-0.9354492408615671,14988.155453144114
FAT_015,FAT_DON_11,Allogenic,1203540,2079.4846103698924,6282.962578767124,1.595218979360454,-0.996252729861578,1042.4464523351783
FAT_015,FAT_DON_11,Allogenic,1203606,7364.992647275832,13123.110338643786,0.8333537068798743,0.8656920563037418,13420.589528015693
FAT_015,FAT_DON_11,Allogenic,1203610,3462.4181409826324,2787.19801783332,-0.31296446009809,-0.0926537656536247,3247.042341444225
FAT_015,FAT_DON_11,Allogenic,1203611,37570.90479937248,45215.95908072457,0.2672162051565373,0.7698320707963324,64061.07157390997
FAT_015,FAT_DON_11,Allogenic,1211844,1465.0088924610802,1297.5545313509751,-0.1751142507727406,-0.5361869815901142,1010.2570645729635
FAT_015,FAT_DON_11,Allogenic,1233170,337.74374565909886,525.3823739685811,0.6374387464054142,0.4971349077794614,476.69416354959117
FAT_015,FAT_DON_11,Allogenic,1235789,9373.296855334776,2615.462859272162,-1.8414902908060908,-0.1044127379050732,8718.886124058225
FAT_015,FAT_DON_11,Allogenic,1235811,1839.06916991148,2285.985777291865,0.3138406850629632,-0.27652183260356045,1518.2968740684737
FAT_015,FAT_DON_11,Allogenic,1256908,35373.75462599877,42092.923419482766,0.2508983535008142,-0.9194434167286621,18702.562348078944
FAT_015,FAT_DON_11,Allogenic,1282887,1160.6763560499785,337.1097556941259,-1.7836754624960522,0.7275268011532898,1921.845748805356
FAT_015,FAT_DON_11,Allogenic,1292036,406.7451560625707,643.6888165329348,0.6622382387307065,1.0531340680496688,844.009497223636
FAT_015,FAT_DON_11,Allogenic,1322347,13129.15257319112,41549.73147351525,1.6620653533521628,0.02109546407021796,13322.540916403888
FAT_015,FAT_DON_11,Allogenic,1384484,5265.170779102811,2425.9181287120687,-1.1179494643512295,-0.10187045683832391,4906.213003325773
FAT_015,FAT_DON_11,Allogenic,1408437,9302.842783659651,15376.021196509057,0.7249386793348608,1.2630342154109,22326.81973384165
FAT_015,FAT_DON_11,Allogenic,1410647,10668.344379012566,64317.99716186795,2.59188618063202,-0.20631158578926756,9246.79119301904
FAT_015,FAT_DON_11,Allogenic,1410665,25131.039999580255,181156.42214859507,2.849693670742829,-0.31885393444333,20147.71796882478
FAT_015,FAT_DON_11,Allogenic,1437612,112532.5844004326,649372.6142251663,2.5287037417554177,-1.1251634625246236,51590.5717156831
FAT_015,FAT_DON_11,Allogenic,1440052,1558.7055444826367,2074.815137875922,0.4126343869367254,-0.3392604473905878,1232.073195208893
FAT_015,FAT_DON_11,Allogenic,1899017,1047.3687768611194,3.8163368569146328,-8.100365267538303,-0.12465105821578291,960.6737312578654
FAT_008,FAT_DON_11,Allogenic,818,24616.263572553868,11342.860020683118,-1.1178273448266065,0.060404189636021066,25668.802373216095
FAT_008,FAT_DON_11,Allogenic,904,1365.6510710566415,4266.056787653147,1.6433142535082326,0.1635540010744632,1529.5877960625455
FAT_008,FAT_DON_11,Allogenic,1547,2648.395837630924,3022.724422403066,0.1907306884214203,0.14476193146412994,2927.92926318767
FAT_008,FAT_DON_11,Allogenic,205913,707.0065410023423,15113.62211201533,4.417982083770341,0.8653165245126982,1287.9816077730443
FAT_008,FAT_DON_11,Allogenic,206672,165.81260896471872,13001.99534086929,6.293035513535629,2.4312250167730354,894.3123104684274
FAT_008,FAT_DON_11,Allogenic,207244,1709.9425299486618,1785.5068064902805,0.0623857957115726,0.6193874456451888,2626.8526626698495
FAT_008,FAT_DON_11,Allogenic,213810,1980.5394959674736,7832.993901075511,1.98367036327187,0.30689727227152064,2450.015275168577
FAT_008,FAT_DON_11,Allogenic,226186,20804.876519267626,10808.838578559313,-0.9447102134982428,0.5478479603891522,30414.719228779773
FAT_008,FAT_DON_11,Allogenic,246201,92.1181160915104,146.75398409509154,0.6718428583534775,2.5152955768923557,526.6528809240733
FAT_008,FAT_DON_11,Allogenic,264199,2703.6667072858304,527.9066927865098,-2.356562453624971,3.909081015720237,40616.62136560818
FAT_008,FAT_DON_11,Allogenic,272559,1827.3931279653375,1198.4908701099143,-0.60856811620029,0.5945959677503798,2759.4543189068036
FAT_008,FAT_DON_11,Allogenic,272621,23.0295290228776,16.30599823278795,-0.4980821430888349,4.590447175168816,554.8139209770881
FAT_008,FAT_DON_11,Allogenic,295405,6511.599331218641,2240.0365072292443,-1.5394896861294245,0.5195420044501552,9334.378287481706
FAT_008,FAT_DON_11,Allogenic,314315,8.06033515800716,52.99449425656083,2.7169307478820155,3.726184773374345,106.67102956308553
FAT_008,FAT_DON_11,Allogenic,321956,48902.05340362944,18.34424801188644,-11.38035156484968,0.6381223597712258,76106.3802748295
FAT_008,FAT_DON_11,Allogenic,321967,3.45442935343164,73.37699204754577,4.408808452519684,4.532858924396573,79.96552957194328
FAT_008,FAT_DON_11,Allogenic,347253,1610.9155551502884,7205.212969113175,2.161160204330535,3.3266511426803658,16161.979597192714
FAT_008,FAT_DON_11,Allogenic,349741,2453808.9836285706,4465.8052660048,-9.101886888678326,-2.8608846599325126,337775.8965146965
FAT_008,FAT_DON_11,Allogenic,354242,852.0925738464713,1390.0863493451725,0.7060924203063874,0.23504314991424863,1002.8634853315114
FAT_008,FAT_DON_11,Allogenic,367928,3227.5884925562955,902.9446521406328,-1.837747188678948,-0.10253151250651577,3006.1669624379656
FAT_008,FAT_DON_11,Allogenic,390333,47831.18030406563,32.6119964655759,-10.518332913254469,0.6466366019783457,74880.3923566922
FAT_008,FAT_DON_11,Allogenic,391904,191.14509088988407,3499.6748707121133,4.194480844453737,2.7853644344767328,1317.7753889236146
FAT_008,FAT_DON_11,Allogenic,411459,57032.62862515638,288228.901262318,2.3373555716054724,-0.2079283340906211,49377.68480520945
FAT_008,FAT_DON_11,Allogenic,411460,19183.59767605704,34360.8147760424,0.8408909390219471,0.4265830934947683,25783.648056834867
FAT_008,FAT_DON_11,Allogenic,411461,91512.43947820872,241471.45132979852,1.3998128618847645,-0.717345718046934,55659.276178345404
FAT_008,FAT_DON_11,Allogenic,411462,28306.74559847,189318.75423200536,2.7415995353850877,0.18024781588471897,32073.764863539007
FAT_008,FAT_DON_11,Allogenic,411463,28800.728996010726,64730.73648460996,1.168345589243425,-0.009444509856641959,28612.802679660224
FAT_008,FAT_DON_11,Allogenic,411464,219.93200216848103,55377.20824832698,7.976090969071198,0.3272337514930564,275.92789173595276
FAT_008,FAT_DON_11,Allogenic,411466,2799.239252730772,5917.039108722927,1.0798406303964605,0.43489504320699673,3784.0465686908665
FAT_008,FAT_DON_11,Allogenic,411467,24513.782168402064,59457.78430608216,1.278272611141401,0.2135403449642349,28424.46974460776
FAT_008,FAT_DON_11,Allogenic,411468,19398.923772420945,23635.544438426132,0.284981481423097,-0.13804500328698172,17628.76748841574
FAT_008,FAT_DON_11,Allogenic,411469,80762.25533032946,110204.08905629737,0.4484246508362696,0.3516134911239682,103051.57792054853
FAT_008,FAT_DON_11,Allogenic,411470,19500.253700121608,32546.77247264475,0.7390215907542685,0.9977983755076021,38941.036072997784
FAT_008,FAT_DON_11,Allogenic,411471,144045.0981322948,140496.55727325918,-0.0359857872012472,0.0013108592518358908,144176.03963701962
FAT_008,FAT_DON_11,Allogenic,411472,1941.3892966285816,1820.1570527349547,-0.093026504022332,0.1122754775073084,2098.509392794431
FAT_008,FAT_DON_11,Allogenic,411473,9267.082478805947,21419.96692854607,1.2087691355162191,1.298711730443924,22797.86695896843
FAT_008,FAT_DON_11,Allogenic,411474,6509.296378316353,37124.681476499965,2.5118051389185103,0.008566818110889447,6548.0639970740385
FAT_008,FAT_DON_11,Allogenic,411475,41651.20619077643,27744.655993088694,-0.5861483605927523,0.48009750049096467,58096.682198808056
FAT_008,FAT_DON_11,Allogenic,411476,7333.753517335372,2052.5175275521838,-1.8371572368212217,0.24425705924741847,8686.703756969475
FAT_008,FAT_DON_11,Allogenic,411477,2199.320021684811,18291.253517629884,3.056024497551762,1.8744122062646482,8063.85530239013
FAT_008,FAT_DON_11,Allogenic,411479,95812.05254677996,33671.886350707115,-1.5086626038186544,-0.09041609578428135,89991.64427746141
FAT_008,FAT_DON_11,Allogenic,411483,823129.4866708491,571955.3087626074,-0.5252169765332776,-2.947177669293672,106728.22298737238
FAT_008,FAT_DON_11,Allogenic,411484,21405.94722676473,55896.96194199709,1.3847581961041835,0.19516560948011072,24506.717978421566
FAT_008,FAT_DON_11,Allogenic,411485,96841.4724941026,326678.445095232,1.7541743448934888,0.2810427996195928,117669.44284376658
FAT_008,FAT_DON_11,Allogenic,411486,54383.081311074304,94664.47274045044,0.7996651927823802,0.1539589255352354,60507.61926280159
FAT_008,FAT_DON_11,Allogenic,411487,32703.08268893734,50430.37603445493,0.6248663479821974,1.1943116425675369,74836.30236987688
FAT_008,FAT_DON_11,Allogenic,411489,24839.65000407578,45139.07960791524,0.8617321562547322,-0.06598002853306079,23729.222279894973
FAT_008,FAT_DON_11,Allogenic,411490,9731.12748861693,11183.876537913437,0.2007414631723131,0.15467721580165608,10832.423830874355
FAT_008,FAT_DON_11,Allogenic,411901,1453.1632813435767,307.77571664387256,-2.239245503858943,-0.22344250126893947,1244.662257285675
FAT_008,FAT_DON_11,Allogenic,411902,29741.48525659528,29254.99907940068,-0.0237935230119752,-0.8241522968728816,16798.406659818636
FAT_008,FAT_DON_11,Allogenic,411903,123964.50030079667,545668.0013615742,2.138096409441108,0.1982825593196657,142228.4024936346
FAT_008,FAT_DON_11,Allogenic,428125,15313.48532376246,25304.8710075078,0.7246124449763097,0.30979615494413,18981.56348637756
FAT_008,FAT_DON_11,Allogenic,428126,5680.233333492761,8797.086046589098,0.6310755292920516,0.19831083138364292,6517.239556467407
FAT_008,FAT_DON_11,Allogenic,428127,14943.861382945275,26429.984885570168,0.8226226219545762,1.7559204548957852,50471.65634776955
FAT_008,FAT_DON_11,Allogenic,428128,2076.112041412416,6636.541280744696,1.676547254632433,-0.06103368947923674,1990.1133639391678
FAT_008,FAT_DON_11,Allogenic,435590,206107.37589604768,12747.21411848198,-4.0151422468992894,-0.792236130724967,119016.36859302709
FAT_008,FAT_DON_11,Allogenic,435591,16437.326340078886,3104.254413567006,-2.404656946851748,0.42816053227927564,22116.70069730645
FAT_008,FAT_DON_11,Allogenic,435830,1815.8783634538988,1681.556067756257,-0.1108706838588047,0.09723473915478742,1942.48344899312
FAT_008,FAT_DON_11,Allogenic,442563,188.84213798759637,83.56824094303823,-1.176154048201473,1.8226893091885035,668.0101533206497
FAT_008,FAT_DON_11,Allogenic,445970,2294.892567129753,273679.8743391129,6.897918919536737,6.096643929165264,157048.9564223607
FAT_008,FAT_DON_11,Allogenic,445972,48636.06234341521,75176.76660248973,0.6282604350253025,0.4711360078215388,67419.33692392109
FAT_008,FAT_DON_11,Allogenic,445973,3827.5077236022576,6881.131254236514,0.8462404737353678,2.574055587179087,22792.083011654104
FAT_008,FAT_DON_11,Allogenic,449673,6336.574910644771,3729.997095750244,-0.7645287283594283,0.46050806896040763,8719.293876536385
FAT_008,FAT_DON_11,Allogenic,450749,50.66496385033072,69.30049248934878,0.4518771744115694,1.145146740066682,112.05500396823994
FAT_008,FAT_DON_11,Allogenic,451640,2548.2173863814064,2028.0585302030013,-0.3293890685714729,-0.4259372973170691,1896.7782970280614
FAT_008,FAT_DON_11,Allogenic,457387,18140.360011320685,3365.150385291613,-2.4304602036718133,0.8095053385046159,31792.983913479864
FAT_008,FAT_DON_11,Allogenic,457388,21238.98314134887,4520.838010040459,-2.2320525666219435,0.46936490936626446,29405.36921725254
FAT_008,FAT_DON_11,Allogenic,457390,8296.387830491654,2244.113006787441,-1.8863380096992133,0.235057173079909,9764.461683976957
FAT_008,FAT_DON_11,Allogenic,457391,21627.030705384357,2449.976234476389,-3.1419959434952704,0.6917059337245187,34931.81336045218
FAT_008,FAT_DON_11,Allogenic,457392,3935.7465100097816,1253.5236141455737,-1.6506481296510096,0.11946865736109298,4275.537977607948
FAT_008,FAT_DON_11,Allogenic,457393,225013.467747379,79133.00942371992,-1.5076598247692847,-0.10128646733215305,209757.86209346054
FAT_008,FAT_DON_11,Allogenic,457394,161896.43755437838,10757.882334081847,-3.911605220697063,-0.4707054288654566,116826.35832923662
FAT_008,FAT_DON_11,Allogenic,457395,26334.26643766053,5128.2364442118105,-2.360406586621218,0.4024001243940394,34806.129599734435
FAT_008,FAT_DON_11,Allogenic,457412,466779.7663824504,928435.0038780384,0.9920588906864508,-2.023807855844292,114785.00361623126
FAT_008,FAT_DON_11,Allogenic,457416,72.54301642206444,81.52999116393974,0.168494123185973,0.7412504237083667,121.26465119939137
FAT_008,FAT_DON_11,Allogenic,457421,10149.113440382158,14345.201945295195,0.4992145692707559,-0.43538683316935206,7505.223164103287
FAT_008,FAT_DON_11,Allogenic,457424,31506.698656198845,3120.560411799794,-3.335781546784402,0.30465836862543116,38914.746579000384
FAT_008,FAT_DON_11,Allogenic,469585,32306.97478974384,14104.688471361576,-1.195670861992734,0.16499753921115282,36221.42243545389
FAT_008,FAT_DON_11,Allogenic,469588,6673.957510829929,1249.4471145873767,-2.4172526640676204,0.0553521551988409,6934.994108606365
FAT_008,FAT_DON_11,Allogenic,469589,6067.129421077104,1347.2831039841044,-2.1709610510672586,0.8271412558786437,10764.096631849437
FAT_008,FAT_DON_11,Allogenic,469590,14491.331137645731,3475.215873362932,-2.06001562033828,0.5120841610708726,20666.216430546196
FAT_008,FAT_DON_11,Allogenic,469591,9787.54983472298,3703.499848621963,-1.402058469879783,0.08938346835669267,10413.125232766304
FAT_008,FAT_DON_11,Allogenic,469592,11419.191965993858,3061.4511682059374,-1.8991729910720236,0.14301582028420337,12609.196873373223
FAT_008,FAT_DON_11,Allogenic,469593,164276.53937889278,9991.500417140816,-4.039281308095348,-0.4824678811887647,117581.29561559908
FAT_008,FAT_DON_11,Allogenic,469596,5536.298777099775,7759.6169090279645,0.4870636256496038,0.2767370566157123,6706.959356661746
FAT_008,FAT_DON_11,Allogenic,469610,50.66496385033072,289.4314686319861,2.514161452665912,3.8091147780963497,710.1752654103962
FAT_008,FAT_DON_11,Allogenic,470145,9132.359734022111,2370.4844930915483,-1.9458057346063735,0.23600417531157278,10755.419308809942
FAT_008,FAT_DON_11,Allogenic,470146,41232.068762560055,201205.8269437078,2.286833332959747,-0.13144805463645584,37641.361027872474
FAT_008,FAT_DON_11,Allogenic,471870,8395.41480529003,5124.159944653613,-0.7122860999773851,0.5168162401659657,12012.111350792984
FAT_008,FAT_DON_11,Allogenic,471872,102.48140415180532,97.8359893967277,-0.066924978446714,2.2063050819098593,472.94329907045403
FAT_008,FAT_DON_11,Allogenic,471875,51627.59816348701,47389.30736403998,-0.1235809072344652,0.24318987195830202,61106.77548262194
FAT_008,FAT_DON_11,Allogenic,473819,2559.7321508928453,207.90147746804635,-3.622020939256967,-0.4928811869445002,1818.957290094808
FAT_008,FAT_DON_11,Allogenic,476272,28527.829077089624,32090.204522126685,0.1697630201765545,0.018674720381261552,28899.50305015132
FAT_008,FAT_DON_11,Allogenic,478749,11224.592445750544,17620.66934030648,0.6506056646048308,-0.053971443835078056,10812.436194089398
FAT_008,FAT_DON_11,Allogenic,479436,46.0590580457552,73.37699204754577,0.6718428583534775,1.6385485760956409,143.4060001475259
FAT_008,FAT_DON_11,Allogenic,479437,13509.12172482,10562.210355288396,-0.3550221037783339,2.5386521530464496,78494.19891610331
FAT_008,FAT_DON_11,Allogenic,483215,7528.353037578687,2325.6429979513814,-1.6947046336800569,1.505308891010629,21371.898640544885
FAT_008,FAT_DON_11,Allogenic,483216,16025.097770569377,1624.4850739414996,-3.3022787657819928,0.4582170052967606,22015.96625986374
FAT_008,FAT_DON_11,Allogenic,483217,23056.01298125391,2839.2819422842017,-3.021545031195352,0.3697512164901393,29791.365866528733
FAT_008,FAT_DON_11,Allogenic,483218,26566.8646807916,32002.55978162545,0.2685593297015813,0.20463169703233242,30615.445436236776
FAT_008,FAT_DON_11,Allogenic,484018,2411.191688695285,2476.47348160467,0.0385408233608622,0.5188801494903373,3454.8582006386264
FAT_008,FAT_DON_11,Allogenic,484020,571.1323197673645,5079.318449513447,3.152737994435654,1.0219606121720264,1159.7851288276659
FAT_008,FAT_DON_11,Allogenic,500632,25235.757903269277,49547.81388010528,0.9733519894438272,-0.3333502236003197,20029.399827044017
FAT_008,FAT_DON_11,Allogenic,502558,1290.8051017322894,2653.8012123862386,1.039789122158736,0.19131663393159606,1473.848075581744
FAT_008,FAT_DON_11,Allogenic,511680,12593.697946160615,20692.311757407908,0.7163928624260302,-0.0698241900263941,11998.697297811523
FAT_008,FAT_DON_11,Allogenic,515619,320755.2802306392,237154.43829766792,-0.4356461465458291,-0.34981334527398483,251692.053794763
FAT_008,FAT_DON_11,Allogenic,515620,9525.013203862176,9410.599230097743,-0.0174345014670409,0.10316915996933379,10231.106328273707
FAT_008,FAT_DON_11,Allogenic,518635,1703.0336712417984,623.7044324041391,-1.4491725426078883,0.22094395401297492,1984.8787953394433
FAT_008,FAT_DON_11,Allogenic,518636,8710.919352903453,23698.730181578187,1.4439128647144082,0.7811973502206712,14970.207770867044
FAT_008,FAT_DON_11,Allogenic,518637,9195.690938835023,18138.384784197493,0.9800161062327544,0.8266938969959888,16309.626919132823
FAT_008,FAT_DON_11,Allogenic,525259,7570.957666271011,9286.265993572735,0.2946228044396122,0.9090127203493614,14216.4418528378
FAT_008,FAT_DON_11,Allogenic,525306,4.60590580457552,4.076499558196987,-0.1761540482014726,4.0953568382012415,78.73000938363852
FAT_008,FAT_DON_11,Allogenic,525337,9.21181160915104,48.91799469836385,2.408808452519684,4.0504645159566754,152.63578454610646
FAT_008,FAT_DON_11,Allogenic,525362,811.7908980564354,2627.303965257958,1.6944030528740224,0.4492066316949397,1108.3293855862412
FAT_008,FAT_DON_11,Allogenic,536231,65228.83800439851,76004.29601280374,0.2205710383501365,-0.9967758940271194,32687.386555197798
FAT_008,FAT_DON_11,Allogenic,537006,758.822981303817,1420.66009603165,0.9047261426588986,0.8239189092518019,1343.2745324413295
FAT_008,FAT_DON_11,Allogenic,537007,14393.4556392985,33527.17061639112,1.2199177363796707,0.6776913252944686,23023.454684376717
FAT_008,FAT_DON_11,Allogenic,537011,5613.447699326414,6196.279328459421,0.1425150566051402,0.0033252488203106756,5626.400983272999
FAT_008,FAT_DON_11,Allogenic,537012,136177.05954162867,55299.75475672123,-1.3001386991360648,-0.1412565064097337,123475.70279727048
FAT_008,FAT_DON_11,Allogenic,537013,2575.8528212088595,10829.221076350295,2.071807408212479,1.8947802703474292,9578.703742943113
FAT_008,FAT_DON_11,Allogenic,537937,240.6585782890709,15553.884064300604,6.014143230968789,2.6672934377550206,1528.7507346369307
FAT_008,FAT_DON_11,Allogenic,537973,14.96919386487044,38.72674580287138,1.3713337471010203,4.212463620558733,277.50851814715
FAT_008,FAT_DON_11,Allogenic,543734,11.5147645114388,44.84149514016686,1.9613494755484624,2.3829019458345417,60.05926638496555
FAT_008,FAT_DON_11,Allogenic,545696,37751.15545075211,33137.86490858331,-0.1880401498294145,1.6857540315844832,121448.67399861675
FAT_008,FAT_DON_11,Allogenic,545697,52.96791675261848,99.8742391758262,0.9149938398567228,2.7675525301173303,360.68594428540257
FAT_008,FAT_DON_11,Allogenic,546273,113.99616866324412,134.52448542050058,0.2388834510773711,2.6276307526792233,704.5080003798653
FAT_008,FAT_DON_11,Allogenic,547042,5263.398858178675,2162.583015623502,-1.2832392108907424,0.5325600675787091,7613.473435402311
FAT_008,FAT_DON_11,Allogenic,547043,33241.97366807267,1025.2396388865425,-5.018972972536002,1.0417145883466876,68434.34882476032
FAT_008,FAT_DON_11,Allogenic,548480,2228.106932963408,15926.88377387563,2.837573640950428,0.5644718230362774,3295.0270212472165
FAT_008,FAT_DON_11,Allogenic,552396,9265.931002354802,19722.104862557026,1.089805688423095,1.5202857936509753,26579.12550238757
FAT_008,FAT_DON_11,Allogenic,552398,40336.22008357012,72363.98190733381,0.8431959010154807,0.2948748333340857,49483.609128931836
FAT_008,FAT_DON_11,Allogenic,552531,239.50710183792705,61.14749337295481,-1.9697031707340464,1.9526021241160691,927.0650412504101
FAT_008,FAT_DON_11,Allogenic,555970,215.32609636390555,77.45349160574276,-1.4751209946455237,1.9684112588778957,842.6505331315128
FAT_008,FAT_DON_11,Allogenic,556258,7159.880573212646,1208.6821190054068,-2.566500654996533,0.2515147536686101,8523.525475759528
FAT_008,FAT_DON_11,Allogenic,556259,5360.122880074761,1302.4416088439375,-2.041047379700634,0.15869022672204638,5983.361797168598
FAT_008,FAT_DON_11,Allogenic,556270,2015.08378950179,2926.9266827854367,0.5385467789018875,0.4309433606061727,2716.564288876969
FAT_008,FAT_DON_11,Allogenic,563192,3171.1661464502454,6114.749337295481,0.9472798930468066,0.029289240896722957,3236.204344760563
FAT_008,FAT_DON_11,Allogenic,563193,17770.736070503503,3734.07359530844,-2.250681172361725,0.48475465063092765,24867.44162859549
FAT_008,FAT_DON_11,Allogenic,565040,232.59824313106373,14212.715709653798,5.933198235333531,2.345706116649343,1182.3180836388638
FAT_008,FAT_DON_11,Allogenic,565042,202.6598554013229,13648.120520843517,6.073498145711574,2.3499914967091375,1033.2029999813835
FAT_008,FAT_DON_11,Allogenic,566550,11715.121413937835,17433.150360629417,0.5734613975950076,0.3757585534013479,15200.62305906328
FAT_008,FAT_DON_11,Allogenic,566552,2639.1840260217728,1092.5018815967926,-1.2724561865006048,0.24528118798994045,3128.2875688409426
FAT_008,FAT_DON_11,Allogenic,568703,4.60590580457552,6.114749337295481,0.4088084525196835,2.849946289547803,33.20736158879465
FAT_008,FAT_DON_11,Allogenic,568816,873.970626418205,2329.719497509578,1.4144995645975391,0.2964555121983643,1073.3437655883488
FAT_008,FAT_DON_11,Allogenic,573236,244.11300764250257,77.45349160574276,-1.6561469893210865,1.9526021241160691,944.8932151206103
FAT_008,FAT_DON_11,Allogenic,580050,211.8716670104739,50.95624447746234,-2.0558598144837608,1.9572631877626023,822.749851473016
FAT_008,FAT_DON_11,Allogenic,585394,98340.69483349191,315408.9620665964,1.681363199837706,-0.17652090150444727,87015.21273533862
FAT_008,FAT_DON_11,Allogenic,585543,229364.89725625172,80431.37453300566,-1.5118143332244327,-0.21198198818496594,198022.26141025877
FAT_008,FAT_DON_11,Allogenic,585544,17935.397203017073,2252.266005903836,-2.9933605626429736,0.7305000144055792,29758.663001538196
FAT_008,FAT_DON_11,Allogenic,592028,1607.4611257968563,279.24021973649366,-2.525205191450598,0.02772280671265029,1638.6487661214533
FAT_008,FAT_DON_11,Allogenic,622312,100657.4654531934,116883.43358240311,0.2156162882061816,0.1604295675306515,112496.78282885728
FAT_008,FAT_DON_11,Allogenic,626522,143.934556392985,138.60098497869757,-0.0544754916132202,2.9274852788771857,1095.029841033598
FAT_008,FAT_DON_11,Allogenic,626939,5545.510588708926,5228.1106833876365,-0.085030614466758,1.1992398616417987,12733.52687449543
FAT_008,FAT_DON_11,Allogenic,641112,1039.7832353829235,5486.968405333145,2.399726468927986,0.6810116700178422,1667.0466418879762
FAT_008,FAT_DON_11,Allogenic,645463,8161.665085707821,13071.29583335864,0.6794667550813028,1.550554074215463,23907.93441248308
FAT_008,FAT_DON_11,Allogenic,649757,16212.78843210583,34179.41054570264,1.0759952758337004,-0.10236342281437416,15102.305620913163
FAT_008,FAT_DON_11,Allogenic,657308,2824.5717346559377,86713.26035218722,4.940148584041888,0.3219529666297063,3530.775537581957
FAT_008,FAT_DON_11,Allogenic,657309,4068.166301891328,1549.0698321148552,-1.392976473761177,0.31899992165284985,5074.897126832404
FAT_008,FAT_DON_11,Allogenic,657313,48428.79658220931,96382.71730423046,0.9929093218078332,0.6177491107800193,74312.98210272416
FAT_008,FAT_DON_11,Allogenic,657314,126681.98472549624,286783.78216893715,1.1787520655489363,-0.11142356022155112,117266.24668074012
FAT_008,FAT_DON_11,Allogenic,657317,320712.6756019469,197518.6330933186,-0.6992926172689159,-1.084481692975205,151235.79919133545
FAT_008,FAT_DON_11,Allogenic,657319,9576.82964416365,24495.68584520569,1.3549076416517851,0.3806172295384085,12468.062339987844
FAT_008,FAT_DON_11,Allogenic,657321,11148.594999975046,69911.96742307833,2.6486775288852087,0.1749111611678376,12585.591894273133
FAT_008,FAT_DON_11,Allogenic,657322,74229.92942299023,281351.8465076397,1.922302529554491,0.35256025708247485,94778.59366247588
FAT_008,FAT_DON_11,Allogenic,657323,568716.5221728646,744857.9992737535,0.3892556968541791,-2.3846907226261536,108901.1353520575
FAT_008,FAT_DON_11,Allogenic,658089,18026.363842657443,42151.00543175684,1.2254586289747915,-0.1732537660188023,15986.505894809165
FAT_008,FAT_DON_11,Allogenic,658659,8267.600919213059,16191.856245158431,0.9697277306164876,0.10968337293575939,8920.670333312555
FAT_008,FAT_DON_11,Allogenic,665943,21044.38362110555,13707.22976443737,-0.6184982230785719,2.725390485856266,139174.76483698108
FAT_008,FAT_DON_11,Allogenic,665951,26604.86340367935,55574.91847689953,1.0627439305913409,-0.13023429186056468,24308.412931080802
FAT_008,FAT_DON_11,Allogenic,665953,6649.776505355907,4229.368291629375,-0.6528636582706053,0.5438032155337812,9694.114138693862
FAT_008,FAT_DON_11,Allogenic,679935,33243.125144523816,33419.1433780989,0.0076187393099617,1.8404106481872122,119047.60260517044
FAT_008,FAT_DON_11,Allogenic,680646,925.7870667196796,3605.6638592252352,1.9615125933100568,0.20138637047953142,1064.4725034946098
FAT_008,FAT_DON_11,Allogenic,702443,9831.305939866448,2916.7354338899445,-1.7530285387224434,-0.17385238335240744,8715.18135656981
FAT_008,FAT_DON_11,Allogenic,702444,4702.629826471606,817.3381614184959,-2.524462772624354,0.3434107953816303,5966.473887941073
FAT_008,FAT_DON_11,Allogenic,702447,4838.504047706584,955.9391463971934,-2.3395703823591423,0.6016842733119064,7342.367582463374
FAT_008,FAT_DON_11,Allogenic,709991,3720.420413645876,36337.91706176795,3.287938162145818,2.6740099977214276,23743.745941629695
FAT_008,FAT_DON_11,Allogenic,717959,26686.618231710567,181084.22512444743,2.762472471892315,2.679672699184371,170983.97287076167
FAT_008,FAT_DON_11,Allogenic,717960,27955.54528087112,41521.18625001542,0.570713176305665,2.1297504412224164,122345.14325342367
FAT_008,FAT_DON_11,Allogenic,717962,50017.83408478786,116015.13917650716,1.2137985882380564,1.0363902228447648,102591.03845747364
FAT_008,FAT_DON_11,Allogenic,718252,200222.1797542513,235888.68518484777,0.2365044202402837,0.13005589864436815,219110.35964061355
FAT_008,FAT_DON_11,Allogenic,742725,5396.970126511366,7109.415229495547,0.3975811970964293,0.14211236710346312,5955.662781882418
FAT_008,FAT_DON_11,Allogenic,742726,40306.28169584038,38681.904307731216,-0.0593458785822565,1.6923099848511667,130259.31895903769
FAT_008,FAT_DON_11,Allogenic,742727,4961.712027978979,2034.1732795402968,-1.2863954259745944,0.7120884348620002,8128.146697170578
FAT_008,FAT_DON_11,Allogenic,742729,221.08347861962497,83.56824094303823,-1.4035645443045452,2.0030911393255617,886.2307325030328
FAT_008,FAT_DON_11,Allogenic,742733,10889.512798467673,16835.943175353557,0.6286051367220464,-0.5442836400628376,7467.285356284907
FAT_008,FAT_DON_11,Allogenic,742740,32249.400967186648,57409.34327808817,0.8320131895861413,0.3131745257720684,40067.89971877574
FAT_008,FAT_DON_11,Allogenic,742741,7740.224704589162,13556.39928078408,0.8085266800789888,0.7502034291973986,13019.290088166128
FAT_008,FAT_DON_11,Allogenic,742743,939.6047841334062,1339.1301048677103,0.5111701701493613,0.4848723269965775,1314.941202693098
FAT_008,FAT_DON_11,Allogenic,742817,1925.2686263125672,218.09272636353884,-3.142046193881208,0.8911884273752609,3570.8021053451344
FAT_008,FAT_DON_11,Allogenic,742820,19.57509966944596,73.37699204754577,1.9063081119905,4.290919330642926,383.1769793701165
FAT_008,FAT_DON_11,Allogenic,748224,111918.90514538056,163322.9165493832,0.5452734815064267,0.023741989782808236,113775.95880989784
FAT_008,FAT_DON_11,Allogenic,759350,300.53535374855267,5764.1703752905405,4.261506360038042,1.7647291028079228,1021.2497474345448
FAT_008,FAT_DON_11,Allogenic,762966,150.84341509984827,409.6882055987972,1.4414746414400057,2.9794643957204023,1189.6919156221643
FAT_008,FAT_DON_11,Allogenic,762968,3488.9736469659565,30916.17264936595,3.147487122336473,3.9348860242439367,53360.07261881034
FAT_008,FAT_DON_11,Allogenic,762982,1048.9950469920743,4714.471739054816,2.1680882586326677,0.6265802995144835,1619.5445629847
FAT_008,FAT_DON_11,Allogenic,762984,4991.650415708719,523.8301932283129,-3.252345777116792,0.5297461758337376,7206.321795266673
FAT_008,FAT_DON_11,Allogenic,763034,7603.199006903039,2570.2329714432003,-1.5647074184859664,0.22492955591657957,8886.012117712062
FAT_008,FAT_DON_11,Allogenic,862962,2980.0210555603617,3666.8113525981903,0.2992035210575021,0.47235677477459154,4134.403793743471
FAT_008,FAT_DON_11,Allogenic,862965,24.18100547402148,232.3604748172283,3.2644185431845085,4.737718307385782,645.1633330368545
FAT_008,FAT_DON_11,Allogenic,866771,2277.620420362595,187.51897967706145,-3.602418802903571,-0.2633265457788952,1897.6327150654038
FAT_008,FAT_DON_11,Allogenic,866776,26.48395837630924,48.91799469836385,0.8852464964626708,2.087250578446584,112.54026390372405
FAT_008,FAT_DON_11,Allogenic,868129,641.3723832871411,317.966965539365,-1.012285346679256,0.9837507398016221,1268.378105586088
FAT_008,FAT_DON_11,Allogenic,883156,3159.6513819388065,4231.406541408473,0.4213719139835958,0.8189231478669683,5573.905473125486
FAT_008,FAT_DON_11,Allogenic,888048,2374.344442258681,19930.00634002507,3.069341024438556,1.8458243764952404,8534.77793245521
FAT_008,FAT_DON_11,Allogenic,888833,1443.9514697344257,10148.4456501314,2.8131646190625377,0.8639295059991234,2627.9753819368457
FAT_008,FAT_DON_11,Allogenic,889204,168.11556186700648,519.7536936701158,1.628374829777368,2.645997225006305,1052.2827463382241
FAT_008,FAT_DON_11,Allogenic,890402,617.1913778131197,12822.629360308623,4.376830408158503,1.318004244481597,1538.787544540187
FAT_008,FAT_DON_11,Allogenic,903814,2277.620420362595,2625.26571547886,0.2049361191540335,0.5432117500912823,3318.978038128414
FAT_008,FAT_DON_11,Allogenic,904306,436.4095749835305,1726.397562896424,1.9840100729596344,1.6063829804456111,1328.8125838708988
FAT_008,FAT_DON_11,Allogenic,927666,70.24006351977668,271.08722062009963,1.9483910497368304,4.091239832604433,1197.2112928063402
FAT_008,FAT_DON_11,Allogenic,997884,2213.137739098537,1567.4140801267415,-0.4977068810133964,-0.15134544602680894,1992.7321380576861
FAT_008,FAT_DON_11,Allogenic,999410,26827.09835875012,37546.59918077335,0.4849912202280043,-1.2718662789994748,11109.737590079294
FAT_008,FAT_DON_11,Allogenic,999412,6127.006196536586,13642.005771506218,1.1548015625808663,0.6511635739468089,9622.060591652104
FAT_008,FAT_DON_11,Allogenic,999413,7361.388952162825,15863.698030723575,1.1076792150799708,0.7341339856287745,12244.924609607007
FAT_008,FAT_DON_11,Allogenic,1002367,4645.056003914412,1059.8898851312167,-2.13178160378598,0.28807755121948164,5671.669798196822
FAT_008,FAT_DON_11,Allogenic,1035839,3.45442935343164,10.191248895492468,1.5608115459647334,4.110239159873062,59.659772346977185
FAT_008,FAT_DON_11,Allogenic,1042156,5216.188323681777,11764.777724956504,1.173406201356128,0.8784279749604815,9589.289543940788
FAT_008,FAT_DON_11,Allogenic,1042403,214.1746199127617,55.03274403565933,-1.9604253571460355,1.947228086504872,825.9277675902368
FAT_008,FAT_DON_11,Allogenic,1064535,1105.4173930981249,299.6227175274786,-1.8833722989736268,0.09897208034951227,1183.9131886847583
FAT_008,FAT_DON_11,Allogenic,1077285,3495.88250567282,1133.2668771787626,-1.6251690508934316,-0.008966228007373591,3474.2232656214
FAT_008,FAT_DON_11,Allogenic,1121100,6855.890790110661,1883.342795887008,-1.864048513023451,0.1553824867814905,7635.521076158087
FAT_008,FAT_DON_11,Allogenic,1121101,2951.2341442817647,4767.4662333113765,0.6919043348593774,1.1757412109867307,6667.101063736086
FAT_008,FAT_DON_11,Allogenic,1121114,5114.858395981115,13966.08748638288,1.449161710335546,0.7019473119534748,8320.334972433026
FAT_008,FAT_DON_11,Allogenic,1121115,405590.30776866456,800918.0211980785,0.9816314043909132,-1.9174492611270355,107368.73232152424
FAT_008,FAT_DON_11,Allogenic,1121130,3219.5281573982884,3915.4778256482064,0.2823391100886182,0.6662690119907967,5109.273904187433
FAT_008,FAT_DON_11,Allogenic,1121315,44.90758159461132,18.34424801188644,-1.2916312656214084,1.6098523713009332,137.0671933353476
FAT_008,FAT_DON_11,Allogenic,1121333,10099.599952982971,14053.732226884114,0.4766551668204056,1.222042057549091,23560.010893667433
FAT_008,FAT_DON_11,Allogenic,1121344,589.5559429856665,2767.9432000157544,2.2311137160432595,0.594424235706932,890.1527681067644
FAT_008,FAT_DON_11,Allogenic,1121864,780.7010338755507,2005.6377826329176,1.3612189940014234,0.6404917020887275,1217.0038967254636
FAT_008,FAT_DON_11,Allogenic,1122975,718.521305513781,478.988698088146,-0.585039320498721,0.9186224610589612,1358.2276451517469
FAT_008,FAT_DON_11,Allogenic,1122981,1419.770464260404,546.2509407983963,-1.3780219421465392,-0.04494078409246434,1376.2255398778277
FAT_008,FAT_DON_11,Allogenic,1123075,1686.9130009257842,5517.542152019621,1.7096401747038803,0.5580328298873455,2483.5751495572936
FAT_008,FAT_DON_11,Allogenic,1123263,1542.9784445327991,2676.2219599563223,0.7944798673462795,-0.1721863674690352,1369.3882514117586
FAT_008,FAT_DON_11,Allogenic,1123313,2555.12624508827,6787.371764397984,1.4094584615601404,0.5241627635286622,3674.5239068746846
FAT_008,FAT_DON_11,Allogenic,1130798,1191.778126933916,976.3216441881784,-0.2876872548519802,0.3258610444289081,1493.789351416985
FAT_008,FAT_DON_11,Allogenic,1150460,4077.3781135004792,385.2292082496153,-3.403852752371316,-0.3414294685567812,3218.1069698592046
FAT_008,FAT_DON_11,Allogenic,1156431,569.9808433162206,3760.57084243672,2.721966337779314,1.0083419917786853,1146.5722987239828
FAT_008,FAT_DON_11,Allogenic,1156433,497.43782689415616,3640.3141054699095,2.8714748147562816,0.9443136240762575,957.2062675561804
FAT_008,FAT_DON_11,Allogenic,1160721,311072.5147529703,200657.5377531303,-0.6325155768115299,-0.7269478407069387,187944.02990030195
FAT_008,FAT_DON_11,Allogenic,1203465,17952.66934978423,6116.787587074579,-1.5533522889922429,0.6576198680445242,28319.9406062861
FAT_008,FAT_DON_11,Allogenic,1203606,15722.259463918535,28176.76494625758,0.8416974174217671,0.10788594535356447,16943.060624567803
FAT_008,FAT_DON_11,Allogenic,1203610,5318.669727833581,862.1796565586628,-2.6250050259305597,0.5479785205268537,7776.084916552452
FAT_008,FAT_DON_11,Allogenic,1203611,544713.9955487704,191835.99270919204,-1.505625507873392,-1.7956212892690593,156903.51214536218
FAT_008,FAT_DON_11,Allogenic,1211844,2254.590891339717,2466.282232709177,0.1294722343567892,0.8403453331962994,4036.796904112115
FAT_008,FAT_DON_11,Allogenic,1233170,34.5442935343164,26.497247128280414,-0.3826049256688992,4.873204658032901,1012.4115530444885
FAT_008,FAT_DON_11,Allogenic,1235789,1504.9797216450513,2941.194431239126,0.966658110494292,0.018783534394746573,1524.7023002114358
FAT_008,FAT_DON_11,Allogenic,1235811,181.93327928073305,485.1034474254415,1.414882966929368,2.4977085376424624,1027.5366894556657
FAT_008,FAT_DON_11,Allogenic,1256908,22119.862626473936,65819.16186664856,1.5731652296072114,0.3615980150475229,28420.66754293139
FAT_008,FAT_DON_11,Allogenic,1282887,320.1104534179986,525.8684430074113,0.7161321344982742,-0.6333043341047946,206.3746052683994
FAT_008,FAT_DON_11,Allogenic,1292036,42.60462869232356,32.6119964655759,-0.3856074138304222,5.176477586898557,1540.7487009485171
FAT_008,FAT_DON_11,Allogenic,1322347,191.14509088988407,13558.437530563178,6.148378973738872,2.309879448762146,947.7769646111982
FAT_008,FAT_DON_11,Allogenic,1384484,119790.39816540013,63467.02162156889,-0.9164332265421402,-0.10630864170008433,111280.7178385166
FAT_008,FAT_DON_11,Allogenic,1408437,13535.60568319631,25883.73394477177,0.9352863072977202,-0.30194937422443946,10979.482612335112
FAT_008,FAT_DON_11,Allogenic,1410645,778.3980809732628,1308.5563581812328,0.749396002638646,0.7304450028664747,1291.4797846652275
FAT_008,FAT_DON_11,Allogenic,1437612,3863.203493587717,1145.4963758533536,-1.753824779068092,-0.04910705938737525,3733.9189544922383
FAT_008,FAT_DON_11,Allogenic,1899017,9.21181160915104,14.267748453689457,0.6312008738561316,2.6865891789228953,59.304681317719606
FAT_020,FAT_DON_19,Allogenic,818,1661.4327508603449,10331.728095779488,2.636581777143454,2.8301908151445248,11815.581387475988
FAT_020,FAT_DON_19,Allogenic,904,527.7874964798648,56205.89814971093,6.734620549103667,3.540182244456982,6139.883673757171
FAT_020,FAT_DON_19,Allogenic,205913,5226.641355741281,3817.521543653357,-0.4532478684385808,-0.1637187468058906,4665.932447253087
FAT_020,FAT_DON_19,Allogenic,206672,4994.870267148428,3644.388070346739,-0.4547706152882274,-0.2100025471711415,4318.243687358013
FAT_020,FAT_DON_19,Allogenic,213810,498.5111484470834,2253.59686328862,2.1765317869973124,1.2923553782846644,1220.9914112313973
FAT_020,FAT_DON_19,Allogenic,226186,2773.1207442162386,4235.808199548408,0.6111268305288333,3.1471915718332633,24567.889199967518
FAT_020,FAT_DON_19,Allogenic,246198,1480.08203943506,227.0290173387054,-2.7047285350858186,-0.20451486333090702,1284.4602836456613
FAT_020,FAT_DON_19,Allogenic,264199,234.21078426225128,796.5093675538612,1.7658838226113984,2.8985457924600473,1746.4498357535842
FAT_020,FAT_DON_19,Allogenic,272559,1043.3765146127373,4317.843894889285,2.049051220661537,1.1787362726521906,2361.978999723003
FAT_020,FAT_DON_19,Allogenic,272623,54.4865366165654,2946.1307565150905,5.756777861587935,4.590403382605606,1312.6178735845517
FAT_020,FAT_DON_19,Allogenic,295405,616.4297724680085,1679.8239476195808,1.4463015923524134,2.6712934062625,3926.6577425645028
FAT_020,FAT_DON_19,Allogenic,347253,36.59543504097676,10727.598020970929,8.195447671903425,2.7623069141487435,248.2928152557646
FAT_020,FAT_DON_19,Allogenic,349741,76265.69985728536,101370.84100031744,0.4105364627070076,0.43525243570322725,103122.46811076812
FAT_020,FAT_DON_19,Allogenic,354242,130.93033425771685,201.750576332505,0.6237734116976293,4.809114147624023,3670.5224747308057
FAT_020,FAT_DON_19,Allogenic,367928,41041.373782510535,27323.609969117133,-0.5869309195419334,0.9761172691990104,80735.11474409963
FAT_020,FAT_DON_19,Allogenic,391904,956.3607024041928,1057.4019568065332,0.1448971467232391,1.0598971829985744,1993.8044763862824
FAT_020,FAT_DON_19,Allogenic,411459,7351.616283787331,51457.84380599912,2.8072576338106887,2.231053512617639,34514.12441386557
FAT_020,FAT_DON_19,Allogenic,411460,5636.510228200221,35727.97617610311,2.664180075947425,1.0726209242339406,11854.994903092913
FAT_020,FAT_DON_19,Allogenic,411461,22367.9431289348,106594.41620597609,2.2526273637329624,1.1270391679258271,48853.83324715902
FAT_020,FAT_DON_19,Allogenic,411462,9199.27913741176,201207.32832673023,4.451018226474036,0.5986384293043256,13930.346555009124
FAT_020,FAT_DON_19,Allogenic,411463,5461.665371893331,17802.699792404448,1.704683213391662,2.8837808505880353,40311.561850309496
FAT_020,FAT_DON_19,Allogenic,411464,50942.47204081925,3632.9412291363847,-3.809659037442152,-1.0407051680059727,24762.617172282276
FAT_020,FAT_DON_19,Allogenic,411467,13010.897004901935,19246.90959177756,0.5649063873479936,0.26033986198644565,15583.94283661213
FAT_020,FAT_DON_19,Allogenic,411468,1616.704996921373,3663.466139030664,1.1801528294264954,0.9748600071354195,3177.553594522179
FAT_020,FAT_DON_19,Allogenic,411469,5715.39372151077,168391.61933522823,4.880823642523325,2.78373945892895,39358.20021511805
FAT_020,FAT_DON_19,Allogenic,411470,5335.614428974412,14272.780134161258,1.4195400576412738,2.0258465098817093,21728.26275307589
FAT_020,FAT_DON_19,Allogenic,411471,63582.53530397263,38030.69906625284,-0.7414660856624278,0.2311140331770617,74629.42533915471
FAT_020,FAT_DON_19,Allogenic,411473,3474.126633223394,29736.508705916523,3.0975130269788256,3.1702184447341906,31273.500062990643
FAT_020,FAT_DON_19,Allogenic,411474,21705.972370638014,41724.690115177786,0.9428092818927168,0.11962042151167897,23582.43145753548
FAT_020,FAT_DON_19,Allogenic,411475,10136.122274460764,12783.736873380923,0.3348037855383919,2.231073342890613,47587.38492731084
FAT_020,FAT_DON_19,Allogenic,411476,952.2945429551952,2710.9935599857176,1.509341915433862,3.6115945041197857,11640.444742288182
FAT_020,FAT_DON_19,Allogenic,411477,3555.449822203342,26704.526640323773,2.908980310620747,0.7254918631645662,5878.809215245719
FAT_020,FAT_DON_19,Allogenic,411479,3258.6201824265304,17028.6071555542,2.385627325849092,3.333507082775559,32848.78916236807
FAT_020,FAT_DON_19,Allogenic,411483,180657.02462328583,257917.84139313095,0.5136582213371463,0.09761540015390785,193303.6331627663
FAT_020,FAT_DON_19,Allogenic,411484,3760.384258432812,28858.440594738884,2.940041346228169,2.6774358509798013,24055.851192987557
FAT_020,FAT_DON_19,Allogenic,411485,801947.4840966259,202504.63699723716,-1.9855528206841169,-3.6126317846997864,65559.46468542711
FAT_020,FAT_DON_19,Allogenic,411486,50970.12192507243,51568.01965264879,0.01682483902094,0.522008971284619,73190.72191339565
FAT_020,FAT_DON_19,Allogenic,411487,6484.711089261082,28055.730854862744,2.113181290455003,2.2118005857137457,30040.624214052383
FAT_020,FAT_DON_19,Allogenic,411489,10200.367593754923,24717.0688351759,1.2768865220960657,1.5503443461956081,29875.554498743084
FAT_020,FAT_DON_19,Allogenic,411490,763.624744521715,1653.591603179184,1.1146672102413553,3.1959722988793344,6997.832131178109
FAT_020,FAT_DON_19,Allogenic,411901,1069.3999350863207,75369.81814271341,6.1391135122602085,3.7975773921697082,14870.475620095594
FAT_020,FAT_DON_19,Allogenic,411902,3309.853791483898,3926.266535151729,0.2463906244326559,3.019498605895484,26839.1317382701
FAT_020,FAT_DON_19,Allogenic,411903,176246.05485301343,225426.4595692557,0.3550658985317113,0.42051494511973253,235888.63456664543
FAT_020,FAT_DON_19,Allogenic,428125,12283.8676954212,7233.926693227195,-0.7639139955484932,0.07174792025891036,12910.21296279688
FAT_020,FAT_DON_19,Allogenic,428126,177.28455197628742,444.5190003354483,1.3261782565696505,3.5470091879150387,2072.1779813273947
FAT_020,FAT_DON_19,Allogenic,428127,5852.016678997084,5533.593821772395,-0.0807171305732817,2.9758294556367475,46038.32170860429
FAT_020,FAT_DON_19,Allogenic,428128,735.9748602685326,2872.203240364882,1.9644294474464064,3.2127253652522922,6823.224841506974
FAT_020,FAT_DON_19,Allogenic,435590,6369.232160909555,101836.34587620522,3.998989288118002,2.430755285638217,34341.34752226662
FAT_020,FAT_DON_19,Allogenic,435591,2982.1213398947066,21017.35436564578,2.817170210430635,3.5409191365518664,34709.48603578964
FAT_020,FAT_DON_19,Allogenic,445970,56850.6017202125,161352.7658942942,1.5049707844462656,1.6806347855172639,182245.38853784607
FAT_020,FAT_DON_19,Allogenic,445972,6977.529614479569,7476.695117230138,0.0996843619075981,1.7338205715653272,23207.784738903974
FAT_020,FAT_DON_19,Allogenic,445973,461.91571340610665,1888.7287997085573,2.031714032154586,4.521944217941037,10612.15499979633
FAT_020,FAT_DON_19,Allogenic,445975,1077.5322539843155,1223.8581060737772,0.183705247444055,0.4949290294923101,1518.5138677738673
FAT_020,FAT_DON_19,Allogenic,449673,1933.865433943172,12083.571752680884,2.643487645356545,2.6302113137692333,11972.883349444768
FAT_020,FAT_DON_19,Allogenic,451640,154.5140590619019,1684.593464790562,3.4465904560098144,3.025278905014105,1257.9625065227017
FAT_020,FAT_DON_19,Allogenic,457387,1932.238970163573,5715.312425986778,1.5645588342270516,2.813472130212404,13583.145101206377
FAT_020,FAT_DON_19,Allogenic,457388,3458.6752273172037,22032.78457134768,2.6713603839808613,3.47071788236141,38344.225704709854
FAT_020,FAT_DON_19,Allogenic,457390,498.5111484470834,1389.3603519068251,1.4787231591418637,4.55412276363817,11711.227858874718
FAT_020,FAT_DON_19,Allogenic,457391,4049.894811201428,23019.12072230659,2.506876384711584,2.966892683158857,31664.12088494687
FAT_020,FAT_DON_19,Allogenic,457392,185.41687087428224,861.8517527963039,2.2166672133921543,2.9693259708097868,1452.1297791730728
FAT_020,FAT_DON_19,Allogenic,457393,5337.24089275401,23438.83823335294,2.1347350301105434,3.3899081124629267,55947.51858560107
FAT_020,FAT_DON_19,Allogenic,457394,7171.078804251845,105401.08300979657,3.877555708992472,2.509216857771595,40825.737128925975
FAT_020,FAT_DON_19,Allogenic,457395,3730.2946785102313,27745.235287031872,2.8948785301905287,3.334421171123607,37627.37584210183
FAT_020,FAT_DON_19,Allogenic,457412,17811.404850388288,212023.16241536432,3.573348663589744,0.7861508010151178,30715.185846522247
FAT_020,FAT_DON_19,Allogenic,457421,2388.462060341083,2850.7404130954665,0.2552547137930507,1.39340766225608,6274.45269868935
FAT_020,FAT_DON_19,Allogenic,457424,2198.979030017804,11465.91927903882,2.38244627600866,3.2357122652324337,20714.170041196096
FAT_020,FAT_DON_19,Allogenic,469585,662.7839901865791,3326.7382267593907,2.327497689177769,3.374475477946413,6873.696426392401
FAT_020,FAT_DON_19,Allogenic,469588,728.6557732603374,2379.5121166025237,1.7073564686431173,3.310572984912446,7229.432073661133
FAT_020,FAT_DON_19,Allogenic,469589,680.6750917621677,10434.272714955585,3.938219918153455,2.988517912102552,5402.2340097980505
FAT_020,FAT_DON_19,Allogenic,469590,1715.1060555871109,5788.762990419889,1.754957299558748,3.175186720979421,15492.354467895666
FAT_020,FAT_DON_19,Allogenic,469591,3069.9503839930503,41365.0685204858,3.7521257276436906,2.4234671567585626,16469.016483788815
FAT_020,FAT_DON_19,Allogenic,469592,1684.2032437747305,17472.649204172547,3.374960212922513,3.3124812728137822,16732.110447354917
FAT_020,FAT_DON_19,Allogenic,469593,5902.437056164652,95910.22079126108,4.022301909328237,2.692159039409217,38146.26209534698
FAT_020,FAT_DON_19,Allogenic,469596,1264.575588638197,8166.36730015402,2.6910411822593225,3.1470387155957154,11202.058719620345
FAT_020,FAT_DON_19,Allogenic,470145,2822.7278894940077,11802.64719131009,2.063948509926984,1.5882249662908337,8487.355023500553
FAT_020,FAT_DON_19,Allogenic,470146,29177.13374222587,178491.07194478094,2.6129418429012192,0.7936423383264913,50576.966273288635
FAT_020,FAT_DON_19,Allogenic,471870,740.04101971753,2309.8771659061977,1.6421389892078622,4.660317880292192,18713.338099666766
FAT_020,FAT_DON_19,Allogenic,471875,13491.517051773431,117787.99605455188,3.1260680333515585,0.8663685908947572,24595.95669674505
FAT_020,FAT_DON_19,Allogenic,476272,7589.89322749858,8855.562531360803,0.2225043637655553,0.5854001618810762,11388.294111159981
FAT_020,FAT_DON_19,Allogenic,478749,2430.7501186106565,4175.712283194046,0.7806207183351223,0.801975978328226,4237.982322967803
FAT_020,FAT_DON_19,Allogenic,483215,16729.806436954976,7772.405181830973,-1.1059877366942727,0.42071719125109375,22394.398934864505
FAT_020,FAT_DON_19,Allogenic,483216,3235.036457622346,21172.363673702668,2.710328464156408,2.82545406038752,22931.13773509654
FAT_020,FAT_DON_19,Allogenic,483217,1533.755344161826,21072.68076482916,3.780233582652184,3.975155343905805,24121.098654120266
FAT_020,FAT_DON_19,Allogenic,483218,26074.65408264084,43493.70403389471,0.7381584641232669,-0.05801971575105317,25046.83650081437
FAT_020,FAT_DON_19,Allogenic,484018,128434.52558792222,164879.8238422348,0.3603817907722619,0.25145604520253084,152889.4780615267
FAT_020,FAT_DON_19,Allogenic,484020,171.59192874769104,10333.63590264788,5.912222453654907,2.534030733669462,993.8391863113435
FAT_020,FAT_DON_19,Allogenic,500632,15228.58036838513,25306.10420579208,0.7327039683827846,0.2529790269415515,18147.37004271373
FAT_020,FAT_DON_19,Allogenic,511680,12682.351321422946,19318.452349342275,0.6071572733405932,0.10365461375207495,13627.083830401756
FAT_020,FAT_DON_19,Allogenic,515619,880125.9053587196,1523527.8238299608,0.7916340212254056,-3.033488763407696,107491.39392947826
FAT_020,FAT_DON_19,Allogenic,515620,5692.623228596384,30627.45451345581,2.427659945778044,1.02189948680883,11559.387927036198
FAT_020,FAT_DON_19,Allogenic,518635,964.4930213021876,845.1584426978696,-0.1905489692986887,3.9450133421268947,14854.787340748793
FAT_020,FAT_DON_19,Allogenic,518636,7277.612181815579,9511.848094087818,0.386260502017383,1.6221867414906255,22403.495092585003
FAT_020,FAT_DON_19,Allogenic,518637,4135.284159630374,162136.8745172035,5.293081958816662,2.489250578491725,23219.050103655776
FAT_020,FAT_DON_19,Allogenic,525259,3082.1488623400423,5102.429469515694,0.7272477919799938,0.7365051201796454,5135.2754510266295
FAT_020,FAT_DON_19,Allogenic,525362,48101.85304974965,5923.7403263586575,-3.021512167659491,0.6256365456250996,74215.93681377133
FAT_020,FAT_DON_19,Allogenic,536231,31526.560671856576,67391.36981909604,1.095996060181017,-1.000580455080265,15756.939400764626
FAT_020,FAT_DON_19,Allogenic,537006,694.5000338887589,4959.820906103356,2.836241357640924,1.6970190087325878,2251.7796818320835
FAT_020,FAT_DON_19,Allogenic,537007,2916.249556820948,9759.86298697884,1.7427467118117146,2.686376074652537,18771.737128544144
FAT_020,FAT_DON_19,Allogenic,537011,4291385.647341165,468647.5107517252,-3.194868430469304,-2.90418554133888,573258.6062374454
FAT_020,FAT_DON_19,Allogenic,537012,180.53747953548532,1630.6979207584743,3.175119277775585,5.683629229104927,9279.194055825488
FAT_020,FAT_DON_19,Allogenic,537013,4322.327494284255,5185.419068290767,0.262652201041221,0.24735655075024568,5130.732952670887
FAT_020,FAT_DON_19,Allogenic,537937,5270.555877790453,3758.856482450288,-0.4876612961713964,-0.36930012747676605,4080.2427920721416
FAT_020,FAT_DON_19,Allogenic,545696,9294.427268518297,7449.508869355544,-0.3192206528149977,0.8853252215037101,17168.489250210056
FAT_020,FAT_DON_19,Allogenic,547042,6479.831697922285,7109.919246781684,0.1338768318954817,0.7920913869356915,11220.365205608776
FAT_020,FAT_DON_19,Allogenic,547043,883.1698323222392,1033.554370951627,0.2268514869816083,2.4620729971604676,4866.335525511392
FAT_020,FAT_DON_19,Allogenic,548480,5425.069936852355,3896.218576974547,-0.4775671215102973,-0.16701828112555606,4832.010048794465
FAT_020,FAT_DON_19,Allogenic,552396,6518.86682863266,11422.993624499988,0.8092476790079931,1.6330834724109264,20219.910071195936
FAT_020,FAT_DON_19,Allogenic,552398,37016.68915989289,32850.049515133054,-0.1722803185717655,0.7350896813169336,61614.31373576162
FAT_020,FAT_DON_19,Allogenic,553174,3156.9661962015957,541.3401989063668,-2.54393138384309,-0.3937963814101497,2402.843074097462
FAT_020,FAT_DON_19,Allogenic,556258,714.0175992439466,2483.487590929914,1.7983359985471878,3.372599358681262,7395.413926891623
FAT_020,FAT_DON_19,Allogenic,556259,422.88058269573145,697.3034103974522,0.7215362196162792,4.6979177733139235,10975.691994564386
FAT_020,FAT_DON_19,Allogenic,556268,875.8507453140438,323.85021590962384,-1.4353583336071791,-0.173967918920152,776.3553354243659
FAT_020,FAT_DON_19,Allogenic,563192,42411.669516822665,40360.60820427716,-0.0715133601646794,0.1610307877447222,47419.88167279954
FAT_020,FAT_DON_19,Allogenic,563193,2107.083826470462,19664.242344238413,3.222254985472522,3.404345889294332,22309.613262903727
FAT_020,FAT_DON_19,Allogenic,565040,4854.181150213118,3629.1256153996,-0.4196059546725934,-0.147905236588193,4381.18978826554
FAT_020,FAT_DON_19,Allogenic,565042,5847.950519548087,4135.171387240705,-0.4999839795687954,-0.19536795966115958,5107.308284400246
FAT_020,FAT_DON_19,Allogenic,566550,5736.537750645557,4722.298950988492,-0.2806908944672563,1.6647523668343553,18188.222303362116
FAT_020,FAT_DON_19,Allogenic,566552,978.3179634287789,1277.2766983887668,0.3846957548405305,3.5130489312937545,11168.970207078295
FAT_020,FAT_DON_19,Allogenic,568816,10315.033290216648,73602.71203086487,2.8350104487709364,3.0541300894373062,85675.25417016575
FAT_020,FAT_DON_19,Allogenic,585394,36155.47658859525,46597.22885705218,0.3660299667012891,1.1444854425909554,79927.92499961116
FAT_020,FAT_DON_19,Allogenic,585543,5248.598616765867,24428.513046331536,2.218561872320476,3.22841780221173,49191.94094272417
FAT_020,FAT_DON_19,Allogenic,585544,2554.361365860178,5467.297533095756,1.097865252118999,2.4621323154491326,14075.311572597131
FAT_020,FAT_DON_19,Allogenic,591001,7084.062992043301,8392.919365775628,0.2445956796081375,0.38012484793427903,9219.5854880426
FAT_020,FAT_DON_19,Allogenic,622312,78159.71692862836,153613.74733266007,0.9748101853195318,0.10532618938293577,84079.34507636861
FAT_020,FAT_DON_19,Allogenic,626939,3857.97208520875,5779.700907795025,0.583152132373235,2.5729505458361466,22955.90255698071
FAT_020,FAT_DON_19,Allogenic,645463,2118.4690729276545,1980.3035293913963,-0.097300492115693,2.6174629260708455,13000.407977233988
FAT_020,FAT_DON_19,Allogenic,649757,2941.459745404732,24870.1703363644,3.079812190775087,2.91401322385959,22170.13294892586
FAT_020,FAT_DON_19,Allogenic,657308,4463.016611219566,3308.1371097925644,-0.4320001462586808,0.8522741323503767,8057.282328133043
FAT_020,FAT_DON_19,Allogenic,657309,1166.1745299724594,6241.867121663104,2.4201939263539867,3.4649133329204758,12876.753957467068
FAT_020,FAT_DON_19,Allogenic,657313,27146.49371339656,133218.81495782736,2.294960079384066,1.457941910298424,74575.81191647459
FAT_020,FAT_DON_19,Allogenic,657314,9740.078344128417,46239.038117511496,2.2471061048902548,0.8699313232217727,17800.732446639377
FAT_020,FAT_DON_19,Allogenic,657317,954154.4042871668,1637308.9485091711,0.7790319220378886,-2.82902040515793,134276.08150037721
FAT_020,FAT_DON_19,Allogenic,657319,8417.763291314455,34706.34559807894,2.043690618128204,2.5734407904372905,50104.82840683383
FAT_020,FAT_DON_19,Allogenic,657321,29259.270163095614,819847.5689749066,4.80839001129955,1.1645393439194753,65588.05657759226
FAT_020,FAT_DON_19,Allogenic,657322,760201.8514975491,195501.07798336836,-1.959205976432806,-3.5371329432328853,65485.59961243431
FAT_020,FAT_DON_19,Allogenic,657323,16995.733264919407,239431.66979012493,3.816369479104072,1.9403539738679307,65229.59091816657
FAT_020,FAT_DON_19,Allogenic,658089,2259.971421752765,28181.64610817665,3.640379448449565,2.791714184472909,15649.218566065214
FAT_020,FAT_DON_19,Allogenic,658659,3246.4217040795384,2932.7761084363437,-0.1465834771644766,2.464796356250777,17921.83892098837
FAT_020,FAT_DON_19,Allogenic,665951,9644.116981132076,46434.11136980463,2.2674639699367587,2.022232207425214,39175.54277168531
FAT_020,FAT_DON_19,Allogenic,665953,3144.7677178546032,16867.874426892133,2.423252822316021,1.813249315681557,11051.748830489529
FAT_020,FAT_DON_19,Allogenic,679189,2517.765930819201,532.2781162815025,-2.2418920076229263,-0.5584232531530441,1709.6735903315498
FAT_020,FAT_DON_19,Allogenic,679935,3248.0481678591373,7087.0255643609735,1.1256072256038945,1.5601583098518514,9578.045821030993
FAT_020,FAT_DON_19,Allogenic,702443,38641.52647571226,9056.83615597621,-2.093073023174317,1.4528580918464058,105781.11472696255
FAT_020,FAT_DON_19,Allogenic,702444,554.6241488432478,2043.2611560483483,1.88129127241838,3.5853637387031974,6657.341048233768
FAT_020,FAT_DON_19,Allogenic,702447,612.363613019011,2140.5593063363654,1.8055273426291616,3.684061363820174,7870.863000148058
FAT_020,FAT_DON_19,Allogenic,709991,3201.693950140567,47852.08882473734,3.90167458980016,2.754772377621145,21609.70967758739
FAT_020,FAT_DON_19,Allogenic,717959,17214.49264327547,27325.517775985525,0.6666251714915725,2.7558003028975264,116271.36757967586
FAT_020,FAT_DON_19,Allogenic,717960,13770.455589974654,13372.772243997104,-0.0422777167592766,2.508088705046493,78335.4316690826
FAT_020,FAT_DON_19,Allogenic,717962,15474.989630994372,60746.00154476793,1.9728510072494705,1.6666977498367874,49131.088167168935
FAT_020,FAT_DON_19,Allogenic,718252,203312.0386093199,213936.692704362,0.0734882999402071,0.047750599937361,210153.90191848544
FAT_020,FAT_DON_19,Allogenic,742725,13039.36012104492,60066.34534790311,2.20368381368355,0.15764448712528076,14544.942178751557
FAT_020,FAT_DON_19,Allogenic,742726,1626.463779598967,4902.109748334483,1.5916640888353646,2.9528565549735166,12593.394033777917
FAT_020,FAT_DON_19,Allogenic,742727,792.9010925544965,3855.200729304109,2.281593160377692,3.6041270608428158,9642.049789845067
FAT_020,FAT_DON_19,Allogenic,742733,5116.85505061835,4987.484105695046,-0.0369451218054983,0.585203960447434,7676.567273437661
FAT_020,FAT_DON_19,Allogenic,742740,9801.883967753176,14944.80510355251,0.6085131091336323,1.7665242659733387,33349.27133702223
FAT_020,FAT_DON_19,Allogenic,742741,2918.6892524903465,3150.743043150185,0.1103714831617443,2.7051645285675527,19033.71338141805
FAT_020,FAT_DON_19,Allogenic,742742,2150.1851166298347,782.2008160409176,-1.4588499253099496,-0.1777484074168486,1900.9392986836533
FAT_020,FAT_DON_19,Allogenic,742817,119.54508780052409,607.1595358659075,2.34452079575729,3.8195785135359994,1687.871727693058
FAT_020,FAT_DON_19,Allogenic,742818,343.1838574953821,464.07402073647137,0.4353732427662231,1.5005853317965199,971.0644327172271
FAT_020,FAT_DON_19,Allogenic,742821,1289.7857772219809,9260.017587460012,2.8438834677841585,2.8219323666656346,9120.189698094071
FAT_020,FAT_DON_19,Allogenic,748224,324206.2781150213,346754.8682198269,0.0970041089258427,-0.5838782936551887,216300.0103958894
FAT_020,FAT_DON_19,Allogenic,752555,3330.184588728885,409.2245732701875,-3.024637462336529,0.4110957646166931,4428.1310257702835
FAT_020,FAT_DON_19,Allogenic,759350,2041.212043396704,1900.1756409189124,-0.1032932800777567,0.89950102187477,3807.719172791126
FAT_020,FAT_DON_19,Allogenic,762967,3018.716774935683,5722.466701743251,0.9227017577348284,-0.4820985589713536,2161.2063803795077
FAT_020,FAT_DON_19,Allogenic,762968,25266.301584180157,58049.31653629516,1.200064579350217,0.0627046006264303,26388.678456673213
FAT_020,FAT_DON_19,Allogenic,762982,9606.7083142013,13055.122400409757,0.4425018946780483,0.18912017483748556,10952.302992996958
FAT_020,FAT_DON_19,Allogenic,762984,705.8852803459516,9633.47078194784,3.7705500286093714,4.668984042279984,17957.189749136716
FAT_020,FAT_DON_19,Allogenic,763034,984.0105866573753,4213.391468844797,2.0982362215704926,2.7179409732279165,6474.131707279709
FAT_020,FAT_DON_19,Allogenic,767031,1678.510620546134,413.51713872407055,-2.0211626355091226,-0.39953437082932747,1272.483804615558
FAT_020,FAT_DON_19,Allogenic,862962,266.7400598542306,1128.4677626541534,2.080858790414001,3.114475919259357,2310.1432808686454
FAT_020,FAT_DON_19,Allogenic,866771,3437.531198182417,1118.4517765950927,-1.6198697529357573,1.5819647690946248,10291.18762079596
FAT_020,FAT_DON_19,Allogenic,868129,3518.8543871623656,960.5807582356148,-1.87312700072281,-0.40646882563995396,2654.862217764369
FAT_020,FAT_DON_19,Allogenic,873513,1473.576184316664,491.2602686110641,-1.584762181283358,-0.15577005578374284,1322.760247434543
FAT_020,FAT_DON_19,Allogenic,890402,5174.594514794114,3583.33825055818,-0.5301415826320269,-0.11211858218669342,4787.681678609252
FAT_020,FAT_DON_19,Allogenic,903814,313.9075094626006,3198.9151665770946,3.349171286138982,2.953823928153658,2432.1553398425735
FAT_020,FAT_DON_19,Allogenic,904306,19.517565355187603,3456.946045527178,7.468581176017375,4.126896912221147,340.9929514097743
FAT_020,FAT_DON_19,Allogenic,997884,548.1182937248519,1345.4807939337982,1.2955626060960097,1.2979221022669143,1347.683098750788
FAT_020,FAT_DON_19,Allogenic,999410,5088.3919344753685,6186.063770762624,0.2818119071320202,1.1446519983536338,11250.067848377046
FAT_020,FAT_DON_19,Allogenic,999412,4139.350319079371,3920.066162829453,-0.0785263467240005,0.6452454396757394,6473.966008614539
FAT_020,FAT_DON_19,Allogenic,999413,3000.012441470295,8383.380331433666,1.4825635983265817,2.8381373533786287,21452.975213607886
FAT_020,FAT_DON_19,Allogenic,1002367,16538.696942852097,5673.8176265992415,-1.5434538874271693,0.36550995929279606,21307.414315358183
FAT_020,FAT_DON_19,Allogenic,1042156,1129.5790949314826,1664.5614926724406,0.5593568738079185,3.1960622438304345,10352.07118495035
FAT_020,FAT_DON_19,Allogenic,1064535,1510.1716193576408,983.4744406563244,-0.6187530458750159,0.05743349165651061,1571.5040625342856
FAT_020,FAT_DON_19,Allogenic,1077285,799.4069476728923,1254.8599676851552,0.650524363517605,2.5342316768661384,4630.710907612162
FAT_020,FAT_DON_19,Allogenic,1121100,8611.312481086732,35925.434186981736,2.0607005470564435,0.7487707735489912,14470.109300684066
FAT_020,FAT_DON_19,Allogenic,1121101,822.1774405872779,12329.201886986417,3.9064858148789408,3.3294977106130177,8265.026255957231
FAT_020,FAT_DON_19,Allogenic,1121114,1771.2190559832752,4902.586700051582,1.4688004952457905,1.0666225596500787,3709.8611930812153
FAT_020,FAT_DON_19,Allogenic,1121115,15314.782948703874,166729.4426011413,3.444512065670696,1.4659142359515074,42305.321728026756
FAT_020,FAT_DON_19,Allogenic,1121130,210.62705945806624,10098.498706118507,5.583306227682709,4.331570719549513,4240.791098058857
FAT_020,FAT_DON_19,Allogenic,1121333,455.4098582877108,2013.213197871167,2.1442625337050187,4.209921569557398,8427.817049692916
FAT_020,FAT_DON_19,Allogenic,1122975,4018.178767499248,986.8131026760116,-2.0256929738952048,-0.6494859097196718,2561.61887052993
FAT_020,FAT_DON_19,Allogenic,1122978,9115.516252762412,865.1904148159907,-3.3972347775822924,0.06260454545661473,9519.784465935767
FAT_020,FAT_DON_19,Allogenic,1122988,879.9169047630412,171.2256664382253,-2.361468313311468,0.5840268964119819,1319.0196802994956
FAT_020,FAT_DON_19,Allogenic,1122992,1067.7734713067218,390.6234563033608,-1.4507551225595814,0.04358081338959538,1100.520808963041
FAT_020,FAT_DON_19,Allogenic,1122993,1251.5638784014052,194.11934885893507,-2.6887160953696667,-0.20146649460926255,1088.442678541715
FAT_020,FAT_DON_19,Allogenic,1123263,459.4760177367082,1183.317210120437,1.3647753992821774,3.999219727135448,7347.641281724253
FAT_020,FAT_DON_19,Allogenic,1123313,940.096064608203,918.6090071309802,-0.0333572579649231,0.9579735496552417,1826.2112261357952
FAT_020,FAT_DON_19,Allogenic,1150460,979.9444272083776,859.4669942108133,-0.1892576986114888,2.9183524701136783,7408.206488579913
FAT_020,FAT_DON_19,Allogenic,1160721,2007.0563040251252,104973.25731955956,5.708796938453671,2.3353588980641864,10129.141425417643
FAT_020,FAT_DON_19,Allogenic,1203465,175.65808819668845,1048.816825898767,2.577920823383796,5.379925515498021,7314.541467171718
FAT_020,FAT_DON_19,Allogenic,1203606,5773.946417576333,5257.915729289682,-0.1350666998828187,1.3629944464359827,14851.65874357785
FAT_020,FAT_DON_19,Allogenic,1203610,357.0087996219733,1851.049614057806,2.3743120249423866,5.305835272093123,14121.944155614292
FAT_020,FAT_DON_19,Allogenic,1203611,3505.8426769255734,5876.999058083042,0.745318409828485,3.5328294720371,40577.01206301011
FAT_020,FAT_DON_19,Allogenic,1235789,474.9274236428984,7293.545657864459,3.940841362646928,5.233737745840532,17870.606771784016
FAT_020,FAT_DON_19,Allogenic,1235815,2190.033479230009,327.1888779293107,-2.742757311636563,-0.4550519966955009,1597.5941198747873
FAT_020,FAT_DON_19,Allogenic,1256908,18982.458771699545,51462.13637145301,1.4388444748198117,1.0887670163209349,40374.20608586156
FAT_020,FAT_DON_19,Allogenic,1280705,1471.949720537065,139.7468531097493,-3.396840690856024,-0.09189660316829708,1381.113407768114
FAT_020,FAT_DON_19,Allogenic,1322347,6826.268482976865,4373.170294072667,-0.6424176289936894,-0.06004723124820721,6547.980051968252
FAT_020,FAT_DON_19,Allogenic,1384484,816.4848173586815,1514.321701786533,0.8911737592884149,2.9268630585292748,6209.000391124439
FAT_020,FAT_DON_19,Allogenic,1408437,5526.72392307729,9312.959228057902,0.7528151151634398,2.8214765932705768,39067.61123890615
FAT_020,FAT_DON_19,Allogenic,1410647,4554.911814766907,2948.038563383483,-0.6276677265489915,2.0984247086097327,19506.02399765689
FAT_020,FAT_DON_19,Allogenic,1410665,814.8583535790825,746.9063889756568,-0.1256218592118713,0.041154738686436564,838.4379605654059
FAT_020,FAT_DON_19,Allogenic,1437612,52281.0517314292,32615.86622203788,-0.6807142193811844,0.8256579622047652,92659.96427539432
FAT_020,FAT_DON_19,Allogenic,1899017,705104.5777317442,190.78068683924823,-11.85170640020637,-3.0445797994544215,85456.2223089911
FAT_012,FAT_DON_8,Allogenic,561,1928.9643458317876,125.12398104158312,-3.946396251958548,1.2373159151975834,4547.716726211635
FAT_012,FAT_DON_8,Allogenic,818,8877.545796067418,6689.599508150726,-0.4082410551892315,0.4658798730317275,12261.30618196223
FAT_012,FAT_DON_8,Allogenic,904,1608.34095591865,2969.427810950613,0.8846116808412863,0.1789848041196292,1820.7818520523235
FAT_012,FAT_DON_8,Allogenic,195103,2408.2669287161925,27.20086544382241,-6.468198942792747,0.22465453272361435,2814.0536617020207
FAT_012,FAT_DON_8,Allogenic,205913,4537.049517548835,30213.814639483146,2.735382032234833,0.18463540494353772,5156.4915968585365
FAT_012,FAT_DON_8,Allogenic,206672,4922.972986874017,30562.892412678862,2.634179355273815,0.032925599804690744,5036.618378815383
FAT_012,FAT_DON_8,Allogenic,213810,6751.375210411256,965.6307232556956,-2.8056379156811206,0.0425061590787271,6953.2504669652435
FAT_012,FAT_DON_8,Allogenic,218495,660.1838028557675,17.22721478108753,-5.260106366431357,1.0116246940791433,1331.0496093118022
FAT_012,FAT_DON_8,Allogenic,226185,1520.8388495065108,437.0272381307468,-1.7990721859528322,0.5544349485050432,2233.4937838583787
FAT_012,FAT_DON_8,Allogenic,226186,4695.075709725982,2746.38071431127,-0.7736167905032156,0.1889569006536026,5352.100930289149
FAT_012,FAT_DON_8,Allogenic,264199,396246.1058786375,32939.34135695415,-3.588513144327844,-0.8709698100184501,216659.1171172917
FAT_012,FAT_DON_8,Allogenic,272559,1296.2065763290786,4517.157054704109,1.8011194162385884,-0.16733670131770684,1154.2525802319346
FAT_012,FAT_DON_8,Allogenic,272623,515.2176265610292,88.8561604498199,-2.535638243870178,0.7326685743507453,856.1422513737039
FAT_012,FAT_DON_8,Allogenic,295405,2252.1997389214066,4873.488392018183,1.1136200279314037,0.9675506132116886,4404.216510786453
FAT_012,FAT_DON_8,Allogenic,326426,160.6381953536289,1650.1858369252266,3.3607416317748906,2.6222475072382254,989.0630379876185
FAT_012,FAT_DON_8,Allogenic,334413,820.8219982093963,19.94730132546977,-5.362803913755139,0.5963137113549858,1240.9586227032564
FAT_012,FAT_DON_8,Allogenic,339860,0.6530007941204427,231.20735627249053,8.46788683888693,3.135425960221531,5.738137788405188
FAT_012,FAT_DON_8,Allogenic,347253,45604.92246057759,12023.6892216843,-1.923309927766792,0.17166809086126558,51367.56348029047
FAT_012,FAT_DON_8,Allogenic,349741,374.82245582513406,979.2311559776068,1.3854420724032153,0.2832824344209442,456.14415249262527
FAT_012,FAT_DON_8,Allogenic,367928,102598.1787706157,205879.72376223264,1.0047966301673383,0.594755076482703,154945.42934601262
FAT_012,FAT_DON_8,Allogenic,391904,1219.1524826228665,6597.116565641729,2.435957017453356,0.235127648152757,1434.955728265656
FAT_012,FAT_DON_8,Allogenic,398513,170.43320726543553,1036.3529734096342,2.604237093672666,2.5679931287698894,1010.6416151147419
FAT_012,FAT_DON_8,Allogenic,409438,2588.4951478934345,649.1939885925616,-1.99539206789416,1.1915155848786705,5911.93004654509
FAT_012,FAT_DON_8,Allogenic,411459,159237.50865024052,62241.92700406924,-1.3552215732116026,-0.25245420807712604,133674.65904561663
FAT_012,FAT_DON_8,Allogenic,411460,5295.83644031679,10656.39238537483,1.0087886399180712,0.2435506014882435,6269.755428574218
FAT_012,FAT_DON_8,Allogenic,411461,124915.78691127009,68937.87338082353,-0.8575871171400115,-0.9868816987666186,63028.40756591575
FAT_012,FAT_DON_8,Allogenic,411462,181877.6991831904,140957.60481643214,-0.3677073437331409,0.1557555652911756,202612.64624275916
FAT_012,FAT_DON_8,Allogenic,411463,66199.26150554811,23391.83758617248,-1.5008099234095844,-0.29680116924754296,53889.86429325137
FAT_012,FAT_DON_8,Allogenic,411464,19595.247829966243,60853.77617091951,1.6348429700733391,-0.10555625637837208,18212.734690767138
FAT_012,FAT_DON_8,Allogenic,411466,3898.4147408990425,5992.350657274079,0.6202344662979442,-0.011527554648115203,3867.3893846650494
FAT_012,FAT_DON_8,Allogenic,411467,38056.88628133939,15196.216827948789,-1.3244453263370888,0.8848020930791379,70272.47064519205
FAT_012,FAT_DON_8,Allogenic,411468,7794.870479415723,4693.962680088955,-0.7317186795258942,0.2617913068387059,9345.78830119372
FAT_012,FAT_DON_8,Allogenic,411469,215388.39393586328,106943.829274447,-1.010087272786273,-0.4130728385913544,161761.4320860398
FAT_012,FAT_DON_8,Allogenic,411470,21038.37958497242,15392.969754659103,-0.4507519932176073,0.7272884485881709,34829.55495189746
FAT_012,FAT_DON_8,Allogenic,411471,63143.87078985856,32107.901569887978,-0.975714322188006,-0.08667988371460739,59461.786891928554
FAT_012,FAT_DON_8,Allogenic,411473,14691.21186612172,12769.899630359829,-0.2022062218414947,0.6077753531498158,22388.048228183794
FAT_012,FAT_DON_8,Allogenic,411474,14769.571961416172,12198.68145603956,-0.2759027991349735,0.30905937098795033,18298.01799100889
FAT_012,FAT_DON_8,Allogenic,411475,21543.149198827523,9831.299466912214,-1.131775135197712,0.3224133316262041,26937.995313230695
FAT_012,FAT_DON_8,Allogenic,411476,6763.782225499545,1553.16941684226,-2.122615005018777,0.004837860025978624,6786.501619851287
FAT_012,FAT_DON_8,Allogenic,411477,26103.706744964693,9827.672684853038,-1.409332971073385,-0.06987670164192472,24869.508289627334
FAT_012,FAT_DON_8,Allogenic,411479,46141.03611255047,18167.458029928992,-1.3446938271460875,0.6088190311150123,70365.55748831136
FAT_012,FAT_DON_8,Allogenic,411483,292446.4056468402,666282.4789598857,1.1879616984214958,-0.3082693294209028,236182.6401791872
FAT_012,FAT_DON_8,Allogenic,411484,94086.31341925576,23703.740843261643,-1.988870113464487,0.02860607397757887,95970.49575504701
FAT_012,FAT_DON_8,Allogenic,411485,152303.29321747556,211577.39837719867,0.4742383834802974,0.2376973731607523,179582.21887448156
FAT_012,FAT_DON_8,Allogenic,411486,65217.14831119096,86180.50198566256,0.4021101428090184,-0.03295564356559668,63744.272307043706
FAT_012,FAT_DON_8,Allogenic,411487,141155.91666104548,40110.396183460536,-1.8152414804453405,-0.5580706183166005,95874.49531878077
FAT_012,FAT_DON_8,Allogenic,411489,19615.49085458397,30778.685945199857,0.6499382014341482,-0.1458027630177932,17729.977121373788
FAT_012,FAT_DON_8,Allogenic,411490,4123.047014076475,4036.608431863246,-0.0305672659429535,0.1552961357571436,4591.632086134882
FAT_012,FAT_DON_8,Allogenic,411901,1377.831675594134,304.64969297081103,-2.177176458787715,-0.25982446559481326,1150.7505919571315
FAT_012,FAT_DON_8,Allogenic,411902,11450.36892490196,10622.844651327448,-0.1082239302327359,-0.44988686457402643,8382.818028761008
FAT_012,FAT_DON_8,Allogenic,411903,247157.53557061692,244961.02053640192,-0.0128786949869998,-0.37439967228603843,190663.83513435582
FAT_012,FAT_DON_8,Allogenic,420247,9223.636216951252,1817.017811647337,-2.3437630518539945,0.25871241895062874,11035.254773500985
FAT_012,FAT_DON_8,Allogenic,428125,10017.68518260171,6376.789555546768,-0.6516470032456183,-0.257841129918597,8378.175726261017
FAT_012,FAT_DON_8,Allogenic,428126,2186.899659509362,355.4246417992796,-2.6212714145634357,1.0571343687293837,4550.488397782759
FAT_012,FAT_DON_8,Allogenic,428127,7158.194705148291,8730.5711119522,0.2864802450621326,0.2037300655360575,8243.893410070927
FAT_012,FAT_DON_8,Allogenic,428128,39747.50533731722,3562.4066776259424,-3.479940189434495,0.15912144513999046,44382.340835226314
FAT_012,FAT_DON_8,Allogenic,435590,130714.4339630596,26146.3785601169,-2.321735414587233,-0.5418720136875987,89785.00613747205
FAT_012,FAT_DON_8,Allogenic,435591,13892.591894912415,9153.997917361035,-0.6018419144500662,0.5665531483596593,20574.664871443547
FAT_012,FAT_DON_8,Allogenic,442563,105.7861286475117,124.21728552678904,0.2317154821039741,2.8216735340039873,747.8889139565273
FAT_012,FAT_DON_8,Allogenic,445970,108340.01475331676,70026.81469409121,-0.6295868220901376,-0.3577023047988061,84549.2514830215
FAT_012,FAT_DON_8,Allogenic,445972,13273.547142086238,12321.08535053676,-0.1074246122758448,0.17376101733099616,14972.498384153589
FAT_012,FAT_DON_8,Allogenic,445973,16321.754849040462,2473.4653643582515,-2.722190575518641,0.21974099244781978,19007.08340803045
FAT_012,FAT_DON_8,Allogenic,445975,2052.381495920551,2875.131477412029,0.4863290073331603,0.17957313590126675,2324.4220722710443
FAT_012,FAT_DON_8,Allogenic,449673,7376.94997117864,11301.959591908211,0.6154765794514429,0.46486283956909646,10181.564028959392
FAT_012,FAT_DON_8,Allogenic,451640,6925.073421647295,438369.1474926421,5.984173087367272,-0.045967098971779835,6707.905051678013
FAT_012,FAT_DON_8,Allogenic,457387,20865.334374530503,9317.203110023973,-1.1631391917564888,0.6753992019761341,33322.74484262639
FAT_012,FAT_DON_8,Allogenic,457388,16572.507153982715,8114.924857407021,-1.030142234765295,0.5548956600215951,24346.046843520813
FAT_012,FAT_DON_8,Allogenic,457390,9521.404579070171,2801.6891407137086,-1.7648775212784418,0.044141957405645534,9817.232413829128
FAT_012,FAT_DON_8,Allogenic,457391,36594.16450250961,6463.832324967,-2.5011519276700938,0.7434789791882617,61266.25157720095
FAT_012,FAT_DON_8,Allogenic,457392,619.0447528261797,3974.046441342455,2.6824931166544674,0.8010621008079544,1078.6132910061856
FAT_012,FAT_DON_8,Allogenic,457393,90997.61966306604,44285.72902908728,-1.0389869388281108,0.16484045036717163,102012.16205812868
FAT_012,FAT_DON_8,Allogenic,457394,78582.11556445407,17613.46707038981,-2.1575220880033807,-0.14132783405478258,71249.16832770225
FAT_012,FAT_DON_8,Allogenic,457395,36907.60488368742,6365.002513854444,-2.535685128001307,0.5604844062213192,54430.01838073288
FAT_012,FAT_DON_8,Allogenic,457400,5778.404027171798,702.6890239654124,-3.03971281206859,-0.20428660882234287,5015.46850485007
FAT_012,FAT_DON_8,Allogenic,457401,7141.869685295281,594.7922577049168,-3.585844036567447,0.2901866264664184,8733.067168358373
FAT_012,FAT_DON_8,Allogenic,457412,366595.2988200106,113493.79767331944,-1.6915748272486275,-1.081818468841489,173191.7028636663
FAT_012,FAT_DON_8,Allogenic,457421,4815.880856638264,5021.279760929618,0.0602554063710742,0.05373667567177158,4998.642591443297
FAT_012,FAT_DON_8,Allogenic,457424,10681.13398942808,3471.737126146534,-1.621335203811483,0.3102497896497999,13243.776892938147
FAT_012,FAT_DON_8,Allogenic,469585,2061.5235070382373,3176.154388323664,0.6235701295171499,-0.3607431352439175,1605.4389188423543
FAT_012,FAT_DON_8,Allogenic,469588,7880.413583445502,5442.8931753088655,-0.5338976264917329,0.23753225319227872,9290.804980560086
FAT_012,FAT_DON_8,Allogenic,469589,5013.087096462638,3206.075340311869,-0.644890971341099,-0.03955486044145449,4877.50867582518
FAT_012,FAT_DON_8,Allogenic,469590,11165.007577871327,3126.2861350099897,-1.8364624974129728,0.24973723151586413,13275.088342586061
FAT_012,FAT_DON_8,Allogenic,469591,17706.769533369923,11525.91338406235,-0.6194199440741371,0.4537046020122315,24250.351003868334
FAT_012,FAT_DON_8,Allogenic,469592,13710.404673352812,10807.81053634544,-0.3431968648331813,0.40215975305076573,18118.090400154517
FAT_012,FAT_DON_8,Allogenic,469593,87530.83844708062,20067.891828937383,-2.1249023231915247,0.25157388553657983,104205.91568627008
FAT_012,FAT_DON_8,Allogenic,469596,26195.779856935675,13440.85431130745,-0.9627095722832214,0.27887300428054657,31781.944969239805
FAT_012,FAT_DON_8,Allogenic,469610,2395.859913627904,1992.010046002595,-0.2663186327971943,-0.25213589335470526,2011.6895239556338
FAT_012,FAT_DON_8,Allogenic,470145,6554.168970586883,2326.580690961611,-1.4942016431269762,0.08539356610158177,6953.823420931564
FAT_012,FAT_DON_8,Allogenic,470146,217237.6921848124,199605.3907998576,-0.1221237575692812,-0.3899049501532408,165791.43668103043
FAT_012,FAT_DON_8,Allogenic,471870,5082.958181433525,1345.5361439544154,-1.9174872161322365,0.1228769363288017,5534.854138619055
FAT_012,FAT_DON_8,Allogenic,471872,6284.47964261514,347.26438216613286,-4.177686943223047,0.0545131891914853,6526.486272315127
FAT_012,FAT_DON_8,Allogenic,471875,32461.975477315445,15086.506670658706,-1.10549201409373,0.04351249947153001,33455.961281283664
FAT_012,FAT_DON_8,Allogenic,473819,853.4720379154185,1801.603987895838,1.0778661334823092,-0.06048789504034509,818.4282774247159
FAT_012,FAT_DON_8,Allogenic,476272,11104.278504018126,6970.675117736892,-0.6717453627933815,0.10830673408375009,11969.9936877368
FAT_012,FAT_DON_8,Allogenic,478749,3860.540694840057,2759.0744515183865,-0.4846185336034832,0.023257856649529184,3923.2812914810456
FAT_012,FAT_DON_8,Allogenic,479437,1478.393797888682,3023.8295418382586,1.0323462052681374,0.5746416442099108,2201.7829462612654
FAT_012,FAT_DON_8,Allogenic,483215,6812.104284264457,5014.932892326059,-0.4418701254870803,0.1125392448224589,7364.766400084001
FAT_012,FAT_DON_8,Allogenic,483216,4360.086302342195,11979.261141459392,1.458110331420618,0.28995297275813725,5330.64336270884
FAT_012,FAT_DON_8,Allogenic,483217,37558.64667542549,7064.064755760681,-2.410574607063247,0.73183464815889,62375.51095444953
FAT_012,FAT_DON_8,Allogenic,483218,55246.47918576593,70876.38839145326,0.3594225655356069,0.5523954497462791,81019.99384199838
FAT_012,FAT_DON_8,Allogenic,484018,5882.884154231067,4883.462042680917,-0.2686193437485621,0.12051663966441854,6395.425141177352
FAT_012,FAT_DON_8,Allogenic,484020,255.9763112952135,592.9788666753286,1.2119703834109463,2.3916941230778925,1343.2951537842835
FAT_012,FAT_DON_8,Allogenic,500632,33314.79451443674,35709.29615465007,0.1001367029796401,0.8691084484097881,60850.59811089982
FAT_012,FAT_DON_8,Allogenic,502558,320.6233899131373,1131.5560024630124,1.8193564065756276,1.7486392868146217,1077.4275553147118
FAT_012,FAT_DON_8,Allogenic,511145,7563.055197502966,735.3300624979993,-3.3625052752444087,1.266557742805667,18195.715670478286
FAT_012,FAT_DON_8,Allogenic,511680,25659.013204168677,35933.24994680421,0.4858537361051001,0.2858784228758977,31282.246265879374
FAT_012,FAT_DON_8,Allogenic,515619,613507.3060920383,1195225.0682073676,0.962129882341018,-2.650853360479918,97686.23318443747
FAT_012,FAT_DON_8,Allogenic,515620,144949.85127488527,15915.226371180495,-3.18707427063741,-1.4761625204416289,52101.30207191899
FAT_012,FAT_DON_8,Allogenic,518635,1507.1258328299814,3504.378164679121,1.2173585921947994,0.2556446341626238,1799.3109255071217
FAT_012,FAT_DON_8,Allogenic,518636,13730.647697970548,10844.078356937203,-0.3404922385407921,0.15735211204124716,15312.945249603561
FAT_012,FAT_DON_8,Allogenic,518637,119452.78226765843,47831.815187446926,-1.3203980102683597,0.6878133159275136,192419.3349157488
FAT_012,FAT_DON_8,Allogenic,521003,1343.2226335057503,1837.871808487601,0.4523376969700369,-0.03495911323339176,1311.0651078708902
FAT_012,FAT_DON_8,Allogenic,525259,2451.3649811281416,2044.598385860652,-0.2617678146600587,0.4322408093725084,3307.6947708532516
FAT_012,FAT_DON_8,Allogenic,525362,1877.3772830962723,1980.223004310272,0.0769443022288248,0.2281248158853175,2198.9936273684684
FAT_012,FAT_DON_8,Allogenic,536231,210298.2527456944,731111.2082676624,1.7976540055760994,-1.5730191598225056,70682.14384423272
FAT_012,FAT_DON_8,Allogenic,537006,1592.0159360656392,843.2268287584949,-0.9168621025967464,-0.27889229913936586,1312.1771268561554
FAT_012,FAT_DON_8,Allogenic,537007,20130.05548035089,19196.557439220272,-0.0685035359957294,0.6231826306912385,31005.706841025407
FAT_012,FAT_DON_8,Allogenic,537011,5730.081968406884,8303.51752448419,0.535166841622334,0.15895977531865607,6397.532414865926
FAT_012,FAT_DON_8,Allogenic,537012,26580.397324672616,1089.8480087824848,-4.608163815678927,0.24152351366074704,31424.421454954674
FAT_012,FAT_DON_8,Allogenic,537013,2099.397553097223,2820.7297465243846,0.4260930593471445,0.8619161773645486,3815.551412552065
FAT_012,FAT_DON_8,Allogenic,537937,6264.889618791526,37147.31524111347,2.567896950194247,-0.4529569448213143,4576.777465238965
FAT_012,FAT_DON_8,Allogenic,545696,21375.327994738567,14369.310518456588,-0.5729557189425499,0.029993258460395748,21824.36709072786
FAT_012,FAT_DON_8,Allogenic,545697,1517.5738455359087,86.13607390543766,-4.1390053430455085,0.6938176547303244,2454.7640744131318
FAT_012,FAT_DON_8,Allogenic,547042,8813.551718243614,3448.163042761888,-1.3538955266415391,0.3283622779259339,11066.183117282366
FAT_012,FAT_DON_8,Allogenic,547043,2712.5652987763187,11918.512541968188,2.1354744226888327,0.31907725086083566,3384.013018034275
FAT_012,FAT_DON_8,Allogenic,548480,6255.74760767384,31485.001751224445,2.331410535160647,-0.1869741202642115,5495.337877236874
FAT_012,FAT_DON_8,Allogenic,552396,10963.88333328223,4847.194222089154,-1.177537085553242,0.026139695117382598,11164.34472498284
FAT_012,FAT_DON_8,Allogenic,552398,59643.13353257887,38194.54856070064,-0.6429893162809254,0.18421100607763063,67766.25578700085
FAT_012,FAT_DON_8,Allogenic,552531,105.7861286475117,116.96372140843638,0.1449106545667016,2.8216735340039873,747.8889139565273
FAT_012,FAT_DON_8,Allogenic,555970,124.72315167700457,126.93737207117128,0.0253875909372896,2.6744967382997906,796.2525170569414
FAT_012,FAT_DON_8,Allogenic,556258,8143.572903476041,5536.282813332655,-0.5567442571106769,0.2841005880919452,9916.028982542157
FAT_012,FAT_DON_8,Allogenic,556259,3240.8429412197565,1494.2342083806448,-1.1169628100858295,0.6259752515401709,5001.442864551109
FAT_012,FAT_DON_8,Allogenic,556268,2017.772453832168,684.5551136695308,-1.5595248865512237,0.3964290128818149,2655.884674392016
FAT_012,FAT_DON_8,Allogenic,556270,1568.5079074773032,1757.1759076709282,0.1638658217375191,-0.12172714379792125,1441.5947463422974
FAT_012,FAT_DON_8,Allogenic,563192,11885.920454580297,22988.358082089115,0.9516497958560782,0.056987328354801046,12364.817612192282
FAT_012,FAT_DON_8,Allogenic,563193,11691.979218726525,10733.461504132323,-0.1234037547350998,0.210245118066041,13526.27216636509
FAT_012,FAT_DON_8,Allogenic,565040,5357.218514964111,34151.59326023384,2.6723968372528653,0.06233395881802437,5593.759013672258
FAT_012,FAT_DON_8,Allogenic,565042,5475.411658699912,33253.0580050729,2.6024476790244777,0.0680653279213543,5739.928488602453
FAT_012,FAT_DON_8,Allogenic,566550,6718.725170705235,11641.0637144412,0.7929634688667051,0.39311558860007184,8823.20684381187
FAT_012,FAT_DON_8,Allogenic,566552,3641.132428015588,6355.02886319171,0.8035114650928245,-0.15692315914890034,3265.8625042480026
FAT_012,FAT_DON_8,Allogenic,568816,1575.690916212628,16175.447983926397,3.359749196619988,0.3035878696371306,1944.7334596484075
FAT_012,FAT_DON_8,Allogenic,573236,127.33515485348632,119.68380795281864,-0.0894027923630852,2.6744967382997906,812.9279624403326
FAT_012,FAT_DON_8,Allogenic,580050,109.70413341223436,126.0306765563772,0.2001570519728192,3.0537032488943976,910.9179643046491
FAT_012,FAT_DON_8,Allogenic,585394,75208.06046123373,73900.21793329154,-0.0253086728312682,0.2561400037530371,89819.4131150383
FAT_012,FAT_DON_8,Allogenic,585543,124054.4788638252,105659.0417299838,-0.231557592639859,-0.181052055757185,109423.4362991835
FAT_012,FAT_DON_8,Allogenic,585544,12909.172698967031,4859.887959296271,-1.4094015874452304,0.5291161269007433,18628.51501633338
FAT_012,FAT_DON_8,Allogenic,586220,81.62509926505533,19.04060581067569,-2.099933459855255,2.4526945361071135,446.8464870385545
FAT_012,FAT_DON_8,Allogenic,591001,171.73920885367642,1322.8687560845633,2.9453785806536605,1.8928515974459632,637.7853894413515
FAT_012,FAT_DON_8,Allogenic,592028,116.88714214755922,1624.798362510992,3.79707254682142,2.8143537225281445,822.1889379080438
FAT_012,FAT_DON_8,Allogenic,622312,130440.82663032314,156441.24412257064,0.2622254255959295,-0.18200973426481654,114980.22464945712
FAT_012,FAT_DON_8,Allogenic,626939,83980.47312944777,16990.567251726272,-2.3053198965180823,0.11640443059859955,91037.33635159809
FAT_012,FAT_DON_8,Allogenic,633147,831.2700109153234,2197.829927860851,1.4026906815996654,0.5511002393418845,1217.9790430260098
FAT_012,FAT_DON_8,Allogenic,641112,7566.320201473569,415.2665457756889,-4.187482274718912,0.5744983262594411,11267.457926330924
FAT_012,FAT_DON_8,Allogenic,645463,3480.494232661959,6108.407683167721,0.8115041683688148,0.042475315897649295,3584.489087828302
FAT_012,FAT_DON_8,Allogenic,645464,250.75230494225,688.1818957287071,1.4565269767223823,2.619924439639362,1541.4192433653352
FAT_012,FAT_DON_8,Allogenic,649757,85363.52881139486,18574.564316071534,-2.2002914450450355,0.051133678706720725,88443.33917861781
FAT_012,FAT_DON_8,Allogenic,657308,4405.143357136506,6415.777462682913,0.5424351317004039,0.3331500047974949,5549.4276125886145
FAT_012,FAT_DON_8,Allogenic,657309,14973.961209975869,3438.1893920991533,-2.1227349995288773,0.5852032915465252,22464.690937217263
FAT_012,FAT_DON_8,Allogenic,657313,235156.68697627145,155335.98229003666,-0.5982303008679168,-0.4363311091471394,173783.516568867
FAT_012,FAT_DON_8,Allogenic,657314,88181.22723802457,53872.220707005086,-0.7109300185941063,0.2805421043300391,107109.43468779951
FAT_012,FAT_DON_8,Allogenic,657317,594886.3354468996,1055840.5801091031,0.8277060755932153,-2.6370855706039786,95629.55512197997
FAT_012,FAT_DON_8,Allogenic,657319,38934.51934863728,9456.83421930226,-2.04162060488625,0.34324951098618933,49392.75110949642
FAT_012,FAT_DON_8,Allogenic,657321,566358.0367533658,604291.7066134143,0.093530766846775,-2.018619001309257,139773.93711118825
FAT_012,FAT_DON_8,Allogenic,657322,132296.0018864193,182293.85333589427,0.4624964541419559,0.1874132558455479,150648.125160299
FAT_012,FAT_DON_8,Allogenic,657323,787269.5114058998,311038.2695680501,-1.3397655102600317,-2.540316071280501,135335.61378114886
FAT_012,FAT_DON_8,Allogenic,657324,1175.4014294167969,620.1797321191511,-0.9223952743030672,0.16619786464933875,1318.9148466159938
FAT_012,FAT_DON_8,Allogenic,658089,87532.79744946297,20548.44045177825,-2.090794775098463,0.4114697073899671,116422.12780992125
FAT_012,FAT_DON_8,Allogenic,658659,9288.283295569176,6449.325196730294,-0.5262637585985338,0.13975459892713596,10233.066098108124
FAT_012,FAT_DON_8,Allogenic,665943,1499.9428240946568,1932.1681420261857,0.3653131384328518,0.4057179236792223,1987.0462210241515
FAT_012,FAT_DON_8,Allogenic,665951,16825.218461307326,19453.152269907,0.2093787173362395,0.3475684168793981,21408.647474191817
FAT_012,FAT_DON_8,Allogenic,665953,5737.264977142209,12149.71989824068,1.0824879981678075,0.7275709079217839,9500.04310003036
FAT_012,FAT_DON_8,Allogenic,679935,6789.902257264363,1167.8238230547756,-2.539568159738637,0.04525246464873882,7006.2539011675835
FAT_012,FAT_DON_8,Allogenic,697329,2189.5116626858444,447.0008887934817,-2.2922595293878008,0.8063929180861183,3829.091280574317
FAT_012,FAT_DON_8,Allogenic,702443,12800.121566348917,10860.398876203495,-0.2370804211527601,0.20421937193336415,14746.543998163417
FAT_012,FAT_DON_8,Allogenic,702444,6793.820262029085,3173.434301779282,-1.0981780751952277,0.03586919647348877,6964.849830393916
FAT_012,FAT_DON_8,Allogenic,702447,7875.842577886658,3790.893947354051,-1.0548961782103423,0.10889649595406645,8493.332739761163
FAT_012,FAT_DON_8,Allogenic,702459,1347.7936390645937,456.0678439414224,-1.5632792635896553,0.5475851233121208,1969.9851376161926
FAT_012,FAT_DON_8,Allogenic,709991,6292.315652144585,3326.6658437794813,-0.9195140869618555,0.03618931331757589,6452.1516972498575
FAT_012,FAT_DON_8,Allogenic,717959,39291.71078302115,4939.677164598151,-2.991736323060396,1.117215276914303,85234.66304499925
FAT_012,FAT_DON_8,Allogenic,717960,55910.58099338642,26194.433422400987,-1.0938610794829515,1.5755066757765583,166635.97733935656
FAT_012,FAT_DON_8,Allogenic,717962,119223.57898892216,78620.47478330952,-0.6006926063001446,-0.3796835072835357,91635.98031927641
FAT_012,FAT_DON_8,Allogenic,718252,152566.4525375061,363884.11095230834,1.254041290709606,-0.09778520176454052,142568.2337695174
FAT_012,FAT_DON_8,Allogenic,720554,170.43320726543553,117.87041692323048,-0.5320047815133578,1.748937453978639,572.8446361948536
FAT_012,FAT_DON_8,Allogenic,742725,5088.83518858061,819.6527453738487,-2.634250736560208,0.3484420488471614,6479.028556547227
FAT_012,FAT_DON_8,Allogenic,742726,5959.93824793728,820.5594408886428,-2.86061763202794,-0.11108561888240445,5518.25361650195
FAT_012,FAT_DON_8,Allogenic,742727,4955.62302658004,4461.84862830167,-0.1514248762238748,0.10185090986991556,5318.123777992768
FAT_012,FAT_DON_8,Allogenic,742729,114.27513897107744,116.0570258936423,0.0223222901957434,2.92368944040276,867.101580198366
FAT_012,FAT_DON_8,Allogenic,742733,8517.742358507054,8911.003519396223,0.0651168186417714,-0.22611710214093797,7282.09716257517
FAT_012,FAT_DON_8,Allogenic,742740,22845.885783097805,21529.48499878544,-0.0856205703705361,0.018693377747988772,23143.832027935394
FAT_012,FAT_DON_8,Allogenic,742741,13063.933887173574,8437.708460673713,-0.6306662493681013,0.0739498093090752,13751.025412589353
FAT_012,FAT_DON_8,Allogenic,742742,1405.2577089471924,1768.962949363251,0.3320691020804744,0.6027213932012236,2133.994003863341
FAT_012,FAT_DON_8,Allogenic,742743,607.943739326132,660057.1075553094,10.084437316083518,0.6689346987292035,966.5688611669234
FAT_012,FAT_DON_8,Allogenic,742818,700.0168512971145,2219.590620215909,1.664832054262951,0.5558610102420826,1029.0567655621699
FAT_012,FAT_DON_8,Allogenic,742821,9017.287966009191,6044.938997132135,-0.5769658141399415,0.33041161417524023,11338.085974060466
FAT_012,FAT_DON_8,Allogenic,748224,185599.80370967693,207741.16965410492,0.1625919697386154,0.356027167558657,237548.54204512935
FAT_012,FAT_DON_8,Allogenic,759350,2509.482051804861,13920.496238633516,2.4717491085035186,0.9643015966046274,4896.297517774966
FAT_012,FAT_DON_8,Allogenic,762966,2988.131633895145,2489.785883624545,-0.2632220246032166,-0.393709202623775,2274.4764560783915
FAT_012,FAT_DON_8,Allogenic,762967,912.8951101803788,2872.4113908676472,1.6537413767322455,0.9822898070879336,1803.5142461379933
FAT_012,FAT_DON_8,Allogenic,762968,71298.54470683465,38692.32439832259,-0.881825230062159,0.5329727387544037,103162.40226721944
FAT_012,FAT_DON_8,Allogenic,762982,13771.786748000137,7095.799098778474,-0.9566786777521876,0.2845615815170436,16774.58794331756
FAT_012,FAT_DON_8,Allogenic,762984,29829.729276215938,8298.077351395425,-1.8459018737390545,0.1888137708368981,34000.704868838184
FAT_012,FAT_DON_8,Allogenic,763034,4062.3179402232736,1972.062744677125,-1.0425977032637144,0.35557040906963666,5197.700719498778
FAT_012,FAT_DON_8,Allogenic,862962,1526.715856653595,4500.836535437816,1.5597615876267723,-0.08583906595121311,1438.5272150935373
FAT_012,FAT_DON_8,Allogenic,866771,863.2670498272252,1962.9957895291843,1.1851782501344676,0.6750429297273061,1378.3303995868284
FAT_012,FAT_DON_8,Allogenic,883062,160.6381953536289,400.7594175389836,1.3189214560802638,2.6626870048886424,1017.1792075673554
FAT_012,FAT_DON_8,Allogenic,883156,809.0679839152284,1375.45709594262,0.765578300134504,0.6667098601229009,1284.35382101677
FAT_012,FAT_DON_8,Allogenic,888048,5128.668237021956,8239.14214293381,0.6839098828782039,0.9189509971827278,9696.978240032628
FAT_012,FAT_DON_8,Allogenic,888833,6493.439896733682,2629.416992902833,-1.304239994122116,0.7838193183164037,11179.643402206535
FAT_012,FAT_DON_8,Allogenic,890402,4662.42567001996,28402.23700092457,2.6068519322081958,0.11591566069066514,5052.496391762579
FAT_012,FAT_DON_8,Allogenic,903814,923.9961236804264,1511.4614231617322,0.7099854532952441,2.0452915964106476e-05,924.009223156403
FAT_012,FAT_DON_8,Allogenic,904306,16832.40147004265,3294.9315007616883,-2.3529206418366986,0.12324108250589846,18333.498337180645
FAT_012,FAT_DON_8,Allogenic,997884,3123.302798278077,2688.352201364449,-0.2163502845248672,0.1783389154796728,3534.267794238987
FAT_012,FAT_DON_8,Allogenic,999410,19990.96631120323,16016.776268837431,-0.3197644072686539,-0.4108599299307113,15036.703089807166
FAT_012,FAT_DON_8,Allogenic,999412,5818.237075613144,7028.703630683713,0.2726765410338689,0.3241365827875222,7283.938119021593
FAT_012,FAT_DON_8,Allogenic,999413,14942.617171858088,6990.622419062361,-1.0959400369944012,0.1523404124468186,16606.79037697636
FAT_012,FAT_DON_8,Allogenic,1002367,3618.930401015493,7373.247926305462,1.0267369063913871,0.0933567867742397,3860.854400967712
FAT_012,FAT_DON_8,Allogenic,1042156,3193.173883248965,3846.2023737564896,0.2684435577190309,0.33396998756006424,4024.9227782566018
FAT_012,FAT_DON_8,Allogenic,1042403,125.37615247112498,136.00432721911207,0.1173895918027968,2.6744967382997906,800.4213784027891
FAT_012,FAT_DON_8,Allogenic,1077285,4764.29379390275,6084.8335997830745,0.3529554296436054,-0.06854425932257241,4543.229301473914
FAT_012,FAT_DON_8,Allogenic,1121100,8262.41904800596,2853.3707850569717,-1.5338969996952756,0.3933190460172943,10851.95659884052
FAT_012,FAT_DON_8,Allogenic,1121101,13137.722976909186,3175.24769280887,-2.048774207924384,0.6057743434477698,19992.925516982374
FAT_012,FAT_DON_8,Allogenic,1121111,893.958087150886,1351.883012557974,0.5966912130536146,0.933468900483615,1707.3371750292024
FAT_012,FAT_DON_8,Allogenic,1121114,5377.4615395818455,7458.477304696105,0.4719558239147367,0.14583983851703283,5949.4864381446305
FAT_012,FAT_DON_8,Allogenic,1121115,322564.7612740574,105373.43264282364,-1.614077667029597,-0.5547132457903517,219599.62541851314
FAT_012,FAT_DON_8,Allogenic,1121130,4032.9329044878536,367.21168349160257,-3.4571455374680213,0.21946392074063234,4695.547301580385
FAT_012,FAT_DON_8,Allogenic,1121315,2803.3324091590603,259.314917231107,-3.4343657186413625,0.3531018258574163,3580.7074430846765
FAT_012,FAT_DON_8,Allogenic,1121333,4652.6306581081535,4149.038675697712,-0.1652695600203672,0.660794801993287,7355.592045694945
FAT_012,FAT_DON_8,Allogenic,1121334,1033.7002570926606,404.3861995981599,-1.3540122381888042,-0.08886031224931848,971.9524187764857
FAT_012,FAT_DON_8,Allogenic,1121344,1411.1347160942764,399.8527220241895,-1.8193151092739144,0.25525920824081916,1684.2600778658343
FAT_012,FAT_DON_8,Allogenic,1121864,1635.1139884775882,560.3378281427417,-1.5450224170001716,1.2905220461202151,3999.75951219412
FAT_012,FAT_DON_8,Allogenic,1122981,5950.796236819593,706.3158060245887,-3.0746974320619738,0.13956517705464913,6555.236795016364
FAT_012,FAT_DON_8,Allogenic,1123075,2391.288908069061,1825.178071280484,-0.3897512168479253,0.3843884706688732,3121.364660378402
FAT_012,FAT_DON_8,Allogenic,1123263,7741.977415091967,4490.862884775081,-0.7857094246433475,0.39125222029138335,10153.845577272003
FAT_012,FAT_DON_8,Allogenic,1123313,1298.8185795055604,1755.3625166413397,0.4345690784689224,0.32322634570720377,1624.9848562150028
FAT_012,FAT_DON_8,Allogenic,1150460,2455.935986686985,6446.605110185912,1.392266655494543,-0.47038757310354073,1772.622566233926
FAT_012,FAT_DON_8,Allogenic,1156431,3046.901705365985,1220.4121629128322,-1.31997449534581,0.4602123289040325,4191.757588779184
FAT_012,FAT_DON_8,Allogenic,1156433,2688.4042693938623,1077.1542715753676,-1.3195252104924315,0.37616035799145636,3489.2342543267896
FAT_012,FAT_DON_8,Allogenic,1160721,605331.7361496503,130772.69409875025,-2.210664658862015,-2.6950817680213475,93474.46553247815
FAT_012,FAT_DON_8,Allogenic,1203465,4012.68987987012,468.7615811485396,-3.097643422917017,0.20068111927782417,4611.546934923251
FAT_012,FAT_DON_8,Allogenic,1203540,437.51053206069656,2681.098637246096,2.615434644803261,1.0871839378388288,929.5301654517052
FAT_012,FAT_DON_8,Allogenic,1203606,46208.295194344886,37577.99561064067,-0.2982637475348535,0.5377550348116364,67081.12567143334
FAT_012,FAT_DON_8,Allogenic,1203610,1208.0514691228188,734.4233669832051,-0.7179980556036155,-0.1493043883610044,1089.2820283875453
FAT_012,FAT_DON_8,Allogenic,1203611,7555.872188767641,1807.9508564993964,-2.0632428349236496,0.29564270098635625,9274.31674006409
FAT_012,FAT_DON_8,Allogenic,1233170,1253.108523917129,284.70239164534127,-2.137984845275681,-0.002558090880789129,1250.8885639615416
FAT_012,FAT_DON_8,Allogenic,1235789,1213.9284762699028,606.5792993972398,-1.0009152522499487,-0.17514930968159179,1075.1471382036457
FAT_012,FAT_DON_8,Allogenic,1256908,107703.33897904932,64498.69214039172,-0.7397211644943287,0.10368544380692805,115728.83893911964
FAT_012,FAT_DON_8,Allogenic,1282887,1342.56963271163,899.4419506757279,-0.5778948367789308,0.8326180902429932,2391.001451950399
FAT_012,FAT_DON_8,Allogenic,1292036,1439.8667510355758,381.7188117283079,-1.9153531153504144,0.24477724260305816,1706.1122274579936
FAT_012,FAT_DON_8,Allogenic,1295400,267.077324795261,751.6505817642926,1.4928046605820735,2.3916941230778925,1401.5503007596224
FAT_012,FAT_DON_8,Allogenic,1322347,6082.702397231924,35002.07365311068,2.5246560695729667,-0.11717633608677985,5608.193332059945
FAT_012,FAT_DON_8,Allogenic,1336236,3767.8145820749537,245.71448450919584,-3.9386731601509006,0.39896522056670297,4968.096479847611
FAT_012,FAT_DON_8,Allogenic,1384484,3802.4236241633375,7366.901057701903,0.9541385962837936,-0.5022705230813735,2684.4913329091432
FAT_012,FAT_DON_8,Allogenic,1401079,638.6347766497929,264.7550903198715,-1.2703326940441446,1.1531830693205645,1420.3496172309306
FAT_012,FAT_DON_8,Allogenic,1408437,14182.524247501897,19970.875408854416,0.4937832431097734,-0.2941540930597187,11566.563045475656
FAT_012,FAT_DON_8,Allogenic,1410645,820.168997415276,1174.170691658334,0.5176490357103612,0.6184268819719078,1259.1236763972863
FAT_012,FAT_DON_8,Allogenic,1410647,11622.10813375564,19057.833025456777,0.7135123037799298,1.1676437540841444,26108.42695043587
FAT_012,FAT_DON_8,Allogenic,1410657,216.79626364798693,2384.609203908432,3.459341054860812,1.2464778944993968,514.3740237646022
FAT_012,FAT_DON_8,Allogenic,1410665,546.5616646788105,2818.9163554947963,2.3666844908187925,0.0728388646608804,574.8649769743241
FAT_012,FAT_DON_8,Allogenic,1437612,120506.07254857472,207080.18862382,0.7810836887703284,-0.2243273021688047,103152.48282116193
FAT_010,FAT_010,Autologous,561,10505.525923364296,395.7594956209095,-4.730380611250442,-0.511026478381511,7371.96899825454
FAT_010,FAT_010,Autologous,904,3710.484919663381,46328.46779566429,3.6422193207478575,-0.9503264046224651,1920.2329488594057
FAT_010,FAT_010,Autologous,213810,10581.114786988606,7490.722474109753,-0.4983148551807818,-0.20374574928132896,9187.51040085533
FAT_010,FAT_010,Autologous,300269,2149.641191842152,593.6392434313642,-1.8564375001422075,0.06128713905659966,2242.927536122346
FAT_010,FAT_010,Autologous,347253,2835.2454461187667,1039.6376387554462,-1.4473928633310524,-0.45856871407396327,2063.230378177926
FAT_010,FAT_010,Autologous,349741,272283.02185848623,949.412676023218,-8.163855999003047,-0.8858295262039958,147353.10899085403
FAT_010,FAT_010,Autologous,354242,4071.18967239692,3581.315850269008,-0.1849606754765796,-1.1362758818271015,1852.1161230993544
FAT_010,FAT_010,Autologous,364106,10875.513518999069,310.66095122573984,-5.1295988012263,-0.7120884691245639,6638.803034266834
FAT_010,FAT_010,Autologous,367928,160445.98282528695,122374.7826912562,-0.3907813705739225,-0.00247474564506871,160170.99564706694
FAT_010,FAT_010,Autologous,398513,826.1730182095378,954.5390943602764,0.2083603419208894,-0.4999248649252797,584.2229689536707
FAT_010,FAT_010,Autologous,409438,2620.4139389759976,555.703747737132,-2.2374068528447086,-0.035336571394709554,2557.010627239364
FAT_010,FAT_010,Autologous,411459,248064.0847291752,75240.44193300634,-1.7211326459210956,-1.1418057035365197,112420.65847086567
FAT_010,FAT_010,Autologous,411460,29931.86387481136,18047.04311378044,-0.7299196384755222,-1.2349473721486568,12716.791750780367
FAT_010,FAT_010,Autologous,411461,103947.9486875676,68341.30813499312,-0.6050315202173822,-0.546445277230881,71173.69352774731
FAT_010,FAT_010,Autologous,411462,327801.0530099185,195625.14902581647,-0.7447286377980645,-0.8502868612117834,181822.86395112012
FAT_010,FAT_010,Autologous,411463,35216.45372644058,14011.526598848057,-1.329635487661432,-0.8231873144961138,19904.05426092434
FAT_010,FAT_010,Autologous,411466,4254.194289592611,537.2486417237217,-2.9852240875313725,-0.7235017843984594,2576.4491846443757
FAT_010,FAT_010,Autologous,411467,32447.514301044896,33950.21807900305,0.0653128793777973,-0.6582411293885932,20560.378631769807
FAT_010,FAT_010,Autologous,411468,6495.3377900326095,3991.42931723368,-0.7024990918305972,-0.3459873583767868,5110.332622204941
FAT_010,FAT_010,Autologous,411469,63334.18487426856,59499.26178723477,-0.0901126412969481,-0.9545366200478902,32680.90171461947
FAT_010,FAT_010,Autologous,411470,19934.24207018583,15298.257601449715,-0.3818814067535989,-0.3584930441329178,15548.287707107622
FAT_010,FAT_010,Autologous,411471,247344.00134412252,86123.82806258133,-1.522034559811369,-0.9451686743450141,128462.76347187106
FAT_010,FAT_010,Autologous,411473,46074.727680051656,16853.61292491324,-1.450917742521035,-0.8021978748865445,26422.69758940528
FAT_010,FAT_010,Autologous,411474,14593.95516114922,10336.909934844583,-0.4975659483834579,-1.1057070505361688,6781.441488771096
FAT_010,FAT_010,Autologous,411475,13267.83474668768,19260.97897599587,0.5377480844528201,-0.37220515600991533,10250.738087218313
FAT_010,FAT_010,Autologous,411479,3687.940872617535,73349.81885029918,4.313905972052245,-0.09066956957308371,3463.296623026169
FAT_010,FAT_010,Autologous,411483,259725.98765394997,264679.0293096607,0.0272535193325154,-1.9568677624536246,66902.0633772017
FAT_010,FAT_010,Autologous,411484,23506.81046674521,20890.154723513035,-0.1702556216712721,-0.8544597204901895,13000.968310359116
FAT_010,FAT_010,Autologous,411485,345580.3494066043,454872.22546553006,0.3964401617858756,-0.794580975783495,199230.7324994941
FAT_010,FAT_010,Autologous,411486,75875.30563383132,68835.49486268555,-0.1404777435760008,-1.3202639349643286,30385.151554429078
FAT_010,FAT_010,Autologous,411487,52090.00988004919,41011.346696467306,-0.3449835922665086,-1.2774446698081134,21488.459213137296
FAT_010,FAT_010,Autologous,411489,281992.8755331736,115141.4064176668,-1.2922519742588678,-1.20245457415569,122535.87064647555
FAT_010,FAT_010,Autologous,411490,12822.258287428604,8546.764651543786,-0.5852000741160955,-0.4441275752482267,9424.727428404143
FAT_010,FAT_010,Autologous,411902,10334.45638989876,8248.407104326987,-0.3252750580065612,-0.7229005035741426,6261.420942206352
FAT_010,FAT_010,Autologous,411903,4799.229779936303,1401.56277335177,-1.775766527380381,0.34022222581971745,6075.592522971029
FAT_010,FAT_010,Autologous,428125,32825.458619166435,15235.715297737604,-1.1073579334583543,-0.8936106537999028,17668.805551950187
FAT_010,FAT_010,Autologous,428127,13350.054212384295,7132.898474183076,-0.904285256193461,-0.22641988446215705,11411.003864912906
FAT_010,FAT_010,Autologous,428128,2662.849792238767,2299.711266004404,-0.2115183114784023,-0.3966253672962232,2022.7887825316952
FAT_010,FAT_010,Autologous,435590,2902.877587256305,305489.4204073153,6.71749487222672,0.4068931889265087,3848.715218699709
FAT_010,FAT_010,Autologous,435830,1930.8313234559985,383.4560916119693,-2.332088842924962,-0.6321758161032175,1245.7774130160005
FAT_010,FAT_010,Autologous,445970,5439.745940121225,232020.6686515964,5.414570244789982,-0.5134845919968568,3810.696422109122
FAT_010,FAT_010,Autologous,445972,11602.22750612399,11605.185831432836,0.0003678101659539,-0.28032191827059494,9553.358411222363
FAT_010,FAT_010,Autologous,445973,22212.516942230748,16452.72701095527,-0.4330461486664547,-0.09542814471130365,20790.792215796788
FAT_010,FAT_010,Autologous,445975,7544.299037871686,2044.4156328188951,-1.883698333910468,-0.39270091035930954,5746.509660256406
FAT_010,FAT_010,Autologous,457391,2693.350561771382,24374.06862537793,3.1778731662614708,0.0021348793629826068,2697.3390935369725
FAT_010,FAT_010,Autologous,457393,10428.610939325528,159985.26346291896,3.9393201089574417,-0.4168084106327978,7811.863237373409
FAT_010,FAT_010,Autologous,457394,2483.82353628646,251600.51084815725,6.662428360577439,-0.4612241887658454,1804.1740108953643
FAT_010,FAT_010,Autologous,457395,2568.695242811998,47631.60333694454,4.212811472236557,-0.5192641478907116,1792.249621012985
FAT_010,FAT_010,Autologous,457400,3772.812579143074,1038.6123550880343,-1.8609831410067088,0.03560353504814254,3867.078279828303
FAT_010,FAT_010,Autologous,457401,4583.0721523790735,845.8590256146381,-2.4378258556441934,-0.433494687414595,3393.6089037588367
FAT_010,FAT_010,Autologous,457412,135373.02414906266,115582.2783946538,-0.2280200668127772,-1.5589138508030935,45946.48590607893
FAT_010,FAT_010,Autologous,457421,5008.756805421226,5203.314612114289,0.0549783759058257,-0.6835494774638653,3118.6098717189266
FAT_010,FAT_010,Autologous,469593,2905.5298280852285,272278.4318525161,6.550137630249383,0.20051001024338658,3338.757416670856
FAT_010,FAT_010,Autologous,469596,9868.988124422762,7095.988262156255,-0.4758985483355364,-0.4247940761825014,7351.853892141962
FAT_010,FAT_010,Autologous,470145,2381.7122643729213,519087.7921228586,7.767835617528741,-0.7787437208175417,1388.2384667729773
FAT_010,FAT_010,Autologous,470146,333328.3228973942,199209.5407270877,-0.7426571644676228,-0.8875260925974899,180177.36919528036
FAT_010,FAT_010,Autologous,471870,4104.342682758458,8300.696571364982,1.0160812179787806,-0.2438843161005081,3465.988516116964
FAT_010,FAT_010,Autologous,471875,131744.7586950959,81885.30538150144,-0.6860690838499698,-0.3806228727664489,101193.92580022053
FAT_010,FAT_010,Autologous,476272,20126.52953028275,9793.509591116392,-1.0392005658775243,-0.4061204035822071,15188.485520140763
FAT_010,FAT_010,Autologous,478749,4141.474054363381,3118.912916266339,-0.4091010789099787,-0.2794853952913838,3412.0976967206925
FAT_010,FAT_010,Autologous,479437,2416.191395148921,919.6794496682794,-1.393531731496692,-0.8753729064288995,1317.0972139790247
FAT_010,FAT_010,Autologous,483217,2505.041462917844,35981.30502414559,3.844341125459541,-0.38489308623554036,1918.450308072498
FAT_010,FAT_010,Autologous,483218,47944.55746444242,44470.653790314325,-0.1085134389385082,-1.0130283123134007,23756.770700736008
FAT_010,FAT_010,Autologous,500632,45244.576300598725,38025.72065696448,-0.2507692693883754,-1.0949096120398345,21181.947621785774
FAT_010,FAT_010,Autologous,502558,1136.4851951935375,314.7620858953866,-1.8522452113562229,-0.4574862080353659,827.6499847632236
FAT_010,FAT_010,Autologous,511145,4539.310178701842,743.3306588734699,-2.6103970547214432,-0.3167945785754452,3644.3928776748403
FAT_010,FAT_010,Autologous,511680,8613.152091927685,9834.52093781286,0.1913134704650777,-0.6326991747784444,5555.212626328013
FAT_010,FAT_010,Autologous,515619,1370387.6400166778,915114.8867809623,-0.5825592634939254,-1.8034415601028655,392602.8319065138
FAT_010,FAT_010,Autologous,515620,39588.67273292028,27157.71378240065,-0.5437256654472379,-1.199813507314486,17234.198340944284
FAT_010,FAT_010,Autologous,518635,2776.896147882459,2893.3505094357683,0.0592678830525534,-0.44237003631268906,2043.5863252615734
FAT_010,FAT_010,Autologous,518636,22814.57561039629,9609.983814649702,-1.247349911176637,-0.7928539086684628,13168.59938861826
FAT_010,FAT_010,Autologous,518637,7858.58957609907,5829.762932902828,-0.4308331898976573,0.06234483645877232,8205.636487903455
FAT_010,FAT_010,Autologous,521003,164576.84791633463,129334.40822564672,-0.3476552549303834,-0.21856259570258704,141440.84522378893
FAT_010,FAT_010,Autologous,525259,8995.074771292608,5379.663402909098,-0.7416193654437792,0.07882226600417916,9500.197723154772
FAT_010,FAT_010,Autologous,525362,2190.75092469046,1798.3475526400912,-0.284753601588615,-0.9766382422024823,1113.257418514455
FAT_010,FAT_010,Autologous,536231,125118.13498403158,228922.26140867823,0.8715668506859363,-1.07295682469397,59474.126721874905
FAT_010,FAT_010,Autologous,537007,18940.97787975414,15006.051756237386,-0.3359663765523098,-0.6692800027780933,11910.4738669511
FAT_010,FAT_010,Autologous,537013,3583.177359875074,2542.703495180973,-0.4948762166653496,0.01290984541038838,3615.3850354223528
FAT_010,FAT_010,Autologous,545696,12126.045069836297,8714.911172999302,-0.4765512249159543,-0.49736122178231873,8590.106171695174
FAT_010,FAT_010,Autologous,547043,5764.645441664303,3724.8555637066434,-0.6300473924765031,-0.6887191931435452,3576.4113556106954
FAT_010,FAT_010,Autologous,548480,1340.707739020614,16477.33381897315,3.619416136923879,-0.25674397457382114,1122.1385405233784
FAT_010,FAT_010,Autologous,552396,19223.441528034444,12445.918438710414,-0.6271939445536024,-0.03422628556555563,18772.754573935388
FAT_010,FAT_010,Autologous,552398,39713.32805187966,43555.07547531569,0.1332175794547818,-1.0753583157648363,18846.086241271216
FAT_010,FAT_010,Autologous,562973,2095.270254849229,215.30957015645336,-3.282651988012245,-0.30560564063052104,1695.2883711199165
FAT_010,FAT_010,Autologous,563192,3954.491075924304,37792.98126446203,3.2565543849444234,0.11507444728308541,4282.83615414894
FAT_010,FAT_010,Autologous,566550,10726.988032579377,6340.354199273846,-0.75860970432363,-0.15738099412107165,9618.368153068588
FAT_010,FAT_010,Autologous,566552,5504.725840429842,4267.230623767423,-0.3673706294821757,-0.9148092805612698,2919.7835693375164
FAT_010,FAT_010,Autologous,568816,2304.797280334152,48869.12072351044,4.406211378821228,-0.9143709856938629,1222.8681644801202
FAT_010,FAT_010,Autologous,585394,75468.18666659163,62771.967253612864,-0.2657481866211753,-0.6086973483026784,49491.17386949489
FAT_010,FAT_010,Autologous,585543,9159.513702685836,154304.16666179083,4.074362204450841,0.2920596687152674,11214.789788048316
FAT_010,FAT_010,Autologous,622312,103417.500521783,151312.38892028353,0.5490497730010234,-1.2903622695662107,42282.074662618565
FAT_010,FAT_010,Autologous,626939,5223.588312563996,8578.54844523355,0.7156923555215229,-0.0387397173809372,5085.1893005477405
FAT_010,FAT_010,Autologous,633147,1060.89633156923,400.8859139579679,-1.404020055081275,-0.6972278163717363,654.3143742192048
FAT_010,FAT_010,Autologous,645463,8924.790389326146,5195.112342774996,-0.7806633385890398,0.022388032374397106,9064.367275219103
FAT_010,FAT_010,Autologous,645464,1572.7788115513831,1049.8904754295631,-0.5830769571599062,-0.6493357934816149,1002.7625328113722
FAT_010,FAT_010,Autologous,649757,13972.004686766755,15009.127607239623,0.1033010921920054,-0.9793884638436664,7086.526534552249
FAT_010,FAT_010,Autologous,649764,791.6938874335377,393.7089282860861,-1.0078132831575513,-0.41534419643535936,593.6442015538302
FAT_010,FAT_010,Autologous,657308,2276.94875163046,1069.370865110385,-1.090339544096271,-0.4388348035808671,1679.7738529671406
FAT_010,FAT_010,Autologous,657313,250744.1740868019,174692.95767193954,-0.5213947303095221,-0.9287193363336195,131722.0476825955
FAT_010,FAT_010,Autologous,657314,64010.50628564395,37239.32808405972,-0.7814816771985184,-1.004882818558487,31897.11408434652
FAT_010,FAT_010,Autologous,657317,1353248.859780177,909486.0794468723,-0.5733037111349001,-1.4324791739318192,501370.1459042733
FAT_010,FAT_010,Autologous,657319,76850.00413846056,38887.98422125771,-0.9827208837389612,-1.231420589047034,32730.252871033663
FAT_010,FAT_010,Autologous,657321,1103048.3950633043,315087.1008179561,-1.8076734900553677,-2.4465698262370275,202350.21160166676
FAT_010,FAT_010,Autologous,657322,311472.5323466536,443612.560230015,0.5101952711216498,-1.8531359247934813,86212.5030566431
FAT_010,FAT_010,Autologous,657323,250358.2730461936,178900.7218429971,-0.4848349213162012,-1.7189904632672994,76049.13093765649
FAT_010,FAT_010,Autologous,658089,13563.559599112605,14060.740214883815,0.0519366990103132,-0.5708057226653417,9131.540209822384
FAT_010,FAT_010,Autologous,658659,8554.802793691377,5923.063746637291,-0.5303909847842553,0.03849303741660317,8786.128718447992
FAT_010,FAT_010,Autologous,665943,2734.4602946196896,1262.1241945837812,-1.1154022334975535,-0.9392070404243219,1426.0742245385914
FAT_010,FAT_010,Autologous,665951,40186.75303984243,30235.61535197052,-0.4104710761331885,-0.892348171481492,21650.07234053094
FAT_010,FAT_010,Autologous,697329,2186.772563447075,902.2496273222808,-1.27720463252671,-0.1869087308319006,1921.0491742651168
FAT_010,FAT_010,Autologous,702459,990.6119496027684,1689.667483894453,0.7703474317800787,-0.7392541762756166,593.4250581596149
FAT_010,FAT_010,Autologous,717959,3410.781705995074,97532.15942987114,4.837703670520756,-0.6539176929257156,2167.7294842379447
FAT_010,FAT_010,Autologous,717960,25222.81028305844,14684.11268467012,-0.7804729365588955,0.12485814342931684,27502.96522294801
FAT_010,FAT_010,Autologous,717962,144399.92581030235,115383.37336317594,-0.3236346530520179,-0.2972436993190381,117513.48354292363
FAT_010,FAT_010,Autologous,718252,125181.78876392574,226063.7705439345,0.8527051045805902,-1.8126499006098324,35635.19677790892
FAT_010,FAT_010,Autologous,742733,10325.17354699753,7026.268972772261,-0.5553353202998869,-0.8875770124513757,5580.974727140316
FAT_010,FAT_010,Autologous,742740,28673.37560148736,21179.284717723127,-0.4370578908744589,-0.7096952725875448,17532.314754939234
FAT_010,FAT_010,Autologous,742741,16349.738589896291,8999.940032539751,-0.8612802754023277,-1.137933797258971,7429.4832381880415
FAT_010,FAT_010,Autologous,742742,4061.9068294956887,1323.6412146284824,-1.6176450289056692,0.7261080965071097,6719.087157630989
FAT_010,FAT_010,Autologous,742818,26133.85500779352,12286.999470261604,-1.088787305086582,-0.45246543194320776,19098.43629003976
FAT_010,FAT_010,Autologous,748224,172760.3369939768,258953.8453108339,0.5839229459472359,0.057134577668376985,179739.39031070532
FAT_010,FAT_010,Autologous,762984,2888.290262697228,156383.44193930173,5.758728221146991,1.5152758345733934,8256.27811811841
FAT_010,FAT_010,Autologous,871541,1197.4867342587684,135.3374440983421,-3.1453767207363077,-0.9453907907573417,621.8415330226214
FAT_010,FAT_010,Autologous,883077,1515.755633729537,57.41588537505422,-4.722443428770776,-0.8768628946568411,825.4051185282733
FAT_010,FAT_010,Autologous,883156,1304.9024878301527,1351.3238736485978,0.0504314870549093,0.10266720376344984,1401.1478574098257
FAT_010,FAT_010,Autologous,888048,2914.812670986459,279.90244120338934,-3.3804071926432813,-0.6527250523404726,1854.0473834143957
FAT_010,FAT_010,Autologous,999410,13400.446788133837,13982.818656160527,0.0613741056580037,-1.1808514709507296,5910.817702885299
FAT_010,FAT_010,Autologous,999412,9481.760963399993,6198.865053171034,-0.6131509255393093,0.11143745454124039,10243.185058050509
FAT_010,FAT_010,Autologous,999413,7646.410309785224,4645.560297042334,-0.7189300085954198,0.11234059160968586,8265.62097462306
FAT_010,FAT_010,Autologous,1042156,3462.5004021590744,3020.4856841948167,-0.1970336898908954,0.3765034163054949,4494.989217497879
FAT_010,FAT_010,Autologous,1121111,807.6073324070762,795.6201259114658,-0.0215742383331069,-0.254169833072774,677.1540956689855
FAT_010,FAT_010,Autologous,1121114,5441.072060535687,4475.363208251994,-0.2818861629896351,0.18143505302500174,6170.237357957681
FAT_010,FAT_010,Autologous,1121115,110660.7702255719,98374.94260448354,-0.1697810764204444,-1.840349296935546,30902.480980705885
FAT_010,FAT_010,Autologous,1121315,1473.3197804667682,1020.157249074624,-0.5302790485719836,-0.9176480838909391,779.9332237858404
FAT_010,FAT_010,Autologous,1121333,23778.66515170983,12454.120708049708,-0.9330445623630504,-0.6056959110451569,15626.252359773891
FAT_010,FAT_010,Autologous,1121334,2987.749293781844,2224.865558283351,-0.425340933517489,-0.15731463916818186,2679.0926152494067
FAT_010,FAT_010,Autologous,1121344,1464.0369375655373,1825.004927992795,0.3179484064616885,-1.051368476286861,706.4128427675012
FAT_010,FAT_010,Autologous,1123075,2087.31353236246,1885.4966643700843,-0.1467027237094511,-0.5781122832372438,1398.1654001094766
FAT_010,FAT_010,Autologous,1123263,2849.832770677844,5935.367150646231,1.058460011187193,-0.4304500422671228,2114.662197894463
FAT_010,FAT_010,Autologous,1123313,3115.056853570151,1808.600389314208,-0.7843848150685787,-0.06902813958330159,2969.5212462992004
FAT_010,FAT_010,Autologous,1125712,1083.440378615076,378.3296732749109,-1.51790392469919,-0.17531803501123094,959.4647636681075
FAT_010,FAT_010,Autologous,1150460,3316.6271565683046,2897.451644105415,-0.1949322544609329,-0.682390531141096,2066.6961659704
FAT_010,FAT_010,Autologous,1160721,605729.3694727675,169333.79994237868,-1.83880339207418,-2.3489710478518746,118896.17606626192
FAT_010,FAT_010,Autologous,1203606,16454.502102638755,11795.888593571408,-0.4801982705385414,-0.8144209922067231,9356.63305360488
FAT_010,FAT_010,Autologous,1203611,3730.376725880305,26603.035318330927,2.8341976230086163,-0.7976123551216117,2146.0876189135065
FAT_010,FAT_010,Autologous,1256908,91471.80782831344,132468.70039692422,0.5342524514967129,-1.4861524742615995,32652.075316293078
FAT_010,FAT_010,Autologous,1295400,1140.463556436922,704.369879511826,-0.6952152233852628,-0.38677356779624034,872.2700611878868
FAT_010,FAT_010,Autologous,1384484,78226.51712867162,26760.92900311233,-1.5475295335612809,-0.45394991028412174,57108.59229487638
FAT_010,FAT_010,Autologous,1401079,953.4805779978454,272.7254555315076,-1.805754187552011,-0.13592815300097397,867.7475572102089
FAT_010,FAT_010,Autologous,1408437,11506.74683628276,9809.91412979498,-0.2301676022411847,-0.6277678749346649,7446.901294163703
FAT_010,FAT_010,Autologous,1410645,1981.2238992055368,1726.5776959212735,-0.1984766723367433,-0.056088176524344086,1905.6771852511363
FAT_010,FAT_010,Autologous,1410647,19887.82785567968,15906.250816224843,-0.3222918887111979,0.45491080603698036,27260.207050993005
FAT_010,FAT_010,Autologous,1437612,200607.53957725465,159301.39925675537,-0.3326168896841855,-0.19099991905797536,175731.8765188271
FAT_014,FAT_014,Autologous,818,34262.5183214216,19639.54641062092,-0.8028695845500928,-0.7649012038475906,20163.275062614983
FAT_014,FAT_014,Autologous,213810,916.6583561896864,1340.0249435983906,0.5478038172413946,-0.8556995454584043,506.54294539612334
FAT_014,FAT_014,Autologous,226186,21362.964216883847,8554.826939000235,-1.3203012670501482,-0.4274715092113652,15884.727408771512
FAT_014,FAT_014,Autologous,264199,1890.004794933208,906.1219672709362,-1.0606127341730542,-0.49207434466425626,1343.7973123169609
FAT_014,FAT_014,Autologous,272559,3151.616164110066,1504.6802496510518,-1.066634898107345,0.09726323415047437,3371.4169831132267
FAT_014,FAT_014,Autologous,295405,6578.229835077038,3288.96384920285,-1.000066264192471,0.5343076750613426,9526.901614371227
FAT_014,FAT_014,Autologous,347253,23866.88888458093,6219.621183347706,-1.9401119010216383,-0.08836518370241547,22448.909044744738
FAT_014,FAT_014,Autologous,354242,1833.3167123793728,2472.9362946777096,0.4317690365136918,-0.792668693543295,1058.3283843984439
FAT_014,FAT_014,Autologous,367928,8442.905912273427,29909.273895679067,1.8247813448042325,0.27070584454248964,10185.504118830744
FAT_014,FAT_014,Autologous,411459,196653.3706380887,172644.71288408476,-0.1878487608754475,-0.5145595980031357,137658.65471941646
FAT_014,FAT_014,Autologous,411460,8009.905451915403,4758.43478812566,-0.7512981134682845,0.22408634713778788,9355.86834566442
FAT_014,FAT_014,Autologous,411461,81001.23932235125,112864.48110734264,0.4785756492044028,-0.6088034395290578,53115.780423078795
FAT_014,FAT_014,Autologous,411462,129532.26863551492,309258.9096455893,1.25550361742398,-0.6533070263272449,82359.35950969424
FAT_014,FAT_014,Autologous,411463,38526.18580711968,35771.62413193138,-0.1070237402793545,-1.0448286074274407,18673.738107610596
FAT_014,FAT_014,Autologous,411467,7283.815543459887,13867.29058711441,0.9289196463410556,-0.3119533606094325,5867.480032381344
FAT_014,FAT_014,Autologous,411468,4496.450462993619,6277.612989253047,0.4814295157098835,0.1864151630543287,5116.657757734614
FAT_014,FAT_014,Autologous,411469,318643.7120351114,291637.68519406667,-0.1277670359288538,-0.7288946401392412,192258.7889678221
FAT_014,FAT_014,Autologous,411470,17283.834531839744,15893.897089913522,-0.1209504159668801,-0.7604468321358212,10202.880341778415
FAT_014,FAT_014,Autologous,411471,13582.223354015863,35944.5639816848,1.4040539413476254,-0.6015344369134842,8951.399890972116
FAT_014,FAT_014,Autologous,411473,19370.43842158732,22544.314545700898,0.2189070382507272,-0.09213271582237109,18172.084156689416
FAT_014,FAT_014,Autologous,411474,89436.90845812844,222677.1434289168,1.3160112561989434,-0.9011138514191042,47891.063334570084
FAT_014,FAT_014,Autologous,411475,9474.146562986823,10790.618170243608,0.1877096205641468,-0.2869300051900764,7765.4309204402325
FAT_014,FAT_014,Autologous,411476,9835.98538779854,5301.072400525626,-0.8917853470280307,-0.6096530265969566,6446.055299635543
FAT_014,FAT_014,Autologous,411477,153406.3942965921,42788.63264647751,-1.842059136566101,-0.10304033127582475,142831.90606378132
FAT_014,FAT_014,Autologous,411479,116995.75948520494,87338.7663973297,-0.4217621809759717,-0.36106638158009857,91091.59566308337
FAT_014,FAT_014,Autologous,411483,124407.42474676495,273786.564654848,1.1379790625502644,-0.5512394500869238,84899.80464745493
FAT_014,FAT_014,Autologous,411484,26160.947033887227,51151.8795123976,0.9673724832240648,-0.749252315608311,15563.45592818935
FAT_014,FAT_014,Autologous,411485,39587.57969323405,62835.1572663984,0.666524129239464,-1.0043708734761863,19733.912170714313
FAT_014,FAT_014,Autologous,411486,53122.7640000244,87959.07160692432,0.7275021641970645,-0.6055602358699328,34913.1366535273
FAT_014,FAT_014,Autologous,411487,48440.56960696076,53305.86087459594,0.1380783335750539,0.2595749373642656,57989.46253528899
FAT_014,FAT_014,Autologous,411489,229364.80653048403,284995.5522819801,0.3132953614787008,-0.938735137204183,119657.34070807298
FAT_014,FAT_014,Autologous,411490,11990.132524844304,12510.696556114492,0.0613145117512632,-0.15803347744671534,10746.107141305385
FAT_014,FAT_014,Autologous,411901,2130.0245487249817,820.1698263755218,-1.3768754839890218,-0.2290284670276203,1817.3566744467382
FAT_014,FAT_014,Autologous,411902,11388.273946240812,12185.528215859553,0.0976196872696132,-1.0892906592081733,5352.402232653047
FAT_014,FAT_014,Autologous,411903,105252.88349064864,169957.4140211498,0.6913135400052653,-0.523949803017561,73199.7159178748
FAT_014,FAT_014,Autologous,428125,6978.664801202006,7345.283558688859,0.0738671479050435,-0.1729179537651311,6190.401932429507
FAT_014,FAT_014,Autologous,428126,1409.965287349662,1085.2752247999329,-0.3775986894143712,-0.1700646250698024,1253.1811892458256
FAT_014,FAT_014,Autologous,428127,11700.66146499493,20436.93374181935,0.8045886666169767,-0.2253248275157312,10008.773984675972
FAT_014,FAT_014,Autologous,428128,1151.853592317303,1796.7104151029423,0.641400548122347,-0.15562358373184837,1034.0699419352889
FAT_014,FAT_014,Autologous,435590,570242.3082208595,296741.9996816992,-0.9423659471256772,-2.528123790473762,98859.48467262636
FAT_014,FAT_014,Autologous,435591,36007.787586430124,9918.669945738318,-1.8600903802403157,0.17231548425856397,40575.93792579034
FAT_014,FAT_014,Autologous,445970,260385.24898159265,125410.3869741854,-1.053990878387333,-0.08378619591769412,245693.81241737638
FAT_014,FAT_014,Autologous,445972,6979.870930618045,10548.295266996294,0.5957375967071088,-0.5599820651256389,4734.520411611949
FAT_014,FAT_014,Autologous,445973,1144.6168158210687,507.42830167172434,-1.173588814438704,-0.5976104695774468,756.4172857990563
FAT_014,FAT_014,Autologous,445975,718.8531319592803,1059.3860257350489,0.5594594328630018,0.34473666699679645,912.8853690277957
FAT_014,FAT_014,Autologous,449673,45126.12597168542,57559.97406493766,0.3511030119536949,-1.0660887324558876,21552.7834256956
FAT_014,FAT_014,Autologous,451640,850.3212383075379,623.4119134824042,-0.4478222469466189,-0.397904545422584,645.3596715686646
FAT_014,FAT_014,Autologous,457387,21423.2706876858,12150.318905131311,-0.8181845727141354,-1.0115735225404878,10626.048703592847
FAT_014,FAT_014,Autologous,457388,47601.10353339758,14154.142912753325,-1.7497706286189234,-0.7995457972188281,27348.263343939954
FAT_014,FAT_014,Autologous,457390,17784.378239495953,12317.04534710916,-0.5299543179930607,-1.2681848517541396,7383.750375846649
FAT_014,FAT_014,Autologous,457391,58243.98950052624,28919.270923437907,-1.0100779969406783,-0.8781757125129503,31687.931018385774
FAT_014,FAT_014,Autologous,457392,2529.253385433911,1195.0454288350406,-1.0816461138712754,-0.38850489575687797,1932.1494376676187
FAT_014,FAT_014,Autologous,457393,543059.7695715871,421201.7352662221,-0.3665996108939811,-1.2182137811564846,233414.98923600718
FAT_014,FAT_014,Autologous,457394,428683.7231780191,230834.3122702804,-0.8930559513430731,-2.1609793574068363,95855.57735705092
FAT_014,FAT_014,Autologous,457395,70501.88275573122,35805.797874697026,-0.9774685696164824,-0.7368304884115281,42305.09126243958
FAT_014,FAT_014,Autologous,457412,278372.2569629832,452397.1845714445,0.7005745139613194,-1.3381325467387477,110105.2217335989
FAT_014,FAT_014,Autologous,457421,8600.908865774543,10445.774038699354,0.2803583771485955,-0.3327256810278367,6829.42178612616
FAT_014,FAT_014,Autologous,457424,28087.13571130161,19528.74063862322,-0.5243105915451444,0.19582095277845454,32170.3238798372
FAT_014,FAT_014,Autologous,469585,13348.234247304288,7185.806092449174,-0.8934269994787937,-1.0516273163348417,6439.504528972067
FAT_014,FAT_014,Autologous,469588,10306.375860053777,5612.778357266829,-0.8767501167424329,-0.7360985722081028,6187.542950238805
FAT_014,FAT_014,Autologous,469589,24083.99217946797,5913.093066419481,-2.0260896650322087,-0.4465823353801842,17672.329446415675
FAT_014,FAT_014,Autologous,469590,21880.393736364604,16557.696153937144,-0.4021367500771605,-1.2011857612841927,9516.169923511785
FAT_014,FAT_014,Autologous,469591,67976.24775854543,32185.452277463657,-1.078621986241184,-0.9929745075793561,34154.0395068918
FAT_014,FAT_014,Autologous,469592,38435.72610091675,10691.203645834454,-1.846023638233896,-0.5079739565143908,27028.359821725768
FAT_014,FAT_014,Autologous,469593,459500.3297578171,243480.66822949488,-0.916258666465248,-2.0455808235788515,111302.4286690365
FAT_014,FAT_014,Autologous,469596,8474.26527709044,21539.8136219834,1.3458455702732806,0.07222262993822008,8909.292817944686
FAT_014,FAT_014,Autologous,469610,850.3212383075379,140.8372429129684,-2.593979082455981,-0.8341246810761633,476.9649626301842
FAT_014,FAT_014,Autologous,470145,29225.72188004248,15368.864132877676,-0.9272281163360016,-0.7957696034807741,16835.062259032216
FAT_014,FAT_014,Autologous,470146,209592.7270133557,370350.17046297714,0.8213013458318802,-1.11745299964052,96602.71596201132
FAT_014,FAT_014,Autologous,471870,7730.083427394341,3214.4029558959846,-1.265933188752041,0.14990032738868245,8576.472037610683
FAT_014,FAT_014,Autologous,471875,15837.685362008908,18614.33412765152,0.2330525044336541,-1.4110828072188162,5955.434596306914
FAT_014,FAT_014,Autologous,476272,4355.333321317048,5807.465134234756,0.4151254526418185,0.7929571905422932,7546.147634244148
FAT_014,FAT_014,Autologous,478749,3081.6606579798004,3476.4016504326096,0.1738867694524012,1.09637756601701,6589.1189531736445
FAT_014,FAT_014,Autologous,479436,623.5689080921944,83.88100497022383,-2.894132943850475,-0.5119842084072117,437.2822495823145
FAT_014,FAT_014,Autologous,483215,171924.0992210398,30089.462721170657,-2.5144415355729044,-1.8315163878510854,48305.36714175071
FAT_014,FAT_014,Autologous,483216,80539.29175600829,86661.50494979236,0.1056985048265947,-0.8074094671733206,46020.712457534406
FAT_014,FAT_014,Autologous,483217,81080.84386380982,43518.70806010723,-0.8977253760611136,0.3811409725726329,105597.37572313167
FAT_014,FAT_014,Autologous,483218,37488.91450932609,52548.86069393874,0.4871954325858358,-0.4635866928245697,27186.253706374395
FAT_014,FAT_014,Autologous,484018,402034.293730636,132282.41597396816,-1.603697269362477,-1.5117354833714456,140989.04674721172
FAT_014,FAT_014,Autologous,500632,28702.26171348153,38123.39897498543,0.4095123271068719,-0.5730302429982416,19293.758073090165
FAT_014,FAT_014,Autologous,511680,20244.88224821564,25166.37262699233,0.313940035821846,-0.520447597734887,14113.831134768156
FAT_014,FAT_014,Autologous,515619,209111.48137635613,450888.3620499431,1.1084979967930433,-1.995197086514048,52452.199980053054
FAT_014,FAT_014,Autologous,515620,133099.9994481585,20051.702459733875,-2.7307139284158404,-1.6824232611584242,41468.48666357833
FAT_014,FAT_014,Autologous,518636,7012.4364248511,10418.849271671874,0.5712082540590631,-0.15568869099845917,6295.090397641409
FAT_014,FAT_014,Autologous,518637,91366.71552379092,46809.74304523527,-0.9648598481691284,0.3585735921597785,117146.52759101531
FAT_014,FAT_014,Autologous,525259,1238.6949102721155,1793.6037112151562,0.5340402719883647,-0.25556501159163686,1037.6039557412855
FAT_014,FAT_014,Autologous,525362,963.6974034152096,1414.585836905256,0.5537275989419485,-0.7053694767139953,591.0215524011867
FAT_014,FAT_014,Autologous,536231,705408.4073586928,215393.99394798363,-1.7114807482273269,-2.3007482796388494,143168.14133875768
FAT_014,FAT_014,Autologous,537006,9033.909326132569,3040.427538179965,-1.5710762269230658,0.06048131216810422,9420.68356489637
FAT_014,FAT_014,Autologous,537007,13710.073072116003,16353.68926530586,0.254379872806368,-0.27323728036494727,11344.546829169749
FAT_014,FAT_014,Autologous,537011,15613.345290625644,2801.211338820437,-2.478656942493461,-0.06538480173669617,14921.523859634342
FAT_014,FAT_014,Autologous,537012,85741.32792738476,17184.214771307335,-2.3189068316091523,-1.243560049747004,36211.067586948986
FAT_014,FAT_014,Autologous,537013,3546.020483154839,5162.306293537848,0.5418148731416662,0.49455323469432755,4995.932914405116
FAT_014,FAT_014,Autologous,545696,7386.336543823209,14837.61776806626,1.0063285780660085,-0.7777683936433352,4308.216060298187
FAT_014,FAT_014,Autologous,546273,943.1932033425456,118.05474773587058,-2.998097259562776,-0.301847831813534,765.1303180125559
FAT_014,FAT_014,Autologous,547042,13500.20655372521,6707.373693730119,-1.0091615932144402,-0.9250771694126725,7109.915462669117
FAT_014,FAT_014,Autologous,548480,1208.541674871139,2903.732567117378,1.2646413643952497,-0.24355941560983851,1020.8053587257594
FAT_014,FAT_014,Autologous,552396,8623.825324679285,13243.878673632003,0.6189258377118135,0.19497161896893636,9871.70700552588
FAT_014,FAT_014,Autologous,552398,18137.7741583954,29917.55843937983,0.7219950209685772,0.033795449636558984,18567.671076571434
FAT_014,FAT_014,Autologous,556258,11024.022862597016,5988.689527688944,-0.8803385395821082,-1.218756422588971,4736.503522640007
FAT_014,FAT_014,Autologous,556259,9509.124316051955,5402.558060859971,-0.8156698194359079,-0.5598160982849398,6450.881846360967
FAT_014,FAT_014,Autologous,556270,1175.9761806380843,1626.877269237304,0.4682465802370582,-0.621720471416973,764.2615563605149
FAT_014,FAT_014,Autologous,563192,15893.167315146706,19330.947157767507,0.2825056620291464,-0.7625245425643707,9368.448973822153
FAT_014,FAT_014,Autologous,563193,54221.547898035984,16747.205091092095,-1.6949459522705634,-1.0916573195228163,25441.945229386285
FAT_014,FAT_014,Autologous,566550,10441.46235465015,13059.547576290031,0.3227811389202218,-0.6374293783780915,6712.371179406296
FAT_014,FAT_014,Autologous,585394,140655.19411022717,189299.75242650585,0.4285096948010582,-1.0915872004896554,66001.7246819039
FAT_014,FAT_014,Autologous,585543,360003.09584050684,261834.03923057235,-0.4593566487707934,-1.8628220400101705,98978.51298795386
FAT_014,FAT_014,Autologous,585544,11914.146371633842,7332.856743137714,-0.7002283287314643,-1.3379438841973081,4713.046120673726
FAT_014,FAT_014,Autologous,622312,174160.2631583762,223160.7536674488,0.3576678362634269,-0.8973965276253607,93498.7488547385
FAT_014,FAT_014,Autologous,626939,4906.5344644469,8141.635321924688,0.7306142081464287,0.12906371286251905,5365.7063674334195
FAT_014,FAT_014,Autologous,645463,2157.76552529388,6151.273697816413,1.5113470672160547,0.17466529660496147,2435.47537926932
FAT_014,FAT_014,Autologous,649757,22538.94039752193,43531.13487565838,0.9496279392954776,-0.5226377373325817,15689.310546419198
FAT_014,FAT_014,Autologous,657308,4549.520157299337,13431.316474861766,1.5618144220438002,-0.629264177718795,2941.292400761979
FAT_014,FAT_014,Autologous,657309,14937.91281764377,8328.037555191851,-0.8429301037535302,-0.1800024245612326,13185.718242818988
FAT_014,FAT_014,Autologous,657313,132835.85710604594,217453.7386255858,0.7110638791143361,-0.4955231257958297,94221.06262911868
FAT_014,FAT_014,Autologous,657314,83570.29497851444,124814.93539569304,0.578728444615353,-1.3108056430664663,33686.82791756834
FAT_014,FAT_014,Autologous,657317,210445.4605104953,457649.5852777282,1.1207969834251053,-1.5287078770296,72937.79610350363
FAT_014,FAT_014,Autologous,657319,20407.70971938091,32583.110375100277,0.6750100465154335,-0.47342150259660387,14698.742958968929
FAT_014,FAT_014,Autologous,657321,290809.8635011779,708545.9556873684,1.2847852256636192,-0.7823045083051258,169087.69730874812
FAT_014,FAT_014,Autologous,657322,28670.90234866452,43892.54809460416,0.6143887147223256,-0.6772808397932849,17929.14226459744
FAT_014,FAT_014,Autologous,657323,173389.54646152726,325146.5933277272,0.907073386173614,-1.1724411388074731,76927.73749369517
FAT_014,FAT_014,Autologous,658089,24075.54927355569,46760.0357830307,0.957707320963422,-0.810782474049181,13724.810585254174
FAT_014,FAT_014,Autologous,658659,5354.008477797392,8745.37144411778,0.7079002379434896,-0.09509989405922012,5012.4624689297625
FAT_014,FAT_014,Autologous,665951,19252.23773881549,16944.998571947806,-0.1841666285990751,-0.8040319153770774,11026.647518201233
FAT_014,FAT_014,Autologous,665953,90815.51438066109,90517.96004249743,-0.0047347083016787,-0.8836413354373129,49221.80094290801
FAT_014,FAT_014,Autologous,679935,53654.66707249762,26149.126623495333,-1.0369409056503305,1.4075418340366974,142337.65828491998
FAT_014,FAT_014,Autologous,702443,17580.54236818535,15948.782191931074,-0.1405333112979036,-0.6161606772310523,11469.630395274171
FAT_014,FAT_014,Autologous,702444,8948.274137593791,4960.370540831755,-0.8511615609077162,-0.6310446562759059,5777.978353078033
FAT_014,FAT_014,Autologous,702447,9732.25825801918,5196.480036303496,-0.9052398954791604,-0.293189532801096,7942.455334446019
FAT_014,FAT_014,Autologous,709991,29915.627906016827,12783.050930277072,-1.2266671390176604,-1.015011348025045,14802.983705484548
FAT_014,FAT_014,Autologous,717959,9954.18607057037,7674.594170794182,-0.3752128917134851,-0.2032153841836278,8646.330425895849
FAT_014,FAT_014,Autologous,717960,24824.55564091595,37566.26341110913,0.5976697293598429,2.2044814215999256,114418.57013062
FAT_014,FAT_014,Autologous,717962,82253.20165619979,138466.82784658764,0.7513966537199892,0.13430544796058372,90278.17685330778
FAT_014,FAT_014,Autologous,718252,184812.7981608332,175115.57804283727,-0.0777572362034577,-0.2832924109206922,151863.19383737192
FAT_014,FAT_014,Autologous,742725,3286.702658706441,1685.904643105239,-0.9631180067055696,0.03660629233693327,3371.164990497898
FAT_014,FAT_014,Autologous,742726,33339.829318151715,41106.870275222645,0.3021328161018315,-0.1845211610027704,29337.08558721435
FAT_014,FAT_014,Autologous,742727,8333.148135413872,5709.086177788197,-0.5456017868430554,0.388018789531554,10904.716937324878
FAT_014,FAT_014,Autologous,742733,9281.165856420574,11999.125982592386,0.3705513772081899,-0.4576179305991888,6758.429844949359
FAT_014,FAT_014,Autologous,742740,35337.179631112405,32341.82303981556,-0.1277858958038148,0.4672745841017636,48853.4850360404
FAT_014,FAT_014,Autologous,742741,5995.669327130171,8278.330292987273,0.4654189930576736,0.216241746129606,6965.189305881734
FAT_014,FAT_014,Autologous,742742,7148.7290488635135,7173.37927689803,0.0049661399074943,0.6609148095996621,11302.747326040297
FAT_014,FAT_014,Autologous,742817,5659.159220055274,6194.767552245418,0.1304624206706782,0.39790744614161544,7456.482273560923
FAT_014,FAT_014,Autologous,742818,3868.057037237268,8063.967724730036,1.059880796068066,-0.5830707905471015,2582.0881934552554
FAT_014,FAT_014,Autologous,742821,9119.54451467134,2972.080052648671,-1.6174887940228204,0.04762108266809031,9425.589506236454
FAT_014,FAT_014,Autologous,748224,145991.110646784,358890.57538889686,1.2976635113700832,-0.35433995050510986,114198.25263911125
FAT_014,FAT_014,Autologous,762966,986.6138623199516,200.90018474349904,-2.2960066671747863,-0.9932105076961273,495.63396286327537
FAT_014,FAT_014,Autologous,762967,3565.318553811464,1371.0919824762511,-1.3787056237590984,-0.2710700563096326,2954.596107646454
FAT_014,FAT_014,Autologous,762968,119066.683692544,43942.25535680874,-1.4380889622635196,-0.04570696736001078,115353.58319016802
FAT_014,FAT_014,Autologous,762982,23371.169694588883,10260.407373394784,-1.1876419287833484,-0.09595975376221601,21867.225550060026
FAT_014,FAT_014,Autologous,762984,15987.245409597752,6497.153397323263,-1.2990417123311837,0.54500834258269,23325.851185519234
FAT_014,FAT_014,Autologous,763034,8352.446206070495,3994.185631730288,-1.0642974016153162,0.04754237563283131,8632.277009129064
FAT_014,FAT_014,Autologous,862962,4366.1884860614,1944.796633754078,-1.1667551107369585,0.4413883773983486,5928.893119675974
FAT_014,FAT_014,Autologous,866771,5001.818688313985,4498.507229514225,-0.1530064205217651,-0.4950620058935387,3548.94632784458
FAT_014,FAT_014,Autologous,868129,961.2851445831316,576.8113551656131,-0.7368648730706053,-0.2912008692140895,785.5829235777771
FAT_014,FAT_014,Autologous,888048,5691.724714288328,2177.7994253380334,-1.3859947978252285,-0.8619061749132743,3131.7297271514085
FAT_014,FAT_014,Autologous,888833,4729.233440289157,2256.5025904952804,-1.0675179218208477,-0.577004682310042,3170.261121764943
FAT_014,FAT_014,Autologous,904306,4736.470216785392,1574.0633031449408,-1.5893187507556144,-1.3615797124905462,1843.2255247221187
FAT_014,FAT_014,Autologous,997353,960.0790151670924,283.7456217511275,-1.7585550140032873,0.019707712396165332,973.2840130858341
FAT_014,FAT_014,Autologous,997884,6175.382610119992,4057.355277448604,-0.6059888890399407,0.1139222187686597,6682.790945404942
FAT_014,FAT_014,Autologous,999410,11108.45192171975,14577.690209454824,0.392104370964093,-1.009767815348441,5516.747903378107
FAT_014,FAT_014,Autologous,999412,2402.609796749809,3327.2798638188783,0.4697408569831661,-0.35261456689880133,1881.6362969148036
FAT_014,FAT_014,Autologous,999413,5510.805301882469,7634.207020252964,0.4702151520020997,0.14190355844468103,6080.402027430112
FAT_014,FAT_014,Autologous,1002367,4203.361014896127,4277.931253481415,0.0253699276801698,-0.28966995080874136,3438.724223075202
FAT_014,FAT_014,Autologous,1042156,2724.646350832238,2872.665528239517,0.0763210405103535,0.9230412623183158,5166.22417839607
FAT_014,FAT_014,Autologous,1077285,2838.02251593991,1303.780064907553,-1.1221855139254462,-0.254563385458111,2378.9462071751536
FAT_014,FAT_014,Autologous,1121100,192324.5721639245,69773.46261578728,-1.4627927624979091,-0.32956990315309,153046.83346433763
FAT_014,FAT_014,Autologous,1121101,3614.7698598690654,2090.8117164800237,-0.7898406496022664,0.283600958492472,4400.003761515902
FAT_014,FAT_014,Autologous,1121114,4109.28292044508,3899.9489471341103,-0.075431423902283,0.6048495618213225,6249.480309520166
FAT_014,FAT_014,Autologous,1121115,223732.1821575816,349536.289982773,0.6436694566853652,-0.6273793998476751,144833.30479909581
FAT_014,FAT_014,Autologous,1121130,14110.508038240972,1260.286210478548,-3.4849466205262725,0.02365339427825934,14343.76071558048
FAT_014,FAT_014,Autologous,1121315,1344.834298883553,41.42271850381423,-5.02086237634047,-0.5645409321343021,909.3373352049707
FAT_014,FAT_014,Autologous,1121333,18360.908100362623,19935.718847923195,0.1187182135448843,-0.2898326654979829,15019.1664658972
FAT_014,FAT_014,Autologous,1122975,1032.446780129436,752.8579088068236,-0.4556179089017179,-0.09349074230521635,967.6630466750648
FAT_014,FAT_014,Autologous,1122981,1487.157569976162,965.1493411388716,-0.6237334161687237,-0.27462003183659955,1229.3855922476237
FAT_014,FAT_014,Autologous,1123075,1387.04882844492,1417.692540793042,0.0315261090059967,-0.7298286080591809,836.3565204836834
FAT_014,FAT_014,Autologous,1123263,3386.811400237683,5047.358249689764,0.5756008389986149,0.05979876469596034,3530.142484493145
FAT_014,FAT_014,Autologous,1123313,753.8308850244131,1607.2014779479923,1.0922379862175131,-0.3383639765444118,596.2332896632065
FAT_014,FAT_014,Autologous,1156431,2057.6567837626376,961.00706928849,-1.0983834126108831,-0.2557366623382471,1723.4096880798957
FAT_014,FAT_014,Autologous,1156433,1973.2277246399035,814.9919865625451,-1.2756996838544274,-0.4492408798573557,1445.247506412399
FAT_014,FAT_014,Autologous,1160721,2395.373020253575,3376.9871260234554,0.4954863417999264,1.5219655198351887,6879.081067831147
FAT_014,FAT_014,Autologous,1203465,35964.36692745271,18868.048278487386,-0.9306230114258244,-0.21948716094285978,30888.740547558147
FAT_014,FAT_014,Autologous,1203606,11201.32388675476,15715.77940034712,0.4885445674115886,0.004009431840837581,11232.497078471657
FAT_014,FAT_014,Autologous,1203610,3749.85635446544,1707.651570319742,-1.134821694323762,0.7650468304604526,6372.600240433975
FAT_014,FAT_014,Autologous,1203611,58424.90891293211,44494.21308087206,-0.3929658684777672,0.4128867795536564,77783.83463230767
FAT_014,FAT_014,Autologous,1211844,1104.8145450917798,763.2135884327773,-0.5336454554220393,-0.3036275060317078,895.1347070538482
FAT_014,FAT_014,Autologous,1256908,95508.56393846907,193891.4607726537,1.021547260937899,-0.24306516238154502,80699.79106324917
FAT_014,FAT_014,Autologous,1282887,1965.990948143669,834.6677778518568,-1.2359826970106371,0.6841516238004083,3158.869424825999
FAT_014,FAT_014,Autologous,1384484,6767.59215339517,24679.65568457252,1.8666077343592844,-0.808972611490242,3862.8616722176116
FAT_014,FAT_014,Autologous,1408437,6965.397377625576,9628.71091621162,0.467137002908017,1.1510263930013873,15468.185376087637
FAT_014,FAT_014,Autologous,1410647,839.4660735631863,3110.846159636449,1.8897631252453784,-0.6387956156623679,539.1461492707747
FAT_014,FAT_014,Autologous,1437612,11478.73365244374,41195.92912000585,1.843538289931714,-0.4879023012870612,8185.038964273019
FAT_014,FAT_014,Autologous,1899017,5520.454337210781,1280.997569730455,-2.107519268044457,-0.6014224395495371,3638.5523484344612
FAT_017,FAT_017,Autologous,818,74192.40567773356,80585.79235024982,0.1192539869513747,-0.9715372201519662,37835.33712931318
FAT_017,FAT_017,Autologous,205913,4581.751034936762,1325.3833004148514,-1.7894894200686644,-1.057657164847702,2201.1262590135398
FAT_017,FAT_017,Autologous,206672,4866.621604050031,1611.4670785023116,-1.5945458895265017,-1.2400190079568254,2060.367368974689
FAT_017,FAT_017,Autologous,213810,2578.723827722207,898.3307041393675,-1.5213387239733769,-0.5960663129199206,1705.9684441439792
FAT_017,FAT_017,Autologous,226186,73292.13527290522,81037.72179679378,0.1449352203872245,-0.29565537678609527,59711.26029384776
FAT_017,FAT_017,Autologous,272559,5241.81698776019,1693.0078654934234,-1.6304783086228185,1.0339386462861935,10733.179689774113
FAT_017,FAT_017,Autologous,295405,3574.2819490483707,2183.634634677232,-0.7109219575671278,0.8091700959318928,6262.868288018065
FAT_017,FAT_017,Autologous,347253,3037.295963367957,1945.922509889584,-0.6423332353840294,1.45096266941376,8303.676074212564
FAT_017,FAT_017,Autologous,349741,1088.8606770636109,66.33826738259945,-4.036834226123349,-0.05540069513635133,1047.840168768378
FAT_017,FAT_017,Autologous,367928,85054.21277810466,87636.99735412528,0.0431573600395621,0.6876836976017704,136996.42994365827
FAT_017,FAT_017,Autologous,391904,1957.368509726017,1202.381096309615,-0.7030211620831337,0.7699056299355145,3337.6230459926223
FAT_017,FAT_017,Autologous,398513,12150.176433852015,556.9650365664079,-4.4472466879206864,-0.29224557698589737,9922.198237468761
FAT_017,FAT_017,Autologous,411459,41510.704079742274,73476.54136241459,0.8238003162119065,-0.548382628742307,28384.4497339337
FAT_017,FAT_017,Autologous,411460,9406.684263019,27114.384745400388,1.527300248465961,0.2256455677269383,10999.239317539881
FAT_017,FAT_017,Autologous,411461,109573.92590982972,96327.3103812458,-0.185887748007952,-0.8895167366218368,59147.44687217114
FAT_017,FAT_017,Autologous,411462,81826.34138174106,279174.92394900986,1.7705321088871786,-0.190401459579083,71709.48159424002
FAT_017,FAT_017,Autologous,411463,24381.74445887925,26485.55325250283,0.1194042939465091,-0.8542665864885639,13486.675506060006
FAT_017,FAT_017,Autologous,411467,20669.49383698508,13503.9835540704,-0.6141180077283657,-0.3161988311548704,16601.39216609431
FAT_017,FAT_017,Autologous,411468,2235.291016177987,2165.6680205944444,-0.045650564048962,0.2967600195496576,2745.7926619753903
FAT_017,FAT_017,Autologous,411469,33180.969529224654,104568.45805629666,1.6560197971003885,0.7052456413475777,54098.99086454541
FAT_017,FAT_017,Autologous,411470,13100.075857689642,10521.5256163277,-0.3162312559910168,0.931510629010409,24985.408313645337
FAT_017,FAT_017,Autologous,411471,74163.62084670819,23814.055943116065,-1.6388983242294364,-0.7747963991133456,43346.493216995856
FAT_017,FAT_017,Autologous,411473,7436.412208350568,4653.353047441924,-0.6763360948567121,1.563759772590783,21983.763978376483
FAT_017,FAT_017,Autologous,411474,19622.321535889267,30818.27134092886,0.6512902021397964,-0.5710245910528416,13208.541277172691
FAT_017,FAT_017,Autologous,411475,23823.914285214934,10911.262937200472,-1.126592370654618,0.050006900043804835,24664.180770314135
FAT_017,FAT_017,Autologous,411476,48532.21768917525,9758.635541427806,-2.31419143736855,-1.298554957773911,19729.957222230452
FAT_017,FAT_017,Autologous,411477,21482.417168357093,109101.5729941076,2.34444366477644,0.42900384930518093,28921.85688930854
FAT_017,FAT_017,Autologous,411479,38305.66203212295,28139.863795356403,-0.4449423098335264,0.2681236398451512,46129.23269968527
FAT_017,FAT_017,Autologous,411483,562548.9007917135,256659.992408803,-1.1321200818669048,-2.124562122292562,129004.05268735628
FAT_017,FAT_017,Autologous,411484,18713.117907639247,46165.90590934067,1.3027778418994702,-0.37017069501126715,14478.169985356639
FAT_017,FAT_017,Autologous,411485,207567.416524034,126245.86897079815,-0.7173438097448811,-0.5193430646711992,144817.59786634825
FAT_017,FAT_017,Autologous,411486,42761.35535877613,24418.01058574515,-0.8083619171868792,-0.32002585166564046,34254.219895641945
FAT_017,FAT_017,Autologous,411487,16772.623264376387,23627.479566102505,0.4943573934058727,1.1335725764159867,36799.36630029392
FAT_017,FAT_017,Autologous,411489,14869.84667556058,11339.697580713091,-0.3910076062521049,-0.22322273301087736,12738.249532923639
FAT_017,FAT_017,Autologous,411490,2524.1319068119988,3193.9111650247355,0.3395368813362115,1.604046572492117,7673.22935205754
FAT_017,FAT_017,Autologous,411901,206860.6992933418,163393.91665781674,-0.3403053075854682,-0.6831399976975666,128834.55387620287
FAT_017,FAT_017,Autologous,411902,9023.548236267354,5492.255720384379,-0.7162960418694319,-0.38774713662597443,6896.898353180458
FAT_017,FAT_017,Autologous,411903,144033.33896873344,200052.7196228886,0.4739774549263206,-0.20361358905830987,125074.63113457151
FAT_017,FAT_017,Autologous,428125,49803.71315619302,11835.852538845453,-2.0730896801710115,-0.3770817213975638,38348.53823246119
FAT_017,FAT_017,Autologous,428126,2614.456721408889,978.489443893342,-1.4178829966148296,1.822579448459285,9247.67461789206
FAT_017,FAT_017,Autologous,428127,7234.91839117289,4627.094149936312,-0.6448702889762951,1.5548339294952656,21256.183361499956
FAT_017,FAT_017,Autologous,428128,56606.85908198517,19687.26289302352,-1.52371432748717,-0.5974636124972542,37412.315608924066
FAT_017,FAT_017,Autologous,435590,210050.85263525837,69639.9782321209,-1.5927509848543588,-0.8939330143890782,113037.82625029034
FAT_017,FAT_017,Autologous,435591,13769.07503393474,34113.071954264626,1.3088930318327816,1.0180743418666478,27885.323126403575
FAT_017,FAT_017,Autologous,445970,9740.191270761365,196234.12310667773,4.332482019878992,1.6847862677945493,31314.010164381132
FAT_017,FAT_017,Autologous,445972,23271.04701345156,13950.384811665808,-0.7382312037510692,0.45897513545550583,31987.566855102395
FAT_017,FAT_017,Autologous,445973,2767.3140999574725,3084.7294332908746,0.1566575495194516,0.9243584143402026,5251.919556136179
FAT_017,FAT_017,Autologous,449673,5908.831003244918,3554.62549391762,-0.7331751681414779,0.8445185942126392,10610.283735848741
FAT_017,FAT_017,Autologous,450749,1588.1286082969712,142.35086542516132,-3.479804579032819,-0.11479361051694532,1466.6596668787697
FAT_017,FAT_017,Autologous,457387,41297.29929800236,14207.445597773383,-1.539400246287002,-0.9683844363849066,21106.143595189114
FAT_017,FAT_017,Autologous,457388,21802.02805077685,48146.37960015869,1.142964975244051,-0.189836844304574,19113.9440167067
FAT_017,FAT_017,Autologous,457390,55301.61588204109,10358.444042345476,-2.4165143259318884,-1.3084088218807495,22328.909800828504
FAT_017,FAT_017,Autologous,457391,37533.43449633855,51374.84194611186,0.452885740320242,-1.3297724793399264,14931.962915306593
FAT_017,FAT_017,Autologous,457393,87379.82860887954,104779.9112835787,0.2619899644761935,-1.3113983062122738,35207.9681024398
FAT_017,FAT_017,Autologous,457394,140528.53764629803,46337.27976674572,-1.6006178752909406,-0.8211864147330281,79535.82387809317
FAT_017,FAT_017,Autologous,457395,41864.062695088345,57856.64348828668,0.4667703041475847,-1.057559652148744,20113.33997947685
FAT_017,FAT_017,Autologous,457412,230577.4148974967,464056.91104984016,1.009050537905636,-0.871337326890517,126042.81502114328
FAT_017,FAT_017,Autologous,457416,1520.63314244435,136.82267647661138,-3.4742928782866604,0.36045857888197863,1952.2404014172655
FAT_017,FAT_017,Autologous,457421,3740.042872539367,2819.3763637604766,-0.4076787291952379,0.6451229464383955,5848.9503982569495
FAT_017,FAT_017,Autologous,457424,7617.061837544348,5005.775092911984,-0.6056411350939378,0.3561053974622704,9749.57955923624
FAT_017,FAT_017,Autologous,469585,111843.9572393142,103229.25428351044,-0.1156354357807263,-1.6273971437420431,36200.71677552287
FAT_017,FAT_017,Autologous,469588,19182.608427467043,4736.275881670173,-2.0179738860261094,-0.6247967427174873,12440.135217574387
FAT_017,FAT_017,Autologous,469589,10122.33471713282,22929.545711348077,1.1796656858789458,0.10748303276975417,10905.267197520181
FAT_017,FAT_017,Autologous,469590,59744.405663751866,14534.990792974966,-2.0392734709752904,-1.3095496643568716,24103.689009532598
FAT_017,FAT_017,Autologous,469591,29228.51445532557,35828.19257555225,0.2937187599990929,-0.7584796781983419,17277.52812417187
FAT_017,FAT_017,Autologous,469592,13166.578743162076,33825.60612894003,1.3612352678210489,-0.3123373246106212,10603.519449463054
FAT_017,FAT_017,Autologous,469593,154302.57558213372,53481.08193550939,-1.5286615863179027,-0.8103012602380458,87993.01332867233
FAT_017,FAT_017,Autologous,469596,4790.192914775739,5582.088790798316,0.2207213140460225,0.5522976143560464,7024.431026819415
FAT_017,FAT_017,Autologous,470145,3911.759278311477,2330.1316418138053,-0.7474061296370643,0.19410144636792803,4475.097263709835
FAT_017,FAT_017,Autologous,470146,151963.06362603625,147138.27705460557,-0.0465480995817997,-0.46489526164032396,110100.8373429491
FAT_017,FAT_017,Autologous,471870,45332.13854345686,10310.072389045665,-2.1364797597749905,0.16792583478462292,50928.03511211726
FAT_017,FAT_017,Autologous,471875,11493.088222169145,54143.08256209824,2.2360105218344644,-0.7656351802383903,6760.169502013237
FAT_017,FAT_017,Autologous,476272,4380.257217759084,4141.995569701053,-0.0806895799037246,1.2298796572965967,10273.780477971619
FAT_017,FAT_017,Autologous,478749,5749.025562035036,5022.359659757633,-0.1949520992904024,0.7067215419963201,9382.933155217564
FAT_017,FAT_017,Autologous,479436,1203.0074207849557,96.7433065996242,-3.636339882969297,-0.21591480220171747,1035.7894288289533
FAT_017,FAT_017,Autologous,479437,4244.273705673656,2399.23400367068,-0.822943821717324,-0.5057031513507692,2989.314202840286
FAT_017,FAT_017,Autologous,483215,241648.65645808692,42377.71443234681,-2.5115332878546184,-0.8657501289089946,132607.35946894795
FAT_017,FAT_017,Autologous,483216,2520.161585291256,1487.0828271599376,-0.7610312335321943,0.6758464755366436,4026.0433699441146
FAT_017,FAT_017,Autologous,483217,43474.0280717494,51408.01107980316,0.2418394226185974,0.6910673727539417,70187.84198708847
FAT_017,FAT_017,Autologous,483218,19692.79474288244,13378.21725549089,-0.5577819895535931,-0.461811643496695,14298.424853724217
FAT_017,FAT_017,Autologous,484018,17650.064320460464,57104.809791283886,1.6939388242160849,0.47113441664378614,24466.50208485725
FAT_017,FAT_017,Autologous,484020,12845.975280362123,1142.953065112703,-3.4904783591516484,-0.34023131686665403,10147.224060473585
FAT_017,FAT_017,Autologous,500632,18971.188806487506,18625.85061490193,-0.0265037734966289,-0.42940177563995197,14087.428720483664
FAT_017,FAT_017,Autologous,511680,30902.0049763185,12146.813167201388,-1.3471225871428647,-1.0028382036676795,15420.63572108436
FAT_017,FAT_017,Autologous,515619,154837.57640705377,73242.97537933834,-1.0799933265272283,-0.9929286296689306,77799.18792858966
FAT_017,FAT_017,Autologous,515620,21755.376772908137,4249.795254197777,-2.355906760410523,-1.391758037818994,8290.976668028625
FAT_017,FAT_017,Autologous,518635,156003.85835377185,149391.01405113967,-0.0624883390123001,0.05997086681028671,162625.39686944408
FAT_017,FAT_017,Autologous,518636,14042.034638485782,6524.645006526083,-1.105780677274659,0.8015113571063172,24474.22793160309
FAT_017,FAT_017,Autologous,518637,160251.10980058607,161503.27603741264,0.0112290816830417,0.6729060710137094,255485.32385524368
FAT_017,FAT_017,Autologous,525259,2673.01896383984,2987.9861266912503,0.1607033767916658,0.8184022591454468,4713.740481166705
FAT_017,FAT_017,Autologous,536231,35478.79310935434,24044.857831718025,-0.5612285378483874,-0.7005670405604377,21831.176696211387
FAT_017,FAT_017,Autologous,537006,1917.6652945185929,5079.023596480271,1.405200239334003,0.719883157369667,3158.4880077968837
FAT_017,FAT_017,Autologous,537007,5533.63561953476,4533.114937810963,-0.2877249066308961,1.0992926681236068,11855.793472709207
FAT_017,FAT_017,Autologous,537011,311055.8321229457,2984373.4552133726,3.262182619915963,-0.8325127420752649,174673.50761627688
FAT_017,FAT_017,Autologous,537012,2562.8425416392374,755.9798387142062,-1.7613251789559472,1.3057204205737665,6335.52978439792
FAT_017,FAT_017,Autologous,537013,2967.815336754965,3061.234630259537,0.0447122979156003,0.9409404704844937,5697.550464966056
FAT_017,FAT_017,Autologous,537937,5690.463319604085,1370.9908592403883,-2.05332716975305,-1.3017509851770925,2308.243040593933
FAT_017,FAT_017,Autologous,545696,17134.915103144132,7674.508307824474,-1.1587928162443508,1.7201997601394539,56456.46524276491
FAT_017,FAT_017,Autologous,546273,1231.7922518103385,114.70992068241156,-3.4246968852247446,-0.24595084283637825,1038.7209399822982
FAT_017,FAT_017,Autologous,547042,6317.774119881388,13219.281823220075,1.065155538003442,0.24341661575425647,7478.935662955452
FAT_017,FAT_017,Autologous,547043,1606.987635520498,2157.37573717162,0.4249186352340302,-0.38087579076121647,1234.1203043222467
FAT_017,FAT_017,Autologous,548480,5830.417153210256,2220.949910079944,-1.3924222530910704,-1.2058411862476879,2527.582044754339
FAT_017,FAT_017,Autologous,552396,18031.215186451736,12439.807181474533,-0.5355325046019141,1.8235378155589534,63821.14287463693
FAT_017,FAT_017,Autologous,552398,47126.72387083244,23351.070118675005,-1.0130567259711478,-0.47001739187269576,34023.416084119
FAT_017,FAT_017,Autologous,556258,20010.42046454184,4996.100762252021,-2.001877002990112,-0.6981126624636877,12333.983482643956
FAT_017,FAT_017,Autologous,556259,35020.22097370859,7335.906734725789,-2.255140984631066,-0.7000404123104115,21556.870850338502
FAT_017,FAT_017,Autologous,556268,992.5803801856068,337.2195258615472,-1.5574958635405136,0.09830261734593354,1062.5704228479128
FAT_017,FAT_017,Autologous,563193,32033.546609730096,48110.44637199312,0.5867666492646554,-0.2294102048040388,27324.087757090856
FAT_017,FAT_017,Autologous,565040,4554.951364671751,1090.4352701014784,-2.0625315178401267,-0.9026471057994488,2436.463388398433
FAT_017,FAT_017,Autologous,565042,5482.021439765107,1955.5968405495464,-1.4870989907931305,-1.173169242675547,2430.9811855848525
FAT_017,FAT_017,Autologous,566550,5703.366864546499,4122.646908381128,-0.4682429316386241,1.0421715067933888,11745.085761509275
FAT_017,FAT_017,Autologous,566552,2163.8252288046237,2348.098255896593,0.1179088010786191,-0.7542446835198412,1282.8382665235679
FAT_017,FAT_017,Autologous,585394,46774.35783586655,24665.397041192755,-0.9232293361577056,0.19890473416466176,53688.852900067744
FAT_017,FAT_017,Autologous,585543,71056.84425672723,56337.77357467258,-0.3348710671507807,-0.8691444807719261,38901.59038420126
FAT_017,FAT_017,Autologous,585544,50528.29683372851,12207.623245635436,-2.0493092083983897,-1.1651400651730535,22531.626885105954
FAT_017,FAT_017,Autologous,592028,2588427.293518902,987320.7257386504,-1.3904850773001245,-2.0712907806308043,615907.2493535976
FAT_017,FAT_017,Autologous,622312,80417.8698222577,44020.96859730328,-0.8693252319700713,-0.4816031503162974,57593.778353337555
FAT_017,FAT_017,Autologous,626939,1579.1953848753003,1886.494478692672,0.2565181990348546,1.9312514348891534,6022.82822788844
FAT_017,FAT_017,Autologous,641112,2096.329762952002,252.9146443961604,-3.0511431975157235,1.927223006440907,7972.812185766228
FAT_017,FAT_017,Autologous,645463,3231.841717884336,2010.8787300350457,-0.6845304629119134,0.6291678439425624,4998.601049374805
FAT_017,FAT_017,Autologous,649757,14446.014853221324,36387.92170659293,1.3327880952596125,-0.15874383291989408,12940.808238552354
FAT_017,FAT_017,Autologous,657308,9395.765878836955,17029.586056008135,0.8579606971350049,1.754565201881376,31703.62641117494
FAT_017,FAT_017,Autologous,657309,33382.463346402335,8932.171293619589,-1.9020075941255523,-0.9885302404799354,16824.459723757842
FAT_017,FAT_017,Autologous,657313,174054.9251478273,305326.0217701254,0.810807912288743,-0.3702480684358887,134657.49848639127
FAT_017,FAT_017,Autologous,657314,36162.68099130222,77653.08811304407,1.1025416601980798,-0.13979639932216642,32822.957528010265
FAT_017,FAT_017,Autologous,657317,156252.99602919843,72147.0119202883,-1.1148723029634773,-0.6611506186078216,98810.2926360507
FAT_017,FAT_017,Autologous,657319,46204.616697640005,18667.312032016056,-1.3075228067295273,-0.483305020105004,33051.872113476755
FAT_017,FAT_017,Autologous,657321,45788.72551834224,33905.76486869401,-0.4334618194638028,0.5286513239591553,66053.89949755189
FAT_017,FAT_017,Autologous,657322,165323.19554333453,103367.45900722418,-0.6775070711117647,-0.6420366147585491,105940.3764527484
FAT_017,FAT_017,Autologous,657323,72537.77418396417,105806.77238077184,0.5446275909667226,-1.244842299422973,30607.605361894315
FAT_017,FAT_017,Autologous,658089,14595.894490629353,38015.9733519409,1.381043102705341,-0.6791794057284433,9115.433807690397
FAT_017,FAT_017,Autologous,658659,6443.831828164961,4276.054151703389,-0.5916387195402487,0.5717744047957309,9577.792947187829
FAT_017,FAT_017,Autologous,665943,1644.7056899675508,1912.7533761982845,0.21782142397396,-0.789978060092485,951.2202844469989
FAT_017,FAT_017,Autologous,665951,15627.185505642195,34600.93462897416,1.1467530391633265,0.026333897701299246,15915.051953219165
FAT_017,FAT_017,Autologous,665953,11436.511140498564,4475.068953851188,-1.3536651886179767,-0.014082352913007436,11325.420783845831
FAT_017,FAT_017,Autologous,679935,38103.17563456508,31401.495275000874,-0.2790779823820327,1.0851276836860009,80838.29676820473
FAT_017,FAT_017,Autologous,702443,84794.15671849603,43593.9160010278,-0.959838044652148,-0.7915324768968045,48988.13515614278
FAT_017,FAT_017,Autologous,702444,17127.967040482836,3468.9385652150963,-2.3037877287636324,0.023189883492803952,17405.50663344406
FAT_017,FAT_017,Autologous,702447,18819.32400831911,3741.2018709311815,-2.3306410880119706,0.021762545217940098,19105.3588082622
FAT_017,FAT_017,Autologous,702459,11158.588634046591,371.7707067899844,-4.907597653459607,-0.29236025502715834,9111.713612951786
FAT_017,FAT_017,Autologous,709991,38401.94232900095,40719.25774778183,0.0845319806855817,-0.02871993424564203,37645.02842381383
FAT_017,FAT_017,Autologous,717959,303426.8593208391,69941.26452981688,-2.1171330133446324,-0.45836573092310173,220837.1775239421
FAT_017,FAT_017,Autologous,717960,13842.525982068477,11195.964668050794,-0.306128390563457,2.8400679913905695,99119.9336095745
FAT_017,FAT_017,Autologous,717962,87923.76265722125,53687.00697384288,-0.7116801495331911,0.3720256090876195,113788.17518944814
FAT_017,FAT_017,Autologous,718252,339548.84451655374,186236.39339322512,-0.8664840980814765,-0.6670756990458172,213841.73141068534
FAT_017,FAT_017,Autologous,742725,86206.59859950015,33452.45337491291,-1.3656862824244445,0.1452399699104817,95337.13512270646
FAT_017,FAT_017,Autologous,742726,9541.67519472424,106741.0363130768,3.483728536112883,-0.15430536722995009,8573.814534036208
FAT_017,FAT_017,Autologous,742727,6015.037103924778,3033.5936855167874,-0.9875457703789056,1.7519867951953023,20259.974201357996
FAT_017,FAT_017,Autologous,742733,9423.558129482151,5094.226116088783,-0.8874088952400316,-0.5181551827421234,6580.132842816637
FAT_017,FAT_017,Autologous,742740,23227.373476723387,11285.797738464733,-1.0413176258911692,-0.12485216604924254,21301.77808716419
FAT_017,FAT_017,Autologous,742741,6186.753509696889,3753.640296065419,-0.7208921496074652,0.29403539890117686,7585.361590512683
FAT_017,FAT_017,Autologous,748224,281690.3415751545,193667.6613873134,-0.5405270253885947,-0.82007812354487,159552.5841227358
FAT_017,FAT_017,Autologous,759350,1783.666943193536,496.1549581323584,-1.8459835761282035,0.42183985439142335,2389.46246692967
FAT_017,FAT_017,Autologous,762968,3053.177249450928,1495.3751105827628,-1.029803920576324,0.38526576771860194,3987.755934278196
FAT_017,FAT_017,Autologous,762982,1835.2811229631875,1448.385504520088,-0.3415554243080583,0.6577513133040612,2895.379349750575
FAT_017,FAT_017,Autologous,762984,137837.6522356149,26171.82852967262,-2.396883404883752,-0.5687156445202786,92932.45268112226
FAT_017,FAT_017,Autologous,763034,2745.477331593389,9268.008772243998,1.7552024102019776,1.2426148315024508,6496.541238433303
FAT_017,FAT_017,Autologous,767031,1324.1022271675995,2280.377941276856,0.7842584415072803,-0.028393577909750993,1298.297430053591
FAT_017,FAT_017,Autologous,862962,4340.554002551659,4935.290683817972,0.1852558690635451,1.2898038874339053,10612.429604717448
FAT_017,FAT_017,Autologous,866776,1327.0799683081566,124.38425134237396,-3.415379570204991,-0.1728584453775957,1177.2305305900788
FAT_017,FAT_017,Autologous,868129,2262.0906864429985,10905.734748251922,2.269358298690164,0.31618862993664026,2816.3866273669896
FAT_017,FAT_017,Autologous,873513,1299.2877176629595,1875.438100795572,0.5295067070323007,-0.1650673548388546,1158.8176675449272
FAT_017,FAT_017,Autologous,883062,10374.450133699964,460.2217299667837,-4.494561958690071,-0.28962696303523,8487.478440283445
FAT_017,FAT_017,Autologous,888048,1261.5696632159063,1311.5628280434769,0.0560670455748377,0.6066130962718284,1920.9673119368
FAT_017,FAT_017,Autologous,890402,4773.319048312584,1300.506450146377,-1.87591921458848,-1.0419770397326409,2318.21717889137
FAT_017,FAT_017,Autologous,997884,56093.69502542921,7186.64563311494,-2.9644481649515053,-0.3811374844944235,43070.53175519656
FAT_017,FAT_017,Autologous,999410,8726.766702591856,6556.432092980245,-0.4125362928445402,-0.5326154783072129,6032.816710735746
FAT_017,FAT_017,Autologous,999413,3719.198684555469,4716.927220350248,0.342855520328439,0.048145459329391675,3845.4096071241147
FAT_017,FAT_017,Autologous,1002367,8761.507015898353,23374.564921706344,1.415688566031751,0.21595552318862904,10176.253175489466
FAT_017,FAT_017,Autologous,1042156,1844.214346384858,1066.9404670701413,-0.7895266655558851,1.5546799838407679,5417.721858361678
FAT_017,FAT_017,Autologous,1077285,15661.925818948694,8500.972555632692,-0.8815618123002729,0.14326874616964172,17297.10224899292
FAT_017,FAT_017,Autologous,1121100,11260.824413205712,3937.4525786047047,-1.515977998677161,0.3890016356986793,14745.902139594806
FAT_017,FAT_017,Autologous,1121101,2584.679310003321,2183.634634677232,-0.2432538065424827,1.033045057717191,5289.12968418333
FAT_017,FAT_017,Autologous,1121114,2408.992582710468,2768.240615986389,0.2005393962202613,1.6195156219099385,7402.1561681004005
FAT_017,FAT_017,Autologous,1121115,179178.6250703454,349789.24548331264,0.9650873904261528,-0.3666503315917945,138967.56632201845
FAT_017,FAT_017,Autologous,1121333,2438.7699941160363,3083.347386053737,0.338343739440663,1.2674445530628142,5870.967432602328
FAT_017,FAT_017,Autologous,1121344,1338.990932870384,1076.6147977301034,-0.3146440313279112,-0.3459461605191926,1053.5070954164912
FAT_017,FAT_017,Autologous,1122978,1369.7609246561376,6769.2673674994185,2.305075590457134,0.3899465118645771,1794.859134626628
FAT_017,FAT_017,Autologous,1123313,1687.3866463155318,938.4100740163548,-0.846500183221645,-0.15477231664733926,1515.7357642520976
FAT_017,FAT_017,Autologous,1150460,2066.552351546434,2128.352745191732,0.0425113658415336,-0.16007462986964904,1849.5204878045827
FAT_017,FAT_017,Autologous,1160721,2759.373456915988,1983.237785292296,-0.4764830624891326,0.15655518132203802,3075.6597408947227
FAT_017,FAT_017,Autologous,1203465,4819.970326181307,2042.665816489208,-1.238571068550844,1.1090599039045501,10396.919050492994
FAT_017,FAT_017,Autologous,1203606,7689.5202052978975,3643.07651709442,-1.0777362857683133,2.1669359005041615,34531.22197025907
FAT_017,FAT_017,Autologous,1203611,44553.95552539134,20034.156749545036,-1.1530917336247584,0.8731177028272937,81605.77344223968
FAT_017,FAT_017,Autologous,1256908,84006.04789662866,86641.9233433863,0.0445720729249593,-0.2916681831712182,68629.31777151657
FAT_017,FAT_017,Autologous,1322347,4907.317399637641,1467.7341658400128,-1.7413438935415335,-1.225229722931548,2099.0039234987344
FAT_017,FAT_017,Autologous,1384484,13214.222601410987,23326.19326840653,0.8198593319949294,0.6752853296063321,21101.9581951318
FAT_017,FAT_017,Autologous,1408437,9497.009077615889,4249.795254197777,-1.1600798955254534,1.1138986538796236,20554.35059799469
FAT_017,FAT_017,Autologous,1410645,1231.7922518103385,974.3433021819294,-0.3382568692855134,-0.2761042908355876,1017.2361710706234
FAT_017,FAT_017,Autologous,1410647,10723.8384275253,12613.945133353856,0.2341981750763,1.5959258524476048,32416.924866417372
FAT_017,FAT_017,Autologous,1437612,112471.2680395915,118807.6907405242,0.079071731692095,-0.28888548065683645,92061.57414839687
FAT_023,FAT_023,Autologous,561,9950.433815774864,5283.6874651071885,-0.9132142927843768,0.3983069902399037,13114.277432700914
FAT_023,FAT_023,Autologous,818,7222.522116684939,8109.522942503543,0.167114331175374,-0.9036397300061022,3860.701429481341
FAT_023,FAT_023,Autologous,904,17849.563952312816,76128.60949506608,2.092549896284929,0.15114997699875565,19821.124439957355
FAT_023,FAT_023,Autologous,205913,17650.877470292486,4973.563014680398,-1.82738824463434,-2.855100333991073,2439.469872797374
FAT_023,FAT_023,Autologous,206672,19154.450847743625,5221.1997027077605,-1.875226419049832,-2.7694631845296045,2809.171249516056
FAT_023,FAT_023,Autologous,213810,6803.669532966407,8523.793663596047,0.3251826017771156,-0.6031339890579637,4479.007491539771
FAT_023,FAT_023,Autologous,226186,10449.83497328542,15660.127565767756,0.5836158056775845,0.07353656474924601,10996.288961930099
FAT_023,FAT_023,Autologous,272559,3506.5479124128365,16963.11312987435,2.2742776168334298,0.7740042570570782,5996.2298974429195
FAT_023,FAT_023,Autologous,295405,2244.6202563377724,16053.56903272712,2.838350776918304,1.4372911373295745,6078.698773269053
FAT_023,FAT_023,Autologous,300267,8049.487474283065,364.5119473299966,-4.464858920542394,1.9603869656769715,31325.89649974542
FAT_023,FAT_023,Autologous,300269,27628.16081066469,524.2028956840903,-5.719870392716909,0.44176736928971955,37526.426005059904
FAT_023,FAT_023,Autologous,326426,1149.1596527662282,378.39811675209165,-1.6026024318848775,-0.35853742085844137,896.2926833155935
FAT_023,FAT_023,Autologous,349741,1189927.970914832,480342.27238361776,-1.308739563279805,-2.6242056034445227,192999.4502380786
FAT_023,FAT_023,Autologous,352165,1788.1783381829623,859.7853233847221,-1.0564422375144789,1.589824480129662,5382.644356393807
FAT_023,FAT_023,Autologous,354242,719.5672592087597,336.73960848580634,-1.0954961185313017,-0.7715115451518709,421.52494203509326
FAT_023,FAT_023,Autologous,364106,7673.59412992028,5675.971751281375,-0.4350350509710284,0.44993695439449766,10481.980424131076
FAT_023,FAT_023,Autologous,367928,799723.8299416638,163201.83485631345,-2.292844600121782,-2.7719039592121892,117088.38083493088
FAT_023,FAT_023,Autologous,386585,18445.6233983738,649.1784204829463,-4.828519694078483,0.10338882196744865,19816.021924981713
FAT_023,FAT_023,Autologous,391904,3511.917817332305,1059.9775992199266,-1.7282253083829515,0.6779169160186962,5618.464882201965
FAT_023,FAT_023,Autologous,398513,1455.2442331759244,466.3438564253608,-1.6417952838077168,0.32996315106274937,1829.2147423794256
FAT_023,FAT_023,Autologous,409438,69755.06490389394,613.3058161425339,-6.829547531866495,-0.6153567119665734,45533.90727404742
FAT_023,FAT_023,Autologous,411459,87964.41248581115,116145.07822718866,0.4009361398509449,0.02978930382082729,89799.61617414
FAT_023,FAT_023,Autologous,411460,13156.267052697473,36804.13487247791,1.484117661198868,0.42946891930303954,17718.04120524189
FAT_023,FAT_023,Autologous,411461,29502.25762755915,41493.03141400535,0.4920437026971282,0.5230328001072979,42393.94311193198
FAT_023,FAT_023,Autologous,411462,46540.96593703224,58719.98176289952,0.3353503665652853,0.016124248477210893,47064.047650106826
FAT_023,FAT_023,Autologous,411463,12968.32038051608,15290.986895297065,0.2376898846723263,-0.5255801587230419,9008.828891438558
FAT_023,FAT_023,Autologous,411464,181948.4883863463,96307.52802694062,-0.9178095873539192,-0.2893321470322019,148884.9491329116
FAT_023,FAT_023,Autologous,411466,8210.584621867116,2463.637891636707,-1.7366947278903238,1.3488150028538408,20912.591585475548
FAT_023,FAT_023,Autologous,411467,160372.21041992246,90411.69192647608,-0.8268429133746206,-1.3448070818072007,63139.6027493051
FAT_023,FAT_023,Autologous,411468,6288.158660697444,8642.98328446903,0.4588917513990011,0.31666193876603677,7831.55916421069
FAT_023,FAT_023,Autologous,411469,26274.944770958664,26801.464165428733,0.0286240856489441,-0.01489282398979744,26005.105804549745
FAT_023,FAT_023,Autologous,411470,4537.569656950761,14026.188297101236,1.628131305542868,0.8901854527118179,8409.99675041921
FAT_023,FAT_023,Autologous,411471,116274.55122124832,77475.56792900931,-0.5857220410454875,-0.4363529740230922,85926.93840921589
FAT_023,FAT_023,Autologous,411473,16469.498388009448,11242.011327971164,-0.5508964417761257,0.9091181338463106,30928.025869112804
FAT_023,FAT_023,Autologous,411474,7829.321372584863,7107.404382542346,-0.1395644783328754,0.5641783964287245,11576.00592189987
FAT_023,FAT_023,Autologous,411475,92072.38974920443,52902.83395582684,-0.7994235840763484,0.06350453345575242,96215.75340429683
FAT_023,FAT_023,Autologous,411476,5536.371971971875,22390.291012343187,2.0158604977593373,0.5317664279862051,8003.923090578752
FAT_023,FAT_023,Autologous,411477,50240.83042654594,84517.0130067967,0.7503814699523267,0.4025346161194569,66409.74351860028
FAT_023,FAT_023,Autologous,411479,24540.465481970383,78440.65670384491,1.676438999591921,0.8898588191421627,45473.35449774851
FAT_023,FAT_023,Autologous,411483,580459.872269932,365221.2991513086,-0.6684254321314407,-2.290358439135348,118660.34615661918
FAT_023,FAT_023,Autologous,411484,12538.727986958613,10927.258154403677,-0.1984595505729655,-0.043351569848398185,12167.556122410862
FAT_023,FAT_023,Autologous,411485,178350.6520903025,138487.92482733968,-0.3649563017322403,-1.8864723150893017,48238.07281239544
FAT_023,FAT_023,Autologous,411486,131439.16271382695,109924.07432609006,-0.2578878116334346,-0.15050969257391536,118417.76276522018
FAT_023,FAT_023,Autologous,411487,44097.65919867413,48373.628362653486,0.1335186777560071,0.929201619241103,83971.72912822186
FAT_023,FAT_023,Autologous,411489,15508.285407424612,15022.520953136556,-0.0459122570310553,-0.02375786202342957,15254.99100377039
FAT_023,FAT_023,Autologous,411490,3866.331542017216,4276.940182005293,0.1456136741045699,1.6511364488281384,12143.410897820875
FAT_023,FAT_023,Autologous,411901,7056.05506418142,17916.630096858215,1.3443655847010636,0.6919175657036764,11398.557729060169
FAT_023,FAT_023,Autologous,411902,9773.226953432408,15490.021990347092,0.6644322928974251,-0.6337875627133197,6298.67089071342
FAT_023,FAT_023,Autologous,411903,797538.2786394402,195657.28433810524,-2.0272249412130554,-3.250269320848487,83815.23693789956
FAT_023,FAT_023,Autologous,420247,20223.06192671783,24086.718043409142,0.2522363824315395,2.2436327692129967,95774.01068119024
FAT_023,FAT_023,Autologous,428125,26323.27391523388,21795.500088763445,-0.2723086270138977,-0.9185896056940251,13925.69496544167
FAT_023,FAT_023,Autologous,428127,13467.721538026635,5931.708704804961,-1.1829861404922744,1.7110100938490138,44091.968589878525
FAT_023,FAT_023,Autologous,428128,5181.958247286963,8458.99153962627,0.706988287702544,0.2449700903212316,6140.973943359165
FAT_023,FAT_023,Autologous,435590,49875.67689202209,117269.85795037835,1.2334239166778085,0.5574704820927296,73401.36555916935
FAT_023,FAT_023,Autologous,435591,27440.214138483298,53413.15068208884,0.9609032469211948,1.2638773003731019,65895.00184106013
FAT_023,FAT_023,Autologous,435830,988.0625051821776,664.221770690216,-0.5729373003631381,-0.6181849416405546,643.7128945214741
FAT_023,FAT_023,Autologous,445970,408230.9117878233,246890.3064209252,-0.7255152357992706,-1.106954819498534,189530.57600007023
FAT_023,FAT_023,Autologous,445972,39581.56916140125,26559.613381327243,-0.5755946612964694,0.35621178797465197,50666.79581809197
FAT_023,FAT_023,Autologous,445975,13349.583629798331,4206.352154109643,-1.6661532032273412,0.6429886457444696,20846.18509648806
FAT_023,FAT_023,Autologous,449673,20953.36899576552,23888.84012914429,0.189154581693211,0.5674818246759736,31051.523446838466
FAT_023,FAT_023,Autologous,457387,8366.311864531699,20831.56849471301,1.3161077876050395,-0.698596694500154,5155.080951304648
FAT_023,FAT_023,Autologous,457388,37197.3313771573,66093.53772603201,0.8293100968372922,-0.2268411271979076,31785.262335148385
FAT_023,FAT_023,Autologous,457390,7270.851260960154,23765.0217851306,1.7086435363066894,-0.5910203399272111,4826.923434877124
FAT_023,FAT_023,Autologous,457391,19004.09350999851,35694.39849949547,0.9093874800644396,0.0358942167768746,19482.845861811496
FAT_023,FAT_023,Autologous,457393,76741.31120412228,276166.9802858423,1.847465514881155,-0.39101978064200493,58522.184963684864
FAT_023,FAT_023,Autologous,457394,27628.16081066469,73029.67935236852,1.4023433701771435,-0.3652975308377611,21447.983212203533
FAT_023,FAT_023,Autologous,457395,22419.353038780384,33570.9717587001,0.5824696519539077,-0.2388118654947872,18999.12241742342
FAT_023,FAT_023,Autologous,457400,19320.917900247143,445.51460229221806,-5.438547106651032,0.7228980853611289,31889.063299182824
FAT_023,FAT_023,Autologous,457401,18483.21273281008,503.3736415509477,-5.198442062285926,0.6470262560483593,28943.54838325199
FAT_023,FAT_023,Autologous,457412,32568.47333657558,70937.49649277286,1.1230723216929954,-0.20027852698761947,28347.02959744288
FAT_023,FAT_023,Autologous,457421,10729.070029097777,12248.75861107306,0.1911105101207203,-0.5073535326308842,7548.027056020854
FAT_023,FAT_023,Autologous,457424,30049.98792934492,16983.942384007492,-0.8231930292324731,0.19590445605593196,34420.51939780692
FAT_023,FAT_023,Autologous,469585,4435.541463480861,4151.964657206438,-0.0953160674819967,-0.44074245434792253,3267.908923576335
FAT_023,FAT_023,Autologous,469588,4048.90830927914,8140.766823703258,1.007631723873418,-0.5700741503905692,2727.2724343661416
FAT_023,FAT_023,Autologous,469589,13521.42058722132,28858.93160146916,1.0937711582228995,-0.5254574606022225,9393.855269531832
FAT_023,FAT_023,Autologous,469590,10240.408681426154,34051.20178454756,1.733432424253576,-0.4133314512480528,7689.394171241741
FAT_023,FAT_023,Autologous,469591,35317.86465534338,52434.17573783112,0.5701093241667577,0.05732822936615574,36749.543997959234
FAT_023,FAT_023,Autologous,469592,28788.060273269857,56647.47097665181,0.9765409644153766,-0.480689395176352,20630.534349973652
FAT_023,FAT_023,Autologous,469593,41579.17379144348,89727.79808243789,1.109693916841604,-0.3448925375695211,32738.053662934544
FAT_023,FAT_023,Autologous,469596,6336.48780497266,10677.307104805965,0.7527925261160353,0.5397049799907857,9211.1953137585
FAT_023,FAT_023,Autologous,470145,5890.785696656786,8552.723183225411,0.5379237770447717,0.30699761435204154,7287.670259380871
FAT_023,FAT_023,Autologous,470146,38577.39694146067,141821.7626694277,1.8782512282236228,-0.0995322731790183,36005.655342420956
FAT_023,FAT_023,Autologous,471870,6019.663414724027,6102.9714610108,0.0198290220773207,1.0468185544098556,12436.43755508512
FAT_023,FAT_023,Autologous,471875,11620.47424572952,51520.0029175432,2.148463727062936,-0.30960058252973083,9376.155265610212
FAT_023,FAT_023,Autologous,473819,3495.8081025738998,1870.0041488421407,-0.9025845213956536,-1.0143310901674525,1730.6271035269644
FAT_023,FAT_023,Autologous,476272,27552.98214179213,10650.691946746949,-1.3712613129491396,0.7045987418679803,44902.85622724388
FAT_023,FAT_023,Autologous,478749,3775.043158386254,5512.8092605717575,0.5462945478097657,0.8742956905022384,6920.080539155062
FAT_023,FAT_023,Autologous,479437,23568.512691546613,4260.739651012849,-2.4676849144915494,3.267989394690671,227036.1482573459
FAT_023,FAT_023,Autologous,483215,17801.2348080376,38316.5701587011,1.1059911072485276,0.3640520837669644,22910.82489179815
FAT_023,FAT_023,Autologous,483216,20131.773543086867,24599.349131241484,0.2891458695695662,-0.0980091708711495,18809.546994343906
FAT_023,FAT_023,Autologous,483217,26248.09524636132,38590.82200478748,0.5560450402885745,0.2551055038269491,31325.080953375535
FAT_023,FAT_023,Autologous,483218,14053.041174248689,20602.44669924844,0.5519333054224216,-0.48612796458952673,10033.009411461728
FAT_023,FAT_023,Autologous,484018,6701.641339496508,89333.19943469335,3.736610049318111,0.7928091781331622,11610.222023342081
FAT_023,FAT_023,Autologous,491074,1288.7771806724054,781.0970299928499,-0.722429174652138,0.5353090356737045,1867.7636304853913
FAT_023,FAT_023,Autologous,500632,36112.61058342469,41082.23223526838,0.1860118571580084,-0.2404201015381972,30569.280896476197
FAT_023,FAT_023,Autologous,500635,1997.6046300422283,754.4818719338342,-1.404712927858767,2.0169257579555038,8084.71450169755
FAT_023,FAT_023,Autologous,502558,4607.3784209038495,1478.8770434531289,-1.6394439875343645,-0.2837739575281209,3784.6821397048902
FAT_023,FAT_023,Autologous,511145,17887.153286749093,438.5715175811705,-5.349967871485072,0.7584061502638406,30258.279408376566
FAT_023,FAT_023,Autologous,511680,9032.180074545777,13206.904301197625,0.5481461839300252,0.2853521564520146,11007.587489131161
FAT_023,FAT_023,Autologous,515619,41949.69723088679,133219.28071243977,1.6670705942773767,0.3088239202638712,51962.98536050553
FAT_023,FAT_023,Autologous,515620,10922.386606198635,29394.706305004995,1.4282682352701646,0.584241450228678,16375.393538382283
FAT_023,FAT_023,Autologous,518635,9730.26771407666,2431.2368296518184,-2.000789064355002,0.8014060283917871,16957.898935618592
FAT_023,FAT_023,Autologous,518636,12200.423977032106,10052.429480811685,-0.2793870682985345,0.8571685343673798,22100.81876909037
FAT_023,FAT_023,Autologous,518637,178683.58619530956,100805.48973891429,-0.8258329067444234,0.8215190518119183,315781.3934515913
FAT_023,FAT_023,Autologous,521003,7603.785365967192,2736.732556937911,-1.4742633528380529,1.6335943377936732,23593.4116853876
FAT_023,FAT_023,Autologous,521095,655.1284001751394,299.70982336021945,-1.1282113208581452,0.5733922756968463,974.8430527280732
FAT_023,FAT_023,Autologous,525259,10610.932120869473,7934.788643942179,-0.4192876957006259,0.5514781860899824,15551.239586885004
FAT_023,FAT_023,Autologous,525362,77691.78437486818,187597.5201693642,1.2718068051249145,0.0595989950367522,80968.51634020077
FAT_023,FAT_023,Autologous,536231,33314.89012038168,211671.50922413645,2.667588056676422,-0.7582049201725625,19696.812982179646
FAT_023,FAT_023,Autologous,537006,4172.416122426912,7905.859124312814,0.9220392002309672,1.0281873553592273,8509.476631921892
FAT_023,FAT_023,Autologous,537007,11534.55576701803,10946.930227751644,-0.0754360807404681,0.7104471643124302,18874.12295355704
FAT_023,FAT_023,Autologous,537011,12764.263993576282,845636.4739243923,6.049855346952388,0.516446073494554,18258.35038317104
FAT_023,FAT_023,Autologous,537012,14219.508226752205,27991.046012588213,0.9770938297032348,0.08560443055980625,15088.778324925926
FAT_023,FAT_023,Autologous,537013,9558.430756653674,7257.837884615043,-0.3972339527203649,0.1650243606821128,10716.769280432929
FAT_023,FAT_023,Autologous,537937,21946.80140586717,5947.909235797405,-1.883556154921231,-2.420486737093682,4099.511620545364
FAT_023,FAT_023,Autologous,545696,21962.911120625577,13621.175022290125,-0.6892181301716599,2.1597389464017316,98137.75294643594
FAT_023,FAT_023,Autologous,547042,7254.741546201748,23523.171001029117,1.6970864297458577,0.44506294088565523,9876.41295020606
FAT_023,FAT_023,Autologous,547043,9493.991897620052,3637.019207803744,-1.3842582735744935,-0.17331231474937248,8419.312923437068
FAT_023,FAT_023,Autologous,548480,22295.845225632616,6440.86825028178,-1.7914478060080867,-2.8900724716883026,3007.6371274553308
FAT_023,FAT_023,Autologous,552396,44205.05729706351,27207.63462102501,-0.7001998942244492,1.8956973316813062,164487.80959827016
FAT_023,FAT_023,Autologous,552398,266733.9171598322,135097.38512677813,-0.9814015348379458,-0.8666915404357565,146277.6896142063
FAT_023,FAT_023,Autologous,556258,4065.018024037545,8307.400856768398,1.0311354212921104,-0.5210854237926047,2832.697065847852
FAT_023,FAT_023,Autologous,556259,3007.14675490228,13257.820255745304,2.1403764174168907,1.2940483409151147,7373.980580160768
FAT_023,FAT_023,Autologous,556268,4886.613476716204,2199.8006726169,-1.1514621894193195,1.9023189995748395,18266.8250177257
FAT_023,FAT_023,Autologous,563192,15642.53303041132,5694.486643844169,-1.457836455992022,0.21820684042792016,18196.75236526121
FAT_023,FAT_023,Autologous,563193,89677.41215512154,174389.4586873814,0.959496284598066,0.2369326433406032,105683.4299439172
FAT_023,FAT_023,Autologous,565040,19986.786110261222,5472.307933090647,-1.86882518458316,-2.8336168014723655,2803.7501601842023
FAT_023,FAT_023,Autologous,565042,22585.820091283906,6042.798060181721,-1.9021286634007504,-2.761709972115305,3330.261398890031
FAT_023,FAT_023,Autologous,566550,9279.19570084132,10020.028418826794,0.1108149338886923,0.8171578587527817,16349.307451520228
FAT_023,FAT_023,Autologous,566552,17849.563952312816,6149.258692417784,-1.537404425261651,0.3144675144718227,22196.87138890634
FAT_023,FAT_023,Autologous,568816,21259.45357617522,80645.08609960251,1.923482112864596,3.225837268127928,198895.9210213799
FAT_023,FAT_023,Autologous,585394,77138.68416816293,84025.2111730975,0.123367726653575,0.3358555563155951,97358.71273208912
FAT_023,FAT_023,Autologous,585543,55787.94220835675,217176.218219212,1.960840887849249,-1.1044957181240591,25945.01947958274
FAT_023,FAT_023,Autologous,585544,5504.1525424550655,16817.30835094235,1.6113544587406023,-0.7684647488342615,3231.167868465047
FAT_023,FAT_023,Autologous,591001,1449.8743282564562,2724.0035683009905,0.9098007370058004,2.0178351950723585,5871.638105084549
FAT_023,FAT_023,Autologous,591020,17221.285076735017,447.8289638625672,-5.2651011532790495,1.1588536494592179,38451.67518978806
FAT_023,FAT_023,Autologous,622312,69330.84241525595,221921.81661921297,1.6784823070731931,-0.9148994861784641,36771.74915488205
FAT_023,FAT_023,Autologous,626939,78411.35163407694,371834.5873385814,2.2455265392670856,-0.2942662180745917,63943.43783303656
FAT_023,FAT_023,Autologous,633147,7899.130136537952,2505.296399902992,-1.656712492622556,3.0902912119254653,67274.36682103007
FAT_023,FAT_023,Autologous,641112,4231.485076541064,10133.432135773905,1.2598869057852349,2.0825954745850956,17923.240000865568
FAT_023,FAT_023,Autologous,645463,4312.03365033309,3662.4771850775846,-0.2355486641834238,0.39398726942694745,5666.098595084219
FAT_023,FAT_023,Autologous,645464,961.2129805848356,391.1271053890122,-1.2972186119638849,0.465490562621855,1327.2301815551161
FAT_023,FAT_023,Autologous,649757,12103.765688481675,8477.506432189062,-0.513744085445475,0.389193342272196,15851.828968467915
FAT_023,FAT_023,Autologous,649764,2529.225217069596,785.7257531335481,-1.6865977563498644,0.6642696388222618,4008.2295889242796
FAT_023,FAT_023,Autologous,657308,40140.03927302596,7087.732309194377,-2.501646006177348,1.856467905686866,145355.11486796872
FAT_023,FAT_023,Autologous,657309,4043.538404359672,14394.171786786752,1.831794562432541,0.2746903110606314,4891.60742357458
FAT_023,FAT_023,Autologous,657313,41487.88540781252,71921.10016017126,0.7937249630946648,0.4508293407991495,56706.71041630806
FAT_023,FAT_023,Autologous,657314,25023.75692472254,28930.676810149984,0.2093016705608665,-0.548472116552598,17109.840219378602
FAT_023,FAT_023,Autologous,657317,22736.17742902902,115366.29555876616,2.3431601765764016,-0.0560064848630892,21870.454975971472
FAT_023,FAT_023,Autologous,657319,39415.10210889773,60739.26223302917,0.6238808729831296,-0.2225437506909734,33780.82966037518
FAT_023,FAT_023,Autologous,657321,54713.96122446308,104950.51131140965,0.9397282813682826,0.6809171462239825,87715.15676467629
FAT_023,FAT_023,Autologous,657322,151415.20901424924,119939.47402177614,-0.3362035739999925,-1.5309113424345335,52398.549576323305
FAT_023,FAT_023,Autologous,657323,37836.350062574034,68046.85889140672,0.8467556433160712,-0.197248396384074,33001.33821413187
FAT_023,FAT_023,Autologous,658089,7738.032988953901,7116.661828823742,-0.1207661960425959,0.5521436713548744,11345.989671387653
FAT_023,FAT_023,Autologous,658659,11808.420917910917,11014.046713291773,-0.1004714206762888,0.13208220506794296,12940.543918930796
FAT_023,FAT_023,Autologous,665943,8328.72253009542,2148.8847180692183,-1.9545071420824829,1.3925724072669217,21866.76107024115
FAT_023,FAT_023,Autologous,665951,19197.41008709937,41664.29417021119,1.1178998489671124,0.550727112514201,28120.822718674106
FAT_023,FAT_023,Autologous,665953,26242.725341441856,28324.314078718497,0.1101234656544019,-0.7361707616077395,15754.312431385059
FAT_023,FAT_023,Autologous,679935,112660.60521044613,61001.94227126381,-0.885056043632525,1.0781161042380412,237857.78271036746
FAT_023,FAT_023,Autologous,697329,2362.7581645660766,3650.905377225839,0.6277823053634389,1.8964044175359953,8796.175507867158
FAT_023,FAT_023,Autologous,702443,16614.485820835092,82388.95754286062,2.310009342599492,0.07706079498272475,17526.068961149664
FAT_023,FAT_023,Autologous,702444,3372.300289426128,8663.812538602173,1.3612690192367716,0.2392479276294775,3980.58628592703
FAT_023,FAT_023,Autologous,702447,3979.099545326052,9454.16701487642,1.2485083597453988,0.3628409414868866,5116.945732284827
FAT_023,FAT_023,Autologous,702459,1084.720793732608,458.2435909291386,-1.243137133653998,-0.10893431169749665,1005.8320504646238
FAT_023,FAT_023,Autologous,709991,8194.474907108712,42826.10367852649,2.3857670156222026,1.4605427583904886,22552.168613100133
FAT_023,FAT_023,Autologous,717959,338153.6525887613,158615.92740466655,-1.0921412907957853,-0.38567991382130223,258828.95568598105
FAT_023,FAT_023,Autologous,717960,17505.89003746684,13316.836475789209,-0.3945890143609658,1.9976604045582187,69910.09609015156
FAT_023,FAT_023,Autologous,717962,15857.329227190055,28390.27338347345,0.8402469361317546,1.6464474067098436,49643.23776630966
FAT_023,FAT_023,Autologous,718252,161258.24473163474,151167.1546904977,-0.0932282162221436,-1.2639024965130512,67150.51769878193
FAT_023,FAT_023,Autologous,742725,11572.145101454304,2658.0442635460386,-2.1222192835803493,0.5043533635512735,16414.942334958967
FAT_023,FAT_023,Autologous,742726,3264.9021910367605,19028.680831411,2.5430638721385392,-0.3876008827722138,2495.690255369493
FAT_023,FAT_023,Autologous,742727,3581.7265812853934,3367.396084858064,-0.0890217843707514,1.4724273049375793,9938.87469421914
FAT_023,FAT_023,Autologous,742733,14606.141380953926,11085.791921972594,-0.397863266495972,0.03232758884154074,14937.12701779415
FAT_023,FAT_023,Autologous,742740,17194.435552137675,14517.990130800434,-0.2441000161873344,0.11607549102269807,18635.031371489924
FAT_023,FAT_023,Autologous,742741,18740.968168944564,12049.72351602303,-0.6371954415290255,-0.20046949958357602,16309.651844731166
FAT_023,FAT_023,Autologous,742742,25856.09218724013,11031.40442506939,-1.2288877726451315,0.9152622441491974,48762.310651411244
FAT_023,FAT_023,Autologous,742743,1299.516990511342,1239.3406209219884,-0.0684027435061516,-0.08243947815622919,1227.340898238169
FAT_023,FAT_023,Autologous,742818,4274.444315896811,929.2161704951976,-2.201650714008147,-0.23817348299708896,3623.9508695843638
FAT_023,FAT_023,Autologous,742821,3968.359735487115,9855.708747332004,1.312416809317584,1.2005136180736582,9120.142911187808
FAT_023,FAT_023,Autologous,748224,231518.08069795868,242982.50690939056,0.0697275863397342,-0.549839020907278,158149.15484677174
FAT_023,FAT_023,Autologous,759350,8350.202149773293,2443.9658182887392,-1.772587016641324,0.35499203735966317,10679.729205715206
FAT_023,FAT_023,Autologous,762968,2002.9745349616967,2082.925413314266,0.0564670999799859,0.848089173774293,3605.584749875368
FAT_023,FAT_023,Autologous,762982,2158.701777626279,4853.2162130222405,1.168777183935851,0.7064212780966064,3522.464650264628
FAT_023,FAT_023,Autologous,762984,3979.099545326052,21558.27802780265,2.437728050541353,1.606175802057828,12114.120764188405
FAT_023,FAT_023,Autologous,763034,2180.1813973041526,2406.936033163152,0.1427496248614651,1.8701539018194173,7970.12349267158
FAT_023,FAT_023,Autologous,866499,7082.9045887787615,4742.12685764548,-0.578806851222111,0.8035156614690395,12362.141425467855
FAT_023,FAT_023,Autologous,883156,2180.1813973041526,995.1754752501496,-1.1314253385775288,1.633965582409494,6766.518629259171
FAT_023,FAT_023,Autologous,890402,20421.74840873816,5593.811915533979,-1.8682027368468213,-2.4142106427748313,3831.273027486071
FAT_023,FAT_023,Autologous,997872,945.1032658264306,379.5552975372663,-1.3161618850010264,0.7074832084394275,1543.3091500164946
FAT_023,FAT_023,Autologous,997884,13848.98478730889,9456.481376446767,-0.5504048400377994,0.19513757174009502,15854.779285255596
FAT_023,FAT_023,Autologous,999410,21952.17131078664,21598.779355283765,-0.0234138637290021,-0.9111663682404695,11673.177122264826
FAT_023,FAT_023,Autologous,999412,4870.503761957799,6247.619059157623,0.3592354899389213,1.6767967590121617,15571.842564112607
FAT_023,FAT_023,Autologous,999413,11717.132534279952,12741.717625557434,0.1209402201678704,0.5125240825009025,16715.00322241159
FAT_023,FAT_023,Autologous,1002367,2486.2659777138488,30328.55119864089,3.608624034236476,0.20990130487317843,2875.6377486441384
FAT_023,FAT_023,Autologous,1042156,8113.926333316686,5060.351573568492,-0.6811625830654345,0.7172804932743199,13339.94393048469
FAT_023,FAT_023,Autologous,1064535,135332.3437804415,425210.7082355447,1.6516712515272358,-0.39228365218243666,103112.77080088321
FAT_023,FAT_023,Autologous,1077285,20389.528979221348,45783.857765432746,1.1670105821726242,0.3408147552878163,25822.759919339653
FAT_023,FAT_023,Autologous,1121100,3366.9303845066597,3391.69688134673,0.0105733489056895,1.6497828572671593,10564.96988055737
FAT_023,FAT_023,Autologous,1121101,6841.258867402686,68518.98865175796,3.3241701307145246,0.6026532898028099,10388.497540226525
FAT_023,FAT_023,Autologous,1121111,5112.149483333875,1124.7797231897036,-2.184287530683976,1.0406326295376418,10516.353602201625
FAT_023,FAT_023,Autologous,1121114,3205.8332369226086,5745.40259839185,0.841708610169118,1.4816773663443543,8953.034507003165
FAT_023,FAT_023,Autologous,1121115,30683.636709842183,64597.30297080126,1.0740044464104177,0.17833455108082621,34720.8925858287
FAT_023,FAT_023,Autologous,1121130,2147.9619677873425,11114.72144160196,2.371431437796352,0.1685349506078003,2414.1300548137606
FAT_023,FAT_023,Autologous,1121333,3903.920876453495,3863.826641697964,-0.0148934468382917,2.40155457844987,20627.232856227096
FAT_023,FAT_023,Autologous,1121334,6476.105332878837,5486.194102512743,-0.2393207851555021,1.219587886964149,15081.56604146594
FAT_023,FAT_023,Autologous,1121344,4494.610417595014,3028.3421148019083,-0.5696678744841218,1.0935053101084353,9591.13387098747
FAT_023,FAT_023,Autologous,1123075,4338.883174930432,3045.699826579527,-0.5105499799983664,0.9305028729681979,8269.651971786521
FAT_023,FAT_023,Autologous,1123263,1299.516990511342,1099.3217459158627,-0.2413618050380972,1.2000431830049914,2985.595422618813
FAT_023,FAT_023,Autologous,1123313,10084.681438761572,5988.410563278516,-0.7519204713615373,0.3654823214231694,12992.218793591404
FAT_023,FAT_023,Autologous,1125712,6465.3655230399,2156.98498356544,-1.5837158030872347,1.2209547570017372,15070.827126799793
FAT_023,FAT_023,Autologous,1150460,14004.71202997347,3355.824277006318,-2.0611732403105933,0.42591580985191746,18814.280627231943
FAT_023,FAT_023,Autologous,1150461,1589.4918561626332,486.0159297733288,-1.7094901189446396,0.2706707109207456,1917.512969457264
FAT_023,FAT_023,Autologous,1160721,331086.85771474097,651213.9014840684,0.9759217521940046,-1.0474288695929048,160189.64317061994
FAT_023,FAT_023,Autologous,1203465,3603.2062009632655,5318.402888662426,0.561711855464117,0.9831702027218231,7122.834246247677
FAT_023,FAT_023,Autologous,1203540,1122.3101281688862,722.0808099489456,-0.6362391842004472,-0.32996519828567505,892.8601909938334
FAT_023,FAT_023,Autologous,1203606,27058.95088920105,16939.969514170854,-0.6756746268891438,0.732215874469538,44950.02068702119
FAT_023,FAT_023,Autologous,1203611,109003.69996028816,54005.62724409822,-1.0131954606184634,0.40944207951384376,144775.67119997047
FAT_023,FAT_023,Autologous,1235789,3726.714014111039,8034.306191467194,1.1082693325405757,0.9637944680538776,7268.706132520003
FAT_023,FAT_023,Autologous,1254439,1798.918148021899,928.0589897100232,-0.9548411298720272,-0.13140688872021128,1642.305653711551
FAT_023,FAT_023,Autologous,1256908,19562.56362162322,47351.83772934432,1.275324973908096,1.3007867859388187,48194.95818920874
FAT_023,FAT_023,Autologous,1322347,20765.42232358413,5841.448603561342,-1.8297851250820716,-2.8506025663784764,2878.8821698504194
FAT_023,FAT_023,Autologous,1384484,7893.760231618483,2786.491330700418,-1.5022630339458376,-0.0838860263120005,7447.863707923188
FAT_023,FAT_023,Autologous,1408437,34920.49169130272,15913.550157720994,-1.133818149944009,0.6500269217588983,54797.147489314644
FAT_023,FAT_023,Autologous,1410645,5122.889293172811,1978.779142648553,-1.372347117214064,1.074002477379534,10785.044264181814
FAT_023,FAT_023,Autologous,1410647,71011.62265504953,14898.702609122876,-2.2528684684288214,0.6860868542393636,114251.56544958637
FAT_023,FAT_023,Autologous,1410665,4575.158991387039,3687.935162351426,-0.311008587429798,2.2316669407581937,21488.43961661354
FAT_023,FAT_023,Autologous,1437612,845760.0248162661,166575.0168450974,-2.344076332923322,-2.84431342248736,117766.96881333421
FAT_024,FAT_024,Autologous,904,4630.776628092887,10510.0,1.1824365958555882,-1.1754239647751508,2050.293154525775
FAT_024,FAT_024,Autologous,1547,3044.9395105713106,1301.0,-1.226792606415603,-0.6353536677815643,1960.2802198174718
FAT_024,FAT_024,Autologous,205913,9651.675799342576,1831.0,-2.39814766497622,-2.2282241939421983,2059.8728148894847
FAT_024,FAT_024,Autologous,206672,10737.186265470966,1957.0,-2.4559003161665403,-2.053618819260051,2586.36385882231
FAT_024,FAT_024,Autologous,213810,927.9185913503596,1098.0,0.2428079096178959,-0.4548065597938065,677.0168213346022
FAT_024,FAT_024,Autologous,246201,1011.673713610012,760.0,-0.4126727414037667,-0.4433616842181815,744.0040505412904
FAT_024,FAT_024,Autologous,264199,372006.0898038228,35640.0,-3.38375699672068,-1.1177292286039637,171427.31561988167
FAT_024,FAT_024,Autologous,272559,6692.695493195646,3519.0,-0.9274218614213152,0.1868247765399542,7617.999282645637
FAT_024,FAT_024,Autologous,272623,2402.449559553188,142.0,-4.080543306480513,1.8068042808719122,8405.36472530724
FAT_024,FAT_024,Autologous,295405,6670.654671548369,6405.0,-0.0586297868020956,0.15738590103920116,7439.544325022663
FAT_024,FAT_024,Autologous,321956,13904.452336184664,23611.0,0.7639122241017017,-0.40208590912639985,10522.379674711632
FAT_024,FAT_024,Autologous,321967,1238.6941765769643,8.0,-7.274604326541833,-1.0101365982327126,615.0107118309094
FAT_024,FAT_024,Autologous,347253,15651.187451731364,2158.0,-2.8585053482886607,-0.6377217202639751,10059.442817817859
FAT_024,FAT_024,Autologous,354242,1201.2247797765938,960.0,-0.3233998303766766,-0.7647403609481271,706.9919926572899
FAT_024,FAT_024,Autologous,367928,50854.78778676211,19393.0,-1.390847606374046,0.10626944002718088,54742.185936805676
FAT_024,FAT_024,Autologous,390333,13839.431912325195,22898.0,0.7264368695045219,-0.48707247169917006,9874.039024361118
FAT_024,FAT_024,Autologous,391904,2416.7760936239174,968.0,-1.3200048657199055,0.7957756775418657,4195.54868575367
FAT_024,FAT_024,Autologous,411459,125294.35677719292,72239.0,-0.7944716106100602,-1.923578416695147,33027.57660100812
FAT_024,FAT_024,Autologous,411460,5612.695232479076,4515.0,-0.3139677358502197,0.8385337514089902,10036.800050118483
FAT_024,FAT_024,Autologous,411461,175789.8791711044,50432.0,-1.801440666929489,-1.0482305125863496,85005.11142443915
FAT_024,FAT_024,Autologous,411462,448552.7613437332,60622.0,-2.8873643387372967,-1.8613635622069546,123448.91280659857
FAT_024,FAT_024,Autologous,411463,40479.07099630649,20561.0,-0.977265747422064,-0.9490172912050222,20967.55861351308
FAT_024,FAT_024,Autologous,411466,1512.0003650031988,1074.0,-0.4934644945083064,-0.32657459559072827,1205.7107884640168
FAT_024,FAT_024,Autologous,411467,7766.083507418034,34142.0,2.136288446790796,-0.5539840236350153,5289.763406203922
FAT_024,FAT_024,Autologous,411468,6066.73615841298,4263.0,-0.5090515148087015,-0.1061381254105373,5636.43299454197
FAT_024,FAT_024,Autologous,411469,1220540.253827185,68129.0,-4.163107035255226,-1.7752360459005039,356576.57401776017
FAT_024,FAT_024,Autologous,411470,18509.88201938318,12413.0,-0.5764438684194165,-0.710456686063184,11311.882295529851
FAT_024,FAT_024,Autologous,411471,10705.227074082411,31081.0,1.5377175239630567,-0.4863538612731756,7641.678867445772
FAT_024,FAT_024,Autologous,411473,64957.60751777226,33092.0,-0.9730160097006396,-1.1149385056924164,29991.631218823626
FAT_024,FAT_024,Autologous,411474,7679.022261911289,12418.000000000002,0.6934383014388971,0.09404216156810975,8196.254556764305
FAT_024,FAT_024,Autologous,411475,8106.614201868462,33199.0,2.033968395064448,0.11073306722795113,8753.33359363291
FAT_024,FAT_024,Autologous,411479,6833.756751738219,71471.0,3.386607173236718,0.2540621508925188,8149.666635558456
FAT_024,FAT_024,Autologous,411483,97927.37057885148,128723.0,0.3944858020305672,-1.2339966653498082,41632.652612856786
FAT_024,FAT_024,Autologous,411484,113268.8844864386,27095.0,-2.0636530480010813,-0.6707506036423027,71153.22221345238
FAT_024,FAT_024,Autologous,411485,99978.2690331306,83974.0,-0.2516718389331095,-1.544963719268638,34262.98464638265
FAT_024,FAT_024,Autologous,411486,25073.638705942256,38363.0,0.6135441676327774,-0.6264393682616829,16242.030562862024
FAT_024,FAT_024,Autologous,411487,115522.55849987268,32959.0,-1.809430223448138,-0.16966366865611943,102705.32123756885
FAT_024,FAT_024,Autologous,411489,23480.08730084413,44409.0,0.9194143126107598,-0.7014840147648925,14438.829144549376
FAT_024,FAT_024,Autologous,411490,6694.899575360373,4542.0,-0.5597347089945244,0.2727477358632916,8088.152229595518
FAT_024,FAT_024,Autologous,411902,6679.47100020728,9289.0,0.4757894438984358,-0.2963835002532067,5439.033639346408
FAT_024,FAT_024,Autologous,411903,528203.8826126626,127961.0,-2.045390734110028,-2.4160242573202932,98970.51211665687
FAT_024,FAT_024,Autologous,420247,689.8777175597685,2800.0,2.021014258578804,-0.01391890138720034,683.253886949755
FAT_024,FAT_024,Autologous,428125,14452.166754119497,12270.0,-0.236150557294667,-0.6202148539673984,9402.204417952977
FAT_024,FAT_024,Autologous,428126,14550.248410449878,12626.0,-0.2046461276736207,-0.6965747914156595,8978.018613893719
FAT_024,FAT_024,Autologous,428127,5234.695141228276,5639.0,0.1073338231867919,-0.9353435401365898,2737.3159779153934
FAT_024,FAT_024,Autologous,428128,1072.2859731400235,28899.000000000004,4.752257950066064,-0.11195520732031737,992.2217650127255
FAT_024,FAT_024,Autologous,435590,22601.760558200145,71788.0,1.6673075495798495,0.011439194138464987,22781.683303620306
FAT_024,FAT_024,Autologous,435591,4857.79709105984,13572.0,1.4822591998189123,1.2055150443633607,11203.031550548505
FAT_024,FAT_024,Autologous,445970,4994.450185272956,210244.0,5.395594951342942,-0.43266413137280013,3700.350001710114
FAT_024,FAT_024,Autologous,445972,5152.042060050987,12910.0,1.3252727242112852,-1.12825973711642,2356.890338230546
FAT_024,FAT_024,Autologous,445973,5802.246298645657,3488.0,-0.7342114974570595,0.3005046707714175,7145.90239440211
FAT_024,FAT_024,Autologous,445975,2925.919073676015,1143.0,-1.3560644637979442,-0.6599004286934744,1851.8784882077746
FAT_024,FAT_024,Autologous,449673,1643.1432538044965,16333.0,3.313259636395413,-0.43349130857715346,1216.6944901764155
FAT_024,FAT_024,Autologous,451640,2544.612859178124,963.0,-1.4018384762515623,-1.139282047731375,1155.217203165743
FAT_024,FAT_024,Autologous,457388,5138.817567062621,23704.000000000004,2.2056221903004816,-0.5773259657516061,3444.0604623400945
FAT_024,FAT_024,Autologous,457391,4278.123481736456,12094.0,1.499241454616982,-0.38734193580951365,3270.7833208595525
FAT_024,FAT_024,Autologous,457392,5936.695310694046,2641.0,-1.1685757699929091,-0.9139687737800033,3150.741288677741
FAT_024,FAT_024,Autologous,457393,15634.656835495904,161990.0,3.373085296048675,-0.7583844243433314,9242.551802924087
FAT_024,FAT_024,Autologous,457394,14027.880937409414,43266.0,1.6249366570410828,-0.9970185390387165,7028.4504046596485
FAT_024,FAT_024,Autologous,457395,3986.0825949100367,15254.000000000002,1.9361440954431937,0.06686759711363881,4175.182330135402
FAT_024,FAT_024,Autologous,457412,599935.7366637255,123993.0,-2.2745492959333315,-1.5191214482182096,209316.57003834157
FAT_024,FAT_024,Autologous,469589,3454.8987932106616,8722.0,1.3360155410712982,-0.016439823663804486,3415.752931687583
FAT_024,FAT_024,Autologous,469591,4348.654111007742,17172.0,1.9814172104033585,-0.10524489802953294,4042.713775686583
FAT_024,FAT_024,Autologous,469592,5437.470700383224,15004.000000000002,1.46433954104044,-0.49219599973880845,3865.7269064255242
FAT_024,FAT_024,Autologous,469593,14901.799515723947,45289.0,1.6036741258482887,-0.5076927734550779,10481.126504622853
FAT_024,FAT_024,Autologous,469596,12335.145834898543,18360.0,0.5737912864423276,-0.5131278447386879,8643.256779972353
FAT_024,FAT_024,Autologous,470146,506480.4487971065,109264.0,-2.2126884349265983,-1.9516981294237263,130931.15708482981
FAT_024,FAT_024,Autologous,471872,2173.2250144215072,156.0,-3.8002196238365697,0.9825890444094767,4294.310778173427
FAT_024,FAT_024,Autologous,471875,80338.79490432449,116451.0,0.5355543024754005,-0.0022757409299258013,80212.16650812574
FAT_024,FAT_024,Autologous,476272,3730.409063801624,4068.0,0.1249858390742343,0.3676564344554386,4813.179657523573
FAT_024,FAT_024,Autologous,478749,2616.245529531774,3776.0,0.5293608233990278,1.4875249103122616,7336.148545870237
FAT_024,FAT_024,Autologous,479437,2725.347596685795,1746.0,-0.6423866870814045,-0.3688205317900273,2110.551033380403
FAT_024,FAT_024,Autologous,483216,2491.714887224659,26676.0,3.4203314506757105,-0.07667965153709484,2362.7374868888114
FAT_024,FAT_024,Autologous,483217,4277.021440654092,9611.0,1.16808010809835,1.5385196847385394,12424.58814260836
FAT_024,FAT_024,Autologous,483218,46125.92950233884,81420.0,0.819805237678261,-0.9084862971792353,24573.301249654058
FAT_024,FAT_024,Autologous,484020,1596.857528345215,1242.0,-0.3625704276573546,-0.26231485606350086,1331.378471585874
FAT_024,FAT_024,Autologous,500632,43690.41871031474,38334.0,-0.1886923865553263,-1.0897512089840302,20527.610806970875
FAT_024,FAT_024,Autologous,511680,24902.82233817586,43702.0,0.8113900473897362,-0.7658565350039678,14645.452035606268
FAT_024,FAT_024,Autologous,515619,717546.6630146777,1634915.0,1.1880710709484843,-2.151964566253331,161452.31070700113
FAT_024,FAT_024,Autologous,515620,74457.20164774863,42821.0,-0.7980929084586392,-1.508295709951953,26173.66014191951
FAT_024,FAT_024,Autologous,518635,2042.0821256202091,841.0,-1.2798631820930282,-0.43295617550591925,1512.6568148725696
FAT_024,FAT_024,Autologous,518636,7801.348822053676,21834.0,1.4847809701494838,0.1181211936669429,8466.964119845883
FAT_024,FAT_024,Autologous,518637,92357.6549485846,50889.0,-0.8598777003824278,0.06406234336030052,96551.17961975688
FAT_024,FAT_024,Autologous,521003,1308.122764765887,492.0,-1.4107677206235736,-0.24097441929119007,1106.8989492836233
FAT_024,FAT_024,Autologous,525259,2996.449702947301,3498.0,0.2232761315759861,-0.06932339860540747,2855.8708909857214
FAT_024,FAT_024,Autologous,525362,1314.73501126007,1470.0,0.1610441057075921,-0.9059253321293729,701.661309282554
FAT_024,FAT_024,Autologous,536231,249615.61127865853,156512.0,-0.6734348901084813,-1.7230800097697037,75608.90967424106
FAT_024,FAT_024,Autologous,537007,8308.287719941047,10050.0,0.274572418030935,0.06612958794992124,8697.982259151506
FAT_024,FAT_024,Autologous,537012,9504.00229430582,520093.0,5.774090626006132,-0.08037995477287779,8988.966357911317
FAT_024,FAT_024,Autologous,537937,11743.34977366916,2220.0,-2.4032124121547005,-2.0198935015882267,2895.632646805187
FAT_024,FAT_024,Autologous,545696,2410.163847129734,4307.0,0.8375520968728588,-0.6824442706544771,1501.7940240123792
FAT_024,FAT_024,Autologous,547043,106745.903319927,15743.0,-2.7613983099512733,-0.013035329885931826,105785.75534830615
FAT_024,FAT_024,Autologous,548480,10510.165802504012,2301.0,-2.191452539955949,-2.0535170189378116,2531.858020217519
FAT_024,FAT_024,Autologous,552396,3319.3477400799084,3407.0,0.0376021711035118,-0.7208155587932744,2014.028665904708
FAT_024,FAT_024,Autologous,552398,19661.5149504534,62408.99999999999,1.6663796072298194,-0.002506971076697775,19627.378805008968
FAT_024,FAT_024,Autologous,556270,3658.776393447974,1804.0,-1.0201619092998129,-0.49367662118987904,2598.510028238285
FAT_024,FAT_024,Autologous,563193,14455.472877366588,44886.0,1.6346497327048912,-0.140133511026233,13117.404557972483
FAT_024,FAT_024,Autologous,565040,10240.16573732487,1819.0,-2.493021617478228,-1.9207034841150539,2704.6908030678405
FAT_024,FAT_024,Autologous,565042,11228.696588205245,1934.0,-2.5375307714560966,-2.0018681062170294,2803.5415666565686
FAT_024,FAT_024,Autologous,566550,3017.388483512214,5062.0,0.7464070545318782,0.06114041341138338,3148.0116203702205
FAT_024,FAT_024,Autologous,566552,11335.594573194536,2356.0,-2.2664486208429038,-0.6918578568368892,7017.369371449374
FAT_024,FAT_024,Autologous,568816,4767.429722306004,10672.0,1.1625469949016998,-0.8352045874708431,2672.1612780180103
FAT_024,FAT_024,Autologous,585394,56161.115598344026,277978.0,2.307327209227635,-0.76385426468956,33074.45374554571
FAT_024,FAT_024,Autologous,585543,14783.881119911017,153836.0,3.379296189699265,-0.361898841532927,11503.925351939914
FAT_024,FAT_024,Autologous,586220,584.0817736528392,49.0,-3.57531671165626,-0.40128809817658234,442.2561692185861
FAT_024,FAT_024,Autologous,592028,1958.327003360557,3179.9999999999995,0.6994050778221327,-0.23821504332183047,1660.2570725907212
FAT_024,FAT_024,Autologous,622312,134727.82844222744,167600.0,0.3149742744139556,-1.6148923616901611,43987.195067742534
FAT_024,FAT_024,Autologous,626939,6859.103696632586,14932.0,1.122315441995971,0.2477049182886928,8143.929006198116
FAT_024,FAT_024,Autologous,645463,2887.3476357932805,2984.0,0.0475027175095183,0.3270707351232197,3622.072824895782
FAT_024,FAT_024,Autologous,649757,97594.5541719776,21508.0,-2.1819272701576296,-1.109196199829468,45240.17302507787
FAT_024,FAT_024,Autologous,657308,6470.083194558149,3122.0,-1.051313725690958,-0.8144456613889204,3679.0635622871805
FAT_024,FAT_024,Autologous,657313,61763.89246108183,85375.0,0.4670499969407975,-0.48134313305938015,44242.12076401633
FAT_024,FAT_024,Autologous,657314,138826.3192275386,46984.00000000001,-1.5630396574601293,-1.488884037163739,49462.15725770823
FAT_024,FAT_024,Autologous,657317,794827.2939154424,1856142.0,1.2235937649760926,-1.801185903608791,228066.65208639886
FAT_024,FAT_024,Autologous,657319,17173.106186475838,131459.0,2.9363900001213814,-0.3433005016046,13536.460078664499
FAT_024,FAT_024,Autologous,657321,524001.7999656093,264092.0,-0.9885311681170402,-2.011844874458007,129929.30786665977
FAT_024,FAT_024,Autologous,657322,87239.77616208688,74244.0,-0.2327116285626285,-1.278085943174012,35972.64208729398
FAT_024,FAT_024,Autologous,657323,856205.4719976969,244563.00000000003,-1.807750901143279,-1.6082170253156327,280838.36432036717
FAT_024,FAT_024,Autologous,658089,98292.14617711391,25572.0,-1.9425111467671508,-0.5454509715180824,67347.53648945103
FAT_024,FAT_024,Autologous,658659,4931.633843578217,6453.000000000001,0.3879043367843296,-0.145011762916703,4460.031581099558
FAT_024,FAT_024,Autologous,665943,2990.9394975354817,2005.0,-0.576996490397478,-0.8309976856293675,1681.3278168711195
FAT_024,FAT_024,Autologous,665951,18776.575961315237,22553.0,0.2643853519932531,-0.807839123356167,10725.87152707347
FAT_024,FAT_024,Autologous,665953,1735.7147047230596,19415.0,3.4835699672002924,-0.3969069772806866,1318.2489591897365
FAT_024,FAT_024,Autologous,717960,25958.57769508043,39671.0,0.6118734261052174,0.04055772301576769,26698.691944626793
FAT_024,FAT_024,Autologous,717962,66431.03644489273,66488.0,0.0012365579181718,-0.5279454681488844,46072.69388064257
FAT_024,FAT_024,Autologous,718252,201023.31383398944,114354.0,-0.8138559979720297,-1.6106637499193297,65824.61479899392
FAT_024,FAT_024,Autologous,742726,6045.797377848066,146147.0,4.595343776114335,-0.7756946672246713,3531.3944130631235
FAT_024,FAT_024,Autologous,742733,3170.572193960789,6539.000000000001,1.0443267958864262,0.9891298075798312,6293.545672155638
FAT_024,FAT_024,Autologous,742740,14754.12601068719,19261.0,0.3845641450634187,-0.8994520131675369,7909.544115947657
FAT_024,FAT_024,Autologous,742741,4442.327603008669,7414.0,0.7389363256471696,0.06437828573868981,4645.049836361483
FAT_024,FAT_024,Autologous,742742,1657.4697878752263,1218.0,-0.4444684400922115,0.5019312686043536,2347.156179703459
FAT_024,FAT_024,Autologous,742818,1574.816706697938,676.0,-1.2200887711345387,-0.3442165147400607,1240.5392723230252
FAT_024,FAT_024,Autologous,748224,205505.3149159632,97317.0,-1.0784119543505726,-0.3776675492084005,158173.5266042262
FAT_024,FAT_024,Autologous,759350,3633.4294485536057,719.0,-2.3372682175519963,0.12181518826893858,3953.545646254062
FAT_024,FAT_024,Autologous,762984,10374.61474937326,112555.0,3.439500477089719,0.6308675358891852,16065.048099924928
FAT_024,FAT_024,Autologous,862962,6480.001564299423,4896.0,-0.4043906033519816,0.2868840192896982,7905.617643559077
FAT_024,FAT_024,Autologous,888048,2683.470035555969,2717.0,0.0179147869313636,-0.8647297616225863,1473.6255873093526
FAT_024,FAT_024,Autologous,890402,11191.22719140487,2465.0,-2.182708694239148,-2.0080740012216545,2782.192685450979
FAT_024,FAT_024,Autologous,904306,10179.55347779486,1326.0,-2.9405215989742923,-0.8328039516460912,5715.177963178102
FAT_024,FAT_024,Autologous,999410,13732.533927335902,22585.0,0.7177670576198205,-1.3055708128090577,5555.647783024967
FAT_024,FAT_024,Autologous,999412,3546.3682030468613,4002.0,0.1743788348613882,0.8298035736559447,6303.468553411121
FAT_024,FAT_024,Autologous,999413,12769.3500213499,5144.0,-1.3117225438368871,-0.2325466037617578,10868.391858916699
FAT_024,FAT_024,Autologous,1042156,2357.2658751762697,2687.0,0.1888818325272151,0.5701171630367907,3499.7009574128183
FAT_024,FAT_024,Autologous,1121114,6418.287263687048,5904.999999999999,-0.1202513022350836,0.7329684467461745,10667.548824979007
FAT_024,FAT_024,Autologous,1121115,424498.5106389775,116425.0,-1.86635860990622,-1.4944221831296614,150664.26856540443
FAT_024,FAT_024,Autologous,1121333,6326.817853850848,3996.0,-0.6629234787997584,0.4037757713078342,8370.163668600346
FAT_024,FAT_024,Autologous,1121864,1200.1227386942298,454.00000000000006,-1.402417757746898,1.4898758930010272,3370.7224843245094
FAT_024,FAT_024,Autologous,1123075,1988.082112584381,2594.0,0.3838011346754116,-0.07348150426813696,1889.357669673808
FAT_024,FAT_024,Autologous,1123263,5754.858532104012,12244.999999999998,1.0893404048175916,-0.1373091544996606,5232.394469336989
FAT_024,FAT_024,Autologous,1123313,997.347179539282,2201.0,1.141991441600083,-0.5872174130568538,663.8597048806796
FAT_024,FAT_024,Autologous,1150460,11471.14562632529,2027.0,-2.500591486964031,-0.2256454416191302,9810.26517915971
FAT_024,FAT_024,Autologous,1160721,27519.06786770764,36970.0,0.4259234399608279,-0.9562335664962638,14183.34715471984
FAT_024,FAT_024,Autologous,1203606,35824.04946440159,78921.0,1.139480811100465,-0.11935784496197535,32979.524094528584
FAT_024,FAT_024,Autologous,1203611,4250.57245467736,765251.9999999999,7.492133947754028,-0.8905386812243734,2292.8126446478564
FAT_024,FAT_024,Autologous,1211844,3632.327407471241,1349.0,-1.4290039005558577,0.022752176744607153,3690.0655018258467
FAT_024,FAT_024,Autologous,1215915,2928.1231558407426,115.0,-4.670270467867038,-0.0003666170028882393,2927.3791570620797
FAT_024,FAT_024,Autologous,1256908,244326.91612439445,213371.0,-0.1954486982220264,-0.7141393352861001,148934.03382944208
FAT_024,FAT_024,Autologous,1282887,1211.1431495178683,829.0,-0.5469253857743872,0.47373418226480735,1681.9135751739302
FAT_024,FAT_024,Autologous,1322347,11322.370080206168,2084.0,-2.441748802389357,-2.0018681062170294,2826.929635472527
FAT_024,FAT_024,Autologous,1384484,9623.022731201116,2828.0,-1.7667080165022986,-0.18830289115291624,8445.52580368836
FAT_024,FAT_024,Autologous,1408437,6714.736314842922,7282.0,0.1170039941062993,-0.11412513255652705,6204.029791352756
FAT_024,FAT_024,Autologous,1410647,7152.24662454137,2652.0,-1.4313157090948196,-0.4150519943980521,5364.131073363929
FAT_024,FAT_024,Autologous,1437612,68242.79198429889,26119.0,-1.3855770096678153,-1.2972803417330712,27767.481484881835
