taxon,average_distance,recipient,donor_subject,n_donor_replicates_used,fmt_type,diversity_ratio,donor_shannonD,recipient_shannonD,met_independence,timepoint_day,pre_abundance,post_abundance,log_fold_change,donor_abundance,log10_pre_abund,loo_pred_fc,pred_abundance,naive_pred
818,4.132934798890701,FAT_006,FAT_DON_11,3,Allogenic,0.9895833881875769,4.117593840790878,4.160936703204221,29.11,84,5458.7634260088935,4461.007607810479,-0.2912045658776552,31828.58137034028,3.7370942730923287,0.4718530475661481,7570.702736514164,5458.7634260088935
904,2.235441027099584,FAT_006,FAT_DON_11,3,Allogenic,0.9895833881875769,4.117593840790878,4.160936703204221,23.81,84,2403.3871844952587,3432.646817897541,0.514252342615443,531.3385560830724,3.3808237410679167,1.1450136398262456,5315.048013777171,2403.3871844952587
205913,6.2738036132792665,FAT_006,FAT_DON_11,3,Allogenic,0.9895833881875769,4.117593840790878,4.160936703204221,24.89,84,30412.597811965392,15425.411848694064,-0.9793600461882854,2484.957418232842,4.483053518704301,-0.46192941925897635,22079.991792753863,30412.597811965392
206672,6.114363576550159,FAT_006,FAT_DON_11,3,Allogenic,0.9895833881875769,4.117593840790878,4.160936703204221,25.09,84,28173.105124372,15264.17060985754,-0.884169378661753,2067.5904068101377,4.449834715784583,-0.37104004601387003,21784.145664214077,28173.105124372
207244,1.311986796758137,FAT_006,FAT_DON_11,3,Allogenic,0.9895833881875769,4.117593840790878,4.160936703204221,29.93,84,683.0931221238392,562.5527666074258,-0.2800938408586613,991.1781272767964,2.834479912565516,0.2084509425196196,789.2778205416762,683.0931221238392
213810,5.267243398945746,FAT_006,FAT_DON_11,3,Allogenic,0.9895833881875769,4.117593840790878,4.160936703204221,22.4,84,8977.111713515393,9523.98250727731,0.0853136223733521,17090.864816563542,3.953136629690676,-0.558747746121742,6094.4819915718335,8977.111713515393
226186,7.162643453755244,FAT_006,FAT_DON_11,3,Allogenic,0.9895833881875769,4.117593840790878,4.160936703204221,29.11,84,21942.72162170833,19839.838654173996,-0.1453421854651754,31055.54262608152,4.3412904934294,-0.31472566878731184,17642.032862468892,21942.72162170833
246198,1.8654138450790587,FAT_006,FAT_DON_11,3,Allogenic,0.9895833881875769,4.117593840790878,4.160936703204221,18.6,84,1246.555224611279,1039.1102058353724,-0.2625981266510193,15.41344196914333,3.0957115232831733,-1.3055927118950696,504.29998458322876,1246.555224611279
246201,0.0,FAT_006,FAT_DON_11,3,Allogenic,0.9895833881875769,4.117593840790878,4.160936703204221,22.8,84,8.37417137454794,93.16160466110236,3.4757171416960424,407.4128339795628,0.9229418443339246,0.8028581233451518,14.609192838607287,8.37417137454794
264199,4.517010551825996,FAT_006,FAT_DON_11,3,Allogenic,0.9895833881875769,4.117593840790878,4.160936703204221,24.34,84,306.2554102691818,125.40985242840702,-1.288084637442479,82988.82486059259,2.486083769631517,-0.8098156562402322,174.70485180987149,306.2554102691818
264731,2.7120382023279803,FAT_006,FAT_DON_11,3,Allogenic,0.9895833881875769,4.117593840790878,4.160936703204221,28.87,84,3843.744660917505,3601.054334015688,-0.0940931337925666,51.74320659048965,3.584754529871186,0.14289249199713094,4243.942157820647,3843.744660917505
272559,3.396185143556282,FAT_006,FAT_DON_11,3,Allogenic,0.9895833881875769,4.117593840790878,4.160936703204221,30.39,84,2716.8204559426244,763.2085304928771,-1.831770024868495,5153.241891717636,3.4340609385394028,0.8416784016517329,4868.905933651474,2716.8204559426244
272621,3.984626741711936,FAT_006,FAT_DON_11,3,Allogenic,0.9895833881875769,4.117593840790878,4.160936703204221,14.99,84,13.159412160003908,7.166277281623259,-0.8767992730247427,541.989745235143,1.1192364894778928,-0.9842876369071996,6.651757169805539,13.159412160003908
295405,4.274005720590647,FAT_006,FAT_DON_11,3,Allogenic,0.9895833881875769,4.117593840790878,4.160936703204221,30.39,84,4026.7801209611953,1469.086842732768,-1.4547070162119484,8720.847778857322,3.604957915959473,0.933415277765722,7690.311172412805,4026.7801209611953
314315,2.6511077471921234,FAT_006,FAT_DON_11,3,Allogenic,0.9895833881875769,4.117593840790878,4.160936703204221,15.29,84,37.08561608728374,28.66510912649304,-0.3715639647743207,265.5678333656392,1.5692054981539405,-0.38414278517353606,28.41626519663545,37.08561608728374
321967,3.5018369022221,FAT_006,FAT_DON_11,3,Allogenic,0.9895833881875769,4.117593840790878,4.160936703204221,22.05,84,9.570481570911932,28.66510912649304,1.5826323456125544,1051.179973055832,0.9809337913116114,0.195609081222368,10.960187710344474,9.570481570911932
326426,2.04965279116624,FAT_006,FAT_DON_11,3,Allogenic,0.9895833881875769,4.117593840790878,4.160936703204221,25.0,84,1802.839465920535,967.44743301914,-0.8980157589344385,63.61409950488602,3.2559570566342995,0.6496769649022265,2828.324988436987,1802.839465920535
347253,4.011384084646211,FAT_006,FAT_DON_11,3,Allogenic,0.9895833881875769,4.117593840790878,4.160936703204221,25.68,84,261.9919330037141,978.1968489415748,1.9006024269312336,24999.847962886084,2.418287919159786,0.1518309470004149,291.06741472418935,261.9919330037141
349741,1.944526792776832,FAT_006,FAT_DON_11,3,Allogenic,0.9895833881875769,4.117593840790878,4.160936703204221,28.37,84,45.45978746183168,42.997663689739554,-0.0803326671098747,31547.830856312212,1.657627400936478,0.19921716233960893,52.19125528241714,45.45978746183168
367928,9.738216683400202,FAT_006,FAT_DON_11,3,Allogenic,0.9895833881875769,4.117593840790878,4.160936703204221,25.27,84,583221.558000784,556536.676829503,-0.067567280875313,86.50858026445366,5.765833568718256,-1.8171631951067033,165505.6941106479,583221.558000784
391904,4.351090370391134,FAT_006,FAT_DON_11,3,Allogenic,0.9895833881875769,4.117593840790878,4.160936703204221,26.99,84,8075.093825456943,4048.946664117141,-0.9959323839104512,646.4086510515107,3.9071475771506927,0.15222317692669707,8973.695307735105,8075.093825456943
398513,2.3793826931927478,FAT_006,FAT_DON_11,3,Allogenic,0.9895833881875769,4.117593840790878,4.160936703204221,25.15,84,1424.805443869514,1336.5107130227375,-0.0922935319963217,42.12519995697748,3.153755565802445,-0.2386063461299907,1207.6133305855953,1424.805443869514
409438,2.758244312118618,FAT_006,FAT_DON_11,3,Allogenic,0.9895833881875769,4.117593840790878,4.160936703204221,31.07,84,2176.0882471861005,171.9906547589582,-3.661334981317776,277.9151449800178,3.3376765033831512,-0.9005896319305,1165.660313004643,2176.0882471861005
411459,7.9351218529522045,FAT_006,FAT_DON_11,3,Allogenic,0.9895833881875769,4.117593840790878,4.160936703204221,29.69,84,77012.46889093195,55603.14542811486,-0.4699255503350603,101602.94011973082,4.886561046368915,0.26205476118417165,92352.23070556053,77012.46889093195
411460,4.527953071465155,FAT_006,FAT_DON_11,3,Allogenic,0.9895833881875769,4.117593840790878,4.160936703204221,29.93,84,5004.165551390576,4776.323808201902,-0.0672288719425075,6037.826826987191,3.699331668900298,0.23177205540941975,5876.273618176402,5004.165551390576
411461,12.80445587808324,FAT_006,FAT_DON_11,3,Allogenic,0.9895833881875769,4.117593840790878,4.160936703204221,31.07,84,115910.49492570711,88854.67201484679,-0.3834916578614846,51566.3675839195,5.064122760225659,-1.1555197359384481,52032.735572887315,115910.49492570711
411462,16.080737677648482,FAT_006,FAT_DON_11,3,Allogenic,0.9895833881875769,4.117593840790878,4.160936703204221,28.31,84,344567.2443077386,180941.3350837057,-0.9292635391560052,119980.70770093064,5.537273989616521,-0.9988653834980955,172419.1689755553,344567.2443077386
411463,4.574105918685276,FAT_006,FAT_DON_11,3,Allogenic,0.9895833881875769,4.117593840790878,4.160936703204221,26.73,84,19100.28859514749,16364.194172586713,-0.2230518757524676,18442.8369130503,4.281039929254701,0.02505391682508005,19434.88207144273,19100.28859514749
411464,7.616796000985642,FAT_006,FAT_DON_11,3,Allogenic,0.9895833881875769,4.117593840790878,4.160936703204221,28.1,84,34250.36092190108,73142.60907488779,1.0945928991485276,16980.582791488836,4.534665152341266,0.08699112969486582,36379.111818978585,34250.36092190108
411466,1.3998210213379334,FAT_006,FAT_DON_11,3,Allogenic,0.9895833881875769,4.117593840790878,4.160936703204221,23.67,84,218.92476593461043,372.64641864440944,0.7673722254696043,1524.1213405510653,2.340294894050097,-0.034342198692999364,213.77497392148942,218.92476593461043
411467,4.8785919297945535,FAT_006,FAT_DON_11,3,Allogenic,0.9895833881875769,4.117593840790878,4.160936703204221,27.37,84,30181.70994406714,32366.491342451445,0.1008264360576864,14859.398759475887,4.4797438410802535,-0.00043702791288935394,30172.568544321366,30181.70994406714
411468,4.90321882754492,FAT_006,FAT_DON_11,3,Allogenic,0.9895833881875769,4.117593840790878,4.160936703204221,27.59,84,9631.493390926496,10043.537610194997,0.060436101110996,3231.584578586118,3.9836936309619855,-0.23787297288540363,8167.454635758384,9631.493390926496
411469,13.582280252276922,FAT_006,FAT_DON_11,3,Allogenic,0.9895833881875769,4.117593840790878,4.160936703204221,29.85,84,61169.73296048361,37608.62317395886,-0.7017544866687373,129418.6931376056,4.786536584567746,-0.3794342854901046,47023.55763990089,61169.73296048361
411470,6.032672290184976,FAT_006,FAT_DON_11,3,Allogenic,0.9895833881875769,4.117593840790878,4.160936703204221,31.06,84,11618.564627087086,12680.727649832355,0.1262056857821026,15430.29847983428,4.06515247805085,-0.6755730183436012,7274.191586833632,11618.564627087086
411471,8.695085892233084,FAT_006,FAT_DON_11,3,Allogenic,0.9895833881875769,4.117593840790878,4.160936703204221,28.72,84,54914.2269436963,67620.99242939707,0.3002912249513245,27871.987037834664,4.739684874189602,-0.4573594371251227,39995.02428375757,54914.2269436963
411473,6.553925263768317,FAT_006,FAT_DON_11,3,Allogenic,0.9895833881875769,4.117593840790878,4.160936703204221,29.04,84,10843.355619843218,15672.648414910069,0.5314377048401324,22321.57589840618,4.0351637011750086,-0.28993068225471835,8869.229016298095,10843.355619843218
411474,9.015812341446898,FAT_006,FAT_DON_11,3,Allogenic,0.9895833881875769,4.117593840790878,4.160936703204221,27.02,84,118048.30124660958,196907.80086716227,0.7381429865414669,14260.192040855203,5.072059741821083,-0.05729887078654403,113451.71439555475,118048.30124660958
411475,7.320949155430554,FAT_006,FAT_DON_11,3,Allogenic,0.9895833881875769,4.117593840790878,4.160936703204221,28.82,84,18819.15569900195,18123.51524522522,-0.0543390962621422,17829.542507480248,4.274600135377654,-0.6217339299107697,12230.369363484602,18819.15569900195
411476,4.653111616779993,FAT_006,FAT_DON_11,3,Allogenic,0.9895833881875769,4.117593840790878,4.160936703204221,29.68,84,5772.196697456259,6320.656562391714,0.1309539641272699,16152.685635077798,3.7613411219994792,-0.07995209235244963,5461.01216513034,5772.196697456259
411477,10.267095445220283,FAT_006,FAT_DON_11,3,Allogenic,0.9895833881875769,4.117593840790878,4.160936703204221,29.89,84,69844.17819431891,55667.64192364948,-0.3273008938889182,95667.60176324152,4.84413021168922,-0.035499264273446726,68146.54910017208,69844.17819431891
411479,7.755968819160387,FAT_006,FAT_DON_11,3,Allogenic,0.9895833881875769,4.117593840790878,4.160936703204221,30.29,84,21244.07646703176,16217.285488313431,-0.3895282715517359,56702.2985170426,4.327237855972018,0.5422539281115892,30936.597971795993,21244.07646703176
411483,11.203937349985074,FAT_006,FAT_DON_11,3,Allogenic,0.9895833881875769,4.117593840790878,4.160936703204221,28.13,84,201687.13231520168,448254.22710417566,1.1521981453710128,363790.8903020438,5.3046781910101455,0.06362444403854146,210780.80418259822,201687.13231520168
411484,9.808295613181349,FAT_006,FAT_DON_11,3,Allogenic,0.9895833881875769,4.117593840790878,4.160936703204221,27.82,84,9730.787137224706,11537.706423413449,0.2457280431524009,174205.77825472775,3.9881479723882367,-0.62510498836397,6309.175678231166,9730.787137224706
411485,11.38838071930155,FAT_006,FAT_DON_11,3,Allogenic,0.9895833881875769,4.117593840790878,4.160936703204221,29.4,84,228772.7914710788,463919.7092418041,1.019959660250093,393027.3180631168,5.359404371446916,0.017340930152527512,231539.19102486863,228772.7914710788
411486,9.205749538255276,FAT_006,FAT_DON_11,3,Allogenic,0.9895833881875769,4.117593840790878,4.160936703204221,26.21,84,53721.5056779214,41331.50422176215,-0.3782578702089984,34355.536903921515,4.730148176343086,-0.7906489853355327,31055.542178737538,53721.5056779214
411487,9.394781769332557,FAT_006,FAT_DON_11,3,Allogenic,0.9895833881875769,4.117593840790878,4.160936703204221,31.0,84,27674.24377248821,24046.443418486844,-0.2027203659762469,23195.374967399013,4.4420757621642135,-1.0800532282512096,13090.231995975866,27674.24377248821
411489,13.080185650412687,FAT_006,FAT_DON_11,3,Allogenic,0.9895833881875769,4.117593840790878,4.160936703204221,27.23,84,244745.92521293083,15966.46578345662,-3.938167931429309,21159.962145713784,5.388715469944959,-0.5791523320520453,163822.38561916837,244745.92521293083
411490,5.55797130531644,FAT_006,FAT_DON_11,3,Allogenic,0.9895833881875769,4.117593840790878,4.160936703204221,30.71,84,9078.798080206332,5700.773577531302,-0.6713436134384839,2949.8480311255494,3.958028357146101,0.03989032316562191,9333.328268666428,9078.798080206332
411901,1.011901420378252,FAT_006,FAT_DON_11,3,Allogenic,0.9895833881875769,4.117593840790878,4.160936703204221,29.11,84,1283.640840698563,3171.077697118292,1.3047316298263922,1948.4553350298104,3.108443526285619,-0.06426936480418384,1227.7120534236922,1283.640840698563
411902,4.6593543430748285,FAT_006,FAT_DON_11,3,Allogenic,0.9895833881875769,4.117593840790878,4.160936703204221,31.82,84,7424.30107863493,8836.019888241477,0.2511414484866745,7561.77860594908,3.8706555755678154,-0.33743398589598944,5875.9463827674035,7424.30107863493
411903,14.72669035496178,FAT_006,FAT_DON_11,3,Allogenic,0.9895833881875769,4.117593840790878,4.160936703204221,26.62,84,397121.1512340088,296949.0317186229,-0.4193638745436262,78558.74118886735,5.598923018818064,-1.1773845093707258,175588.05375244585,397121.1512340088
420247,5.065351211865121,FAT_006,FAT_DON_11,3,Allogenic,0.9895833881875769,4.117593840790878,4.160936703204221,18.18,84,18343.02424084908,30926.069608845173,0.753591975351632,10.118549507980132,4.263470939994567,0.02002485239238941,18599.403714398046,18343.02424084908
428125,4.044484852488064,FAT_006,FAT_DON_11,3,Allogenic,0.9895833881875769,4.117593840790878,4.160936703204221,26.43,84,14251.64336928423,12365.411449440931,-0.2048180421975541,5957.150111264262,4.153864946103213,-0.37583141226859895,10983.188004644666,14251.64336928423
428126,1.02981136701441,FAT_006,FAT_DON_11,3,Allogenic,0.9895833881875769,4.117593840790878,4.160936703204221,27.15,84,157.91294592004687,283.06795262411873,0.8420189744312041,855.41375454433,2.198417735525517,0.5674678153697559,234.01439306171062,157.91294592004687
428127,5.550935685657187,FAT_006,FAT_DON_11,3,Allogenic,0.9895833881875769,4.117593840790878,4.160936703204221,17.97,84,10982.127602621442,8965.012879310696,-0.2927800185227961,4871.297505540306,4.040686485520911,-0.32625325979621195,8759.40220222489,10982.127602621442
428128,6.918010451293672,FAT_006,FAT_DON_11,3,Allogenic,0.9895833881875769,4.117593840790878,4.160936703204221,26.14,84,31631.6379020603,33190.61322983812,0.0694070236374154,1179.6121588105975,4.500121680483848,-0.7963635807475141,18213.455761387333,31631.6379020603
435590,11.91402057936441,FAT_006,FAT_DON_11,3,Allogenic,0.9895833881875769,4.117593840790878,4.160936703204221,30.99,84,30752.34990773276,19230.70508523601,-0.6772849972349171,563916.722966483,4.487878307525033,-0.8055152795859272,17595.19346477229,30752.34990773276
435591,7.454044095363937,FAT_006,FAT_DON_11,3,Allogenic,0.9895833881875769,4.117593840790878,4.160936703204221,30.59,84,24752.85427296735,18392.250643286094,-0.4284968613373684,12234.390987313918,4.393625285028271,-0.5719555095471548,16651.35272177492,24752.85427296735
435830,1.852510934426272,FAT_006,FAT_DON_11,3,Allogenic,0.9895833881875769,4.117593840790878,4.160936703204221,21.31,84,1181.9544740076235,877.8689669988491,-0.4290969469695528,363.4601023098284,3.072600748907296,-1.7151632162509214,359.9856370647284,1181.9544740076235
442563,2.3929410962976263,FAT_006,FAT_DON_11,3,Allogenic,0.9895833881875769,4.117593840790878,4.160936703204221,24.15,84,70.58230158547549,103.91102058353724,0.5579702913782856,5163.893686555394,1.848695815961812,-0.26176451364532693,58.87038087070838,70.58230158547549
445970,8.25473156448561,FAT_006,FAT_DON_11,3,Allogenic,0.9895833881875769,4.117593840790878,4.160936703204221,17.81,84,3373.594753746456,3941.452504892792,0.2244407067384207,229264.18822724267,3.528092912639029,1.6863519393056166,10857.63979222302,3373.594753746456
445972,6.947077765294476,FAT_006,FAT_DON_11,3,Allogenic,0.9895833881875769,4.117593840790878,4.160936703204221,25.15,84,14053.055876687808,16643.678986570016,0.2440904852439715,17485.78535471571,4.14777077307214,-0.7446220994940657,8387.203600258983,14053.055876687808
445973,5.782498867560718,FAT_006,FAT_DON_11,3,Allogenic,0.9895833881875769,4.117593840790878,4.160936703204221,29.52,84,4197.852479041246,1959.976836523961,-1.0988148639970556,6072.800315415098,3.623027172535074,0.5237482172924279,6035.192070549586,4197.852479041246
445975,2.963544366221452,FAT_006,FAT_DON_11,3,Allogenic,0.9895833881875769,4.117593840790878,4.160936703204221,20.24,84,5087.907265136056,3292.9044109058877,-0.6277117427241746,321.95855064170024,3.706539187033691,-0.3781622442172708,3914.722737239888,5087.907265136056
449673,4.866916399856039,FAT_006,FAT_DON_11,3,Allogenic,0.9895833881875769,4.117593840790878,4.160936703204221,29.11,84,5982.747292016321,5231.382415584979,-0.1936158903276387,6490.531528462775,3.776900658867336,-0.270169628284429,4961.025928277779,5982.747292016321
450749,2.06912647520005,FAT_006,FAT_DON_11,3,Allogenic,0.9895833881875769,4.117593840790878,4.160936703204221,27.8,84,65.79706080001952,50.163940971362805,-0.3913724458545009,5222.961504645643,1.8182064938139115,-0.09335044424831322,61.67443931455165,65.79706080001952
451640,8.348410547513835,FAT_006,FAT_DON_11,3,Allogenic,0.9895833881875769,4.117593840790878,4.160936703204221,25.98,84,135679.5209206221,101442.23806001803,-0.4195445006525169,901.6039978203448,5.132514301437569,-0.37938301045686684,104305.84253121086,135679.5209206221
457387,3.849157377504829,FAT_006,FAT_DON_11,3,Allogenic,0.9895833881875769,4.117593840790878,4.160936703204221,29.03,84,5670.51033076532,4937.565047038425,-0.1996788254687757,12211.717026591074,3.7536221459937527,0.12087599116125144,6166.084117899562,5670.51033076532
457388,6.181677797299827,FAT_006,FAT_DON_11,3,Allogenic,0.9895833881875769,4.117593840790878,4.160936703204221,30.59,84,17015.119922885053,12544.568381481517,-0.4397544864064929,18207.428740201027,4.230835014358287,-0.9713682358563055,8678.087775385795,17015.119922885053
457390,1.6817464391274164,FAT_006,FAT_DON_11,3,Allogenic,0.9895833881875769,4.117593840790878,4.160936703204221,29.68,84,1414.038652102238,1899.063479630164,0.4254665748855834,18205.570996970026,3.150461280864904,0.41633386199778555,1887.079781444914,1414.038652102238
457391,6.750824908392549,FAT_006,FAT_DON_11,3,Allogenic,0.9895833881875769,4.117593840790878,4.160936703204221,30.88,84,16802.17670793226,13762.835519357468,-0.287870409870141,32338.12601285365,4.2253655478572645,-1.6479042674360453,5361.631146470465,16802.17670793226
457392,2.585667403547084,FAT_006,FAT_DON_11,3,Allogenic,0.9895833881875769,4.117593840790878,4.160936703204221,30.19,84,2204.799691898836,354.7307254403513,-2.635851389938549,2948.334263825396,3.343369139538741,0.05236712526857543,2286.2999930770766,2204.799691898836
457393,10.58520122992193,FAT_006,FAT_DON_11,3,Allogenic,0.9895833881875769,4.117593840790878,4.160936703204221,29.75,84,53282.45983585581,38146.093970080605,-0.4821253497757143,136695.4978520379,4.726584266246306,0.2275155572922417,62384.007990592865,53282.45983585581
457394,8.09436180055919,FAT_006,FAT_DON_11,3,Allogenic,0.9895833881875769,4.117593840790878,4.160936703204221,30.99,84,13462.078639683996,7911.570118912077,-0.7668652459919023,313772.04370756634,4.129112123190053,-0.7167140118174166,8191.429679051602,13462.078639683996
457395,6.394036133642767,FAT_006,FAT_DON_11,3,Allogenic,0.9895833881875769,4.117593840790878,4.160936703204221,30.99,84,14123.638178273282,13397.35537799468,-0.0761635249768431,40373.24926884402,4.149946583204843,-0.47320272515300693,10174.155450275302,14123.638178273282
457412,12.376856959935472,FAT_006,FAT_DON_11,3,Allogenic,0.9895833881875769,4.117593840790878,4.160936703204221,30.36,84,183097.6681739016,103670.95029460288,-0.820601725672013,153809.98131154486,5.2626828134133525,-0.9083170677491493,97555.58340530156,183097.6681739016
457416,2.077315021469968,FAT_006,FAT_DON_11,3,Allogenic,0.9895833881875769,4.117593840790878,4.160936703204221,27.37,84,62.20813021092756,75.24591145704422,0.2745100502502227,5225.9245387266965,1.7938471479544669,0.13841320574902777,68.47210426429275,62.20813021092756
457421,3.7017728647236416,FAT_006,FAT_DON_11,3,Allogenic,0.9895833881875769,4.117593840790878,4.160936703204221,31.17,84,5933.698573965397,5338.876574809327,-0.152395444312159,5129.022240006748,3.773325480809865,-0.12595738987326502,5437.615918236318,5933.698573965397
457424,3.4911894043683787,FAT_006,FAT_DON_11,3,Allogenic,0.9895833881875769,4.117593840790878,4.160936703204221,30.39,84,2807.740030866288,2300.375007401066,-0.2875402937883127,5543.067798841458,3.4483568939182603,0.852045287918183,5068.133933036798,2807.740030866288
469585,3.258349484326851,FAT_006,FAT_DON_11,3,Allogenic,0.9895833881875769,4.117593840790878,4.160936703204221,29.25,84,2811.32896145538,2063.8878571074983,-0.4458876943974951,13639.749313862774,3.448911666591404,-0.3590248109678209,2191.9691083732932,2811.32896145538
469588,2.963925368185098,FAT_006,FAT_DON_11,3,Allogenic,0.9895833881875769,4.117593840790878,4.160936703204221,28.94,84,3884.41920759388,3260.6561631385825,-0.252536588587475,5529.155410142373,3.589326092945669,0.5606927108888565,5729.429993717659,3884.41920759388
469589,5.004276547847062,FAT_006,FAT_DON_11,3,Allogenic,0.9895833881875769,4.117593840790878,4.160936703204221,30.59,84,7819.083443435048,5148.970226846311,-0.6027155760757925,18111.36574022049,3.8931558478440262,-0.00911819551330526,7769.820709899107,7819.083443435048
469590,4.080461158753521,FAT_006,FAT_DON_11,3,Allogenic,0.9895833881875769,4.117593840790878,4.160936703204221,29.52,84,7119.241978562113,5962.342698310551,-0.2558443387104658,15940.244929533905,3.8524337545844634,0.18020698803307145,8066.4317465620625,7119.241978562113
469591,6.660886924094201,FAT_006,FAT_DON_11,3,Allogenic,0.9895833881875769,4.117593840790878,4.160936703204221,30.59,84,17222.08158685602,12587.566045171254,-0.4522601800898017,30495.17409202205,4.236085642300542,-1.2965141689287483,7011.258631105097,17222.08158685602
469592,6.533976008699163,FAT_006,FAT_DON_11,3,Allogenic,0.9895833881875769,4.117593840790878,4.160936703204221,30.59,84,20022.643756544127,14751.781784221475,-0.4407432578354083,22275.24775491371,4.301521420449699,-1.1885254400233707,8784.956439904114,20022.643756544127
469593,8.2737050034132,FAT_006,FAT_DON_11,3,Allogenic,0.9895833881875769,4.117593840790878,4.160936703204221,30.99,84,14939.521732193523,8495.621717364373,-0.8143425288833465,303602.17727782746,4.174336694374029,-0.7426407902305366,8928.521330653002,14939.521732193523
469596,3.663632958563716,FAT_006,FAT_DON_11,3,Allogenic,0.9895833881875769,4.117593840790878,4.160936703204221,28.15,84,6084.43365870726,2974.005071873652,-1.0327158748432648,3915.337702933807,3.7842201601593577,0.26562819058540815,7314.459056131846,6084.43365870726
469610,1.7388086297456882,FAT_006,FAT_DON_11,3,Allogenic,0.9895833881875769,4.117593840790878,4.160936703204221,25.27,84,443.8310828510408,870.7026897172259,0.972169472597532,17957.000732996283,2.647217713934713,-0.043904284071464926,430.5278075084204,443.8310828510408
470145,3.6285056116687806,FAT_006,FAT_DON_11,3,Allogenic,0.9895833881875769,4.117593840790878,4.160936703204221,28.33,84,2551.729648844394,2501.0307712865174,-0.0289526785183648,5666.253192519181,3.4068346597690966,-0.3757378111750149,1966.6465206462456,2551.729648844394
470146,9.88720754622362,FAT_006,FAT_DON_11,3,Allogenic,0.9895833881875769,4.117593840790878,4.160936703204221,28.01,84,155358.82365080976,116115.19079414169,-0.4200474566513067,103128.49854916388,5.191335924176338,-0.3440602530827686,122394.94110513756,155358.82365080976
471870,2.229570449986796,FAT_006,FAT_DON_11,3,Allogenic,0.9895833881875769,4.117593840790878,4.160936703204221,30.58,84,2100.720704815169,1938.478004679092,-0.1159600000959882,29621.812047722564,3.322368315889752,0.17933379800333454,2378.7739195415334,2100.720704815169
471872,1.629432033682074,FAT_006,FAT_DON_11,3,Allogenic,0.9895833881875769,4.117593840790878,4.160936703204221,26.78,84,52.63764864001563,53.74707961217444,0.0300913225837758,350.7328536544383,1.7212964808058553,0.010762148583031967,53.031780730882005,52.63764864001563
471875,6.81013291037792,FAT_006,FAT_DON_11,3,Allogenic,0.9895833881875769,4.117593840790878,4.160936703204221,29.18,84,20419.81874173697,17596.793865025913,-0.2146574662261147,46435.08186811378,4.310051882715984,0.6204838902860557,31393.24038339755,20419.81874173697
473819,2.404408627213808,FAT_006,FAT_DON_11,3,Allogenic,0.9895833881875769,4.117593840790878,4.160936703204221,25.41,84,2768.2617943862765,2404.286027984603,-0.2033718472947521,137.12281374083014,3.4422071589353984,-0.6179924806080621,1803.73563415027,2768.2617943862765
476272,5.125248629945079,FAT_006,FAT_DON_11,3,Allogenic,0.9895833881875769,4.117593840790878,4.160936703204221,29.6,84,5808.086003347178,6510.562910354731,0.1647194695401158,4393.313817911821,3.7640330385636913,-0.15578893272806782,5213.578257418715,5808.086003347178
478749,4.119809800810627,FAT_006,FAT_DON_11,3,Allogenic,0.9895833881875769,4.117593840790878,4.160936703204221,29.95,84,5273.335345572475,4622.248846647002,-0.1901208126479865,4099.600314750284,3.722085390163397,0.5045012436193652,7480.926663910784,5273.335345572475
479436,2.412482668692355,FAT_006,FAT_DON_11,3,Allogenic,0.9895833881875769,4.117593840790878,4.160936703204221,27.57,84,66.99337099638352,64.49649553460932,-0.0547975750027372,4627.338991359046,1.826031831325868,-0.2561737030123627,56.093929278395834,66.99337099638352
479437,5.670328781890838,FAT_006,FAT_DON_11,3,Allogenic,0.9895833881875769,4.117593840790878,4.160936703204221,24.48,84,3451.354916510116,2465.199384878401,-0.4854585032181926,1595.632843615993,3.537989621811418,0.037553954651093686,3542.3746280815344,3451.354916510116
483215,6.818864892223978,FAT_006,FAT_DON_11,3,Allogenic,0.9895833881875769,4.117593840790878,4.160936703204221,28.86,84,8664.87475226439,10935.739131757093,0.3357999324837579,94747.7517113,3.937762289520384,0.5610965378468833,12784.071115393464,8664.87475226439
483216,4.20526888768357,FAT_006,FAT_DON_11,3,Allogenic,0.9895833881875769,4.117593840790878,4.160936703204221,29.11,84,3922.701133877528,2483.115078082459,-0.6596962986432924,5978.573349139432,3.593585220989033,0.45076467955383603,5361.408647904069,3922.701133877528
483217,5.514487264137276,FAT_006,FAT_DON_11,3,Allogenic,0.9895833881875769,4.117593840790878,4.160936703204221,30.63,84,5534.1309683798245,3823.208929746008,-0.533572744199211,42227.66784886001,3.743049432754269,0.2559220199275037,6608.298275694699,5534.1309683798245
483218,6.150589493856525,FAT_006,FAT_DON_11,3,Allogenic,0.9895833881875769,4.117593840790878,4.160936703204221,28.19,84,43190.38701932919,37562.04237162831,-0.201434735075379,32520.4631725012,4.63538709567996,0.006178455285119657,43375.74989003299,43190.38701932919
484018,8.274681127432517,FAT_006,FAT_DON_11,3,Allogenic,0.9895833881875769,4.117593840790878,4.160936703204221,30.12,84,119339.11994848632,139699.4093279638,0.2272588777394647,6440.687144611086,5.0767828308691865,-0.3516640817615322,93523.63835455458,119339.11994848632
484020,7.523066671489047,FAT_006,FAT_DON_11,3,Allogenic,0.9895833881875769,4.117593840790878,4.160936703204221,25.15,84,22500.20217321395,16761.9225617168,-0.4247503316880393,2482.221462138088,4.352186420436551,-0.8160354779822393,12780.129780236422,22500.20217321395
500632,6.569270845808227,FAT_006,FAT_DON_11,3,Allogenic,0.9895833881875769,4.117593840790878,4.160936703204221,27.33,84,29093.06766537591,29861.87743252412,0.0376294445459304,30847.019941550203,4.463789517049851,0.055600530438646795,30236.181559295186,29093.06766537591
500635,2.5722351252631337,FAT_006,FAT_DON_11,3,Allogenic,0.9895833881875769,4.117593840790878,4.160936703204221,29.62,84,1202.2917473458117,1698.4077157447125,0.4983958084445227,109.09290282510686,3.080009866076176,-0.3143745634118451,966.882483936916,1202.2917473458117
511680,8.6939381243486,FAT_006,FAT_DON_11,3,Allogenic,0.9895833881875769,4.117593840790878,4.160936703204221,26.86,84,295089.0508963203,26318.15331676141,-3.487020224219991,293081.259722548,5.469953095560525,0.012929284166700711,297745.49414271914,295089.0508963203
515619,10.218818258423076,FAT_006,FAT_DON_11,3,Allogenic,0.9895833881875769,4.117593840790878,4.160936703204221,29.62,84,126970.38269109224,265284.8355497706,1.0630501983409626,185464.4033797794,5.103702428563124,-0.15685771820392655,113889.46434201745,126970.38269109224
515620,12.139076345002264,FAT_006,FAT_DON_11,3,Allogenic,0.9895833881875769,4.117593840790878,4.160936703204221,31.6,84,14581.824983480692,33960.988037612624,1.2197071412929112,161536.9565484789,4.163811881365742,-0.8913334038270527,7861.289513924946,14581.824983480692
518635,11.882052378252553,FAT_006,FAT_DON_11,3,Allogenic,0.9895833881875769,4.117593840790878,4.160936703204221,25.8,84,299290.49230595067,153433.57973819476,-0.9639321901078638,97.07622668101988,5.476092920633554,-0.4446088533338267,219913.71717802307,299290.49230595067
518636,5.847471393991988,FAT_006,FAT_DON_11,3,Allogenic,0.9895833881875769,4.117593840790878,4.160936703204221,28.81,84,11714.269442796203,12161.17254691467,0.0540153524625663,7037.160319256812,4.068715209121153,0.09792567672320442,12537.004309840324,11714.269442796203
518637,7.771895802382474,FAT_006,FAT_DON_11,3,Allogenic,0.9895833881875769,4.117593840790878,4.160936703204221,18.67,84,36574.79163343631,46340.7320416168,0.3414311891906901,6348.937318481098,4.563181860629021,-0.7217111458548413,22178.1418834123,36574.79163343631
521003,3.6156381839615377,FAT_006,FAT_DON_11,3,Allogenic,0.9895833881875769,4.117593840790878,4.160936703204221,19.03,84,3524.3298384883187,2561.944128180315,-0.4601099377575426,194.9236805289821,3.54707654682628,0.2785705413296834,4274.985398206068,3524.3298384883187
525259,3.95204030457799,FAT_006,FAT_DON_11,3,Allogenic,0.9895833881875769,4.117593840790878,4.160936703204221,27.86,84,2863.966610095396,2407.869166625415,-0.2502576685521874,2176.9059784761776,3.45696795039006,-0.9890277570197086,1442.915600646102,2863.966610095396
525306,3.824583198715898,FAT_006,FAT_DON_11,3,Allogenic,0.9895833881875769,4.117593840790878,4.160936703204221,14.99,84,5.981550981819956,7.166277281623259,0.2607042507251925,473.4735949564337,0.7768138086556865,-0.6001484437845956,3.9459458869606423,5.981550981819956
525337,3.2477461964047327,FAT_006,FAT_DON_11,3,Allogenic,0.9895833881875769,4.117593840790878,4.160936703204221,21.8,84,13.159412160003908,7.166277281623259,-0.8767992730247427,987.9172951544188,1.1192364894778928,0.10844689281926502,14.186728490020077,13.159412160003908
525362,3.8530410936706736,FAT_006,FAT_DON_11,3,Allogenic,0.9895833881875769,4.117593840790878,4.160936703204221,22.5,84,35703.877810483325,7058.78312239891,-2.338589373380872,509.9702535149042,4.5527153875473605,-0.5952329401934626,23633.738078608196,35703.877810483325
536231,7.6161894673522355,FAT_006,FAT_DON_11,3,Allogenic,0.9895833881875769,4.117593840790878,4.160936703204221,31.15,84,64804.12333703742,85518.76994025115,0.4001554908033372,152393.5277624048,4.81160263990687,-0.2612285511445985,54071.07578616034,64804.12333703742
537006,2.1997000652107315,FAT_006,FAT_DON_11,3,Allogenic,0.9895833881875769,4.117593840790878,4.160936703204221,29.51,84,1144.8688579203397,920.8666306885888,-0.3141182196795929,14271.58476918703,3.0587557420965115,-0.8201538693104788,648.4325782900995,1144.8688579203397
537007,6.084752526808708,FAT_006,FAT_DON_11,3,Allogenic,0.9895833881875769,4.117593840790878,4.160936703204221,29.22,84,9739.161308599254,10993.06935001008,0.1747248095846656,10360.514663822842,3.988521559062373,-0.1334189629244392,8878.885372545876,9739.161308599254
537011,9.553250769757526,FAT_006,FAT_DON_11,3,Allogenic,0.9895833881875769,4.117593840790878,4.160936703204221,28.14,84,944195.0003414584,1141172.3268802508,0.2733599187111563,769.2164152531886,5.9750616964448815,-1.5824829697177756,315273.0548808258,944195.0003414584
537012,5.010414218997756,FAT_006,FAT_DON_11,3,Allogenic,0.9895833881875769,4.117593840790878,4.160936703204221,29.72,84,258.40300241462216,340.3981708771048,0.3976004517800338,522703.86442582513,2.4122975554705985,-0.023534856494561333,254.22184000067472,258.40300241462216
537013,3.9831272636222734,FAT_006,FAT_DON_11,3,Allogenic,0.9895833881875769,4.117593840790878,4.160936703204221,26.93,84,5678.884502139868,6288.408314624409,0.1470873263750451,2866.977588619135,3.754263036038028,0.4415654763165151,7712.363479835557,5678.884502139868
537937,6.334768972930381,FAT_006,FAT_DON_11,3,Allogenic,0.9895833881875769,4.117593840790878,4.160936703204221,25.23,84,32160.40700885318,17052.156791622543,-0.915331438980056,2512.953107117009,4.507321536363121,-0.701154287256675,19781.219601873287,32160.40700885318
537973,3.2281960263245075,FAT_006,FAT_DON_11,3,Allogenic,0.9895833881875769,4.117593840790878,4.160936703204221,21.8,84,20.337273338187853,21.498831844869777,0.0801320050833716,1000.0382019375284,1.3082927256979415,0.01408261614014001,20.536764149910034,20.337273338187853
543734,2.1290989942621734,FAT_006,FAT_DON_11,3,Allogenic,0.9895833881875769,4.117593840790878,4.160936703204221,21.72,84,19.140963141823864,14.332554563246518,-0.4173676543874455,7930.072473828994,1.2819637869755929,0.6089648009280109,29.193116362471116,19.140963141823864
545696,5.526455161127733,FAT_006,FAT_DON_11,3,Allogenic,0.9895833881875769,4.117593840790878,4.160936703204221,17.82,84,17534.31854810702,18922.555162126213,0.1099255497835182,5257.8822800244025,4.243888892170893,-0.14152774257478387,15895.888084086733,17534.31854810702
545697,4.016057692777646,FAT_006,FAT_DON_11,3,Allogenic,0.9895833881875769,4.117593840790878,4.160936703204221,30.0,84,2139.0026310988164,616.2998462196002,-1.7952339208686652,917.7836509711282,3.3302113187795666,-0.003049229666802651,2134.4864843833075,2139.0026310988164
546273,5.697055921152438,FAT_006,FAT_DON_11,3,Allogenic,0.9895833881875769,4.117593840790878,4.160936703204221,27.7,84,61.01182001456356,118.24357514678375,0.9546011229995126,28818.91979489324,1.785413980417604,-0.3029039114454315,49.45734712777876,61.01182001456356
547042,5.340557748856955,FAT_006,FAT_DON_11,3,Allogenic,0.9895833881875769,4.117593840790878,4.160936703204221,28.24,84,16353.560384295764,15393.16360092676,-0.0873149988954554,5342.210700344842,4.21361231888749,-0.5676575934433101,11033.93334243204,16353.560384295764
547043,4.485947448545402,FAT_006,FAT_DON_11,3,Allogenic,0.9895833881875769,4.117593840790878,4.160936703204221,24.99,84,10812.251554737755,10369.603226508854,-0.0603062895267245,230.05219583520275,4.033916141314851,-0.07453139970324649,10267.860374848535,10812.251554737755
548480,6.48653356174976,FAT_006,FAT_DON_11,3,Allogenic,0.9895833881875769,4.117593840790878,4.160936703204221,25.09,84,32524.085308547837,16797.75394812492,-0.9532401427968056,3266.13069107294,4.512205091519981,-0.2715205527222125,26944.446132751233,32524.085308547837
552396,6.447504339707685,FAT_006,FAT_DON_11,3,Allogenic,0.9895833881875769,4.117593840790878,4.160936703204221,23.33,84,8919.68882408992,7134.029033855954,-0.3222762933212231,4997.079092035077,3.950349703665593,-0.7064198774696989,5466.333583357303,8919.68882408992
552398,7.664811989739917,FAT_006,FAT_DON_11,3,Allogenic,0.9895833881875769,4.117593840790878,4.160936703204221,29.38,84,57038.87385243875,61726.72936526194,0.1139498529618908,16932.18483825863,4.756170942431122,-0.4044021482487055,43095.6827517736,57038.87385243875
552531,2.41554490268869,FAT_006,FAT_DON_11,3,Allogenic,0.9895833881875769,4.117593840790878,4.160936703204221,24.15,84,82.5454035491154,96.744743301914,0.228995390997854,5266.721722336428,1.916692895056923,0.1304804370086126,90.35900093445598,82.5454035491154
553174,3.4481563348759408,FAT_006,FAT_DON_11,3,Allogenic,0.9895833881875769,4.117593840790878,4.160936703204221,19.47,84,5407.322087565241,4801.405778687584,-0.1714574263448605,40.22649685587,3.73298223913105,-0.40474878541586035,4084.517056934979,5407.322087565241
555970,2.4171072735057693,FAT_006,FAT_DON_11,3,Allogenic,0.9895833881875769,4.117593840790878,4.160936703204221,24.15,84,76.56385256729546,57.33021825298607,-0.4173676543874455,5212.409419879709,1.884023778303555,0.19330954581651644,87.54185601328724,76.56385256729546
556258,3.0104555895940703,FAT_006,FAT_DON_11,3,Allogenic,0.9895833881875769,4.117593840790878,4.160936703204221,29.11,84,4087.791940975759,3525.808422558643,-0.2133676814774736,5774.13905663811,3.611488783118431,0.3001032707281587,5033.022471033161,4087.791940975759
556259,1.5485741333666292,FAT_006,FAT_DON_11,3,Allogenic,0.9895833881875769,4.117593840790878,4.160936703204221,30.68,84,747.6938727274946,1168.1031969045912,0.6436481202941827,13936.3297297566,2.873723821663743,0.2870810295031636,912.3129145972088,747.6938727274946
556270,0.9720142808757882,FAT_006,FAT_DON_11,3,Allogenic,0.9895833881875769,4.117593840790878,4.160936703204221,28.34,84,552.695310720164,705.8783122398909,0.3529351236528733,1234.385119731998,2.742485779875793,0.1697945267741737,621.7259942698354,552.695310720164
563192,2.8344003629837027,FAT_006,FAT_DON_11,3,Allogenic,0.9895833881875769,4.117593840790878,4.160936703204221,28.15,84,3440.588124742839,6413.8181670528165,0.8985282573248756,4846.553157104427,3.536632686030513,0.5591575921830131,5069.3922152976465,3440.588124742839
563193,6.318494087718878,FAT_006,FAT_DON_11,3,Allogenic,0.9895833881875769,4.117593840790878,4.160936703204221,30.59,84,25617.786544938517,19746.67704951289,-0.3755359293251185,20490.549756878085,4.408541602658972,-0.4990516097534234,18126.42250852404,25617.786544938517
565040,6.088962385949948,FAT_006,FAT_DON_11,3,Allogenic,0.9895833881875769,4.117593840790878,4.160936703204221,25.09,84,28942.332580634047,14801.94572519284,-0.9673943677315688,2295.2480011883185,4.461533529757272,-0.4889425269034692,20622.77782403221,28942.332580634047
565042,6.321786881794942,FAT_006,FAT_DON_11,3,Allogenic,0.9895833881875769,4.117593840790878,4.160936703204221,25.09,84,33857.97117749369,17091.57131667147,-0.9862104897453248,2158.5542164770395,4.529660930949014,-0.3040222167964115,27424.6519344557,33857.97117749369
566550,4.679113074173261,FAT_006,FAT_DON_11,3,Allogenic,0.9895833881875769,4.117593840790878,4.160936703204221,29.11,84,9178.091826504542,8527.869965131678,-0.1060088012102703,4913.763495314279,3.962752398482275,-0.08735439164256008,8638.853443512859,9178.091826504542
566552,5.718796870050908,FAT_006,FAT_DON_11,3,Allogenic,0.9895833881875769,4.117593840790878,4.160936703204221,25.62,84,17783.151068950734,15346.582798596208,-0.2125935352914099,152.23092467480896,4.2500087178606245,-0.7160051567617828,10826.04152653571,17783.151068950734
568703,1.6544677991636656,FAT_006,FAT_DON_11,3,Allogenic,0.9895833881875769,4.117593840790878,4.160936703204221,22.45,84,17.94465294545987,68.07963417542096,1.9236692634476216,4485.81363267381,1.253935063375349,0.47777846903593363,24.989681089857473,17.94465294545987
568816,2.488280512852272,FAT_006,FAT_DON_11,3,Allogenic,0.9895833881875769,4.117593840790878,4.160936703204221,23.68,84,4400.028902226761,7051.616845117286,0.6804410865398567,425.1544797968335,3.6434555292217263,1.438412616799792,11925.068242590994,4400.028902226761
573236,2.4138267207615933,FAT_006,FAT_DON_11,3,Allogenic,0.9895833881875769,4.117593840790878,4.160936703204221,24.15,84,112.4531584582152,93.16160466110236,-0.2715167879239908,5254.15315270334,2.050971657919366,-0.018115259874918365,111.04996380110066,112.4531584582152
580050,2.4028482061588394,FAT_006,FAT_DON_11,3,Allogenic,0.9895833881875769,4.117593840790878,4.160936703204221,24.15,84,105.27529728003124,96.744743301914,-0.1219117708612742,5223.879231590808,2.0223264764698365,-0.1284842834328142,96.30500390446606,105.27529728003124
585394,8.98534711090619,FAT_006,FAT_DON_11,3,Allogenic,0.9895833881875769,4.117593840790878,4.160936703204221,30.74,84,215417.1844388712,84110.59645441218,-1.356773871122095,72622.74643567212,5.333280345244654,0.16027364044034897,240728.50488505655,215417.1844388712
585543,10.44837440065012,FAT_006,FAT_DON_11,3,Allogenic,0.9895833881875769,4.117593840790878,4.160936703204221,30.29,84,49030.77339797818,34330.05131761622,-0.5142155045974651,137912.54966946598,4.690468743742307,-0.7180191365214508,29807.355426444035,49030.77339797818
585544,1.1675051748415817,FAT_006,FAT_DON_11,3,Allogenic,0.9895833881875769,4.117593840790878,4.160936703204221,29.11,84,2141.395251491545,2114.0517980788613,-0.0185403822898608,9139.69404214552,3.330696835299561,0.14129527960060786,2361.73384161258,2141.395251491545
591001,2.34735146453789,FAT_006,FAT_DON_11,3,Allogenic,0.9895833881875769,4.117593840790878,4.160936703204221,27.06,84,992.9374629821128,1684.0751611814658,0.7621817659432673,131.8286432344127,2.9969218966957416,0.01990517142505846,1006.7321785880282,992.9374629821128
592028,0.0,FAT_006,FAT_DON_11,3,Allogenic,0.9895833881875769,4.117593840790878,4.160936703204221,21.11,84,138.77198277822302,236.48715029356757,0.7690454698434358,466.473535021155,2.1423017935465865,1.1824283460096383,314.95477237825975,138.77198277822302
622312,8.738421888833718,FAT_006,FAT_DON_11,3,Allogenic,0.9895833881875769,4.117593840790878,4.160936703204221,28.89,84,93668.6957549078,106809.77974395386,0.1894048671873575,304813.5976166208,4.97159447314572,0.06506329028898272,97989.71062310282,93668.6957549078
626522,1.599664840009104,FAT_006,FAT_DON_11,3,Allogenic,0.9895833881875769,4.117593840790878,4.160936703204221,18.56,84,1128.1205151712438,1017.6113739905028,-0.1487344955578599,555.3030347853959,3.052355497056996,-0.5758236416722949,756.8595735382288,1128.1205151712438
626939,8.831856398240708,FAT_006,FAT_DON_11,3,Allogenic,0.9895833881875769,4.117593840790878,4.160936703204221,26.95,84,339388.4174676789,545905.5044822149,0.6857139142452943,2272.698837856759,5.5306970167803975,-0.744594365125955,202559.10912674374,339388.4174676789
633147,5.683493143897579,FAT_006,FAT_DON_11,3,Allogenic,0.9895833881875769,4.117593840790878,4.160936703204221,21.08,84,5975.569430838137,2923.841130902289,-1.0312112750957303,145.02640042396172,3.776379296881669,-1.3546876606274822,2336.563973889006,5975.569430838137
641112,3.102535161165993,FAT_006,FAT_DON_11,3,Allogenic,0.9895833881875769,4.117593840790878,4.160936703204221,29.68,84,1646.1228301968524,1945.6442819607144,0.241175978714818,11205.563844718388,3.2164622382191603,-0.06564998744320663,1572.8946048915514,1646.1228301968524
645463,4.321842037525521,FAT_006,FAT_DON_11,3,Allogenic,0.9895833881875769,4.117593840790878,4.160936703204221,28.02,84,2625.900881018961,3493.5601747913383,0.411885529826807,5050.20432113978,3.419278328897808,-0.17244308376790193,2330.0636682064337,2625.900881018961
649757,8.01423827562003,FAT_006,FAT_DON_11,3,Allogenic,0.9895833881875769,4.117593840790878,4.160936703204221,27.82,84,17563.029992819756,15396.74673956757,-0.1899162132258944,141978.2781086601,4.244599442984906,-0.2791023911051775,14473.756147571707,17563.029992819756
649764,2.452460104707588,FAT_006,FAT_DON_11,3,Allogenic,0.9895833881875769,4.117593840790878,4.160936703204221,24.04,84,1006.0968751421168,788.2905009785584,-0.3519699311179304,97.18293967495758,3.00263980011758,0.462168661730058,1386.0102127132966,1006.0968751421168
657308,6.194457903214374,FAT_006,FAT_DON_11,3,Allogenic,0.9895833881875769,4.117593840790878,4.160936703204221,20.15,84,8712.72716011895,6324.239701032526,-0.4622323160391103,5387.258129318531,3.940154114273938,-0.646468732451283,5566.056808676614,8712.72716011895
657309,1.7422134280086887,FAT_006,FAT_DON_11,3,Allogenic,0.9895833881875769,4.117593840790878,4.160936703204221,28.38,84,1576.7368388077407,1576.5810019571168,-0.0001425958708377,12023.553474325425,3.1977592145776588,0.4859490794699818,2208.230804154707,1576.7368388077407
657313,9.606982791802537,FAT_006,FAT_DON_11,3,Allogenic,0.9895833881875769,4.117593840790878,4.160936703204221,30.1,84,59535.5732322504,82448.02012507558,0.4697328957877925,34147.27533909825,4.774776539543506,0.4318842615943175,80313.14945055754,59535.5732322504
657314,7.693537449336783,FAT_006,FAT_DON_11,3,Allogenic,0.9895833881875769,4.117593840790878,4.160936703204221,30.01,84,51942.59241592814,55871.88082617573,0.1052043671945365,102810.8627652686,4.715523621146888,0.17990817152389646,58841.18050995009,51942.59241592814
657317,10.026555706472095,FAT_006,FAT_DON_11,3,Allogenic,0.9895833881875769,4.117593840790878,4.160936703204221,31.02,84,110170.5986035527,254298.9324770421,1.2067861447042705,187407.656054418,5.042065709144541,-0.5184991657419427,76909.83994006313,110170.5986035527
657319,8.446434098843257,FAT_006,FAT_DON_11,3,Allogenic,0.9895833881875769,4.117593840790878,4.160936703204221,26.02,84,37401.44197912383,46036.16525714781,0.2996737711614838,16860.217863254235,4.572888346358347,-0.42493336259985376,27859.329381797663,37401.44197912383
657321,10.9922503884528,FAT_006,FAT_DON_11,3,Allogenic,0.9895833881875769,4.117593840790878,4.160936703204221,25.04,84,184350.2049494947,47086.02487890562,-1.9690781834010425,7288.5484902157905,5.265643624764946,-0.0621396030984986,176578.46627842408,184350.2049494947
657322,10.98071600304259,FAT_006,FAT_DON_11,3,Allogenic,0.9895833881875769,4.117593840790878,4.160936703204221,29.23,84,201525.6304386925,424429.9382814191,1.0745630888235596,357084.9359335178,5.304330288443487,-0.02688315104288988,197805.17688263577,201525.6304386925
657323,14.082900730363008,FAT_006,FAT_DON_11,3,Allogenic,0.9895833881875769,4.117593840790878,4.160936703204221,29.77,84,693172.0355282058,279370.1535468011,-1.311035554424458,182519.0633462804,5.84084103375803,-1.5254256935938681,240792.0498288577,693172.0355282058
658089,8.415424720999587,FAT_006,FAT_DON_11,3,Allogenic,0.9895833881875769,4.117593840790878,4.160936703204221,27.62,84,7704.237664584105,8391.710696780836,0.1233127331117901,163731.94423596223,3.88672967167948,0.06553558956128396,8062.2794979418395,7704.237664584105
658659,5.670168827791197,FAT_006,FAT_DON_11,3,Allogenic,0.9895833881875769,4.117593840790878,4.160936703204221,27.88,84,9162.539793951812,8703.443758531448,-0.0741612028798554,4726.512319888596,3.9620158738435807,0.03057195916347476,9358.77380000036,9162.539793951812
665943,3.0287252633270967,FAT_006,FAT_DON_11,3,Allogenic,0.9895833881875769,4.117593840790878,4.160936703204221,23.67,84,1975.1081341969495,1637.4943588509143,-0.2704417042426338,653.0437110655629,3.295590877582461,-0.5665001513643128,1333.6975073106755,1975.1081341969495
665951,5.924881717560315,FAT_006,FAT_DON_11,3,Allogenic,0.9895833881875769,4.117593840790878,4.160936703204221,29.93,84,8984.289574693576,9180.001197759391,0.0310899135525669,13789.277600283947,3.953483741323836,0.6081423501489678,13694.709694471214,8984.289574693576
665953,4.290217714205634,FAT_006,FAT_DON_11,3,Allogenic,0.9895833881875769,4.117593840790878,4.160936703204221,29.11,84,5642.995196248948,5715.106132094549,0.0183191687351893,6578.819195894335,3.75150968056537,0.1514739240341324,6267.695298548538,5642.995196248948
679189,2.2666759111209545,FAT_006,FAT_DON_11,3,Allogenic,0.9895833881875769,4.117593840790878,4.160936703204221,18.98,84,1933.2372773242105,1852.4826772996123,-0.0615586668243056,351.45198285475266,3.286285160758235,-0.5266582463658189,1341.9774899782858,1933.2372773242105
679192,2.3038930965390225,FAT_006,FAT_DON_11,3,Allogenic,0.9895833881875769,4.117593840790878,4.160936703204221,10.59,84,630.4554734838234,612.7167075787886,-0.0411742911387621,42.98231301478777,2.799654419532214,-1.7035477333632698,193.56884235077607,630.4554734838234
679935,6.035051766689553,FAT_006,FAT_DON_11,3,Allogenic,0.9895833881875769,4.117593840790878,4.160936703204221,23.83,84,7804.72772107868,8527.869965131678,0.1278371370959762,8213.165928083985,3.8923577566879057,-0.8891584048641906,4213.99878376557,7804.72772107868
702443,7.343298088756139,FAT_006,FAT_DON_11,3,Allogenic,0.9895833881875769,4.117593840790878,4.160936703204221,29.68,84,43161.67557461645,42951.082887409,-0.0070563674093582,14802.206120951718,4.63509829603601,0.1511666406154909,47929.62037664934,43161.67557461645
702444,3.4585177607293933,FAT_006,FAT_DON_11,3,Allogenic,0.9895833881875769,4.117593840790878,4.160936703204221,28.87,84,3506.385185542859,3224.8247767304665,-0.1207637158599498,5215.4361954143615,3.544859622758103,0.17237398659598466,3951.3851484969364,3506.385185542859
702447,4.161509678511053,FAT_006,FAT_DON_11,3,Allogenic,0.9895833881875769,4.117593840790878,4.160936703204221,28.94,84,3982.516643695728,3500.726452072962,-0.1860260575593235,5754.917550942061,3.600157599476335,1.1314961224158946,8725.129314007885,3982.516643695728
702459,2.427474453272349,FAT_006,FAT_DON_11,3,Allogenic,0.9895833881875769,4.117593840790878,4.160936703204221,25.15,84,1518.117639185905,1042.6933444761842,-0.5419686653202674,33.84069530093283,3.1813054264143728,-0.306445590630995,1227.5978286676238,1518.117639185905
706433,2.2816090237358018,FAT_006,FAT_DON_11,3,Allogenic,0.9895833881875769,4.117593840790878,4.160936703204221,14.87,84,976.189120233017,627.0492621420351,-0.6385818845266122,190.9752341829136,2.9895339630735287,-1.8576857942929177,269.3486582539804,976.189120233017
709991,8.720689065665953,FAT_006,FAT_DON_11,3,Allogenic,0.9895833881875769,4.117593840790878,4.160936703204221,26.74,84,9765.48013291926,42298.95165478128,2.114859024757725,68757.57712664026,3.989693600819088,-0.06179636247366145,9356.017858171828,9765.48013291926
717959,8.515887077407639,FAT_006,FAT_DON_11,3,Allogenic,0.9895833881875769,4.117593840790878,4.160936703204221,24.46,84,39588.29701807721,31599.699673317755,-0.3251631608968016,62213.63343670755,4.597566819975005,-1.3199949637591366,15856.55147597006,39588.29701807721
717960,8.833018050086794,FAT_006,FAT_DON_11,3,Allogenic,0.9895833881875769,4.117593840790878,4.160936703204221,17.34,84,25603.430822582148,17618.29269687078,-0.5392630157547988,11881.759263380123,4.408298164041666,-0.39054542514301915,19531.350620534155,25603.430822582148
717962,12.996903855797507,FAT_006,FAT_DON_11,3,Allogenic,0.9895833881875769,4.117593840790878,4.160936703204221,28.91,84,87202.63914356043,59447.85318970574,-0.5527470865008711,32462.21922396329,4.940529628833267,-0.8006995333017088,50060.48487736972,87202.63914356043
718252,11.852481714115676,FAT_006,FAT_DON_11,3,Allogenic,0.9895833881875769,4.117593840790878,4.160936703204221,28.53,84,316615.456569694,598387.7361541829,0.9183489209145534,297970.2936836156,5.500532112481719,-0.50034160015624,223827.9322985934,316615.456569694
742725,2.8998094096019407,FAT_006,FAT_DON_11,3,Allogenic,0.9895833881875769,4.117593840790878,4.160936703204221,28.01,84,2335.1975033025114,1028.3607899129377,-1.183198065274644,971.313345696536,3.368323617650341,-0.31744932342158877,1873.9666132684754,2335.1975033025114
742726,5.5357979657930585,FAT_006,FAT_DON_11,3,Allogenic,0.9895833881875769,4.117593840790878,4.160936703204221,24.86,84,4407.2067634049445,4052.529802757952,-0.1210417864889607,33060.71176009365,3.644163425844479,0.16649929318581638,4946.348449759495,4407.2067634049445
742727,1.7374104674465454,FAT_006,FAT_DON_11,3,Allogenic,0.9895833881875769,4.117593840790878,4.160936703204221,30.68,84,2298.111887215228,1705.5739930263355,-0.4301916947450291,10358.965449264986,3.361371169181361,2.2614306339208023,11018.681330977028,2298.111887215228
742729,2.40580304192279,FAT_006,FAT_DON_11,3,Allogenic,0.9895833881875769,4.117593840790878,4.160936703204221,24.15,84,110.0605380654872,75.24591145704422,-0.5486121876656981,5219.165123425135,2.041631631665223,-0.11558113829694687,101.58702500251334,110.0605380654872
742733,4.4539774043510345,FAT_006,FAT_DON_11,3,Allogenic,0.9895833881875769,4.117593840790878,4.160936703204221,31.17,84,5885.846166110838,6865.293635795082,0.2220715911221327,7752.927169512234,3.769808907087028,-0.10238060797667924,5482.634228811661,5885.846166110838
742740,6.657695090518522,FAT_006,FAT_DON_11,3,Allogenic,0.9895833881875769,4.117593840790878,4.160936703204221,28.76,84,13463.27494988036,17338.807882887475,0.3649753214317962,15595.156868738506,4.129150715137642,-0.5241573155597328,9361.892301028316,13463.27494988036
742741,5.626831262593868,FAT_006,FAT_DON_11,3,Allogenic,0.9895833881875769,4.117593840790878,4.160936703204221,28.31,84,6237.561363841851,9122.670979506407,0.5484741819783561,6137.974246760215,3.795014831151978,-0.03702865844943649,6079.503240138737,6237.561363841851
742742,3.8452392335681314,FAT_006,FAT_DON_11,3,Allogenic,0.9895833881875769,4.117593840790878,4.160936703204221,29.51,84,3463.3180184737557,2576.2766827435617,-0.4268673268247464,243.23322005496064,3.539492372383122,0.17339025015916612,3905.602487130702,3463.3180184737557
742743,2.5435366449424026,FAT_006,FAT_DON_11,3,Allogenic,0.9895833881875769,4.117593840790878,4.160936703204221,25.2,84,1199.8991269530834,1698.4077157447125,0.5012697038986329,154.92004296299675,3.0791447373400858,-0.22772107976853795,1024.6932177063682,1199.8991269530834
742817,0.0,FAT_006,FAT_DON_11,3,Allogenic,0.9895833881875769,4.117593840790878,4.160936703204221,27.32,84,218.92476593461043,168.4075161181466,-0.3784786409938503,738.0840285970793,2.340294894050097,1.1029515629396933,470.23656713124257,218.92476593461043
742818,1.943738888769204,FAT_006,FAT_DON_11,3,Allogenic,0.9895833881875769,4.117593840790878,4.160936703204221,22.83,84,1774.1280212077993,1565.831586034682,-0.1801810673414775,124.87524056932592,3.2489849553480497,-0.7803554097741571,1032.9387493651484,1774.1280212077993
742820,3.384429343537932,FAT_006,FAT_DON_11,3,Allogenic,0.9895833881875769,4.117593840790878,4.160936703204221,20.18,84,34.692995694555755,64.49649553460932,0.8945763519272946,287.25189652167404,1.540241802218624,-0.39700842931607494,26.34695055838819,34.692995694555755
742821,3.391721987267316,FAT_006,FAT_DON_11,3,Allogenic,0.9895833881875769,4.117593840790878,4.160936703204221,24.75,84,3579.3601075210627,18087.683858817105,2.3372340807074665,23.36273972240359,3.5538053935120915,0.5538435367019356,5254.469929283625,3579.3601075210627
748224,11.929913860639909,FAT_006,FAT_DON_11,3,Allogenic,0.9895833881875769,4.117593840790878,4.160936703204221,29.49,84,237613.5238222087,409090.52176010446,0.7838031619774257,222926.0212631227,5.37587115497168,-0.3122059436480496,191376.1445676905,237613.5238222087
752555,2.484273676842724,FAT_006,FAT_DON_11,3,Allogenic,0.9895833881875769,4.117593840790878,4.160936703204221,29.44,84,2704.857353978985,2744.684198861708,0.0210876507859823,33.15419124397406,3.432144366665028,0.19989703272029913,3106.843445090541,2704.857353978985
759350,4.944016946811956,FAT_006,FAT_DON_11,3,Allogenic,0.9895833881875769,4.117593840790878,4.160936703204221,26.44,84,14139.190210826016,7739.579464153119,-0.8693724118201184,933.4671139285985,4.150424536968617,-0.08171897682497951,13360.560369504086,14139.190210826016
762966,2.2963672393167003,FAT_006,FAT_DON_11,3,Allogenic,0.9895833881875769,4.117593840790878,4.160936703204221,25.41,84,486.89824992014456,928.032907970212,0.9305556490328613,20328.08411830151,2.687438213544888,-0.49303144329998744,345.95607426259187,486.89824992014456
762968,12.696470389019042,FAT_006,FAT_DON_11,3,Allogenic,0.9895833881875769,4.117593840790878,4.160936703204221,29.47,84,60110.99843670148,43674.87689285295,-0.4608253466578215,848456.7933166024,4.778953941609422,-0.6262404459318973,38943.6616099446,60110.99843670148
762982,7.607531800186425,FAT_006,FAT_DON_11,3,Allogenic,0.9895833881875769,4.117593840790878,4.160936703204221,29.47,84,14721.793276455275,11057.565845544688,-0.4129195850177184,70584.32660071221,4.167960715071677,-0.19474228266804477,12862.857150270387,14721.793276455275
762983,2.6002368372283677,FAT_006,FAT_DON_11,3,Allogenic,0.9895833881875769,4.117593840790878,4.160936703204221,28.25,84,1236.9847430403672,18854.47552795079,3.930007408463509,6.7738884822117695,3.092364343077592,-0.8859619126754241,669.3653580039128,1236.9847430403672
762984,1.426075986878276,FAT_006,FAT_DON_11,3,Allogenic,0.9895833881875769,4.117593840790878,4.160936703204221,30.29,84,698.6451546765711,634.2155394236584,-0.1395866631844655,2471.2735732922806,2.8442566514320675,0.574794295228624,1040.607557405857,698.6451546765711
763034,4.076510872521959,FAT_006,FAT_DON_11,3,Allogenic,0.9895833881875769,4.117593840790878,4.160936703204221,29.98,84,1877.0106980951025,1583.7472792387402,-0.2450947319641112,6210.142047255623,3.2734667479066046,-0.28431005035845686,1541.2776993659074,1877.0106980951025
767031,2.857543067345865,FAT_006,FAT_DON_11,3,Allogenic,0.9895833881875769,4.117593840790878,4.160936703204221,19.45,84,2747.9245210480885,2615.6912077924894,-0.0711501419979898,215.3677827057094,3.4390047995146937,-0.08478446834538031,2591.087811375821,2747.9245210480885
862962,3.8191930801461567,FAT_006,FAT_DON_11,3,Allogenic,0.9895833881875769,4.117593840790878,4.160936703204221,30.19,84,3937.056856233896,1100.0235627291702,-1.8395831201416155,5509.412705810583,3.5951716866140413,0.6958090524464989,6377.215348216516,3937.056856233896
862965,3.615872771163769,FAT_006,FAT_DON_11,3,Allogenic,0.9895833881875769,4.117593840790878,4.160936703204221,25.23,84,98.0974361018473,716.6277281623259,2.868936530769196,8568.217891100647,1.9916576567033843,0.756138789496928,165.68306239730381,98.0974361018473
866771,2.265666827214378,FAT_006,FAT_DON_11,3,Allogenic,0.9895833881875769,4.117593840790878,4.160936703204221,18.53,84,2336.3938134988757,2071.054134389122,-0.1739182057735581,564.3970826593801,3.368546047607522,0.7429975005819267,3910.30453828795,2336.3938134988757
866776,3.4403018361491,FAT_006,FAT_DON_11,3,Allogenic,0.9895833881875769,4.117593840790878,4.160936703204221,27.84,84,21.533583534551845,46.58080233055118,1.1131470623113346,11801.624419264355,1.333116309422974,-0.09591074068078154,20.148573297995785,21.533583534551845
868129,7.227105923260176,FAT_006,FAT_DON_11,3,Allogenic,0.9895833881875769,4.117593840790878,4.160936703204221,19.76,84,15244.580832266343,15332.25024403296,0.0082729679780567,1571.4940933500554,4.183115487426462,-0.9507579973662722,7886.94498799971,15244.580832266343
873513,2.954628270039722,FAT_006,FAT_DON_11,3,Allogenic,0.9895833881875769,4.117593840790878,4.160936703204221,28.44,84,4494.537407739516,4224.520457516911,-0.0893850520494539,97.08528854235188,3.652684999383053,0.7534948601627162,7577.2140149267625,4494.537407739516
883156,3.578323702758977,FAT_006,FAT_DON_11,3,Allogenic,0.9895833881875769,4.117593840790878,4.160936703204221,27.18,84,1283.640840698563,1433.2554563246515,0.1590541746307572,815.7099680527994,3.108443526285619,-1.1112072859846274,594.2056839736663,1283.640840698563
888048,2.538958226489146,FAT_006,FAT_DON_11,3,Allogenic,0.9895833881875769,4.117593840790878,4.160936703204221,23.96,84,90.91957492366336,541.0539347625561,2.573109571494048,4971.897310870196,1.958657396600459,0.2697263624511679,109.61074317178264,90.91957492366336
888832,1.9497243287755852,FAT_006,FAT_DON_11,3,Allogenic,0.9895833881875769,4.117593840790878,4.160936703204221,23.53,84,1475.0504721168015,1146.6043650597214,-0.3633966439029222,89.5629702323641,3.1688068809153997,-0.37402105488261017,1138.191464376317,1475.0504721168015
888833,2.5108373726024764,FAT_006,FAT_DON_11,3,Allogenic,0.9895833881875769,4.117593840790878,4.160936703204221,23.16,84,40.674546676375705,214.98831844869773,2.4020600999707336,1338.7800846493085,1.6093227213619228,0.2834235085401152,49.50416036762156,40.674546676375705
889204,1.546399933954019,FAT_006,FAT_DON_11,3,Allogenic,0.9895833881875769,4.117593840790878,4.160936703204221,21.06,84,20.337273338187853,39.41452504892792,0.9546011229995126,969.506076353878,1.3082927256979415,0.8926845250640721,37.758744420257266,20.337273338187853
890402,6.24550958711584,FAT_006,FAT_DON_11,3,Allogenic,0.9895833881875769,4.117593840790878,4.160936703204221,25.09,84,30868.391996780072,16041.711694913663,-0.9443022421667374,2042.1151634260127,4.489514006705477,-0.3732662307076876,23831.406514842518,30868.391996780072
904306,3.2400263098451663,FAT_006,FAT_DON_11,3,Allogenic,0.9895833881875769,4.117593840790878,4.160936703204221,25.52,84,64.60075060365554,741.7096986480072,3.521231800948411,5642.349505660542,1.8102375641426365,0.6415753233428731,100.77921726616343,64.60075060365554
927666,3.5106953502714453,FAT_006,FAT_DON_11,3,Allogenic,0.9895833881875769,4.117593840790878,4.160936703204221,23.14,84,20.337273338187853,139.74240699165355,2.780571723224464,540.9289764801246,1.3082927256979415,0.12968102545073804,22.250030171369353,20.337273338187853
997884,0.0,FAT_006,FAT_DON_11,3,Allogenic,0.9895833881875769,4.117593840790878,4.160936703204221,29.11,84,1217.8437798985433,584.0515984522956,-1.0601613462320632,2430.40049081263,3.085591582320408,-0.4431874679056549,895.7335904541623,1217.8437798985433
999410,5.826316196739555,FAT_006,FAT_DON_11,3,Allogenic,0.9895833881875769,4.117593840790878,4.160936703204221,31.57,84,11559.945427465247,11498.291898364518,-0.0077150262096089,8886.565091102228,4.062955783859022,0.33939797043281794,14625.972530497875,11559.945427465247
999412,3.677879083694693,FAT_006,FAT_DON_11,3,Allogenic,0.9895833881875769,4.117593840790878,4.160936703204221,30.37,84,3760.002947172025,4711.827312667292,0.3255528729934682,3733.454194396773,3.575188185337248,0.6128374756347221,5750.037115175313,3760.002947172025
999413,5.128527437697765,FAT_006,FAT_DON_11,3,Allogenic,0.9895833881875769,4.117593840790878,4.160936703204221,27.68,84,5945.661675929038,6420.984444334439,0.1109571312205099,4059.304361351766,3.774200193053,0.031906526050017786,6078.620276933072,5945.661675929038
1002367,7.75951776062075,FAT_006,FAT_DON_11,3,Allogenic,0.9895833881875769,4.117593840790878,4.160936703204221,19.59,84,293191.702924887,212437.12373643988,-0.46480837550809,2621.049418690854,5.467151675979584,-0.555210453990428,199533.89276861848,293191.702924887
1035839,3.2427643840439,FAT_006,FAT_DON_11,3,Allogenic,0.9895833881875769,4.117593840790878,4.160936703204221,26.73,84,9.570481570911932,146.9086842732768,3.940184350230638,405.3579451729556,0.9809337913116114,0.794745257422718,16.602594187934187,9.570481570911932
1042156,7.617465801504398,FAT_006,FAT_DON_11,3,Allogenic,0.9895833881875769,4.117593840790878,4.160936703204221,29.17,84,17469.717797503366,12347.495756236876,-0.5006378305513001,3283.7655858574917,4.242285889529184,-0.20126897538711735,15194.901556080686,17469.717797503366
1042403,2.406749884590233,FAT_006,FAT_DON_11,3,Allogenic,0.9895833881875769,4.117593840790878,4.160936703204221,24.15,84,100.49005649457528,75.24591145704422,-0.4173676543874455,5233.014227717352,2.002123090381549,-0.13606257812737757,91.4458862148417,100.49005649457528
1064535,11.314512554353213,FAT_006,FAT_DON_11,3,Allogenic,0.9895833881875769,4.117593840790878,4.160936703204221,28.96,84,211106.87880137176,341670.1850945929,0.694630771585736,127.81499127212054,5.324502384784708,0.10918092429065561,227703.1916039364,211106.87880137176
1077285,4.988684827685527,FAT_006,FAT_DON_11,3,Allogenic,0.9895833881875769,4.117593840790878,4.160936703204221,29.25,84,12941.68370426566,14282.390622275154,0.1422121582981146,7314.487538091893,4.111990781425713,-0.09172096969578517,12144.5106011034,12941.68370426566
1121100,4.966624098458358,FAT_006,FAT_DON_11,3,Allogenic,0.9895833881875769,4.117593840790878,4.160936703204221,30.12,84,7029.518713834814,8696.277481249825,0.3069720582074084,6820.666624733963,3.846925591437887,1.293592907390432,17232.006855856493,7029.518713834814
1121101,5.164985092277084,FAT_006,FAT_DON_11,3,Allogenic,0.9895833881875769,4.117593840790878,4.160936703204221,28.91,84,2336.3938134988757,1902.646618270975,-0.2962758374700835,119016.79901234228,3.368546047607522,0.3530959517502463,2984.2727989595705,2336.3938134988757
1121111,3.3588381057183745,FAT_006,FAT_DON_11,3,Allogenic,0.9895833881875769,4.117593840790878,4.160936703204221,25.13,84,3478.870051026487,3353.817767799685,-0.0528144887236352,12.018765904040556,3.541438206506668,-0.19394240521288747,3041.2752321386984,3478.870051026487
1121114,4.540099427608609,FAT_006,FAT_DON_11,3,Allogenic,0.9895833881875769,4.117593840790878,4.160936703204221,30.63,84,5471.922838168896,4797.822640046771,-0.1896680594748075,4910.213764952458,3.738139964590397,0.09050535017013532,5826.191962683529,5471.922838168896
1121115,11.001095941141024,FAT_006,FAT_DON_11,3,Allogenic,0.9895833881875769,4.117593840790878,4.160936703204221,29.66,84,168233.51398407904,100750.6923023414,-0.7396753829158814,127202.36010563617,5.225912516363815,0.37317065288246376,217895.40725043236,168233.51398407904
1121130,5.825915147057683,FAT_006,FAT_DON_11,3,Allogenic,0.9895833881875769,4.117593840790878,4.160936703204221,22.85,84,9594.407774839212,6417.401305693628,-0.5802045537437669,9047.186374688084,3.9820181726038313,-0.7025413162523171,5895.656378236899,9594.407774839212
1121315,3.3390022735992075,FAT_006,FAT_DON_11,3,Allogenic,0.9895833881875769,4.117593840790878,4.160936703204221,27.76,84,440.2421522619488,265.15225942006055,-0.7314762448155087,745.0741279059262,2.643691622993185,-0.9572209362177717,226.745882137168,440.2421522619488
1121333,4.635255164557887,FAT_006,FAT_DON_11,3,Allogenic,0.9895833881875769,4.117593840790878,4.160936703204221,27.95,84,1516.9213289895413,1060.6090376802422,-0.516253318897903,4339.8274648205,3.1809630578653816,-1.3931843952922514,577.5276284992077,1516.9213289895413
1121334,2.5753017158570137,FAT_006,FAT_DON_11,3,Allogenic,0.9895833881875769,4.117593840790878,4.160936703204221,27.58,84,1971.519203607858,2243.04478914808,0.1861506653619542,564.4471235507648,3.294801011680765,-1.8833159754279285,534.3999536055431,1971.519203607858
1121344,3.5006587618998037,FAT_006,FAT_DON_11,3,Allogenic,0.9895833881875769,4.117593840790878,4.160936703204221,25.19,84,2954.8861850190588,2594.1923759476194,-0.1878170937762801,613.1462892648591,3.4705407575793337,-0.39258983838728684,2250.9167877610207,2954.8861850190588
1122975,2.1104211900233945,FAT_006,FAT_DON_11,3,Allogenic,0.9895833881875769,4.117593840790878,4.160936703204221,18.97,84,1234.5921226476391,1042.6933444761842,-0.2437195669024155,776.042060811818,3.0915235016108604,-0.9599695821435965,634.6639969346212,1234.5921226476391
1122978,3.402701338295824,FAT_006,FAT_DON_11,3,Allogenic,0.9895833881875769,4.117593840790878,4.160936703204221,28.87,84,7729.360178707749,6711.218674240181,-0.2037742298477785,22.542379282242013,3.8881435453598368,0.3485790404225413,9841.83981893314,7729.360178707749
1122981,2.019071347438071,FAT_006,FAT_DON_11,3,Allogenic,0.9895833881875769,4.117593840790878,4.160936703204221,19.75,84,3251.571113717329,2468.7825235192126,-0.3973372224505455,923.0496992035067,3.512093256716143,-0.1375447660957612,2955.8892384830583,3251.571113717329
1122982,2.03241244502922,FAT_006,FAT_DON_11,3,Allogenic,0.9895833881875769,4.117593840790878,4.160936703204221,19.45,84,1436.7685458331537,1433.2554563246515,-0.0035319003183547,39.75608993718242,3.157386811722574,-0.8872961698949741,776.7549857652275,1436.7685458331537
1122992,2.3783856610680534,FAT_006,FAT_DON_11,3,Allogenic,0.9895833881875769,4.117593840790878,4.160936703204221,18.17,84,2456.0248331352745,2185.714570895094,-0.1682201340457989,328.8611260006366,3.39023275369026,0.44056468689372463,3333.158296908935,2456.0248331352745
1122993,2.011024314162119,FAT_006,FAT_DON_11,3,Allogenic,0.9895833881875769,4.117593840790878,4.160936703204221,18.4,84,1270.481428538559,1117.9392559332284,-0.1845334863293506,19.033046043637786,3.103968321065118,-1.0176074721387778,627.5349928697425,1270.481428538559
1123075,3.446523318436979,FAT_006,FAT_DON_11,3,Allogenic,0.9895833881875769,4.117593840790878,4.160936703204221,29.66,84,2481.147347258918,2081.8035503115566,-0.2531734797961423,1633.5156791520974,3.39465255637269,0.46276795453824576,3419.4762502920053,2481.147347258918
1123263,4.060525802684482,FAT_006,FAT_DON_11,3,Allogenic,0.9895833881875769,4.117593840790878,4.160936703204221,14.87,84,2356.7310868370632,2024.4733320585703,-0.219240511428634,1305.1184748040766,3.3723100304812608,1.058188817300146,4907.458159822172,2356.7310868370632
1123313,3.3023312874111963,FAT_006,FAT_DON_11,3,Allogenic,0.9895833881875769,4.117593840790878,4.160936703204221,26.01,84,1174.7766128294395,1709.157131667147,0.5408985873033727,1455.5590859509618,3.0699552921066173,-0.47122848873638107,847.4252149343894,1174.7766128294395
1125712,3.819285164727445,FAT_006,FAT_DON_11,3,Allogenic,0.9895833881875769,4.117593840790878,4.160936703204221,27.64,84,4693.124900335939,2361.288364294864,-0.9909746194564896,116.12844283641,3.671462112449204,0.15138766006105095,5212.3592292362855,4693.124900335939
1150460,5.9960207775283765,FAT_006,FAT_DON_11,3,Allogenic,0.9895833881875769,4.117593840790878,4.160936703204221,25.62,84,13865.23517585866,13992.156392369412,0.013146232748062,95.23776639352415,4.141927240283263,-1.0857125433523995,6532.737356324848,13865.23517585866
1156431,2.053477197209362,FAT_006,FAT_DON_11,3,Allogenic,0.9895833881875769,4.117593840790878,4.160936703204221,21.31,84,23.926203927279825,60.9133568937977,1.3481670919755318,595.5078060885379,1.378873799983649,0.9011556340417057,44.68365362149848,23.926203927279825
1156433,1.937346403849484,FAT_006,FAT_DON_11,3,Allogenic,0.9895833881875769,4.117593840790878,4.160936703204221,24.16,84,32.30037530182777,100.3278819427256,1.63509976550669,550.4504590589819,1.509207568478655,0.44418447995107535,43.94610818921906,32.30037530182777
1160721,11.099235234005064,FAT_006,FAT_DON_11,3,Allogenic,0.9895833881875769,4.117593840790878,4.160936703204221,26.89,84,27090.444396662584,18026.770501923307,-0.5876430990394169,936736.78252279,4.432816129338644,-0.43410826089479343,20051.022366883233,27090.444396662584
1197728,2.0891045053419552,FAT_006,FAT_DON_11,3,Allogenic,0.9895833881875769,4.117593840790878,4.160936703204221,19.82,84,2508.66248177529,2941.756824106348,0.2297596112937669,42.25244773581443,3.3994422347850115,1.157449605835866,5595.891491535964,2508.66248177529
1203465,2.172590081803182,FAT_006,FAT_DON_11,3,Allogenic,0.9895833881875769,4.117593840790878,4.160936703204221,30.79,84,1178.3655434185316,766.7916691336886,-0.6198805823300372,49986.84830535876,3.0712800348172795,-0.10977183400313355,1092.0321391593234,1178.3655434185316
1203540,2.7850798812370017,FAT_006,FAT_DON_11,3,Allogenic,0.9895833881875769,4.117593840790878,4.160936703204221,25.0,84,3222.859669004593,1605.2461110836098,-1.0055468677921444,307.3072417481573,3.5082413957066345,0.49069647335749167,4528.514398760758,3222.859669004593
1203606,5.811373545475916,FAT_006,FAT_DON_11,3,Allogenic,0.9895833881875769,4.117593840790878,4.160936703204221,29.5,84,10534.70758918131,10226.27768087639,-0.0428691638485752,5800.1769542158,4.022622485443175,0.0036794400037350305,10561.609529252613,10534.70758918131
1203610,1.172462765414098,FAT_006,FAT_DON_11,3,Allogenic,0.9895833881875769,4.117593840790878,4.160936703204221,30.83,84,943.8887449311892,809.7893328234281,-0.2210701819857164,3438.698497449092,2.974920807529088,0.44229609201753595,1282.5231061949733,943.8887449311892
1203611,4.99667861994427,FAT_006,FAT_DON_11,3,Allogenic,0.9895833881875769,4.117593840790878,4.160936703204221,24.03,84,5782.963489223535,6782.881447056414,0.2300892835506769,5860.459821674169,3.7621504503913,-0.2082642092903215,5005.606159427399,5782.963489223535
1233170,3.78634882189148,FAT_006,FAT_DON_11,3,Allogenic,0.9895833881875769,4.117593840790878,4.160936703204221,21.7,84,504.84290286560434,322.4824776730466,-0.646613746764956,698.951571148532,2.7031562552813417,-1.1519932099837262,227.180862630616,504.84290286560434
1235789,1.5520103330299957,FAT_006,FAT_DON_11,3,Allogenic,0.9895833881875769,4.117593840790878,4.160936703204221,30.99,84,991.7411527857488,720.2108668031375,-0.4615442547042672,9152.908886458485,2.996398334869941,0.6477897857427208,1553.8263831427587,991.7411527857488
1235811,2.234132434112531,FAT_006,FAT_DON_11,3,Allogenic,0.9895833881875769,4.117593840790878,4.160936703204221,17.8,84,2081.579741673345,2063.8878571074983,-0.0123142436812235,867.8948767604192,3.318393052602268,0.39467854395577295,2736.548395439911,2081.579741673345
1256908,7.154716792725657,FAT_006,FAT_DON_11,3,Allogenic,0.9895833881875769,4.117593840790878,4.160936703204221,29.47,84,59510.45071812676,53274.1053115873,-0.1597085849683095,60158.824628038994,4.77459323952129,-0.5045010695056961,41949.16153775355,59510.45071812676
1280705,2.0850772042574053,FAT_006,FAT_DON_11,3,Allogenic,0.9895833881875769,4.117593840790878,4.160936703204221,29.52,84,1643.7302098041243,1429.67231768384,-0.2012890069832,10.117811438229417,3.215830537043199,1.2424860980358674,3889.1627882878975,1643.7302098041243
1282887,1.9430691224051435,FAT_006,FAT_DON_11,3,Allogenic,0.9895833881875769,4.117593840790878,4.160936703204221,29.51,84,436.6532216728568,440.7260528198304,0.0133941971844147,3810.69335639527,2.6401366687761425,-0.36103236390671367,339.9813529556347,436.6532216728568
1292036,4.58427477153574,FAT_006,FAT_DON_11,3,Allogenic,0.9895833881875769,4.117593840790878,4.160936703204221,18.75,84,812.2946233311502,444.309191460642,-0.8704391082453022,765.1547700525003,2.909713578600169,-0.2315601884613386,691.8421476091963,812.2946233311502
1322347,6.233326750572119,FAT_006,FAT_DON_11,3,Allogenic,0.9895833881875769,4.117593840790878,4.160936703204221,25.09,84,31843.384806816724,17421.220071626143,-0.8701480312722072,2137.634983626727,4.503019225045303,-0.37036921851071214,24633.548708677263,31843.384806816724
1384484,2.7559823041292724,FAT_006,FAT_DON_11,3,Allogenic,0.9895833881875769,4.117593840790878,4.160936703204221,25.0,84,2402.190874298895,3687.0496613951664,0.6181160585557509,3784.148030704349,3.3806075127926496,-0.4058262341117376,1813.183019790653,2402.190874298895
1401079,2.1434979858907317,FAT_006,FAT_DON_11,3,Allogenic,0.9895833881875769,4.117593840790878,4.160936703204221,14.02,84,791.9573499929623,501.6394097136281,-0.6587720442496966,105.3078302721278,2.8987017937593675,-1.1833127705113617,348.72987617437155,791.9573499929623
1408437,7.644424677846533,FAT_006,FAT_DON_11,3,Allogenic,0.9895833881875769,4.117593840790878,4.160936703204221,26.48,84,11463.044301559768,10143.865492137722,-0.1763827186140874,5846.360628063958,4.059299970841795,-0.5927505412109646,7600.887033786883,11463.044301559768
1408472,2.4624367388302413,FAT_006,FAT_DON_11,3,Allogenic,0.9895833881875769,4.117593840790878,4.160936703204221,29.39,84,2645.041844160785,2450.8668303151544,-0.1099984493177732,62.617474404464325,3.422432546898382,0.20412062621610338,3047.0457718779953,2645.041844160785
1410645,3.1623564864058498,FAT_006,FAT_DON_11,3,Allogenic,0.9895833881875769,4.117593840790878,4.160936703204221,25.07,84,2106.702255796989,2655.105732841417,0.3337828840871799,189.21066053611344,3.323603160286945,-0.5862243591307958,1403.2402844571864,2106.702255796989
1410647,9.57159390206142,FAT_006,FAT_DON_11,3,Allogenic,0.9895833881875769,4.117593840790878,4.160936703204221,25.61,84,69019.92046902413,68656.51949659163,-0.0076160888309428,45.09861849161691,4.838974454522494,-1.144615978835918,31218.40506523586,69019.92046902413
1410657,3.748258289654567,FAT_006,FAT_DON_11,3,Allogenic,0.9895833881875769,4.117593840790878,4.160936703204221,28.33,84,3139.1179552591134,2217.9628186623986,-0.5011240597912643,155.491935059408,3.4968076350232904,-0.05635294937949738,3018.8651013746457,3139.1179552591134
1410665,2.4385416708448924,FAT_006,FAT_DON_11,3,Allogenic,0.9895833881875769,4.117593840790878,4.160936703204221,29.3,84,942.6924347348252,1150.187503700533,0.2870100132784814,227.44371335638004,2.9743700218092237,-0.22656438544097185,805.6888358948426,942.6924347348252
1410676,3.1483823303480274,FAT_006,FAT_DON_11,3,Allogenic,0.9895833881875769,4.117593840790878,4.160936703204221,28.61,84,2648.630774749877,74704.85752228166,4.817883406384252,16.961548830375644,3.423021420862372,-0.012227568864253446,2626.2771546052923,2648.630774749877
1437612,9.86589169705664,FAT_006,FAT_DON_11,3,Allogenic,0.9895833881875769,4.117593840790878,4.160936703204221,25.15,84,691085.6705457469,685748.2393558113,-0.0111855526321643,117.22960074490788,5.839531888096405,-2.172002999101248,153353.55025568444,691085.6705457469
1899017,0.0,FAT_006,FAT_DON_11,3,Allogenic,0.9895833881875769,4.117593840790878,4.160936703204221,21.4,84,143.55722356367897,1784.4030431241913,3.6357436820721167,867.7985072762507,2.1570250503672925,1.055386602963887,298.3513964207538,143.55722356367897
561,4.117191577228744,FAT_015,FAT_DON_11,3,Allogenic,0.915997639457472,4.117593840790878,4.49520136670838,31.07,84,25041.701331373653,40291.612423019054,0.6861469594064927,261.88419832774497,4.398663831476379,-3.3578942553191364,2442.5133063848366,25041.701331373653
818,6.775084083508358,FAT_015,FAT_DON_11,3,Allogenic,0.915997639457472,4.117593840790878,4.49520136670838,29.11,84,52865.24899796097,28397.36255230178,-0.8965627340004266,31828.58137034028,4.723170282096388,-0.6031006726107523,34803.17692046156,52865.24899796097
904,0.8665377150540117,FAT_015,FAT_DON_11,3,Allogenic,0.915997639457472,4.117593840790878,4.49520136670838,23.81,84,907.9132947825236,825.600873379199,-0.1371100305689478,531.3385560830724,2.958044375618564,0.09871508634885748,972.2111053915164,907.9132947825236
1547,0.9199062738837384,FAT_015,FAT_DON_11,3,Allogenic,0.915997639457472,4.117593840790878,4.49520136670838,28.34,84,1622.6226404353265,797.6144030951583,-1.024564156699913,614.8686787921533,3.210217531390098,-0.5395632387112341,1116.3305550894506,1622.6226404353265
205913,5.876184418857549,FAT_015,FAT_DON_11,3,Allogenic,0.915997639457472,4.117593840790878,4.49520136670838,24.89,84,15768.638103782872,48738.43799965678,1.628001951702876,2484.957418232842,4.197794186064928,-0.48262027887385683,11285.245354998939,15768.638103782872
206672,5.392304217230573,FAT_015,FAT_DON_11,3,Allogenic,0.915997639457472,4.117593840790878,4.49520136670838,25.09,84,11883.495532749495,38341.46428913568,1.6899461680389944,2067.5904068101377,4.074944207252009,-0.06684584893395301,11345.446746150603,11883.495532749495
207244,1.2884640838818044,FAT_015,FAT_DON_11,3,Allogenic,0.915997639457472,4.117593840790878,4.49520136670838,29.93,84,644.9816046135048,544.4640582531542,-0.2444211989675961,991.1781272767964,2.8095473283891086,-0.5790054732658545,431.7668679644955,644.9816046135048
213810,4.7534246482813565,FAT_015,FAT_DON_11,3,Allogenic,0.915997639457472,4.117593840790878,4.49520136670838,22.4,84,3399.2273756657687,4126.732254610356,0.2797929707278688,17090.864816563542,3.5313802156846315,0.28690755380433575,4147.133303658695,3399.2273756657687
226186,7.285499288211493,FAT_015,FAT_DON_11,3,Allogenic,0.915997639457472,4.117593840790878,4.49520136670838,29.11,84,45658.596429295205,10245.592348530152,-2.15588311487546,31055.54262608152,4.659522556904959,-0.30299046436844634,37009.51030561415,45658.596429295205
246201,0.0,FAT_015,FAT_DON_11,3,Allogenic,0.915997639457472,4.117593840790878,4.49520136670838,22.8,84,123.47620809042324,203.53796570211372,0.7210648397310234,407.4128339795628,2.0915832839887813,1.7531919081294993,416.2427062291725,123.47620809042324
264199,8.125380888319466,FAT_015,FAT_DON_11,3,Allogenic,0.915997639457472,4.117593840790878,4.49520136670838,24.34,84,1434.5030057563874,352.37510312178443,-2.0253670909212764,82988.82486059259,3.1567014625729866,0.4702852982536056,1987.3366595884477,1434.5030057563874
272559,5.529905988082651,FAT_015,FAT_DON_11,3,Allogenic,0.915997639457472,4.117593840790878,4.49520136670838,30.39,84,30063.551347474757,175945.85022662097,2.549044140657382,5153.241891717636,4.47804028162387,-0.20240724566787852,26128.208278200083,30063.551347474757
272621,4.185060154969754,FAT_015,FAT_DON_11,3,Allogenic,0.915997639457472,4.117593840790878,4.49520136670838,14.99,84,23.968910982258624,3.8163368569146328,-2.6509039376559342,541.989745235143,1.379648302488395,0.019944354334394676,24.302567127150862,23.968910982258624
272623,1.2139263212558282,FAT_015,FAT_DON_11,3,Allogenic,0.915997639457472,4.117593840790878,4.49520136670838,26.74,84,735.7729340917573,3194.273949237548,2.1181555354517245,80.40656874436804,2.866743807970788,0.2136167589798308,853.1960968548794,735.7729340917573
295405,5.795760743261876,FAT_015,FAT_DON_11,3,Allogenic,0.915997639457472,4.117593840790878,4.49520136670838,30.39,84,25022.81673484218,178575.30632103514,2.835216492957639,8720.847778857322,4.398336195187353,-0.4277923371748195,18601.924175319444,25022.81673484218
300267,1.9602788547761705,FAT_015,FAT_DON_11,3,Allogenic,0.915997639457472,4.117593840790878,4.49520136670838,30.93,84,3896.763861206592,11704.70514015718,1.5867401773256542,170.5672518701547,3.590704088912477,1.1696676998561453,8766.155123204184,3896.763861206592
300269,2.2889303881318046,FAT_015,FAT_DON_11,3,Allogenic,0.915997639457472,4.117593840790878,4.49520136670838,31.07,84,6540.607375613301,16671.031503288756,1.3498468534035046,187.72001387174257,3.81561807976606,-1.8535612167812923,1809.841551138839,6540.607375613301
314315,2.8025614030188337,FAT_015,FAT_DON_11,3,Allogenic,0.915997639457472,4.117593840790878,4.49520136670838,15.29,84,28.32689479721474,40.70759314042275,0.5231254621191146,265.5678333656392,1.4521989696370066,0.28767697131325554,34.577880341056975,28.32689479721474
321967,3.533662816782905,FAT_015,FAT_DON_11,3,Allogenic,0.915997639457472,4.117593840790878,4.49520136670838,22.05,84,65.36975722434171,26.71435799840243,-1.2910079925695517,1051.179973055832,1.8153768720498324,1.3375911705380148,165.20832815031883,65.36975722434171
334413,1.6129851842305192,FAT_015,FAT_DON_11,3,Allogenic,0.915997639457472,4.117593840790878,4.49520136670838,14.89,84,1250.0150242565787,72.51040028137803,-4.107613686894099,66.90670094432038,3.096915232938068,-0.693909361549188,772.7298709709713,1250.0150242565787
347253,8.732491172883888,FAT_015,FAT_DON_11,3,Allogenic,0.915997639457472,4.117593840790878,4.49520136670838,25.68,84,4858.425623040241,7855.293363815953,0.6931762724137921,24999.847962886084,3.686495558563141,0.1775587163869878,5494.726220346856,4858.425623040241
349741,12.647466020454257,FAT_015,FAT_DON_11,3,Allogenic,0.915997639457472,4.117593840790878,4.49520136670838,28.37,84,867466.8469959161,342653.6210349372,-1.3400576886259623,31547.830856312212,5.938252885835402,-1.4413342163855731,319424.37442646077,867466.8469959161
364106,4.196754307905697,FAT_015,FAT_DON_11,3,Allogenic,0.915997639457472,4.117593840790878,4.49520136670838,31.07,84,24916.772462011584,42779.8640537274,0.7798146936876105,291.6113924395327,4.396491786272938,-3.3651824187104302,2418.0815164316086,24916.772462011584
367928,5.356453899813077,FAT_015,FAT_DON_11,3,Allogenic,0.915997639457472,4.117593840790878,4.49520136670838,25.27,84,82084.07781597006,482800.95943141327,2.5562542342467016,86.50858026445366,4.914258923413253,-0.6453393410885514,52479.83058257471,82084.07781597006
386585,2.247214013295717,FAT_015,FAT_DON_11,3,Allogenic,0.915997639457472,4.117593840790878,4.49520136670838,31.07,84,7128.935190632376,23548.070519448924,1.7238503426657013,283.299683066264,3.8530246665465326,-1.8577202009815101,1966.9583436293287,7128.935190632376
391904,2.844628448351196,FAT_015,FAT_DON_11,3,Allogenic,0.915997639457472,4.117593840790878,4.49520136670838,26.99,84,3425.3752785555057,8850.085171185034,1.3694292833687598,646.4086510515107,3.534708159033559,-0.3199870244999327,2743.9896342342204,3425.3752785555057
398513,1.84086504359506,FAT_015,FAT_DON_11,3,Allogenic,0.915997639457472,4.117593840790878,4.49520136670838,25.15,84,1865.943403437043,3355.8322095136004,0.8467653553320907,42.12519995697748,3.270898466876853,-0.5474649742147161,1276.7183135874582,1865.943403437043
409438,2.623114736385661,FAT_015,FAT_DON_11,3,Allogenic,0.915997639457472,4.117593840790878,4.49520136670838,31.07,84,9587.56439290345,19166.915807710924,0.9993819409957486,277.9151449800178,3.981708293816357,-2.155845509091939,2151.464228089488,9587.56439290345
411459,8.354990822707139,FAT_015,FAT_DON_11,3,Allogenic,0.915997639457472,4.117593840790878,4.49520136670838,29.69,84,112970.5617738357,51360.26142035713,-1.1372224287643966,101602.94011973082,5.052965288396738,-0.09113068548461474,106055.26135369643,112970.5617738357
411460,8.590986832708493,FAT_015,FAT_DON_11,3,Allogenic,0.915997639457472,4.117593840790878,4.49520136670838,29.93,84,155386.81824480352,113472.41587892844,-0.4535224884296065,6037.826826987191,5.191414174012142,-0.3793710639615936,119457.13765096893,155386.81824480352
411461,11.372019672727438,FAT_015,FAT_DON_11,3,Allogenic,0.915997639457472,4.117593840790878,4.49520136670838,31.07,84,56758.38120598843,104507.84060203595,0.8807058349074,51566.3675839195,4.754030000539277,-2.0473889834590238,13731.073875345239,56758.38120598843
411462,11.35974294272661,FAT_015,FAT_DON_11,3,Allogenic,0.915997639457472,4.117593840790878,4.49520136670838,28.31,84,196295.2123157966,156387.12383493347,-0.3279032526271269,119980.70770093064,5.292909707189475,0.46585153964252773,271109.6611226292,196295.2123157966
411463,5.490381597291154,FAT_015,FAT_DON_11,3,Allogenic,0.915997639457472,4.117593840790878,4.49520136670838,26.73,84,25688.86192789464,39973.58435160951,0.6379039650004457,18442.8369130503,4.409744864508325,-0.2681276450702474,21331.94231819649,25688.86192789464
411464,6.651152468735674,FAT_015,FAT_DON_11,3,Allogenic,0.915997639457472,4.117593840790878,4.49520136670838,28.1,84,12969.359833309394,692.0290833871868,-4.228130789597485,16980.582791488836,4.112918539867992,0.8133034922146445,22790.155403882636,12969.359833309394
411466,2.7786507406714698,FAT_015,FAT_DON_11,3,Allogenic,0.915997639457472,4.117593840790878,4.49520136670838,23.67,84,197.56193294467715,494.8516791132641,1.3246911847172154,1524.1213405510653,2.295703266644706,0.007522602852295315,198.5947647863792,197.56193294467715
411467,4.962969646655967,FAT_015,FAT_DON_11,3,Allogenic,0.915997639457472,4.117593840790878,4.49520136670838,27.37,84,17100.72848988779,43125.87859542099,1.3344960637001964,14859.398759475887,4.233014611702062,-0.018959355011935845,16877.467374868138,17100.72848988779
411468,4.582194604389156,FAT_015,FAT_DON_11,3,Allogenic,0.915997639457472,4.117593840790878,4.49520136670838,27.59,84,3200.9391120852656,4993.040721129978,0.6414234383702786,3231.584578586118,3.5052774131204263,-0.46441463791202703,2319.9289086795943,3200.9391120852656
411469,14.755973176449183,FAT_015,FAT_DON_11,3,Allogenic,0.915997639457472,4.117593840790878,4.49520136670838,29.85,84,188201.7100407873,54814.04627586487,-1.779662195835973,129418.6931376056,5.274623565201248,-1.266313061577395,78239.37090130615,188201.7100407873
411470,8.393557599937642,FAT_015,FAT_DON_11,3,Allogenic,0.915997639457472,4.117593840790878,4.49520136670838,31.06,84,39784.03424673436,14629.291284839426,-1.4433296982564452,15430.29847983428,4.599708820071981,0.019526322543876033,40326.15628093109,39784.03424673436
411471,7.780023645903584,FAT_015,FAT_DON_11,3,Allogenic,0.915997639457472,4.117593840790878,4.49520136670838,28.72,84,39502.94429066969,126708.744210994,1.6814839973142066,27871.987037834664,4.596629466298289,0.3915385749300566,51819.631679918864,39502.94429066969
411473,7.253353108577308,FAT_015,FAT_DON_11,3,Allogenic,0.915997639457472,4.117593840790878,4.49520136670838,29.04,84,17397.79771994063,7422.775186698961,-1.2288741159839025,22321.57589840618,4.240494277098137,0.013015758955972966,17555.467976778313,17397.79771994063
411474,6.116636118069628,FAT_015,FAT_DON_11,3,Allogenic,0.915997639457472,4.117593840790878,4.49520136670838,27.02,84,23198.27417764722,6307.13271219425,-1.878961285611668,14260.192040855203,4.365455677002808,0.08498510308814809,24605.870965685117,23198.27417764722
411475,7.69840100275033,FAT_015,FAT_DON_11,3,Allogenic,0.915997639457472,4.117593840790878,4.49520136670838,28.82,84,30686.01670237765,76166.45099030224,1.3115742899914722,17829.542507480248,4.486940517090946,-0.005054515524680944,30578.69564209372,30686.01670237765
411476,6.0931724090282415,FAT_015,FAT_DON_11,3,Allogenic,0.915997639457472,4.117593840790878,4.49520136670838,29.68,84,18056.579606634838,2223.6522752955925,-3.0215215254578864,16152.685635077798,4.256635486916133,0.24197412710038207,21353.887842944623,18056.579606634838
411477,11.520463919749112,FAT_015,FAT_DON_11,3,Allogenic,0.915997639457472,4.117593840790878,4.49520136670838,29.89,84,164248.7783325168,67663.65247309644,-1.2794296791597746,95667.60176324152,5.215502148000952,-0.3696644044447686,127122.39719570054,164248.7783325168
411479,11.207117324074735,FAT_015,FAT_DON_11,3,Allogenic,0.915997639457472,4.117593840790878,4.49520136670838,30.29,84,173587.21131733194,70113.74073523564,-1.3078915508637423,56702.2985170426,5.239517726261554,-0.41013753063327196,130633.33887846081,173587.21131733194
411483,11.583338646168722,FAT_015,FAT_DON_11,3,Allogenic,0.915997639457472,4.117593840790878,4.49520136670838,28.13,84,131628.54314693448,85278.59129232875,-0.6262168542220463,363790.8903020438,5.119350074590138,0.24354865897228772,155835.18695415615,131628.54314693448
411484,14.89792886449638,FAT_015,FAT_DON_11,3,Allogenic,0.915997639457472,4.117593840790878,4.49520136670838,27.82,84,71774.54077105554,32029.24312779888,-1.1640824881116167,174205.77825472775,4.855970422467958,-1.264610386311084,29873.40751919878,71774.54077105554
411485,11.668071879929268,FAT_015,FAT_DON_11,3,Allogenic,0.915997639457472,4.117593840790878,4.49520136670838,29.4,84,106963.08108491868,129451.41829883,0.2752978436622935,393027.3180631168,5.029233904340934,-0.055683092657559136,102913.32814315787,106963.08108491868
411486,8.604047791245614,FAT_015,FAT_DON_11,3,Allogenic,0.915997639457472,4.117593840790878,4.49520136670838,26.21,84,30547.28755093488,39144.167141373386,0.3577530665499576,34355.536903921515,4.484972653074146,-0.01448233907066485,30242.175866424575,30547.28755093488
411487,9.267477953245631,FAT_015,FAT_DON_11,3,Allogenic,0.915997639457472,4.117593840790878,4.49520136670838,31.0,84,30525.4976318601,29125.01077968684,-0.0677562307303702,23195.374967399013,4.484662752617223,-0.2003683006529404,26567.206041910358,30525.4976318601
411489,8.255384097190841,FAT_015,FAT_DON_11,3,Allogenic,0.915997639457472,4.117593840790878,4.49520136670838,27.23,84,19695.907851694155,18256.08341119397,-0.1095186288680589,21159.962145713784,4.2943760037231895,0.16968885712509404,22154.269764169556,19695.907851694155
411490,5.54429537839355,FAT_015,FAT_DON_11,3,Allogenic,0.915997639457472,4.117593840790878,4.49520136670838,30.71,84,8279.44291778079,10975.784800486485,0.4067184959497792,2949.8480311255494,3.91800111626882,-0.6350668742692241,5331.224090443311,8279.44291778079
411901,3.9893670908881007,FAT_015,FAT_DON_11,3,Allogenic,0.915997639457472,4.117593840790878,4.49520136670838,29.11,84,3179.149193010485,3212.0835212364827,0.0148686848688353,1948.4553350298104,3.5023109092236213,-0.29790428289702076,2586.0253882058155,3179.149193010485
411902,5.966170343512733,FAT_015,FAT_DON_11,3,Allogenic,0.915997639457472,4.117593840790878,4.49520136670838,31.82,84,23788.05465393795,26307.282066998203,0.1452249088996809,7561.77860594908,4.376358927636068,-0.36646084744499197,18451.990414122094,23788.05465393795
411903,14.34054143232548,FAT_015,FAT_DON_11,3,Allogenic,0.915997639457472,4.117593840790878,4.49520136670838,26.62,84,235585.34173016928,1056537.5934893885,2.165022420174996,78558.74118886735,5.372148264876753,-1.4334968599162148,87221.33132488652,235585.34173016928
428125,5.182012029915019,FAT_015,FAT_DON_11,3,Allogenic,0.915997639457472,4.117593840790878,4.49520136670838,26.43,84,39312.64566408328,35210.795954180045,-0.1589756173104485,5957.150111264262,4.5945322719719295,-0.5017240643622857,27765.03843831259,39312.64566408328
428126,2.752528762420438,FAT_015,FAT_DON_11,3,Allogenic,0.915997639457472,4.117593840790878,4.49520136670838,27.15,84,8442.140980205819,22456.598178371336,1.4114585716588186,855.41375454433,3.926452600414245,0.3545437314578254,10793.96233686538,8442.140980205819
428127,5.533650095124443,FAT_015,FAT_DON_11,3,Allogenic,0.915997639457472,4.117593840790878,4.49520136670838,17.97,84,7663.514538600327,11063.56054819552,0.5297376794174528,4871.297505540306,3.884427985647112,-0.3559339352144295,5987.991768666865,7663.514538600327
428128,4.419082032792792,FAT_015,FAT_DON_11,3,Allogenic,0.915997639457472,4.117593840790878,4.49520136670838,26.14,84,3834.299426525554,6982.62433586814,0.8648063542852924,1179.6121588105975,3.583686024611466,-0.361103952592243,2985.265097043264,3834.299426525554
435590,17.239992847648043,FAT_015,FAT_DON_11,3,Allogenic,0.915997639457472,4.117593840790878,4.49520136670838,30.99,84,567578.0014147976,135968.44953815456,-2.0615467497835813,563916.722966483,5.754025554422314,-1.317367090470691,227750.08351029127,567578.0014147976
435591,8.346843302825713,FAT_015,FAT_DON_11,3,Allogenic,0.915997639457472,4.117593840790878,4.49520136670838,30.59,84,49776.89113442873,2409.380668998772,-4.368741873527756,12234.390987313918,4.697027768822904,-0.156529106180548,44658.87850554914,49776.89113442873
442563,4.174174904827751,FAT_015,FAT_DON_11,3,Allogenic,0.915997639457472,4.117593840790878,4.49520136670838,24.15,84,308.6905202260581,50.88449142552844,-2.600863255156339,5163.893686555394,2.489523292660819,-0.6113510116348031,202.06369961012422,308.6905202260581
445970,15.446383167339915,FAT_015,FAT_DON_11,3,Allogenic,0.915997639457472,4.117593840790878,4.49520136670838,17.81,84,355255.5772888641,310069.7369506001,-0.1962645743949289,229264.18822724267,5.550540904802925,-1.2040231360875158,154203.35592712762,355255.5772888641
445972,7.436262824711363,FAT_015,FAT_DON_11,3,Allogenic,0.915997639457472,4.117593840790878,4.49520136670838,25.15,84,13254.081442553192,21190.84645416132,0.677004526843605,17485.78535471571,4.122349634879099,-0.059731834095570556,12716.528271231266,13254.081442553192
445973,8.359297194998357,FAT_015,FAT_DON_11,3,Allogenic,0.915997639457472,4.117593840790878,4.49520136670838,29.52,84,26386.86566892344,31809.167702383464,0.2696226316661477,6072.800315415098,4.42138780615285,-0.513441079505835,18485.30583277615,26386.86566892344
445975,1.0767240582825803,FAT_015,FAT_DON_11,3,Allogenic,0.915997639457472,4.117593840790878,4.49520136670838,20.24,84,1146.149743333458,5257.640076542726,2.197619839342445,321.95855064170024,3.059241361483909,-0.5762600754289731,768.7228552633754,1146.149743333458
449673,6.259971879532723,FAT_015,FAT_DON_11,3,Allogenic,0.915997639457472,4.117593840790878,4.49520136670838,29.11,84,20555.15699387634,15583.375499068085,-0.399492622847949,6490.531528462775,4.3129207981347975,0.08313531687190133,21774.441387465133,20555.15699387634
450749,4.912759023905082,FAT_015,FAT_DON_11,3,Allogenic,0.915997639457472,4.117593840790878,4.49520136670838,27.8,84,2131.05408551354,1146.1731693600282,-0.8947421788784882,5222.961504645643,3.328594472117772,-1.3664891633204104,826.4950278227146,2131.05408551354
451640,1.8061987378032864,FAT_015,FAT_DON_11,3,Allogenic,0.915997639457472,4.117593840790878,4.49520136670838,25.98,84,1505.6834080673373,582.6274268223007,-1.3697729320311078,901.6039978203448,3.1777336647043684,-0.4632149600350419,1092.1745876349028,1505.6834080673373
457387,4.620519048092942,FAT_015,FAT_DON_11,3,Allogenic,0.915997639457472,4.117593840790878,4.49520136670838,29.03,84,20613.263444742417,8669.445226624408,-1.249561346273979,12211.717026591074,4.314146753731962,-0.6833863811369569,12835.918601842031,20613.263444742417
457388,6.09640590709386,FAT_015,FAT_DON_11,3,Allogenic,0.915997639457472,4.117593840790878,4.49520136670838,30.59,84,57868.21441753058,25344.293066770075,-1.191110205856703,18207.428740201027,4.762440081973409,-0.6757090731808695,36226.917544557684,57868.21441753058
457390,5.3206822973436,FAT_015,FAT_DON_11,3,Allogenic,0.915997639457472,4.117593840790878,4.49520136670838,29.68,84,23862.866709428028,4933.251443704982,-2.274156640943475,18205.570996970026,4.37772261541565,-0.0427044822232235,23166.86592828418,23862.866709428028
457391,7.396633952575257,FAT_015,FAT_DON_11,3,Allogenic,0.915997639457472,4.117593840790878,4.49520136670838,30.88,84,97144.54354982256,36794.57574979962,-1.400639864168718,32338.12601285365,4.987418412009884,-0.7361918298585428,58317.995582912525,97144.54354982256
457392,4.307407178654523,FAT_015,FAT_DON_11,3,Allogenic,0.915997639457472,4.117593840790878,4.49520136670838,30.19,84,17944.724688717626,159711.1532373061,3.153833370806782,2948.334263825396,4.253936799694172,0.09970003058787995,19228.681214045664,17944.724688717626
457393,9.842840971957608,FAT_015,FAT_DON_11,3,Allogenic,0.915997639457472,4.117593840790878,4.49520136670838,29.75,84,313374.62649650004,52227.84199916239,-2.5849973721719115,136695.4978520379,5.496063829341684,-0.459810672580141,227848.94633371787,313374.62649650004
457394,11.185471526594208,FAT_015,FAT_DON_11,3,Allogenic,0.915997639457472,4.117593840790878,4.49520136670838,30.99,84,339510.1817654277,87774.47559675093,-1.951581463976312,313772.04370756634,5.53085280311795,-0.6109818332517731,222294.61617251995,339510.1817654277
457395,7.971535418197156,FAT_015,FAT_DON_11,3,Allogenic,0.915997639457472,4.117593840790878,4.49520136670838,30.99,84,110214.13701087594,42342.257427467855,-1.3801391961314111,40373.24926884402,5.042237304425354,-0.2679269750885683,91534.17008745938,110214.13701087594
457400,2.9287113585209497,FAT_015,FAT_DON_11,3,Allogenic,0.915997639457472,4.117593840790878,4.49520136670838,31.07,84,12255.376818292418,41782.52802178704,1.7694849405783108,215.7352784455674,4.088326669124544,-3.319889868870342,1227.2703336158597,12255.376818292418
457401,3.007345830774048,FAT_015,FAT_DON_11,3,Allogenic,0.915997639457472,4.117593840790878,4.49520136670838,31.07,84,13562.771962779252,50866.6818535295,1.9070689200838216,243.0756475248626,4.13234845981934,-3.261576559578501,1414.2170935592571,13562.771962779252
457412,10.13576804828119,FAT_015,FAT_DON_11,3,Allogenic,0.915997639457472,4.117593840790878,4.49520136670838,30.36,84,127361.3506614566,112345.32439385296,-0.1809874573437936,153809.98131154486,5.105037656091671,-0.33726927806749607,100811.36304710993,127361.3506614566
457416,4.897064070187832,FAT_015,FAT_DON_11,3,Allogenic,0.915997639457472,4.117593840790878,4.49520136670838,27.37,84,1911.7022334940816,922.281407087703,-1.0515789078515816,5225.9245387266965,3.281420247552425,-0.498277736789862,1353.3923041472394,1911.7022334940816
457421,3.986847148466847,FAT_015,FAT_DON_11,3,Allogenic,0.915997639457472,4.117593840790878,4.49520136670838,31.17,84,4600.578247322004,6308.404824479889,0.455460038966643,5129.022240006748,3.6628124216464006,-0.04334527578932028,4464.411245975725,4600.578247322004
457424,5.48223273593852,FAT_015,FAT_DON_11,3,Allogenic,0.915997639457472,4.117593840790878,4.49520136670838,30.39,84,28431.48640877369,17667.095422943472,-0.6864246540071985,5543.067798841458,4.453799565362389,-0.15353352124956007,25561.20775181812,28431.48640877369
469585,4.788872406616947,FAT_015,FAT_DON_11,3,Allogenic,0.915997639457472,4.117593840790878,4.49520136670838,29.25,84,22365.8992689906,6467.4188601846645,-1.790038811981406,13639.749313862774,4.349586364601628,-0.19104720858373944,19591.84896989401,22365.8992689906
469588,4.060810944066854,FAT_015,FAT_DON_11,3,Allogenic,0.915997639457472,4.117593840790878,4.49520136670838,28.94,84,8283.800901595747,3827.785867485377,-1.1137827538848,5529.155410142373,3.918229652223175,-0.02928845437363102,8117.325269342862,8283.800901595747
469589,6.262938538186231,FAT_015,FAT_DON_11,3,Allogenic,0.915997639457472,4.117593840790878,4.49520136670838,30.59,84,68781.33222081652,3578.451859500288,-4.264609583106722,18111.36574022049,4.837470583386926,-0.640350557753134,44127.14784511,68781.33222081652
469590,5.236334687251625,FAT_015,FAT_DON_11,3,Allogenic,0.915997639457472,4.117593840790878,4.49520136670838,29.52,84,27084.869409952247,8510.431190919631,-1.670183000150817,15940.244929533905,4.432726745971815,-0.4472021475847503,19865.773768803494,27084.869409952247
469591,7.567121400286873,FAT_015,FAT_DON_11,3,Allogenic,0.915997639457472,4.117593840790878,4.49520136670838,30.59,84,103311.81697862128,8566.404131487712,-3.5921717314021664,30495.17409202205,5.014149999690876,-0.576515927849347,69278.96843896311,103311.81697862128
469592,6.5359225554014655,FAT_015,FAT_DON_11,3,Allogenic,0.915997639457472,4.117593840790878,4.49520136670838,30.59,84,64266.46098852198,7991.40937837924,-3.0075441617203005,22275.24775491371,4.807984384934916,-0.5907570537657372,42672.56922539868,64266.46098852198
469593,11.050988191330484,FAT_015,FAT_DON_11,3,Allogenic,0.915997639457472,4.117593840790878,4.49520136670838,30.99,84,334456.3732013503,84246.90822867617,-1.9891223896484285,303602.17727782746,5.524339476024359,-0.5925694518127869,221798.3425887995,334456.3732013503
469596,5.988112027659919,FAT_015,FAT_DON_11,3,Allogenic,0.915997639457472,4.117593840790878,4.49520136670838,28.15,84,32447.368494255745,62042.18828286119,0.9351480930749652,3915.337702933807,4.511179480958715,-0.29453708423310326,26455.439681293334,32447.368494255745
469610,7.224137416698261,FAT_015,FAT_DON_11,3,Allogenic,0.915997639457472,4.117593840790878,4.49520136670838,25.27,84,19672.665271347723,463.0488719723088,-5.408884149178356,17957.000732996283,4.293863202533729,-0.33170711911178663,15631.815118979404,19672.665271347723
470145,4.530247905547501,FAT_015,FAT_DON_11,3,Allogenic,0.915997639457472,4.117593840790878,4.49520136670838,28.33,84,12399.190284185968,10324.46331023972,-0.2641791211070337,5666.253192519181,4.093393324953209,0.11833094408059587,13459.052541714678,12399.190284185968
470146,10.481976348337383,FAT_015,FAT_DON_11,3,Allogenic,0.915997639457472,4.117593840790878,4.49520136670838,28.01,84,59665.88274119997,179192.28077956967,1.5865303585987376,103128.49854916388,4.7757260702813324,-0.32114530554313087,47758.612424952276,59665.88274119997
471870,6.518883704273775,FAT_015,FAT_DON_11,3,Allogenic,0.915997639457472,4.117593840790878,4.49520136670838,30.58,84,27595.479846937946,7131.461473287811,-1.9521623039981548,29621.812047722564,4.440837950242756,-0.33063842063058835,21943.49843104126,27595.479846937946
471872,1.7086513123943905,FAT_015,FAT_DON_11,3,Allogenic,0.915997639457472,4.117593840790878,4.49520136670838,26.78,84,110.40225664555489,57.2450528537195,-0.9475467361325478,350.7328536544383,2.04297795055528,0.5298306094292708,159.39432562171774,110.40225664555489
471875,8.01673185019843,FAT_015,FAT_DON_11,3,Allogenic,0.915997639457472,4.117593840790878,4.49520136670838,29.18,84,33833.933678047615,52065.011626600695,0.621843267266731,46435.08186811378,4.529352493660116,0.08079065204796666,35782.68318688318,33833.933678047615
471881,1.9864334600362827,FAT_015,FAT_DON_11,3,Allogenic,0.915997639457472,4.117593840790878,4.49520136670838,27.28,84,2810.173230010867,2.544224571276422,-10.109217332461853,3.78720752588665,3.4487330923317523,0.01218553130933511,2834.009506777815,2810.173230010867
476272,5.41802329106099,FAT_015,FAT_DON_11,3,Allogenic,0.915997639457472,4.117593840790878,4.49520136670838,29.6,84,3304.0780623725605,3460.1454169359336,0.0665848978274103,4393.313817911821,3.5190502994404627,-0.12047575603932695,3039.3693747460775,3304.0780623725605
478749,4.2217870017078765,FAT_015,FAT_DON_11,3,Allogenic,0.915997639457472,4.117593840790878,4.49520136670838,29.95,84,3805.246201092513,5280.538097684213,0.4726951509159112,4099.600314750284,3.5803827610584538,-0.2704207729576839,3154.844782583209,3805.246201092513
479436,5.704342419958533,FAT_015,FAT_DON_11,3,Allogenic,0.915997639457472,4.117593840790878,4.49520136670838,27.57,84,1332.0903861049187,604.2533356781502,-1.1404665393953812,4627.338991359046,3.12453369394451,-0.821798440549014,753.6118398400477,1332.0903861049187
479437,3.978732914449626,FAT_015,FAT_DON_11,3,Allogenic,0.915997639457472,4.117593840790878,4.49520136670838,24.48,84,3128.3060485026635,2663.803126126414,-0.2318942003296869,1595.632843615993,3.495309234373108,0.14037101228704868,3447.983029287388,3128.3060485026635
483215,9.531224529315445,FAT_015,FAT_DON_11,3,Allogenic,0.915997639457472,4.117593840790878,4.49520136670838,28.86,84,115084.91025472524,18763.656213163613,-2.616685803745572,94747.7517113,5.061018383380248,-0.0941180352192442,107816.69916090071,115084.91025472524
483216,5.724755888442626,FAT_015,FAT_DON_11,3,Allogenic,0.915997639457472,4.117593840790878,4.49520136670838,29.11,84,19533.209789269127,6859.229444161234,-1.5098106188115112,5978.573349139432,4.290773614472061,0.05632249217189866,20310.862871866037,19533.209789269127
483217,8.508074560346932,FAT_015,FAT_DON_11,3,Allogenic,0.915997639457472,4.117593840790878,4.49520136670838,30.63,84,109235.04331378246,47279.32520802975,-1.2081544065064904,42227.66784886001,5.038361985221705,0.06653926229927042,114391.11654552812,109235.04331378246
483218,5.741509687006585,FAT_015,FAT_DON_11,3,Allogenic,0.915997639457472,4.117593840790878,4.49520136670838,28.19,84,14714.73235119932,15683.872369633504,0.0920205057329631,32520.4631725012,4.167752367050352,0.03751426602127344,15102.376271332112,14714.73235119932
484018,6.304757931910952,FAT_015,FAT_DON_11,3,Allogenic,0.915997639457472,4.117593840790878,4.49520136670838,30.12,84,72595.29438953895,91120.13090797942,0.3278937836117072,6440.687144611086,4.860908470742941,-0.07325112907083703,69001.36524567773,72595.29438953895
484020,4.6431586794619415,FAT_015,FAT_DON_11,3,Allogenic,0.915997639457472,4.117593840790878,4.49520136670838,25.15,84,1310.3004670301382,1653.7459713296744,0.335839965641799,2482.221462138088,3.1173708958164306,-0.47822759916486435,940.6109792198176,1310.3004670301382
500632,6.405322129319497,FAT_015,FAT_DON_11,3,Allogenic,0.915997639457472,4.117593840790878,4.49520136670838,27.33,84,22450.153622746424,27662.0816512029,0.3011844103972506,30847.019941550203,4.351219317155947,0.17982905313671055,25430.40380056418,22450.153622746424
500635,2.256521436772229,FAT_015,FAT_DON_11,3,Allogenic,0.915997639457472,4.117593840790878,4.49520136670838,29.62,84,2577.747426546541,13453.85953290972,2.3838372834281105,109.09290282510686,3.4112403619581,-0.2219082156562749,2210.2394831099987,2577.747426546541
502347,1.5835640115715173,FAT_015,FAT_DON_11,3,Allogenic,0.915997639457472,4.117593840790878,4.49520136670838,31.07,84,2027.1888045904188,3032.7156889614957,0.5811297923774574,100.59216046648748,3.3068941990991383,-1.3911706662216756,772.8764948237532,2027.1888045904188
511145,3.400616208129685,FAT_015,FAT_DON_11,3,Allogenic,0.915997639457472,4.117593840790878,4.49520136670838,31.07,84,13213.406926946938,50326.03413213327,1.92930241580452,215.62578283487937,4.121014809954168,-3.370590999709462,1277.5144346319184,13213.406926946938
511680,9.819414626782402,FAT_015,FAT_DON_11,3,Allogenic,0.915997639457472,4.117593840790878,4.49520136670838,26.86,84,36897.59629996177,28534.75067915071,-0.3708068771397353,293081.259722548,4.5669980748944266,0.10526018992793476,39690.31534151969,36897.59629996177
515619,10.611105973482674,FAT_015,FAT_DON_11,3,Allogenic,0.915997639457472,4.117593840790878,4.49520136670838,29.62,84,181335.7065403239,412197.4554662069,1.1846725670541487,185464.4033797794,5.258483328787098,0.10267981573653512,194712.14148909622,181335.7065403239
515620,15.34253978660128,FAT_015,FAT_DON_11,3,Allogenic,0.915997639457472,4.117593840790878,4.49520136670838,31.6,84,44929.36047092588,18061.45023149132,-1.3147447888828212,161536.9565484789,4.652530236845315,-1.4823912296076616,16079.998778591886,44929.36047092588
518635,2.131743108476867,FAT_015,FAT_DON_11,3,Allogenic,0.915997639457472,4.117593840790878,4.49520136670838,25.8,84,2792.741294751043,11651.276424160376,2.0607341730601103,97.07622668101988,3.4460307067479574,-0.12928742374531094,2553.355670093509,2792.741294751043
518636,6.2671042866510485,FAT_015,FAT_DON_11,3,Allogenic,0.915997639457472,4.117593840790878,4.49520136670838,28.81,84,8694.904041473274,16046.424371040392,0.8840098461543652,7037.160319256812,3.939264793413072,0.2189015898454192,10119.539223100042,8694.904041473274
518637,6.050247649050314,FAT_015,FAT_DON_11,3,Allogenic,0.915997639457472,4.117593840790878,4.49520136670838,18.67,84,12288.06169690459,4363.345139739064,-1.4937508645575863,6348.937318481098,4.089483383234144,-0.26272180277030693,10242.270468135723,12288.06169690459
525259,4.962500265169504,FAT_015,FAT_DON_11,3,Allogenic,0.915997639457472,4.117593840790878,4.49520136670838,27.86,84,2218.213761812662,4556.706207156072,1.0385929561704728,2176.9059784761776,3.34600339533091,-0.36635185565815837,1720.7607755003023,2218.213761812662
525306,3.971461673159229,FAT_015,FAT_DON_11,3,Allogenic,0.915997639457472,4.117593840790878,4.49520136670838,14.99,84,43.57983814956114,3.8163368569146328,-3.513400413906,473.4735949564337,1.639285612994151,0.16525049669983638,48.8687206114604,43.57983814956114
525337,3.389757148914048,FAT_015,FAT_DON_11,3,Allogenic,0.915997639457472,4.117593840790878,4.49520136670838,21.8,84,47.21149132869124,19.081684284573164,-1.3069495364385733,987.9172951544188,1.6740477192533632,0.5297818190487289,68.15974201338602,47.21149132869124
525362,0.7545741985451254,FAT_015,FAT_DON_11,3,Allogenic,0.915997639457472,4.117593840790878,4.49520136670838,22.5,84,671.1295075032415,503.7564651127315,-0.4138647403550849,509.9702535149042,2.826806333830614,0.0037421441335701204,672.8725809069144,671.1295075032415
536231,8.135092928766754,FAT_015,FAT_DON_11,3,Allogenic,0.915997639457472,4.117593840790878,4.49520136670838,31.15,84,59755.947740042415,45413.1364849985,-0.395972636458846,152393.5277624048,4.77638113877707,0.5747748530693427,89003.19771650615,59755.947740042415
537006,7.5857631321648356,FAT_015,FAT_DON_11,3,Allogenic,0.915997639457472,4.117593840790878,4.49520136670838,29.51,84,30120.205137069184,9291.508134301494,-1.6967469065237697,14271.58476918703,4.478857925350503,-0.13618496207802708,27407.042093089225,30120.205137069184
537007,6.158646533452367,FAT_015,FAT_DON_11,3,Allogenic,0.915997639457472,4.117593840790878,4.49520136670838,29.22,84,6215.211250763244,6346.568193049035,0.0301732597440414,10360.514663822842,3.7934558945998007,-0.17412165884789793,5508.58496459066,6215.211250763244
537011,3.5668180521616937,FAT_015,FAT_DON_11,3,Allogenic,0.915997639457472,4.117593840790878,4.49520136670838,28.14,84,15324.850085293176,18974.826852579557,0.3082137600659402,769.2164152531886,4.1853962347435765,-0.3387773131049472,12117.529945506627,15324.850085293176
537012,12.865629400096338,FAT_015,FAT_DON_11,3,Allogenic,0.915997639457472,4.117593840790878,4.49520136670838,29.72,84,239811.13336940503,3205.722959808292,-6.225105075578394,522703.86442582513,5.379869341601271,-0.6728385326473136,150426.64208762147,239811.13336940503
537013,4.471465653813294,FAT_015,FAT_DON_11,3,Allogenic,0.915997639457472,4.117593840790878,4.49520136670838,26.93,84,5126.441627660042,9093.058617741932,0.8268078852431292,2866.977588619135,3.709816016634458,-0.020085693502929373,5055.564090498686,5126.441627660042
537937,5.586041998874376,FAT_015,FAT_DON_11,3,Allogenic,0.915997639457472,4.117593840790878,4.49520136670838,25.23,84,13201.78563677372,42965.59244743057,1.70244871057709,2512.953107117009,4.120632676641432,-0.3287558612802543,10511.563087001792,13201.78563677372
537973,3.360649097429279,FAT_015,FAT_DON_11,3,Allogenic,0.915997639457472,4.117593840790878,4.49520136670838,21.8,84,72.63306358260189,25.44224571276422,-1.513400413905999,1000.0382019375284,1.8611343626105077,0.5529898326317434,106.5616384771169,72.63306358260189
543734,3.19042080333524,FAT_015,FAT_DON_11,3,Allogenic,0.915997639457472,4.117593840790878,4.49520136670838,21.72,84,395.8501965251804,10.176898285105688,-5.281584738682926,7930.072473828994,2.59753086488715,-0.1532468329119241,355.95817497276283,395.8501965251804
545696,5.655284899964461,FAT_015,FAT_DON_11,3,Allogenic,0.915997639457472,4.117593840790878,4.49520136670838,17.82,84,12288.788027540417,15255.170529373429,0.3119556691060359,5257.8822800244025,4.089509053032415,-0.07694525744608956,11650.544486267994,12288.788027540417
545697,2.9011056686341923,FAT_015,FAT_DON_11,3,Allogenic,0.915997639457472,4.117593840790878,4.49520136670838,30.0,84,1207.1615167428436,1984.495165595609,0.717153327960629,917.7836509711282,3.0817653820586,-0.29507377412477276,983.8736400681047,1207.1615167428436
546269,2.1031955978439068,FAT_015,FAT_DON_11,3,Allogenic,0.915997639457472,4.117593840790878,4.49520136670838,16.88,84,903.5553109675676,1161.4385167876867,0.3622279608349824,45.461051152071896,2.9559547429653072,-0.13043909499990472,825.445991301874,903.5553109675676
546273,10.951110037179506,FAT_015,FAT_DON_11,3,Allogenic,0.915997639457472,4.117593840790878,4.49520136670838,27.7,84,1646.591551417585,279.86470284040644,-2.5566812812347632,28818.91979489324,3.2165858827370246,0.2371060212971122,1940.715646691331,1646.591551417585
547042,5.638282400881014,FAT_015,FAT_DON_11,3,Allogenic,0.915997639457472,4.117593840790878,4.49520136670838,28.24,84,24434.488919823103,38960.98297224149,0.6731111475863031,5342.210700344842,4.388003259606388,-0.16737919005227841,21757.906330461985,24434.488919823103
547043,2.578024767252705,FAT_015,FAT_DON_11,3,Allogenic,0.915997639457472,4.117593840790878,4.49520136670838,24.99,84,9092.933229905932,64164.07157530572,2.818948027727418,230.05219583520275,3.958704002041879,-0.46862507832717815,6571.035246921876,9092.933229905932
548480,5.924827614584667,FAT_015,FAT_DON_11,3,Allogenic,0.915997639457472,4.117593840790878,4.49520136670838,25.09,84,12524.119153548048,41305.48591467271,1.721624263997795,3266.13069107294,4.097747190810276,-0.174460553812489,11097.60674421114,12524.119153548048
552396,6.863413525268878,FAT_015,FAT_DON_11,3,Allogenic,0.915997639457472,4.117593840790878,4.49520136670838,23.33,84,11747.671703850032,15414.184565078202,0.3918837162883993,4997.079092035077,4.069951801385105,-0.25468876240644933,9846.521745221915,11747.671703850032
552398,6.680742445025,FAT_015,FAT_DON_11,3,Allogenic,0.915997639457472,4.117593840790878,4.49520136670838,29.38,84,39100.55711842208,169145.13794759908,2.113000638853133,16932.18483825863,4.592182945419722,0.2008883043791922,44942.4093192621,39100.55711842208
552531,4.197747613184536,FAT_015,FAT_DON_11,3,Allogenic,0.915997639457472,4.117593840790878,4.49520136670838,24.15,84,334.83842311579474,82.68729856648372,-2.0177274464195203,5266.721722336428,2.524835288000156,-0.5590008742600744,227.2789724568603,334.83842311579474
555970,4.207947697565281,FAT_015,FAT_DON_11,3,Allogenic,0.915997639457472,4.117593840790878,4.49520136670838,24.15,84,322.4908023067524,71.23828799573981,-2.178533263311139,5212.409419879709,2.508517332725128,-0.5590008742600744,218.8977522144164,322.4908023067524
556258,4.071274692192175,FAT_015,FAT_DON_11,3,Allogenic,0.915997639457472,4.117593840790878,4.49520136670838,29.11,84,8603.386381359194,3916.833727480052,-1.1352167451014132,5774.13905663811,3.934669427669292,-0.21622483191506942,7405.924280911234,8603.386381359194
556259,4.515529649180244,FAT_015,FAT_DON_11,3,Allogenic,0.915997639457472,4.117593840790878,4.49520136670838,30.68,84,14301.450219414315,1380.241829917459,-3.3731684824757115,13936.3297297566,4.1553800787486255,0.21069380012703254,16550.275688312107,14301.450219414315
556270,3.079808347091815,FAT_015,FAT_DON_11,3,Allogenic,0.915997639457472,4.117593840790878,4.49520136670838,28.34,84,2366.38521152117,1663.92286961478,-0.5080963820460722,1234.385119731998,3.374085442582998,0.7174702100994708,3891.0382209417166,2366.38521152117
563192,4.801406872231484,FAT_015,FAT_DON_11,3,Allogenic,0.915997639457472,4.117593840790878,4.49520136670838,28.15,84,11190.576106171471,586.4437636792153,-4.2541477305384605,4846.553157104427,4.048852445178112,0.21757795856388518,13012.176247912783,11190.576106171471
563193,6.2296447392058845,FAT_015,FAT_DON_11,3,Allogenic,0.915997639457472,4.117593840790878,4.49520136670838,30.59,84,64065.267402398174,8631.281858055261,-2.8918956809076004,20490.549756878085,4.806622643190592,-0.662439916268633,40477.00384787529,64065.267402398174
565040,5.459444792737052,FAT_015,FAT_DON_11,3,Allogenic,0.915997639457472,4.117593840790878,4.49520136670838,25.09,84,12550.99338707361,39247.20823651009,1.644788479485344,2295.2480011883185,4.098678100753382,-0.32605177018759923,10012.135943880006,12550.99338707361
565042,5.360644744263368,FAT_015,FAT_DON_11,3,Allogenic,0.915997639457472,4.117593840790878,4.49520136670838,25.09,84,12269.903431008936,39630.11403448719,1.6914732241592636,2158.5542164770395,4.0888411446711785,0.0012216899468457277,12280.298120040785,12269.903431008936
566550,5.641574401606161,FAT_015,FAT_DON_11,3,Allogenic,0.915997639457472,4.117593840790878,4.49520136670838,29.11,84,8344.086344369307,11831.916368721,0.5038577682004437,4913.763495314279,3.921378789508733,-0.1521759677505716,7508.777899159228,8344.086344369307
566552,2.0131716338326044,FAT_015,FAT_DON_11,3,Allogenic,0.915997639457472,4.117593840790878,4.49520136670838,25.62,84,2658.3701271232294,13568.34963861716,2.351631360492952,152.23092467480896,3.4246154480049182,-0.23243763218646557,2262.7925937278137,2658.3701271232294
568703,2.725810276515757,FAT_015,FAT_DON_11,3,Allogenic,0.915997639457472,4.117593840790878,4.49520136670838,22.45,84,347.9123745606631,5.088449142552844,-6.095354164754817,4485.81363267381,2.541469876025071,0.29183454421230814,425.91293282461953,347.9123745606631
573236,4.188229385035303,FAT_015,FAT_DON_11,3,Allogenic,0.915997639457472,4.117593840790878,4.49520136670838,24.15,84,334.83842311579474,71.23828799573981,-2.232740337390371,5254.15315270334,2.524835288000156,-0.5590008742600744,227.2789724568603,334.83842311579474
580050,4.194980629955179,FAT_015,FAT_DON_11,3,Allogenic,0.915997639457472,4.117593840790878,4.49520136670838,24.15,84,344.280721381533,64.87772656754876,-2.4077902259454005,5223.879231590808,2.5369127042845925,-0.6053089128550855,226.306258675579,344.280721381533
585054,2.092757669994786,FAT_015,FAT_DON_11,3,Allogenic,0.915997639457472,4.117593840790878,4.49520136670838,30.5,84,2705.581618451921,3396.539802654024,0.3281269973193929,140.4967128412588,3.432260639694819,0.6772356738821965,4326.422132832942,2705.581618451921
585394,7.247406583007732,FAT_015,FAT_DON_11,3,Allogenic,0.915997639457472,4.117593840790878,4.49520136670838,30.74,84,41896.93006635225,51107.11107551512,0.2866795061044469,72622.74643567212,4.6221822018663445,-0.48899953541925034,29852.36024409672,41896.93006635225
585543,9.933092950706149,FAT_015,FAT_DON_11,3,Allogenic,0.915997639457472,4.117593840790878,4.49520136670838,30.29,84,308543.8014376212,41065.05669268709,-2.9094921166041865,137912.54966946598,5.489316825978156,-0.5436195709175575,211675.71182813175,308543.8014376212
585544,4.28809220648741,FAT_015,FAT_DON_11,3,Allogenic,0.915997639457472,4.117593840790878,4.49520136670838,29.11,84,14704.563722297757,11476.997041027938,-0.3575187708631041,9139.69404214552,4.167452143714939,-0.03889039540381156,14313.471188493371,14704.563722297757
591020,2.2368713681859105,FAT_015,FAT_DON_11,3,Allogenic,0.915997639457472,4.117593840790878,4.49520136670838,31.07,84,5465.638034590792,12270.795107266184,1.166766909208832,187.884587601168,3.737640866876388,-1.990684320623019,1375.2611492720475,5465.638034590792
592028,3.1342311639162364,FAT_015,FAT_DON_11,3,Allogenic,0.915997639457472,4.117593840790878,4.49520136670838,21.11,84,5921.773673889533,2801.191252975341,-1.0799888651334455,466.473535021155,3.772451804934538,-0.8154494502595894,3364.937952210893,5921.773673889533
622312,8.914402782599016,FAT_015,FAT_DON_11,3,Allogenic,0.915997639457472,4.117593840790878,4.49520136670838,28.89,84,131948.85495733374,106479.61464477517,-0.3094015759307513,304813.5976166208,5.120405625796166,0.152895218736668,146700.52660970675,131948.85495733374
626522,0.0,FAT_015,FAT_DON_11,3,Allogenic,0.915997639457472,4.117593840790878,4.49520136670838,18.56,84,501.8944693557791,494.8516791132641,-0.0203878744207036,555.3030347853959,2.7006124099847058,0.748440643511018,843.1706750802075,501.8944693557791
626939,5.656052085489928,FAT_015,FAT_DON_11,3,Allogenic,0.915997639457472,4.117593840790878,4.49520136670838,26.95,84,3216.918386073438,2947.484165823735,-0.1261952720391313,2272.698837856759,3.5074400428952663,-0.191968403536705,2816.1241387605855,3216.918386073438
641112,5.919572737372104,FAT_015,FAT_DON_11,3,Allogenic,0.915997639457472,4.117593840790878,4.49520136670838,29.68,84,1061.1690589418138,1511.2693953381945,0.5101063389786302,11205.563844718388,3.0257845785448043,-0.3155953620181993,852.6698525057072,1061.1690589418138
645463,6.137749122276368,FAT_015,FAT_DON_11,3,Allogenic,0.915997639457472,4.117593840790878,4.49520136670838,28.02,84,3095.6211698904926,4442.216101448633,0.5210506468280998,5050.20432113978,3.4907478079886904,-0.05155779237838432,2986.945963978042,3095.6211698904926
649757,12.966385164558368,FAT_015,FAT_DON_11,3,Allogenic,0.915997639457472,4.117593840790878,4.49520136670838,27.82,84,62797.82044288178,28472.41717715444,-1.1411495111597785,141978.2781086601,4.79794457071083,-0.8988110480901905,33680.263827734736,62797.82044288178
655811,1.548796602919605,FAT_015,FAT_DON_11,3,Allogenic,0.915997639457472,4.117593840790878,4.49520136670838,13.32,84,934.0611976722604,189.54473056009343,-2.300978725884423,35.852629574435895,2.970375331198711,-0.7659864485715508,549.2757603061423,934.0611976722604
657308,5.962161664329379,FAT_015,FAT_DON_11,3,Allogenic,0.915997639457472,4.117593840790878,4.49520136670838,20.15,84,3911.290473923112,12371.291977831605,1.6612795863107097,5387.258129318531,3.592320070244508,0.25433822793923755,4665.342215173311,3911.290473923112
657309,6.151564466007109,FAT_015,FAT_DON_11,3,Allogenic,0.915997639457472,4.117593840790878,4.49520136670838,28.38,84,15611.024355808626,8071.552452374449,-0.951647118508099,12023.553474325425,4.193431401299393,-0.3340226689761565,12384.559349015635,15611.024355808626
657313,8.638806353628565,FAT_015,FAT_DON_11,3,Allogenic,0.915997639457472,4.117593840790878,4.49520136670838,30.1,84,78552.65826458395,54253.04475789842,-0.5339559920055061,34147.27533909825,4.895160886385618,0.2126644392553962,91028.89306144383,78552.65826458395
657314,8.294737071822329,FAT_015,FAT_DON_11,3,Allogenic,0.915997639457472,4.117593840790878,4.49520136670838,30.01,84,49987.52701881828,41807.97026749981,-0.2577901520563868,102810.8627652686,4.698861651882674,0.10670679080680978,53824.945239990586,49987.52701881828
657317,10.5396971479998,FAT_015,FAT_DON_11,3,Allogenic,0.915997639457472,4.117593840790878,4.49520136670838,31.02,84,181961.0772177701,411221.74534312246,1.1762866754554049,187407.656054418,5.259978499208415,-0.8830101672521985,98665.64342678769,181961.0772177701
657319,6.9968956412074,FAT_015,FAT_DON_11,3,Allogenic,0.915997639457472,4.117593840790878,4.49520136670838,26.02,84,17003.400184687103,18417.641671470017,0.1152650679188953,16860.217863254235,4.230535776307132,0.020297192955402367,17244.310741509158,17003.400184687103
657321,8.446540712551608,FAT_015,FAT_DON_11,3,Allogenic,0.915997639457472,4.117593840790878,4.49520136670838,25.04,84,371364.86446084944,267878.8608851232,-0.4712565872661736,7288.5484902157905,5.569800811916958,-1.2357195749669103,157692.90494706482,371364.86446084944
657322,11.025934641569316,FAT_015,FAT_DON_11,3,Allogenic,0.915997639457472,4.117593840790878,4.49520136670838,29.23,84,93285.54888167891,108572.23935465004,0.2189297584475128,357084.9359335178,4.969814371216614,-0.188605867156007,81853.70610910864,93285.54888167891
657323,11.803267438866206,FAT_015,FAT_DON_11,3,Allogenic,0.915997639457472,4.117593840790878,4.49520136670838,29.77,84,192404.98543031243,190486.0936514657,-0.0144605031654104,182519.0633462804,5.284216320907738,-0.0812837933567352,181864.30235067508,192404.98543031243
658089,12.675887039352034,FAT_015,FAT_DON_11,3,Allogenic,0.915997639457472,4.117593840790878,4.49520136670838,27.62,84,65923.94749947697,27964.84437518479,-1.2371883313824128,163731.94423596223,4.8190432048466905,-0.8750549178913937,35943.91898420992,65923.94749947697
658659,5.2252805924500825,FAT_015,FAT_DON_11,3,Allogenic,0.915997639457472,4.117593840790878,4.49520136670838,27.88,84,4056.556601088316,6445.792951328815,0.6681022291332275,4726.512319888596,3.6081575400621353,0.00012505851847861626,4056.9082547175312,4056.556601088316
665943,2.477256761620281,FAT_015,FAT_DON_11,3,Allogenic,0.915997639457472,4.117593840790878,4.49520136670838,23.67,84,3030.251412666151,2280.897328149312,-0.4098359886700279,653.0437110655629,3.4814786623650007,-0.3855768046941631,2319.5753160456416,3030.251412666151
665951,8.672252921172124,FAT_015,FAT_DON_11,3,Allogenic,0.915997639457472,4.117593840790878,4.49520136670838,29.93,84,182388.15963163585,132300.9498186596,-0.4631886558336757,13789.277600283947,5.260996641154937,-0.12126551132804524,167684.17743437947,182388.15963163585
665953,5.919287011915568,FAT_015,FAT_DON_11,3,Allogenic,0.915997639457472,4.117593840790878,4.49520136670838,29.11,84,25415.03527818823,5375.946519107079,-2.241091542260507,6578.819195894335,4.405090716876096,-0.0940384266582361,23811.257396013392,25415.03527818823
679935,7.090998466625629,FAT_015,FAT_DON_11,3,Allogenic,0.915997639457472,4.117593840790878,4.49520136670838,23.83,84,31868.482977502408,13130.743012357612,-1.2791817902647715,8213.165928083985,4.503361390421317,-0.3996358741350731,24157.890307866615,31868.482977502408
702443,6.25028849422806,FAT_015,FAT_DON_11,3,Allogenic,0.915997639457472,4.117593840790878,4.49520136670838,29.68,84,28178.723347506235,13101.484429787935,-1.104875969187466,14802.206120951718,4.449921313269688,0.10148282836741368,30232.265204129595,28178.723347506235
702444,4.302340895102743,FAT_015,FAT_DON_11,3,Allogenic,0.915997639457472,4.117593840790878,4.49520136670838,28.87,84,6772.306848441801,3325.3015146582834,-1.02616218235207,5215.4361954143615,3.8307366274590464,0.5280871335699834,9765.77457085865,6772.306848441801
702447,5.051238071959632,FAT_015,FAT_DON_11,3,Allogenic,0.915997639457472,4.117593840790878,4.49520136670838,28.94,84,7386.782566350613,3857.044450055056,-0.9374503395924076,5754.917550942061,3.868455315533252,0.2930606012246235,9050.557816099012,7386.782566350613
702459,1.378951892147863,FAT_015,FAT_DON_11,3,Allogenic,0.915997639457472,4.117593840790878,4.49520136670838,25.15,84,1052.4530913119015,4542.712972014051,2.1097982200104988,33.84069530093283,3.022202748081682,-0.003808680407256142,1049.6783046160879,1052.4530913119015
709991,10.746181277340304,FAT_015,FAT_DON_11,3,Allogenic,0.915997639457472,4.117593840790878,4.49520136670838,26.74,84,57577.682163200174,21063.6352255975,-1.4507552706926363,68757.57712664026,4.760254178013527,-0.12240309437627303,52894.093068887065,57577.682163200174
717959,9.78802361879748,FAT_015,FAT_DON_11,3,Allogenic,0.915997639457472,4.117593840790878,4.49520136670838,24.46,84,61989.41444520742,79556.63023152808,0.3599602931587422,62213.63343670755,4.79231753400577,-0.790818648655443,35830.87382362762,61989.41444520742
717960,7.814950187642428,FAT_015,FAT_DON_11,3,Allogenic,0.915997639457472,4.117593840790878,4.49520136670838,17.34,84,15794.059676036784,17583.136012091352,0.1548103564524608,11881.759263380123,4.198493774611863,-0.09942056438533957,14742.298569903722,15794.059676036784
717962,11.89659302514397,FAT_015,FAT_DON_11,3,Allogenic,0.915997639457472,4.117593840790878,4.49520136670838,28.91,84,43282.7689195083,56488.14604376476,0.3841553564641649,32462.21922396329,4.636315036017136,-0.30573178657412925,35017.1339630259,43282.7689195083
718252,11.339007937521584,FAT_015,FAT_DON_11,3,Allogenic,0.915997639457472,4.117593840790878,4.49520136670838,28.53,84,93042.95444931304,293359.2699664566,1.6566997675548498,297970.2936836156,4.9686834923551935,-0.3203513881887992,74515.75658505593,93042.95444931304
742725,3.144175606558097,FAT_015,FAT_DON_11,3,Allogenic,0.915997639457472,4.117593840790878,4.49520136670838,28.01,84,3355.647537516208,755.6346976690972,-2.150830334521292,971.313345696536,3.525776338166633,0.05612735038847703,3488.770120785776,3355.647537516208
742726,8.31533295775637,FAT_015,FAT_DON_11,3,Allogenic,0.915997639457472,4.117593840790878,4.49520136670838,24.86,84,146321.485579059,88738.73670926467,-0.7215057076182331,33060.71176009365,5.1653081018144,-0.7034065895770775,89859.00785963735,146321.485579059
742727,6.272502488433805,FAT_015,FAT_DON_11,3,Allogenic,0.915997639457472,4.117593840790878,4.49520136670838,30.68,84,8571.42783338285,3407.988813224767,-1.330614949424112,10358.965449264986,3.9330531729743137,-0.6695855187155906,5388.74765880829,8571.42783338285
742729,4.183169498954083,FAT_015,FAT_DON_11,3,Allogenic,0.915997639457472,4.117593840790878,4.49520136670838,24.15,84,352.2703583756192,72.51040028137803,-2.280423241928385,5219.165123425135,2.546876101212771,-0.6053089128550855,231.55809168281817,352.2703583756192
742733,5.703001778650248,FAT_015,FAT_DON_11,3,Allogenic,0.915997639457472,4.117593840790878,4.49520136670838,31.17,84,8253.295014891053,13203.253412638993,0.6778513520672811,7752.927169512234,3.916627369288353,-0.10708687249523406,7662.8620719953515,8253.295014891053
742740,8.307959915369727,FAT_015,FAT_DON_11,3,Allogenic,0.915997639457472,4.117593840790878,4.49520136670838,28.76,84,12223.418270316071,19781.34604167418,0.6944928088466458,15595.156868738506,4.08719267303762,0.3743977757702496,15845.196664431927,12223.418270316071
742741,6.180393144622904,FAT_015,FAT_DON_11,3,Allogenic,0.915997639457472,4.117593840790878,4.49520136670838,28.31,84,5393.004971008191,8384.492074641448,0.6366340255503049,6137.974246760215,3.7318308205997575,-0.08248347743645187,5093.318324363972,5393.004971008191
742742,2.0608908306543587,FAT_015,FAT_DON_11,3,Allogenic,0.915997639457472,4.117593840790878,4.49520136670838,29.51,84,1746.8251791615755,3437.2473957944458,0.9765184616496432,243.23322005496064,3.242249443320358,-0.06414471260241691,1670.8596096042775,1746.8251791615755
742743,2.249094457256636,FAT_015,FAT_DON_11,3,Allogenic,0.915997639457472,4.117593840790878,4.49520136670838,25.2,84,3727.5288230591295,15888.682447621257,2.091708082387,154.92004296299675,3.5714210103133985,0.27063886439928686,4496.6742409842145,3727.5288230591295
742817,1.6205748560737705,FAT_015,FAT_DON_11,3,Allogenic,0.915997639457472,4.117593840790878,4.49520136670838,27.32,84,1770.0677595080083,2082.4478115897514,0.2344757517321755,738.0840285970793,3.247989891795232,-0.6307033400277157,1143.2185640238572,1770.0677595080083
742818,0.833209683400335,FAT_015,FAT_DON_11,3,Allogenic,0.915997639457472,4.117593840790878,4.49520136670838,22.83,84,845.4488601014862,2756.667322978003,1.7051357761667525,124.87524056932592,2.927087342924377,0.1233922946820782,920.9416718000654,845.4488601014862
742820,3.0603549247517847,FAT_015,FAT_DON_11,3,Allogenic,0.915997639457472,4.117593840790878,4.49520136670838,20.18,84,1372.03857107535,73.78251256701624,-4.216898310279435,287.25189652167404,3.137366320532341,-0.48460170048504564,980.5882223944398,1372.03857107535
742821,1.8347606775667675,FAT_015,FAT_DON_11,3,Allogenic,0.915997639457472,4.117593840790878,4.49520136670838,24.75,84,2169.5496092123185,1700.814125898288,-0.3511700912360748,23.36273972240359,3.336369585214636,-0.24553971418219767,1830.0154913771692,2169.5496092123185
748224,11.809255289612324,FAT_015,FAT_DON_11,3,Allogenic,0.915997639457472,4.117593840790878,4.49520136670838,29.49,84,91371.66765627736,87691.78829818443,-0.0593051355987001,222926.0212631227,4.960811551444654,-0.31042297757937376,73682.59688924151,91371.66765627736
759350,4.13845748239032,FAT_015,FAT_DON_11,3,Allogenic,0.915997639457472,4.117593840790878,4.49520136670838,26.44,84,5623.978113200865,18448.172366325336,1.713815012652976,933.4671139285985,3.750043621874039,-0.3257152895993316,4487.38725009343,5623.978113200865
762966,7.638358032063244,FAT_015,FAT_DON_11,3,Allogenic,0.915997639457472,4.117593840790878,4.49520136670838,25.41,84,22988.364623893503,581.3553145366624,-5.305339843163634,20328.08411830151,4.361508076963881,-0.6828062378604577,14320.656183693727,22988.364623893503
762967,1.4733213979787632,FAT_015,FAT_DON_11,3,Allogenic,0.915997639457472,4.117593840790878,4.49520136670838,19.55,84,1445.3979652937778,2691.7895964104546,0.8970988776643776,11.079324797314802,3.159987439020214,-0.14954980496915676,1303.0721469493728,1445.3979652937778
762968,17.44751363514799,FAT_015,FAT_DON_11,3,Allogenic,0.915997639457472,4.117593840790878,4.49520136670838,29.47,84,196854.48690538263,27232.107698657182,-2.8537490433375776,848456.7933166024,5.294145318115533,-0.8699566828413352,107711.54655129462,196854.48690538263
762982,9.6108025077097,FAT_015,FAT_DON_11,3,Allogenic,0.915997639457472,4.117593840790878,4.49520136670838,29.47,84,22618.662330258056,7593.238232974481,-1.5747264331118782,70584.32660071221,4.354466917133835,-0.14181019981079682,20501.12970470278,22618.662330258056
762983,2.2611759636055613,FAT_015,FAT_DON_11,3,Allogenic,0.915997639457472,4.117593840790878,4.49520136670838,28.25,84,3597.515639246272,2298.7069001482478,-0.6461784337884515,6.7738884822117695,3.556002690592964,0.6107396700181968,5493.557199687527,3597.515639246272
762984,5.408680072559414,FAT_015,FAT_DON_11,3,Allogenic,0.915997639457472,4.117593840790878,4.49520136670838,30.29,84,6164.368106255422,6168.4724730596845,0.0009602572602838,2471.2735732922806,3.789888564787161,0.44528121681205285,8393.277219444908,6164.368106255422
763034,6.110503500093398,FAT_015,FAT_DON_11,3,Allogenic,0.915997639457472,4.117593840790878,4.49520136670838,29.98,84,12984.612776661745,16557.813509866955,0.3507091838190985,6210.142047255623,4.113429002754956,0.4085169903676659,17234.745336937933,12984.612776661745
862962,5.3840923965769845,FAT_015,FAT_DON_11,3,Allogenic,0.915997639457472,4.117593840790878,4.49520136670838,30.19,84,23180.842242387396,173587.35404904772,2.9046569596965037,5509.412705810583,4.365129211376331,0.0881991003286908,24642.21748248255,23180.842242387396
862965,10.390537826334256,FAT_015,FAT_DON_11,3,Allogenic,0.915997639457472,4.117593840790878,4.49520136670838,25.23,84,3901.121845021548,287.4973765542357,-3.762268362758984,8568.217891100647,3.591189514986007,0.6339843412873902,6053.935903155071,3901.121845021548
866771,0.9501542332840568,FAT_015,FAT_DON_11,3,Allogenic,0.915997639457472,4.117593840790878,4.49520136670838,18.53,84,1301.584499400226,5327.606252252828,2.0332184858545674,564.3970826593801,3.1144723679366138,-0.766459738705715,765.1472049267616,1301.584499400226
866776,7.681397439808866,FAT_015,FAT_DON_11,3,Allogenic,0.915997639457472,4.117593840790878,4.49520136670838,27.84,84,1861.5854196220864,192.0889551313699,-3.2766853429851355,11801.624419264355,3.2698829687947515,0.32684053788131107,2334.9187597677324,1861.5854196220864
868129,4.276070986894184,FAT_015,FAT_DON_11,3,Allogenic,0.915997639457472,4.117593840790878,4.49520136670838,19.76,84,1777.3310658662683,2483.163181565788,0.4824666324648594,1571.4940933500554,3.2497683319622968,-0.06304086902107432,1701.3401044526945,1777.3310658662683
873513,1.455351807580081,FAT_015,FAT_DON_11,3,Allogenic,0.915997639457472,4.117593840790878,4.49520136670838,28.44,84,2288.6678334877856,12761.830449522531,2.4792552747658623,97.08528854235188,3.359582765784507,0.8381146325574969,4091.479787020897,2288.6678334877856
883156,3.35765887173977,FAT_015,FAT_DON_11,3,Allogenic,0.915997639457472,4.117593840790878,4.49520136670838,27.18,84,561.4535814935126,1003.6965933685484,0.8380845670699743,815.7099680527994,2.749313856528832,-0.0382783949705592,546.7526686375923,561.4535814935126
888048,5.498768566403004,FAT_015,FAT_DON_11,3,Allogenic,0.915997639457472,4.117593840790878,4.49520136670838,23.96,84,911.544947961654,3234.9815423779705,1.8273717788333348,4971.897310870196,2.9597780884275644,-0.3248001493804076,727.7856712271595,911.544947961654
888833,2.525258665864761,FAT_015,FAT_DON_11,3,Allogenic,0.915997639457472,4.117593840790878,4.49520136670838,23.16,84,201.91991675963328,457.960422829756,1.1814397045875302,1338.7800846493085,2.305179158528584,0.7487940085436761,339.30371574911,201.91991675963328
889204,2.6172408380600696,FAT_015,FAT_DON_11,3,Allogenic,0.915997639457472,4.117593840790878,4.49520136670838,21.06,84,94.42298265738248,192.0889551313699,1.0245646072779877,969.506076353878,1.975077714917344,1.0173725819370818,191.1337492095176,94.42298265738248
890402,5.2998073724459,FAT_015,FAT_DON_11,3,Allogenic,0.915997639457472,4.117593840790878,4.49520136670838,25.09,84,11008.267116579142,36311.1730812571,1.7218261563929596,2042.1151634260127,4.041718959213463,0.006909316713367094,11061.114062212324,11008.267116579142
904306,5.813782664693089,FAT_015,FAT_DON_11,3,Allogenic,0.915997639457472,4.117593840790878,4.49520136670838,25.52,84,1068.4323653000738,1750.4265050381782,0.7122109044286309,5642.349505660542,3.028747035338037,0.10503809965019144,1149.1233618766662,1068.4323653000738
908338,2.078360607739378,FAT_015,FAT_DON_11,3,Allogenic,0.915997639457472,4.117593840790878,4.49520136670838,15.72,84,1248.5623629849265,50.88449142552844,-4.616898053609336,41.00198277906406,3.09641023929756,-0.6537848306391025,793.5995165228924,1248.5623629849265
927666,3.3582518986692214,FAT_015,FAT_DON_11,3,Allogenic,0.915997639457472,4.117593840790878,4.49520136670838,23.14,84,73.35939421842792,148.83713741967068,1.0206809178129723,540.9289764801246,1.86545573639315,1.54202009940997,213.62399876250706,73.35939421842792
981539,1.3771025133537318,FAT_015,FAT_DON_11,3,Allogenic,0.915997639457472,4.117593840790878,4.49520136670838,27.9,84,1151.960388420066,35.619143997869905,-5.015294452665011,111.52597823727716,3.0614375455920926,-0.04787656215524274,1114.3593575414557,1151.960388420066
997884,2.9621082559456924,FAT_015,FAT_DON_11,3,Allogenic,0.915997639457472,4.117593840790878,4.49520136670838,29.11,84,6342.319112032797,8987.473298033961,0.5029051112118739,2430.40049081263,3.802248089647609,-0.24514414477419144,5351.214365328869,6342.319112032797
999410,6.20680641968161,FAT_015,FAT_DON_11,3,Allogenic,0.915997639457472,4.117593840790878,4.49520136670838,31.57,84,10032.8050726648,16802.059068709492,0.7439130185314413,8886.565091102228,4.001422374422374,-0.047232044933775336,9709.662001312088,10032.8050726648
999412,6.973159982699701,FAT_015,FAT_DON_11,3,Allogenic,0.915997639457472,4.117593840790878,4.49520136670838,30.37,84,33854.99726648657,10744.26036450033,-1.655802631790496,3733.454194396773,4.529622783067726,0.03146473506132811,34601.47497847061,33854.99726648657
999413,5.786495918162814,FAT_015,FAT_DON_11,3,Allogenic,0.915997639457472,4.117593840790878,4.49520136670838,27.68,84,5992.227745564657,13026.42980493528,1.1202773718481844,4059.304361351766,3.7775883111604327,-0.1770553006732557,5300.164571484922,5992.227745564657
1002367,4.184346093205399,FAT_015,FAT_DON_11,3,Allogenic,0.915997639457472,4.117593840790878,4.49520136670838,19.59,84,7174.694020689416,17459.741120384446,1.283042956382842,2621.049418690854,3.855803384436037,-0.6489265014603148,4575.694729577256,7174.694020689416
1035839,3.003814736301801,FAT_015,FAT_DON_11,3,Allogenic,0.915997639457472,4.117593840790878,4.49520136670838,26.73,84,266.563343348149,418.5249419749714,0.6508352018733915,405.3579451729556,2.425800426862597,1.2934003223993236,653.3602673737857,266.563343348149
1042156,5.953819690468619,FAT_015,FAT_DON_11,3,Allogenic,0.915997639457472,4.117593840790878,4.49520136670838,29.17,84,2704.855287816095,3818.881081485909,0.4975985850432576,3283.7655858574917,3.4321440349198125,0.021303559047506485,2745.092891715203,2704.855287816095
1042403,4.183734122147132,FAT_015,FAT_DON_11,3,Allogenic,0.915997639457472,4.117593840790878,4.49520136670838,24.15,84,333.3857618441427,76.32673713829266,-2.1269320668239264,5233.014227717352,2.5229470481477687,-0.5590008742600744,226.29294654598453,333.3857618441427
1077285,5.350370506582749,FAT_015,FAT_DON_11,3,Allogenic,0.915997639457472,4.117593840790878,4.49520136670838,29.25,84,8925.877183665947,5856.8049630783225,-0.6078801036535154,7314.487538091893,3.950650906835328,-0.010967576207374447,8858.278647774321,8925.877183665947
1121100,5.919313750389216,FAT_015,FAT_DON_11,3,Allogenic,0.915997639457472,4.117593840790878,4.49520136670838,30.12,84,36076.84268147836,37241.08716205863,0.0458221049327023,6820.666624733963,4.5572285226057305,-0.0029616009929938803,36002.85918683394,36076.84268147836
1121101,9.53989303312392,FAT_015,FAT_DON_11,3,Allogenic,0.915997639457472,4.117593840790878,4.49520136670838,28.91,84,30807.313918560598,4910.353422563495,-2.6493741283381564,119016.79901234228,4.48865383394819,0.11699918559927448,33409.81711198283,30807.313918560598
1121114,4.4864120393604665,FAT_015,FAT_DON_11,3,Allogenic,0.915997639457472,4.117593840790878,4.49520136670838,30.63,84,2766.5933918613064,2796.102803832788,0.015306779367254,4910.213764952458,3.4419453352714537,-0.13785061640406726,2514.4798795179217,2766.5933918613064
1121115,11.456591605319494,FAT_015,FAT_DON_11,3,Allogenic,0.915997639457472,4.117593840790878,4.49520136670838,29.66,84,107344.40466872737,95815.49735427005,-0.1639160688338125,127202.36010563617,5.030779411745463,-0.13750036608976368,97586.03601470744,107344.40466872737
1121130,6.7264473131297216,FAT_015,FAT_DON_11,3,Allogenic,0.915997639457472,4.117593840790878,4.49520136670838,22.85,84,14003.654658725643,3140.845233240743,-2.1565786289931794,9047.186374688084,4.14624139217732,-0.7506290146803966,8322.993263899802,14003.654658725643
1121315,3.455254076268063,FAT_015,FAT_DON_11,3,Allogenic,0.915997639457472,4.117593840790878,4.49520136670838,27.76,84,443.7880184896976,408.3480436898657,-0.1200714017150632,745.0741279059262,2.6471755728530617,0.0824536460507068,469.89042295649074,443.7880184896976
1121333,6.338962811190515,FAT_015,FAT_DON_11,3,Allogenic,0.915997639457472,4.117593840790878,4.49520136670838,27.95,84,4445.143491255236,7319.734091562266,0.7195612491406359,4339.8274648205,3.6478857847560686,-0.2513787128746348,3734.334800746458,4445.143491255236
1121344,3.042435363961133,FAT_015,FAT_DON_11,3,Allogenic,0.915997639457472,4.117593840790878,4.49520136670838,25.19,84,667.4978543241114,1300.0987559222517,0.96178611062995,613.1462892648591,2.8244498739966186,-0.07505793417454429,633.6583824805807,667.4978543241114
1122949,1.1931068007966656,FAT_015,FAT_DON_11,3,Allogenic,0.915997639457472,4.117593840790878,4.49520136670838,16.35,84,573.801202302555,118.30644256435365,-2.2780223509750708,67.90712293440858,2.758761453900949,0.49427037305585947,808.2610713156798,573.801202302555
1122975,2.78940345311025,FAT_015,FAT_DON_11,3,Allogenic,0.915997639457472,4.117593840790878,4.49520136670838,18.97,84,1460.6509086461242,1826.753242176471,0.3226703484990623,776.042060811818,3.1645464332072493,-0.4015404190455043,1105.7850717392917,1460.6509086461242
1122981,1.8407925870707569,FAT_015,FAT_DON_11,3,Allogenic,0.915997639457472,4.117593840790878,4.49520136670838,19.75,84,1920.418201123994,3308.764054944987,0.7848719034166626,923.0496992035067,3.28339581342411,-0.534582122006955,1325.7772414266926,1920.418201123994
1123075,2.278747927162844,FAT_015,FAT_DON_11,3,Allogenic,0.915997639457472,4.117593840790878,4.49520136670838,29.66,84,1187.550589575541,1722.4400347541375,0.536464784170915,1633.5156791520974,3.0746521196068124,-0.02939114040223291,1163.6021224373044,1187.550589575541
1123263,4.032554522805119,FAT_015,FAT_DON_11,3,Allogenic,0.915997639457472,4.117593840790878,4.49520136670838,14.87,84,1471.5458681835146,1770.7803016083897,0.267052718028953,1305.1184748040766,3.167773803634769,-0.1478185860737082,1328.238227405912,1471.5458681835146
1123313,4.3408760344753965,FAT_015,FAT_DON_11,3,Allogenic,0.915997639457472,4.117593840790878,4.49520136670838,26.01,84,1691.624050838798,2282.1694404349505,0.4319969316897581,1455.5590859509618,3.228303851145188,-0.3258628057312197,1349.6133705918573,1691.624050838798
1124991,3.74674937428502,FAT_015,FAT_DON_11,3,Allogenic,0.915997639457472,4.117593840790878,4.49520136670838,30.22,84,11685.207269168994,11.449010570743898,-9.995244683881676,8.723336634901905,4.067636420199193,1.1135354594885707,25283.89596859331,11685.207269168994
1150460,2.117336366896624,FAT_015,FAT_DON_11,3,Allogenic,0.915997639457472,4.117593840790878,4.49520136670838,25.62,84,2800.730931745129,15705.498278489353,2.4873944207743914,95.23776639352415,3.4472713878413006,-0.05563933537436536,2694.773568503964,2800.730931745129
1156431,1.97413790533614,FAT_015,FAT_DON_11,3,Allogenic,0.915997639457472,4.117593840790878,4.49520136670838,21.31,84,80.6227005766881,235.34077284306903,1.5454932751475692,595.5078060885379,1.9064573413971648,1.377128555555044,209.41816243602614,80.6227005766881
1156433,1.8409374335496824,FAT_015,FAT_DON_11,3,Allogenic,0.915997639457472,4.117593840790878,4.49520136670838,24.16,84,101.68628901564269,199.72162884519912,0.9738654129280232,550.4504590589819,2.0072623982887454,0.9957238396219669,202.77067244666978,101.68628901564269
1160721,14.961442038761277,FAT_015,FAT_DON_11,3,Allogenic,0.915997639457472,4.117593840790878,4.49520136670838,26.89,84,61919.68670416812,66116.76393376038,0.0946179421808232,936736.78252279,4.791828750275043,-1.0859357019454459,29169.53665657682,61919.68670416812
1203465,6.862228016230692,FAT_015,FAT_DON_11,3,Allogenic,0.915997639457472,4.117593840790878,4.49520136670838,30.79,84,28664.63854287384,2677.7963612684343,-3.420153929839286,49986.84830535876,4.457346469751892,-0.4631918882872717,20792.744529408053,28664.63854287384
1203540,1.6245093109219952,FAT_015,FAT_DON_11,3,Allogenic,0.915997639457472,4.117593840790878,4.49520136670838,25.0,84,2079.4846103698924,6282.962578767124,1.595218979360454,307.3072417481573,3.317955710632106,-0.3331184125867885,1650.7339233648318,2079.4846103698924
1203606,6.296724787119145,FAT_015,FAT_DON_11,3,Allogenic,0.915997639457472,4.117593840790878,4.49520136670838,29.5,84,7364.992647275832,13123.110338643786,0.8333537068798743,5800.1769542158,3.867172317607825,-0.16354603089319908,6575.670705980671,7364.992647275832
1203610,4.079736333547973,FAT_015,FAT_DON_11,3,Allogenic,0.915997639457472,4.117593840790878,4.49520136670838,30.83,84,3462.4181409826324,2787.19801783332,-0.31296446009809,3438.698497449092,3.5393795145375493,-0.40007216945195057,2623.8910072931167,3462.4181409826324
1203611,6.665698852527044,FAT_015,FAT_DON_11,3,Allogenic,0.915997639457472,4.117593840790878,4.49520136670838,24.03,84,37570.90479937248,45215.95908072457,0.2672162051565373,5860.459821674169,4.574851654063733,-0.5479675528028263,25697.861493273977,37570.90479937248
1211844,1.3222483791847182,FAT_015,FAT_DON_11,3,Allogenic,0.915997639457472,4.117593840790878,4.49520136670838,26.51,84,1465.0088924610802,1297.5545313509751,-0.1751142507727406,626.5713707497102,3.165840260823273,-0.47488702151508205,1054.1077898944206,1465.0088924610802
1233170,3.959367755367682,FAT_015,FAT_DON_11,3,Allogenic,0.915997639457472,4.117593840790878,4.49520136670838,21.7,84,337.74374565909886,525.3823739685811,0.6374387464054142,698.951571148532,2.528587315500461,0.018339579778866407,342.06455857848874,337.74374565909886
1235789,5.936544895741457,FAT_015,FAT_DON_11,3,Allogenic,0.915997639457472,4.117593840790878,4.49520136670838,30.99,84,9373.296855334776,2615.462859272162,-1.8414902908060908,9152.908886458485,3.9718923714903953,-0.41307751945339577,7039.529732842255,9373.296855334776
1235811,2.151872347342749,FAT_015,FAT_DON_11,3,Allogenic,0.915997639457472,4.117593840790878,4.49520136670838,17.8,84,1839.06916991148,2285.985777291865,0.3138406850629632,867.8948767604192,3.264598063955825,0.5284130041100568,2652.5661811352584,1839.06916991148
1256908,7.866879147540364,FAT_015,FAT_DON_11,3,Allogenic,0.915997639457472,4.117593840790878,4.49520136670838,29.47,84,35373.75462599877,42092.923419482766,0.2508983535008142,60158.824628038994,4.548681158961257,0.28976217167390983,43242.248105287516,35373.75462599877
1282887,5.116022623644152,FAT_015,FAT_DON_11,3,Allogenic,0.915997639457472,4.117593840790878,4.49520136670838,29.51,84,1160.6763560499785,337.1097556941259,-1.7836754624960522,3810.69335639527,3.06471113758848,-0.6698573233236236,729.564998968856,1160.6763560499785
1292036,4.840559625032269,FAT_015,FAT_DON_11,3,Allogenic,0.915997639457472,4.117593840790878,4.49520136670838,18.75,84,406.7451560625707,643.6888165329348,0.6622382387307065,765.1547700525003,2.609322389616708,-0.05959696319788449,390.28505021557237,406.7451560625707
1322347,5.411137618444307,FAT_015,FAT_DON_11,3,Allogenic,0.915997639457472,4.117593840790878,4.49520136670838,25.09,84,13129.15257319112,41549.73147351525,1.6620653533521628,2137.634983626727,4.118236695269672,-0.18639880619313012,11537.854647033791,13129.15257319112
1384484,4.204232481861407,FAT_015,FAT_DON_11,3,Allogenic,0.915997639457472,4.117593840790878,4.49520136670838,25.0,84,5265.170779102811,2425.9181287120687,-1.1179494643512295,3784.148030704349,3.7214124623627423,0.6954227831263861,8526.201257025992,5265.170779102811
1408437,8.283697299192687,FAT_015,FAT_DON_11,3,Allogenic,0.915997639457472,4.117593840790878,4.49520136670838,26.48,84,9302.842783659651,15376.021196509057,0.7249386793348608,5846.360628063958,3.968615681521751,0.13844909405178607,10239.83625033548,9302.842783659651
1410647,4.390543527622363,FAT_015,FAT_DON_11,3,Allogenic,0.915997639457472,4.117593840790878,4.49520136670838,25.61,84,10668.344379012566,64317.99716186795,2.59188618063202,45.09861849161691,4.028097026467675,-0.6149675692864751,6965.837544781206,10668.344379012566
1410665,4.146997223595728,FAT_015,FAT_DON_11,3,Allogenic,0.915997639457472,4.117593840790878,4.49520136670838,29.3,84,25131.039999580255,181156.42214859507,2.849693670742829,227.44371335638004,4.400210461403284,-0.2588742519191991,21003.01035408225,25131.039999580255
1437612,4.112320760928161,FAT_015,FAT_DON_11,3,Allogenic,0.915997639457472,4.117593840790878,4.49520136670838,25.15,84,112532.5844004326,649372.6142251663,2.5287037417554177,117.22960074490788,5.051278292903608,-2.0526370189485292,27125.201934559725,112532.5844004326
1440052,1.396191534060561,FAT_015,FAT_DON_11,3,Allogenic,0.915997639457472,4.117593840790878,4.49520136670838,31.07,84,1558.7055444826367,2074.815137875922,0.4126343869367254,81.47391333127597,3.19276408024044,-0.7790843139996733,908.3146786398648,1558.7055444826367
1899017,2.4099546785135733,FAT_015,FAT_DON_11,3,Allogenic,0.915997639457472,4.117593840790878,4.49520136670838,21.4,84,1047.3687768611194,3.8163368569146328,-8.100365267538303,867.7985072762507,3.020099622993918,-0.6062229769217925,688.03150154791,1047.3687768611194
818,5.459546684554261,FAT_008,FAT_DON_11,3,Allogenic,1.1112764272428564,4.117593840790878,3.70528316793948,29.11,84,24616.263572553868,11342.860020683118,-1.1178273448266065,31828.58137034028,4.391222133365048,-0.6590887018113938,15588.94282900168,24616.263572553868
904,1.8082004677754848,FAT_008,FAT_DON_11,3,Allogenic,1.1112764272428564,4.117593840790878,3.70528316793948,23.81,84,1365.6510710566415,4266.056787653147,1.6433142535082326,531.3385560830724,3.1353397496586326,0.05826707805417376,1421.9354704574487,1365.6510710566415
1547,2.0419723866982635,FAT_008,FAT_DON_11,3,Allogenic,1.1112764272428564,4.117593840790878,3.70528316793948,28.34,84,2648.395837630924,3022.724422403066,0.1907306884214203,614.8686787921533,3.422982896647982,0.3728520383741917,3429.4347496537694,2648.395837630924
205913,2.0622034642979403,FAT_008,FAT_DON_11,3,Allogenic,1.1112764272428564,4.117593840790878,3.70528316793948,24.89,84,707.0065410023423,15113.62211201533,4.417982083770341,2484.957418232842,2.8494234317715565,0.72864673528756,1171.5692258233332,707.0065410023423
206672,1.938051765374132,FAT_008,FAT_DON_11,3,Allogenic,1.1112764272428564,4.117593840790878,3.70528316793948,25.09,84,165.81260896471872,13001.99534086929,6.293035513535629,2067.5904068101377,2.2196175527256385,1.264102356415678,398.24495203503886,165.81260896471872
207244,3.301857517624279,FAT_008,FAT_DON_11,3,Allogenic,1.1112764272428564,4.117593840790878,3.70528316793948,29.93,84,1709.9425299486618,1785.5068064902805,0.0623857957115726,991.1781272767964,3.23298151428362,-1.3905227325984446,652.2175220804157,1709.9425299486618
213810,3.7939842438035103,FAT_008,FAT_DON_11,3,Allogenic,1.1112764272428564,4.117593840790878,3.70528316793948,22.4,84,1980.5394959674736,7832.993901075511,1.98367036327187,17090.864816563542,3.296783507537938,-1.0564149348815812,952.2937286212807,1980.5394959674736
226186,6.612232211605899,FAT_008,FAT_DON_11,3,Allogenic,1.1112764272428564,4.117593840790878,3.70528316793948,29.11,84,20804.876519267626,10808.838578559313,-0.9447102134982428,31055.54262608152,4.318165142519746,-0.29893886190783237,16911.24487663091,20804.876519267626
246201,0.0,FAT_008,FAT_DON_11,3,Allogenic,1.1112764272428564,4.117593840790878,3.70528316793948,22.8,84,92.1181160915104,146.75398409509154,0.6718428583534775,407.4128339795628,1.9643450476223323,0.7870511720509764,158.95385262252108,92.1181160915104
264199,8.405672634951303,FAT_008,FAT_DON_11,3,Allogenic,1.1112764272428564,4.117593840790878,3.70528316793948,24.34,84,2703.6667072858304,527.9066927865098,-2.356562453624971,82988.82486059259,3.4319531532059657,-1.0508157593411795,1305.046810920553,2703.6667072858304
272559,3.3815603235462324,FAT_008,FAT_DON_11,3,Allogenic,1.1112764272428564,4.117593840790878,3.70528316793948,30.39,84,1827.3931279653375,1198.4908701099143,-0.60856811620029,5153.241891717636,3.261831987385237,-1.8390547000171051,510.76526965840657,1827.3931279653375
272621,4.274017094600697,FAT_008,FAT_DON_11,3,Allogenic,1.1112764272428564,4.117593840790878,3.70528316793948,14.99,84,23.0295290228776,16.30599823278795,-0.4980821430888349,541.989745235143,1.36228505629437,-0.7373966768878991,13.813589244414297,23.0295290228776
295405,4.568736831723362,FAT_008,FAT_DON_11,3,Allogenic,1.1112764272428564,4.117593840790878,3.70528316793948,30.39,84,6511.599331218641,2240.0365072292443,-1.5394896861294245,8720.847778857322,3.813687669891863,-0.3120332010521689,5245.13072615968,6511.599331218641
314315,3.156830548613596,FAT_008,FAT_DON_11,3,Allogenic,1.1112764272428564,4.117593840790878,3.70528316793948,15.29,84,8.06033515800716,52.99449425656083,2.7169307478820155,265.5678333656392,0.9063531006446456,1.3236193659478597,20.174474569517074,8.06033515800716
321956,7.219959432017759,FAT_008,FAT_DON_11,3,Allogenic,1.1112764272428564,4.117593840790878,3.70528316793948,15.51,84,48902.05340362944,18.34424801188644,-11.38035156484968,82.86219439048818,4.689327095588694,-1.054725250102434,23540.905184249383,48902.05340362944
321967,4.270814865622361,FAT_008,FAT_DON_11,3,Allogenic,1.1112764272428564,4.117593840790878,3.70528316793948,22.05,84,3.45442935343164,73.37699204754577,4.408808452519684,1051.179973055832,0.5383763153500514,1.206197092066901,7.970357852344183,3.45442935343164
347253,7.852732660098983,FAT_008,FAT_DON_11,3,Allogenic,1.1112764272428564,4.117593840790878,3.70528316793948,25.68,84,1610.9155551502884,7205.212969113175,2.161160204330535,24999.847962886084,3.207072775122217,-1.406076648595008,607.8571474564899,1610.9155551502884
349741,14.322742403970082,FAT_008,FAT_DON_11,3,Allogenic,1.1112764272428564,4.117593840790878,3.70528316793948,28.37,84,2453808.9836285706,4465.8052660048,-9.101886888678326,31547.830856312212,6.389840752121677,-1.3352590350091946,972495.7915471373,2453808.9836285706
354242,2.862728866699367,FAT_008,FAT_DON_11,3,Allogenic,1.1112764272428564,4.117593840790878,3.70528316793948,25.28,84,852.0925738464713,1390.0863493451725,0.7060924203063874,404.0819684209075,2.930486780361365,-0.05091776070488088,822.5437505666584,852.0925738464713
367928,3.3303536810870944,FAT_008,FAT_DON_11,3,Allogenic,1.1112764272428564,4.117593840790878,3.70528316793948,25.27,84,3227.5884925562955,902.9446521406328,-1.837747188678948,86.50858026445366,3.508878158390675,0.032117331820945935,3300.2469521568246,3227.5884925562955
390333,7.111729159866535,FAT_008,FAT_DON_11,3,Allogenic,1.1112764272428564,4.117593840790878,3.70528316793948,15.23,84,47831.18030406563,32.6119964655759,-10.518332913254469,100.74617828669386,4.679711097853316,-0.9930726379528967,24030.70134061225,47831.18030406563
391904,3.3940205441209192,FAT_008,FAT_DON_11,3,Allogenic,1.1112764272428564,4.117593840790878,3.70528316793948,26.99,84,191.14509088988407,3499.6748707121133,4.194480844453737,646.4086510515107,2.281363148670444,0.9152882561146433,360.4892915912685,191.14509088988407
411459,7.602235398354293,FAT_008,FAT_DON_11,3,Allogenic,1.1112764272428564,4.117593840790878,3.70528316793948,29.69,84,57032.62862515638,288228.901262318,2.3373555716054724,101602.94011973082,4.756123388612845,-1.3926712925548161,21721.38710806134,57032.62862515638
411460,6.662966940288325,FAT_008,FAT_DON_11,3,Allogenic,1.1112764272428564,4.117593840790878,3.70528316793948,29.93,84,19183.59767605704,34360.8147760424,0.8408909390219471,6037.826826987191,4.282930057701158,-0.7196982063784695,11648.74959804431,19183.59767605704
411461,12.959304162031913,FAT_008,FAT_DON_11,3,Allogenic,1.1112764272428564,4.117593840790878,3.70528316793948,31.07,84,91512.43947820872,241471.45132979852,1.3998128618847645,51566.3675839195,4.961480132640739,-1.1381911085879215,41576.74330487909,91512.43947820872
411462,9.4362694532535,FAT_008,FAT_DON_11,3,Allogenic,1.1112764272428564,4.117593840790878,3.70528316793948,28.31,84,28306.74559847,189318.75423200536,2.7415995353850877,119980.70770093064,4.451889941782265,-0.9992195367301876,14161.031504436163,28306.74559847
411463,5.571035926385577,FAT_008,FAT_DON_11,3,Allogenic,1.1112764272428564,4.117593840790878,3.70528316793948,26.73,84,28800.728996010726,64730.73648460996,1.168345589243425,18442.8369130503,4.45940348063902,-0.8060482464983147,16472.472094317174,28800.728996010726
411464,2.2898980558020274,FAT_008,FAT_DON_11,3,Allogenic,1.1112764272428564,4.117593840790878,3.70528316793948,28.1,84,219.93200216848103,55377.20824832698,7.976090969071198,16980.582791488836,2.3422884278781164,0.8122978558620754,386.2019372210882,219.93200216848103
411466,4.527184316931969,FAT_008,FAT_DON_11,3,Allogenic,1.1112764272428564,4.117593840790878,3.70528316793948,23.67,84,2799.239252730772,5917.039108722927,1.0798406303964605,1524.1213405510653,3.4470400194737247,-0.3449458415154341,2203.946126146358,2799.239252730772
411467,5.100648363654844,FAT_008,FAT_DON_11,3,Allogenic,1.1112764272428564,4.117593840790878,3.70528316793948,27.37,84,24513.782168402064,59457.78430608216,1.278272611141401,14859.398759475887,4.389410322600336,-0.35471908703162364,19170.31448158447,24513.782168402064
411468,6.338170308707135,FAT_008,FAT_DON_11,3,Allogenic,1.1112764272428564,4.117593840790878,3.70528316793948,27.59,84,19398.923772420945,23635.544438426132,0.284981481423097,3231.584578586118,4.287777636493938,-0.045333366037567116,18798.8348909126,19398.923772420945
411469,12.134591924634334,FAT_008,FAT_DON_11,3,Allogenic,1.1112764272428564,4.117593840790878,3.70528316793948,29.85,84,80762.25533032946,110204.08905629737,0.4484246508362696,129418.6931376056,4.907208438352837,-1.1265726646944816,36989.31374237951,80762.25533032946
411470,8.499792289947095,FAT_008,FAT_DON_11,3,Allogenic,1.1112764272428564,4.117593840790878,3.70528316793948,31.06,84,19500.253700121608,32546.77247264475,0.7390215907542685,15430.29847983428,4.290040261611038,-1.625462814156935,6320.147263094213,19500.253700121608
411471,11.197298225908575,FAT_008,FAT_DON_11,3,Allogenic,1.1112764272428564,4.117593840790878,3.70528316793948,28.72,84,144045.0981322948,140496.55727325918,-0.0359857872012472,27871.987037834664,5.158498483787431,-0.06395122616088995,137799.3745730872,144045.0981322948
411472,2.477461731972891,FAT_008,FAT_DON_11,3,Allogenic,1.1112764272428564,4.117593840790878,3.70528316793948,28.51,84,1941.3892966285816,1820.1570527349547,-0.093026504022332,1024.2889899834663,3.2881126309191124,-0.1465407752011845,1753.8783291347604,1941.3892966285816
411473,6.749000541006111,FAT_008,FAT_DON_11,3,Allogenic,1.1112764272428564,4.117593840790878,3.70528316793948,29.04,84,9267.082478805947,21419.96692854607,1.2087691355162191,22321.57589840618,3.966943028342241,-0.6888457830822956,5748.834223134513,9267.082478805947
411474,4.207927243679732,FAT_008,FAT_DON_11,3,Allogenic,1.1112764272428564,4.117593840790878,3.70528316793948,27.02,84,6509.296378316353,37124.681476499965,2.5118051389185103,14260.192040855203,3.813534046090508,-0.3291058136043608,5181.593323402923,6509.296378316353
411475,9.357996587698551,FAT_008,FAT_DON_11,3,Allogenic,1.1112764272428564,4.117593840790878,3.70528316793948,28.82,84,41651.20619077643,27744.655993088694,-0.5861483605927523,17829.542507480248,4.619627582799546,-0.9982803041265425,20850.442064250525,41651.20619077643
411476,5.205092758767422,FAT_008,FAT_DON_11,3,Allogenic,1.1112764272428564,4.117593840790878,3.70528316793948,29.68,84,7333.753517335372,2052.5175275521838,-1.8371572368212217,16152.685635077798,3.86532630951605,-0.9909348462516736,3689.9900665954447,7333.753517335372
411477,7.453563575878995,FAT_008,FAT_DON_11,3,Allogenic,1.1112764272428564,4.117593840790878,3.70528316793948,29.89,84,2199.320021684811,18291.253517629884,3.056024497551762,95667.60176324152,3.3422884278781164,-1.88189485092612,596.7351621568413,2199.320021684811
411479,10.49574054676051,FAT_008,FAT_DON_11,3,Allogenic,1.1112764272428564,4.117593840790878,3.70528316793948,30.29,84,95812.05254677996,33671.886350707115,-1.5086626038186544,56702.2985170426,4.981420143998392,-1.1249674455524963,43931.01107968098,95812.05254677996
411483,14.624537745111434,FAT_008,FAT_DON_11,3,Allogenic,1.1112764272428564,4.117593840790878,3.70528316793948,28.13,84,823129.4866708491,571955.3087626074,-0.5252169765332776,363790.8903020438,5.915468159541797,-1.2027750946156168,357599.39718697616,823129.4866708491
411484,10.69671040771518,FAT_008,FAT_DON_11,3,Allogenic,1.1112764272428564,4.117593840790878,3.70528316793948,27.82,84,21405.94722676473,55896.96194199709,1.3847581961041835,174205.77825472775,4.330534450402287,-0.8409986700739804,11950.019787033949,21405.94722676473
411485,10.519585129309824,FAT_008,FAT_DON_11,3,Allogenic,1.1112764272428564,4.117593840790878,3.70528316793948,29.4,84,96841.4724941026,326678.445095232,1.7541743448934888,393027.3180631168,4.986061384355007,-0.746307817307016,57729.83887105572,96841.4724941026
411486,10.477769936738229,FAT_008,FAT_DON_11,3,Allogenic,1.1112764272428564,4.117593840790878,3.70528316793948,26.21,84,54383.081311074304,94664.47274045044,0.7996651927823802,34355.536903921515,4.73546381079994,-0.9751203799455789,27664.531960923967,54383.081311074304
411487,8.348393342026153,FAT_008,FAT_DON_11,3,Allogenic,1.1112764272428564,4.117593840790878,3.70528316793948,31.0,84,32703.08268893734,50430.37603445493,0.6248663479821974,23195.374967399013,4.514588692467428,-1.4106376332571957,12301.114241420872,32703.08268893734
411489,8.338351773936767,FAT_008,FAT_DON_11,3,Allogenic,1.1112764272428564,4.117593840790878,3.70528316793948,27.23,84,24839.65000407578,45139.07960791524,0.8617321562547322,21159.962145713784,4.395145472246513,-0.42156832518252607,18545.594562189242,24839.65000407578
411490,5.858185688560291,FAT_008,FAT_DON_11,3,Allogenic,1.1112764272428564,4.117593840790878,3.70528316793948,30.71,84,9731.12748861693,11183.876537913437,0.2007414631723131,2949.8480311255494,3.988163162335825,-1.3952286086196284,3699.6232522110736,9731.12748861693
411901,1.349610191865988,FAT_008,FAT_DON_11,3,Allogenic,1.1112764272428564,4.117593840790878,3.70528316793948,29.11,84,1453.1632813435767,307.77571664387256,-2.239245503858943,1948.4553350298104,3.1623144155385043,0.23436094209937125,1709.4802549605172,1453.1632813435767
411902,6.286832361910864,FAT_008,FAT_DON_11,3,Allogenic,1.1112764272428564,4.117593840790878,3.70528316793948,31.82,84,29741.48525659528,29254.99907940068,-0.0237935230119752,7561.77860594908,4.473362652909439,-0.9840296426184532,15036.273403473697,29741.48525659528
411903,12.822851109393028,FAT_008,FAT_DON_11,3,Allogenic,1.1112764272428564,4.117593840790878,3.70528316793948,26.62,84,123964.50030079667,545668.0013615742,2.138096409441108,78558.74118886735,5.0932973341074685,-0.6486141654335248,79076.05862260726,123964.50030079667
428125,5.044795410801947,FAT_008,FAT_DON_11,3,Allogenic,1.1112764272428564,4.117593840790878,3.70528316793948,26.43,84,15313.48532376246,25304.8710075078,0.7246124449763097,5957.150111264262,4.185074046649386,-0.7186495299027158,9305.484322519293,15313.48532376246
428126,3.111829989829135,FAT_008,FAT_DON_11,3,Allogenic,1.1112764272428564,4.117593840790878,3.70528316793948,27.15,84,5680.233333492761,8797.086046589098,0.6310755292920516,855.41375454433,3.75436617609253,-0.4164134936750461,4256.113724402617,5680.233333492761
428127,6.475241054234599,FAT_008,FAT_DON_11,3,Allogenic,1.1112764272428564,4.117593840790878,3.70528316793948,17.97,84,14943.861382945275,26429.984885570168,0.8226226219545762,4871.297505540306,4.174462830453124,-0.7827897484687414,8685.996216743946,14943.861382945275
428128,4.02120489210571,FAT_008,FAT_DON_11,3,Allogenic,1.1112764272428564,4.117593840790878,3.70528316793948,26.14,84,2076.112041412416,6636.541280744696,1.676547254632433,1179.6121588105975,3.317250787352791,-0.5165572739825711,1451.2811464963852,2076.112041412416
435590,14.651433303032965,FAT_008,FAT_DON_11,3,Allogenic,1.1112764272428564,4.117593840790878,3.70528316793948,30.99,84,206107.37589604768,12747.21411848198,-4.0151422468992894,563916.722966483,5.314093534009364,-1.4742204926190454,74183.77772454673,206107.37589604768
435591,6.860298765361055,FAT_008,FAT_DON_11,3,Allogenic,1.1112764272428564,4.117593840790878,3.70528316793948,30.59,84,16437.326340078886,3104.254413567006,-2.404656946851748,12234.390987313918,4.215831177548274,-1.1251157409076575,7535.942757757926,16437.326340078886
435830,2.504223551327824,FAT_008,FAT_DON_11,3,Allogenic,1.1112764272428564,4.117593840790878,3.70528316793948,21.31,84,1815.8783634538988,1681.556067756257,-0.1108706838588047,363.4601023098284,3.259086753959292,-0.7938051290883734,1047.4362484745513,1815.8783634538988
442563,2.446290213474541,FAT_008,FAT_DON_11,3,Allogenic,1.1112764272428564,4.117593840790878,3.70528316793948,24.15,84,188.84213798759637,83.56824094303823,-1.176154048201473,5163.893686555394,2.2760989086780867,0.33158242774342384,237.63760429864865,188.84213798759637
445970,8.401617464581532,FAT_008,FAT_DON_11,3,Allogenic,1.1112764272428564,4.117593840790878,3.70528316793948,17.81,84,2294.892567129753,273679.8743391129,6.897918919536737,229264.18822724267,3.3607623593308764,-0.02391035317054055,2257.171852235647,2294.892567129753
445972,9.940855510921784,FAT_008,FAT_DON_11,3,Allogenic,1.1112764272428564,4.117593840790878,3.70528316793948,25.15,84,48636.06234341521,75176.76660248973,0.6282604350253025,17485.78535471571,4.686958406483615,-0.9835876266989506,24596.257297615462,48636.06234341521
445973,6.352518337654938,FAT_008,FAT_DON_11,3,Allogenic,1.1112764272428564,4.117593840790878,3.70528316793948,29.52,84,3827.5077236022576,6881.131254236514,0.8462404737353678,6072.800315415098,3.5829160757424625,-1.2433420809337996,1616.7125682341698,3827.5077236022576
449673,5.240201845269879,FAT_008,FAT_DON_11,3,Allogenic,1.1112764272428564,4.117593840790878,3.70528316793948,29.11,84,6336.574910644771,3729.997095750244,-0.7645287283594283,6490.531528462775,3.8018545734415454,-0.6836400506958786,3945.1035954824097,6336.574910644771
450749,2.2559097166390605,FAT_008,FAT_DON_11,3,Allogenic,1.1112764272428564,4.117593840790878,3.70528316793948,27.8,84,50.66496385033072,69.30049248934878,0.4518771744115694,5222.961504645643,1.7047077371165764,0.5067286886935911,71.9860381243862,50.66496385033072
451640,2.145238951102559,FAT_008,FAT_DON_11,3,Allogenic,1.1112764272428564,4.117593840790878,3.70528316793948,25.98,84,2548.2173863814064,2028.0585302030013,-0.3293890685714729,901.6039978203448,3.4062364745576468,0.6386320142590808,3967.1979150509105,2548.2173863814064
457387,4.888928273133783,FAT_008,FAT_DON_11,3,Allogenic,1.1112764272428564,4.117593840790878,3.70528316793948,29.03,84,18140.360011320685,3365.150385291613,-2.4304602036718133,12211.717026591074,4.258645901763686,-0.9484357238826042,9400.226105916317,18140.360011320685
457388,5.733871520527956,FAT_008,FAT_DON_11,3,Allogenic,1.1112764272428564,4.117593840790878,3.70528316793948,30.59,84,21238.98314134887,4520.838010040459,-2.2320525666219435,18207.428740201027,4.327133720193211,-0.843636174260128,11835.154352530757,21238.98314134887
457390,4.27615795756362,FAT_008,FAT_DON_11,3,Allogenic,1.1112764272428564,4.117593840790878,3.70528316793948,29.68,84,8296.387830491654,2244.113006787441,-1.8863380096992133,18205.570996970026,3.918889045780397,-1.1140750779868605,3832.8253467888076,8296.387830491654
457391,6.113055080491759,FAT_008,FAT_DON_11,3,Allogenic,1.1112764272428564,4.117593840790878,3.70528316793948,30.88,84,21627.030705384357,2449.976234476389,-3.1419959434952704,32338.12601285365,4.334996896841437,-1.0556615706212285,10404.257657963373,21627.030705384357
457392,3.453969567694377,FAT_008,FAT_DON_11,3,Allogenic,1.1112764272428564,4.117593840790878,3.70528316793948,30.19,84,3935.7465100097816,1253.5236141455737,-1.6506481296510096,2948.334263825396,3.595027119015107,-0.9083136151546972,2096.9953883726457,3935.7465100097816
457393,10.578787578774074,FAT_008,FAT_DON_11,3,Allogenic,1.1112764272428564,4.117593840790878,3.70528316793948,29.75,84,225013.467747379,79133.00942371992,-1.5076598247692847,136695.4978520379,5.352208512748374,-0.6078253341062364,147650.47724536646,225013.467747379
457394,10.266122167699509,FAT_008,FAT_DON_11,3,Allogenic,1.1112764272428564,4.117593840790878,3.70528316793948,30.99,84,161896.43755437838,10757.882334081847,-3.911605220697063,313772.04370756634,5.209237292437762,-1.4529919787934569,59134.7987801248,161896.43755437838
457395,6.391736932966922,FAT_008,FAT_DON_11,3,Allogenic,1.1112764272428564,4.117593840790878,3.70528316793948,30.99,84,26334.26643766053,5128.2364442118105,-2.360406586621218,40373.24926884402,4.420521225237137,-1.3959793024143712,10006.670092818858,26334.26643766053
457412,11.46699251127981,FAT_008,FAT_DON_11,3,Allogenic,1.1112764272428564,4.117593840790878,3.70528316793948,30.36,84,466779.7663824504,928435.0038780384,0.9920588906864508,153809.98131154486,5.669112022311418,-1.0500160464667905,225437.25952381614,466779.7663824504
457416,2.267066000187174,FAT_008,FAT_DON_11,3,Allogenic,1.1112764272428564,4.117593840790878,3.70528316793948,27.37,84,72.54301642206444,81.52999116393974,0.168494123185973,5225.9245387266965,1.860595610083971,0.34904369818176634,92.39920467123434,72.54301642206444
457421,4.846209127021427,FAT_008,FAT_DON_11,3,Allogenic,1.1112764272428564,4.117593840790878,3.70528316793948,31.17,84,10149.113440382158,14345.201945295195,0.4992145692707559,5129.022240006748,4.006428106804289,-0.5068693689165483,7142.417338885041,10149.113440382158
457424,6.599571033751502,FAT_008,FAT_DON_11,3,Allogenic,1.1112764272428564,4.117593840790878,3.70528316793948,30.39,84,31506.698656198845,3120.560411799794,-3.335781546784402,5543.067798841458,4.498402899190846,-1.3087081594085228,12718.693089612663,31506.698656198845
469585,5.25822553867797,FAT_008,FAT_DON_11,3,Allogenic,1.1112764272428564,4.117593840790878,3.70528316793948,29.25,84,32306.97478974384,14104.688471361576,-1.195670861992734,13639.749313862774,4.509296292786067,-0.8361770672189459,18095.97192796686,32306.97478974384
469588,3.704096610010991,FAT_008,FAT_DON_11,3,Allogenic,1.1112764272428564,4.117593840790878,3.70528316793948,28.94,84,6673.957510829929,1249.4471145873767,-2.4172526640676204,5529.155410142373,3.824383437429526,-0.624791738330737,4328.150792445595,6673.957510829929
469589,4.607239567317553,FAT_008,FAT_DON_11,3,Allogenic,1.1112764272428564,4.117593840790878,3.70528316793948,30.59,84,6067.129421077104,1347.2831039841044,-2.1709610510672586,18111.36574022049,3.782983259203178,-0.22899976273221573,5176.634014043446,6067.129421077104
469590,4.586388820791778,FAT_008,FAT_DON_11,3,Allogenic,1.1112764272428564,4.117593840790878,3.70528316793948,29.52,84,14491.331137645731,3475.215873362932,-2.06001562033828,15940.244929533905,4.16110828051477,-0.8487739245234535,8046.404658170648,14491.331137645731
469591,5.504459353083242,FAT_008,FAT_DON_11,3,Allogenic,1.1112764272428564,4.117593840790878,3.70528316793948,30.59,84,9787.54983472298,3703.499848621963,-1.402058469879783,30495.17409202205,3.9906739863446816,-0.9795798931138449,4963.534619945244,9787.54983472298
469592,5.31340942426947,FAT_008,FAT_DON_11,3,Allogenic,1.1112764272428564,4.117593840790878,3.70528316793948,30.59,84,11419.191965993858,3061.4511682059374,-1.8991729910720236,22275.24775491371,4.057635373863799,-0.4520765116920538,8347.314632210715,11419.191965993858
469593,10.182728986460104,FAT_008,FAT_DON_11,3,Allogenic,1.1112764272428564,4.117593840790878,3.70528316793948,30.99,84,164276.53937889278,9991.500417140816,-4.039281308095348,303602.17727782746,5.21557554550569,-1.36058423630908,63973.318383296646,164276.53937889278
469596,4.307860733821741,FAT_008,FAT_DON_11,3,Allogenic,1.1112764272428564,4.117593840790878,3.70528316793948,28.15,84,5536.298777099775,7759.6169090279645,0.4870636256496038,3915.337702933807,3.743219519625072,0.20419589600533444,6378.060130288174,5536.298777099775
469610,2.50154152326027,FAT_008,FAT_DON_11,3,Allogenic,1.1112764272428564,4.117593840790878,3.70528316793948,25.27,84,50.66496385033072,289.4314686319861,2.514161452665912,17957.000732996283,1.7047077371165764,1.712908044194892,166.09036451438152,50.66496385033072
470145,4.439772407141209,FAT_008,FAT_DON_11,3,Allogenic,1.1112764272428564,4.117593840790878,3.70528316793948,28.33,84,9132.359734022111,2370.4844930915483,-1.9458057346063735,5666.253192519181,3.960583010508043,-0.9317768484078806,4787.29543778657,9132.359734022111
470146,9.53863489902429,FAT_008,FAT_DON_11,3,Allogenic,1.1112764272428564,4.117593840790878,3.70528316793948,28.01,84,41232.068762560055,201205.8269437078,2.286833332959747,103128.49854916388,4.615235125478645,-1.0105782841933062,20465.42410548936,41232.068762560055
471870,5.829622308491839,FAT_008,FAT_DON_11,3,Allogenic,1.1112764272428564,4.117593840790878,3.70528316793948,30.58,84,8395.41480529003,5124.159944653613,-0.7122860999773851,29621.812047722564,3.924042158865733,-1.6481725906180753,2678.5069097361534,8395.41480529003
471872,1.7968319507530868,FAT_008,FAT_DON_11,3,Allogenic,1.1112764272428564,4.117593840790878,3.70528316793948,26.78,84,102.48140415180532,97.8359893967277,-0.066924978446714,350.7328536544383,2.0106450672753016,0.420217132488853,137.13333213574876,102.48140415180532
471875,8.516499067517232,FAT_008,FAT_DON_11,3,Allogenic,1.1112764272428564,4.117593840790878,3.70528316793948,29.18,84,51627.59816348701,47389.30736403998,-0.1235809072344652,46435.08186811378,4.712881921123003,-0.5131407144696866,36175.21942570263,51627.59816348701
473819,2.6210608058177947,FAT_008,FAT_DON_11,3,Allogenic,1.1112764272428564,4.117593840790878,3.70528316793948,25.41,84,2559.7321508928453,207.90147746804635,-3.622020939256967,137.12281374083014,3.4081945233293798,0.2187559100335797,2978.8361386522974,2559.7321508928453
476272,7.306303687217023,FAT_008,FAT_DON_11,3,Allogenic,1.1112764272428564,4.117593840790878,3.70528316793948,29.6,84,28527.829077089624,32090.204522126685,0.1697630201765545,4393.313817911821,4.455268723787702,-1.682592371833736,8887.056666976128,28527.829077089624
478749,5.446498045604002,FAT_008,FAT_DON_11,3,Allogenic,1.1112764272428564,4.117593840790878,3.70528316793948,29.95,84,11224.592445750544,17620.66934030648,0.6506056646048308,4099.600314750284,4.050170581143076,-0.8245578029522206,6338.025020237189,11224.592445750544
479436,2.810657719840154,FAT_008,FAT_DON_11,3,Allogenic,1.1112764272428564,4.117593840790878,3.70528316793948,27.57,84,46.0590580457552,73.37699204754577,0.6718428583534775,4627.338991359046,1.6633150519583513,0.8737813141504707,84.40135854028833,46.0590580457552
479437,9.194231137903415,FAT_008,FAT_DON_11,3,Allogenic,1.1112764272428564,4.117593840790878,3.70528316793948,24.48,84,13509.12172482,10562.210355288396,-0.3550221037783339,1595.632843615993,4.130627114938903,-0.8284900522647217,7607.233696173368,13509.12172482
483215,7.006728702385842,FAT_008,FAT_DON_11,3,Allogenic,1.1112764272428564,4.117593840790878,3.70528316793948,28.86,84,7528.353037578687,2325.6429979513814,-1.6947046336800569,94747.7517113,3.876699976874739,-1.1443890693109495,3405.685499995186,7528.353037578687
483216,6.088072584411814,FAT_008,FAT_DON_11,3,Allogenic,1.1112764272428564,4.117593840790878,3.70528316793948,29.11,84,16025.097770569377,1624.4850739414996,-3.3022787657819928,5978.573349139432,4.204800687868811,-0.6130566934838775,10477.368869531601,16025.097770569377
483217,7.100868081143652,FAT_008,FAT_DON_11,3,Allogenic,1.1112764272428564,4.117593840790878,3.70528316793948,30.63,84,23056.01298125391,2839.2819422842017,-3.021545031195352,42227.66784886001,4.362784207991312,-1.0210808452661162,11360.782503470926,23056.01298125391
483218,5.1602406333969215,FAT_008,FAT_DON_11,3,Allogenic,1.1112764272428564,4.117593840790878,3.70528316793948,28.19,84,26566.8646807916,32002.55978162545,0.2685593297015813,32520.4631725012,4.424340303669724,-0.6608374732887118,16803.83474783921,26566.8646807916
484018,3.952134511700978,FAT_008,FAT_DON_11,3,Allogenic,1.1112764272428564,4.117593840790878,3.70528316793948,30.12,84,2411.191688695285,2476.47348160467,0.0385408233608622,6440.687144611086,3.3822317379732123,-1.2225560129092683,1033.2506965057453,2411.191688695285
484020,2.2029042848908853,FAT_008,FAT_DON_11,3,Allogenic,1.1112764272428564,4.117593840790878,3.70528316793948,25.15,84,571.1323197673645,5079.318449513447,3.152737994435654,2482.221462138088,2.7567367371205864,0.7754950964154094,977.6513912448717,571.1323197673645
500632,6.363442433075004,FAT_008,FAT_DON_11,3,Allogenic,1.1112764272428564,4.117593840790878,3.70528316793948,27.33,84,25235.757903269277,49547.81388010528,0.9733519894438272,30847.019941550203,4.402016352393061,-0.261524517565279,21051.819030732233,25235.757903269277
502558,2.4339790491557216,FAT_008,FAT_DON_11,3,Allogenic,1.1112764272428564,4.117593840790878,3.70528316793948,24.43,84,1290.8051017322894,2653.8012123862386,1.039789122158736,237.33707789886887,3.110860673225362,0.5060091718141835,1833.0934771182717,1290.8051017322894
511680,5.257086437370911,FAT_008,FAT_DON_11,3,Allogenic,1.1112764272428564,4.117593840790878,3.70528316793948,26.86,84,12593.697946160615,20692.311757407908,0.7163928624260302,293081.259722548,4.1001532727449215,-0.267083451587533,10465.335183525876,12593.697946160615
515619,11.725545033523847,FAT_008,FAT_DON_11,3,Allogenic,1.1112764272428564,4.117593840790878,3.70528316793948,29.62,84,320755.2802306392,237154.43829766792,-0.4356461465458291,185464.4033797794,5.5061738144036445,-0.10642992057870826,297944.39231452416,320755.2802306392
515620,11.11214582638357,FAT_008,FAT_DON_11,3,Allogenic,1.1112764272428564,4.117593840790878,3.70528316793948,31.6,84,9525.013203862176,9410.599230097743,-0.0174345014670409,161536.9565484789,3.978865586380256,-1.0633555846689875,4557.888106915574,9525.013203862176
518635,3.1385711581302984,FAT_008,FAT_DON_11,3,Allogenic,1.1112764272428564,4.117593840790878,3.70528316793948,25.8,84,1703.0336712417984,623.7044324041391,-1.4491725426078883,97.07622668101988,3.231223234627281,-0.604931860956029,1119.748783111025,1703.0336712417984
518636,5.926316699480481,FAT_008,FAT_DON_11,3,Allogenic,1.1112764272428564,4.117593840790878,3.70528316793948,28.81,84,8710.919352903453,23698.730181578187,1.4439128647144082,7037.160319256812,3.9400639929895935,-1.0212884534899695,4291.6622323542,8710.919352903453
518637,5.9636679517143305,FAT_008,FAT_DON_11,3,Allogenic,1.1112764272428564,4.117593840790878,3.70528316793948,18.67,84,9195.690938835023,18138.384784197493,0.9800161062327544,6348.937318481098,3.963584366488708,-0.6832140823939334,5726.858257227449,9195.690938835023
525259,6.25334185939099,FAT_008,FAT_DON_11,3,Allogenic,1.1112764272428564,4.117593840790878,3.70528316793948,27.86,84,7570.957666271011,9286.265993572735,0.2946228044396122,2176.9059784761776,3.879150817792184,-0.7814977444058144,4404.499400218345,7570.957666271011
525306,4.087294067966058,FAT_008,FAT_DON_11,3,Allogenic,1.1112764272428564,4.117593840790878,3.70528316793948,14.99,84,4.60590580457552,4.076499558196987,-0.1761540482014726,473.4735949564337,0.6633150519583513,0.7972317524613277,8.003974990323002,4.60590580457552
525337,4.019938861083316,FAT_008,FAT_DON_11,3,Allogenic,1.1112764272428564,4.117593840790878,3.70528316793948,21.8,84,9.21181160915104,48.91799469836385,2.408808452519684,987.9172951544188,0.9643450476223324,0.5864680626654675,13.83214477894406,9.21181160915104
525362,1.5608326876604082,FAT_008,FAT_DON_11,3,Allogenic,1.1112764272428564,4.117593840790878,3.70528316793948,22.5,84,811.7908980564354,2627.303965257958,1.6944030528740224,509.9702535149042,2.909444177621788,0.2788253707334437,984.8701567087307,811.7908980564354
536231,7.606621188362593,FAT_008,FAT_DON_11,3,Allogenic,1.1112764272428564,4.117593840790878,3.70528316793948,31.15,84,65228.83800439851,76004.29601280374,0.2205710383501365,152393.5277624048,4.814439642009034,-0.23883007811664497,55277.02032736362,65228.83800439851
537006,2.5405795799294384,FAT_008,FAT_DON_11,3,Allogenic,1.1112764272428564,4.117593840790878,3.70528316793948,29.51,84,758.822981303817,1420.66009603165,0.9047261426588986,14271.58476918703,2.880140475224399,0.02564830656161644,772.4340055082666,758.822981303817
537007,6.404023536835832,FAT_008,FAT_DON_11,3,Allogenic,1.1112764272428564,4.117593840790878,3.70528316793948,29.22,84,14393.4556392985,33527.17061639112,1.2199177363796707,10360.514663822842,4.158165073638445,-0.5716892028853957,9684.327669240558,14393.4556392985
537011,3.1434084157545192,FAT_008,FAT_DON_11,3,Allogenic,1.1112764272428564,4.117593840790878,3.70528316793948,28.14,84,5613.447699326414,6196.279328459421,0.1425150566051402,769.2164152531886,3.749229680664945,-0.2507993142480143,4717.7135099646775,5613.447699326414
537012,9.73187589575831,FAT_008,FAT_DON_11,3,Allogenic,1.1112764272428564,4.117593840790878,3.70528316793948,29.72,84,136177.05954162867,55299.75475672123,-1.3001386991360648,522703.86442582513,5.1341039522638825,-0.6740944863969267,85345.63065828267,136177.05954162867
537013,3.5539295231209613,FAT_008,FAT_DON_11,3,Allogenic,1.1112764272428564,4.117593840790878,3.70528316793948,26.93,84,2575.8528212088595,10829.221076350295,2.071807408212479,2866.977588619135,3.410921044727018,-0.2026915768114482,2238.230452247825,2575.8528212088595
537937,2.07181652442377,FAT_008,FAT_DON_11,3,Allogenic,1.1112764272428564,4.117593840790878,3.70528316793948,25.23,84,240.6585782890709,15553.884064300604,6.014143230968789,2512.953107117009,2.381401346741443,0.993835686031038,479.2649831368562,240.6585782890709
537973,3.994987268708706,FAT_008,FAT_DON_11,3,Allogenic,1.1112764272428564,4.117593840790878,3.70528316793948,21.8,84,14.96919386487044,38.72674580287138,1.3713337471010203,1000.0382019375284,1.1751984129372255,-0.35439539142385934,11.708864219757912,14.96919386487044
543734,2.42946379115554,FAT_008,FAT_DON_11,3,Allogenic,1.1112764272428564,4.117593840790878,3.70528316793948,21.72,84,11.5147645114388,44.84149514016686,1.9613494755484624,7930.072473828994,1.061255060630389,0.16004460492353256,12.86569605913339,11.5147645114388
545696,9.406598185886018,FAT_008,FAT_DON_11,3,Allogenic,1.1112764272428564,4.117593840790878,3.70528316793948,17.82,84,37751.15545075211,33137.86490858331,-0.1880401498294145,5257.8822800244025,4.576930248632923,-1.5000538127517975,13346.551170685934,37751.15545075211
545697,4.869751131400788,FAT_008,FAT_DON_11,3,Allogenic,1.1112764272428564,4.117593840790878,3.70528316793948,30.0,84,52.96791675261848,99.8742391758262,0.9149938398567228,917.7836509711282,1.7240128923119629,0.44436589483831035,72.07428715199242,52.96791675261848
546273,5.560387997786463,FAT_008,FAT_DON_11,3,Allogenic,1.1112764272428564,4.117593840790878,3.70528316793948,27.7,84,113.99616866324412,134.52448542050058,0.2388834510773711,28818.91979489324,2.056890255227939,0.45758224504048184,156.54393143562427,113.99616866324412
547042,4.4996425015748445,FAT_008,FAT_DON_11,3,Allogenic,1.1112764272428564,4.117593840790878,3.70528316793948,28.24,84,5263.398858178675,2162.583015623502,-1.2832392108907424,5342.210700344842,3.72126628191972,0.09872643230747839,5636.193560425625,5263.398858178675
547043,7.90905355943642,FAT_008,FAT_DON_11,3,Allogenic,1.1112764272428564,4.117593840790878,3.70528316793948,24.99,84,33241.97366807267,1025.2396388865425,-5.018972972536002,230.05219583520275,4.521686801144167,-1.4457185064166957,12203.437055398677,33241.97366807267
548480,4.462324109655498,FAT_008,FAT_DON_11,3,Allogenic,1.1112764272428564,4.117593840790878,3.70528316793948,25.09,84,2228.106932963408,15926.88377387563,2.837573640950428,3266.13069107294,3.347936029985319,-0.06048520921185172,2136.6243214820556,2228.106932963408
552396,6.419796691257889,FAT_008,FAT_DON_11,3,Allogenic,1.1112764272428564,4.117593840790878,3.70528316793948,23.33,84,9265.931002354802,19722.104862557026,1.089805688423095,4997.079092035077,3.966889061957344,-0.7137763049117383,5649.642717634105,9265.931002354802
552398,7.03498496196318,FAT_008,FAT_DON_11,3,Allogenic,1.1112764272428564,4.117593840790878,3.70528316793948,29.38,84,40336.22008357012,72363.98190733381,0.8431959010154807,16932.18483825863,4.605695197948081,-1.0893671344768416,18956.712090296904,40336.22008357012
552531,2.465987944127719,FAT_008,FAT_DON_11,3,Allogenic,1.1112764272428564,4.117593840790878,3.70528316793948,24.15,84,239.50710183792705,61.14749337295481,-1.9697031707340464,5266.721722336428,2.3793183955931503,0.46199163529028014,329.9071557367707,239.50710183792705
555970,2.4672700292971226,FAT_008,FAT_DON_11,3,Allogenic,1.1112764272428564,4.117593840790878,3.70528316793948,24.15,84,215.32609636390555,77.45349160574276,-1.4751209946455237,5212.409419879709,2.333096667166888,0.5645656174513275,318.45483904140457,215.32609636390555
556258,3.738106511329767,FAT_008,FAT_DON_11,3,Allogenic,1.1112764272428564,4.117593840790878,3.70528316793948,29.11,84,7159.880573212646,1208.6821190054068,-2.566500654996533,5774.13905663811,3.854905778337562,-0.18273138786912568,6308.093899773076,7159.880573212646
556259,3.857672220495907,FAT_008,FAT_DON_11,3,Allogenic,1.1112764272428564,4.117593840790878,3.70528316793948,30.68,84,5360.122880074761,1302.4416088439375,-2.041047379700634,13936.3297297566,3.7291747459477502,-0.07774287190337692,5078.925115366908,5360.122880074761
556270,3.054919083051018,FAT_008,FAT_DON_11,3,Allogenic,1.1112764272428564,4.117593840790878,3.70528316793948,28.34,84,2015.08378950179,2926.9266827854367,0.5385467789018875,1234.385119731998,3.304293109316683,-0.9027868166796081,1077.7727473825867,2015.08378950179
563192,3.0738639676623336,FAT_008,FAT_DON_11,3,Allogenic,1.1112764272428564,4.117593840790878,3.70528316793948,28.15,84,3171.1661464502454,6114.749337295481,0.9472798930468066,4846.553157104427,3.5012189965512936,-0.28756895266358556,2598.0775846626852,3171.1661464502454
563193,5.980772070990739,FAT_008,FAT_DON_11,3,Allogenic,1.1112764272428564,4.117593840790878,3.70528316793948,30.59,84,17770.736070503503,3734.07359530844,-2.250681172361725,20490.549756878085,4.249705416816974,-0.9684534928544144,9081.798587499354,17770.736070503503
565040,1.9776379744583537,FAT_008,FAT_DON_11,3,Allogenic,1.1112764272428564,4.117593840790878,3.70528316793948,25.09,84,232.59824313106373,14212.715709653798,5.933198235333531,2295.2480011883185,2.3666064300770127,0.8174070404919744,409.8929681666897,232.59824313106373
565042,1.932123425878487,FAT_008,FAT_DON_11,3,Allogenic,1.1112764272428564,4.117593840790878,3.70528316793948,25.09,84,202.6598554013229,13648.120520843517,6.073498145711574,2158.5542164770395,2.3067677284445387,1.217406832875271,471.24168701400174,202.6598554013229
566550,5.409045223523154,FAT_008,FAT_DON_11,3,Allogenic,1.1112764272428564,4.117593840790878,3.70528316793948,29.11,84,11715.121413937835,17433.150360629417,0.5734613975950076,4913.763495314279,4.068746793925725,-0.45417309611339846,8551.200092727257,11715.121413937835
566552,2.8031410579011635,FAT_008,FAT_DON_11,3,Allogenic,1.1112764272428564,4.117593840790878,3.70528316793948,25.62,84,2639.1840260217728,1092.5018815967926,-1.2724561865006048,152.23092467480896,3.421469673925741,0.39419961096111167,3468.4511409816578,2639.1840260217728
568703,1.978539786447058,FAT_008,FAT_DON_11,3,Allogenic,1.1112764272428564,4.117593840790878,3.70528316793948,22.45,84,4.60590580457552,6.114749337295481,0.4088084525196835,4485.81363267381,0.6633150519583513,2.470427196251167,25.526292424914026,4.60590580457552
568816,1.3524216976026586,FAT_008,FAT_DON_11,3,Allogenic,1.1112764272428564,4.117593840790878,3.70528316793948,23.68,84,873.970626418205,2329.719497509578,1.4144995645975391,425.1544797968335,2.9414968365258694,0.6768342476603476,1397.1538993265674,873.970626418205
573236,2.464538416858564,FAT_008,FAT_DON_11,3,Allogenic,1.1112764272428564,4.117593840790878,3.70528316793948,24.15,84,244.11300764250257,77.45349160574276,-1.6561469893210865,5254.15315270334,2.3875909215591404,0.46199163529028014,336.25152411632394,244.11300764250257
580050,2.455053433464095,FAT_008,FAT_DON_11,3,Allogenic,1.1112764272428564,4.117593840790878,3.70528316793948,24.15,84,211.8716670104739,50.95624447746234,-2.0558598144837608,5223.879231590808,2.326072883639925,0.24996675800600862,251.9534883993692,211.8716670104739
585394,8.154829841226691,FAT_008,FAT_DON_11,3,Allogenic,1.1112764272428564,4.117593840790878,3.70528316793948,30.74,84,98340.69483349191,315408.9620665964,1.681363199837706,72622.74643567212,4.992733272504939,-1.1069426619726526,45657.31076426281,98340.69483349191
585543,10.610833576380854,FAT_008,FAT_DON_11,3,Allogenic,1.1112764272428564,4.117593840790878,3.70528316793948,30.29,84,229364.89725625172,80431.37453300566,-1.5118143332244327,137912.54966946598,5.36052695282237,-0.910183051921383,122049.0919645257,229364.89725625172
585544,4.687269498786981,FAT_008,FAT_DON_11,3,Allogenic,1.1112764272428564,4.117593840790878,3.70528316793948,29.11,84,17935.397203017073,2252.266005903836,-2.9933605626429736,9139.69404214552,4.253710999142364,-0.9106397422164524,9540.719364723986,17935.397203017073
592028,2.1679170097512936,FAT_008,FAT_DON_11,3,Allogenic,1.1112764272428564,4.117593840790878,3.70528316793948,21.11,84,1607.4611257968563,279.24021973649366,-2.525205191450598,466.473535021155,3.2061404789175314,-0.06711033009389007,1534.398822471352,1607.4611257968563
622312,8.259506080192887,FAT_008,FAT_DON_11,3,Allogenic,1.1112764272428564,4.117593840790878,3.70528316793948,28.89,84,100657.4654531934,116883.43358240311,0.2156162882061816,304813.5976166208,5.002845990699007,-0.3761621802330683,77555.01589938751,100657.4654531934
626522,0.0,FAT_008,FAT_DON_11,3,Allogenic,1.1112764272428564,4.117593840790878,3.70528316793948,18.56,84,143.934556392985,138.60098497869757,-0.0544754916132202,555.3030347853959,2.158165073638445,2.4101480182262165,765.0537022221635,143.934556392985
626939,6.0769077170022525,FAT_008,FAT_DON_11,3,Allogenic,1.1112764272428564,4.117593840790878,3.70528316793948,26.95,84,5545.510588708926,5228.1106833876365,-0.085030614466758,2272.698837856759,3.743941538880157,-0.7289602514682768,3345.820498186629,5545.510588708926
641112,3.4661658915858777,FAT_008,FAT_DON_11,3,Allogenic,1.1112764272428564,4.117593840790878,3.70528316793948,29.68,84,1039.7832353829235,5486.968405333145,2.399726468927986,11205.563844718388,3.016942810943895,-1.7546684781113386,308.1306971846188,1039.7832353829235
645463,6.793993464332938,FAT_008,FAT_DON_11,3,Allogenic,1.1112764272428564,4.117593840790878,3.70528316793948,28.02,84,8161.665085707821,13071.29583335864,0.6794667550813028,5050.20432113978,3.9117787695093833,-0.24852052207457745,6870.15661964311,8161.665085707821
649757,8.207764010268301,FAT_008,FAT_DON_11,3,Allogenic,1.1112764272428564,4.117593840790878,3.70528316793948,27.82,84,16212.78843210583,34179.41054570264,1.0759952758337004,141978.2781086601,4.209857715436482,-0.5564527765768622,11024.242009635329,16212.78843210583
657308,4.960635949778251,FAT_008,FAT_DON_11,3,Allogenic,1.1112764272428564,4.117593840790878,3.70528316793948,20.15,84,2824.5717346559377,86713.26035218722,4.940148584041888,5387.258129318531,3.450952608836775,-0.5186630440470634,1971.6030210128058,2824.5717346559377
657309,4.917231446561648,FAT_008,FAT_DON_11,3,Allogenic,1.1112764272428564,4.117593840790878,3.70528316793948,28.38,84,4068.166301891328,1549.0698321148552,-1.392976473761177,12023.553474325425,3.609398698065234,-1.303372139037277,1648.3316158604796,4068.166301891328
657313,9.57130559861623,FAT_008,FAT_DON_11,3,Allogenic,1.1112764272428564,4.117593840790878,3.70528316793948,30.1,84,48428.79658220931,96382.71730423046,0.9929093218078332,34147.27533909825,4.685103677301765,-0.9179055874563532,25632.24008717287,48428.79658220931
657314,9.65793075747692,FAT_008,FAT_DON_11,3,Allogenic,1.1112764272428564,4.117593840790878,3.70528316793948,30.01,84,126681.98472549624,286783.78216893715,1.1787520655489363,102810.8627652686,5.102714858840852,-0.5598262042480391,85939.01645318662,126681.98472549624
657317,11.413644496119517,FAT_008,FAT_DON_11,3,Allogenic,1.1112764272428564,4.117593840790878,3.70528316793948,31.02,84,320712.6756019469,197518.6330933186,-0.6992926172689159,187407.656054418,5.506116124989845,-0.41612818060780965,240352.73068805726,320712.6756019469
657319,6.4480316276523775,FAT_008,FAT_DON_11,3,Allogenic,1.1112764272428564,4.117593840790878,3.70528316793948,26.02,84,9576.82964416365,24495.68584520569,1.3549076416517851,16860.217863254235,3.981221762113776,-0.4746869640252227,6891.706082703717,9576.82964416365
657321,4.463620685868276,FAT_008,FAT_DON_11,3,Allogenic,1.1112764272428564,4.117593840790878,3.70528316793948,25.04,84,11148.594999975046,69911.96742307833,2.6486775288852087,7288.5484902157905,4.04722013893526,0.07068170904092008,11708.397370464447,11148.594999975046
657322,10.211215713084494,FAT_008,FAT_DON_11,3,Allogenic,1.1112764272428564,4.117593840790878,3.70528316793948,29.23,84,74229.92942299023,281351.8465076397,1.922302529554491,357084.9359335178,4.87057904763041,-0.7435072784232516,44336.4641318628,74229.92942299023
657323,12.4225527253302,FAT_008,FAT_DON_11,3,Allogenic,1.1112764272428564,4.117593840790878,3.70528316793948,29.77,84,568716.5221728646,744857.9992737535,0.3892556968541791,182519.0633462804,5.75489584542163,-1.082204917236366,268608.4704773839,568716.5221728646
658089,8.549659027085228,FAT_008,FAT_DON_11,3,Allogenic,1.1112764272428564,4.117593840790878,3.70528316793948,27.62,84,18026.363842657443,42151.00543175684,1.2254586289747915,163731.94423596223,4.255908132583323,-0.38630297512097445,13791.749157357086,18026.363842657443
658659,5.339440692683307,FAT_008,FAT_DON_11,3,Allogenic,1.1112764272428564,4.117593840790878,3.70528316793948,27.88,84,8267.600919213059,16191.856245158431,0.9697277306164876,4726.512319888596,3.91737950487269,-0.5364377392747431,5700.272986224966,8267.600919213059
665943,8.013403009569004,FAT_008,FAT_DON_11,3,Allogenic,1.1112764272428564,4.117593840790878,3.70528316793948,23.67,84,21044.38362110555,13707.22976443737,-0.6184982230785719,653.0437110655629,4.323136210014057,-0.39556026292665747,15997.816308230455,21044.38362110555
665951,7.602872594993333,FAT_008,FAT_DON_11,3,Allogenic,1.1112764272428564,4.117593840790878,3.70528316793948,29.93,84,26604.86340367935,55574.91847689953,1.0627439305913409,13789.277600283947,4.424961033485113,-1.5823572996461666,8884.31651483868,26604.86340367935
665953,4.8059204068729775,FAT_008,FAT_DON_11,3,Allogenic,1.1112764272428564,4.117593840790878,3.70528316793948,29.11,84,6649.776505355907,4229.368291629375,-0.6528636582706053,6578.819195894335,3.8228070491945703,-0.6937584810177584,4111.165277292435,6649.776505355907
679935,7.851649133389067,FAT_008,FAT_DON_11,3,Allogenic,1.1112764272428564,4.117593840790878,3.70528316793948,23.83,84,33243.125144523816,33419.1433780989,0.0076187393099617,8213.165928083985,4.521701844511109,-1.3664870523880228,12892.829904929462,33243.125144523816
680646,2.2645056725711354,FAT_008,FAT_DON_11,3,Allogenic,1.1112764272428564,4.117593840790878,3.70528316793948,21.93,84,925.7870667196796,3605.6638592252352,1.9615125933100568,438.28162774140833,2.9665111093788403,-1.9217185168905413,244.35216571498884,925.7870667196796
702443,5.427417438867983,FAT_008,FAT_DON_11,3,Allogenic,1.1112764272428564,4.117593840790878,3.70528316793948,29.68,84,9831.305939866448,2916.7354338899445,-1.7530285387224434,14802.206120951718,3.9926112110983167,-1.1831678262336174,4329.544477290024,9831.305939866448
702444,4.239888081206657,FAT_008,FAT_DON_11,3,Allogenic,1.1112764272428564,4.117593840790878,3.70528316793948,28.87,84,4702.629826471606,817.3381614184959,-2.524462772624354,5215.4361954143615,3.6723407940452617,0.25232777085327956,5601.431402813628,4702.629826471606
702447,4.661390997264488,FAT_008,FAT_DON_11,3,Allogenic,1.1112764272428564,4.117593840790878,3.70528316793948,28.94,84,4838.504047706584,955.9391463971934,-2.3395703823591423,5754.917550942061,3.6847111087003226,0.002444905749810875,4846.710713328607,4838.504047706584
709991,8.039727453201385,FAT_008,FAT_DON_11,3,Allogenic,1.1112764272428564,4.117593840790878,3.70528316793948,26.74,84,3720.420413645876,36337.91706176795,3.287938162145818,68757.57712664026,3.570592018648033,-0.632314138425952,2400.194831959723,3720.420413645876
717959,7.7634485802274495,FAT_008,FAT_DON_11,3,Allogenic,1.1112764272428564,4.117593840790878,3.70528316793948,24.46,84,26686.618231710567,181084.22512444743,2.762472471892315,62213.63343670755,4.426293542826095,-1.3587566214960136,10405.597980486724,26686.618231710567
717960,10.518003422947867,FAT_008,FAT_DON_11,3,Allogenic,1.1112764272428564,4.117593840790878,3.70528316793948,17.34,84,27955.54528087112,41521.18625001542,0.570713176305665,11881.759263380123,4.446467967714844,-1.2180628441018921,12016.957218238782,27955.54528087112
717962,12.566289973950978,FAT_008,FAT_DON_11,3,Allogenic,1.1112764272428564,4.117593840790878,3.70528316793948,28.91,84,50017.83408478786,116015.13917650716,1.2137985882380564,32462.21922396329,4.69912488160898,-0.8495928711903502,27756.962794659914,50017.83408478786
718252,11.718490532686614,FAT_008,FAT_DON_11,3,Allogenic,1.1112764272428564,4.117593840790878,3.70528316793948,28.53,84,200222.1797542513,235888.68518484777,0.2365044202402837,297970.2936836156,5.301512185088033,-0.017237493224476208,197844.1360241969,200222.1797542513
742725,4.123241265111079,FAT_008,FAT_DON_11,3,Allogenic,1.1112764272428564,4.117593840790878,3.70528316793948,28.01,84,5396.970126511366,7109.415229495547,0.3975811970964293,971.313345696536,3.732150014150599,0.03457858938373073,5527.88763731274,5396.970126511366
742726,7.9611620978128785,FAT_008,FAT_DON_11,3,Allogenic,1.1112764272428564,4.117593840790878,3.70528316793948,24.86,84,40306.28169584038,38681.904307731216,-0.0593458785822565,33060.71176009365,4.6053727357997465,-1.5516866121839334,13748.917995826661,40306.28169584038
742727,4.857537616480414,FAT_008,FAT_DON_11,3,Allogenic,1.1112764272428564,4.117593840790878,3.70528316793948,30.68,84,4961.712027978979,2034.1732795402968,-1.2863954259745944,10358.965449264986,3.695631554718757,-0.9247329585650249,2613.720813333536,4961.712027978979
742729,2.4576451746563035,FAT_008,FAT_DON_11,3,Allogenic,1.1112764272428564,4.117593840790878,3.70528316793948,24.15,84,221.08347861962497,83.56824094303823,-1.4035645443045452,5219.165123425135,2.3445562893339384,0.2759921053752392,267.6937253667979,221.08347861962497
742733,5.573025120664885,FAT_008,FAT_DON_11,3,Allogenic,1.1112764272428564,4.117593840790878,3.70528316793948,31.17,84,10889.512798467673,16835.943175353557,0.6286051367220464,7752.927169512234,4.0370084496666765,-0.8868633778791244,5888.924289324559,10889.512798467673
742740,9.94994879213264,FAT_008,FAT_DON_11,3,Allogenic,1.1112764272428564,4.117593840790878,3.70528316793948,28.76,84,32249.400967186648,57409.34327808817,0.8320131895861413,15595.156868738506,4.508521652023643,-0.9449612555460399,16751.741757515476,32249.400967186648
742741,5.879866065538827,FAT_008,FAT_DON_11,3,Allogenic,1.1112764272428564,4.117593840790878,3.70528316793948,28.31,84,7740.224704589162,13556.39928078408,0.8085266800789888,6137.974246760215,3.888753568763848,-1.0522402960867765,3732.4816131738944,7740.224704589162
742743,2.4601142601517147,FAT_008,FAT_DON_11,3,Allogenic,1.1112764272428564,4.117593840790878,3.70528316793948,25.2,84,939.6047841334062,1339.1301048677103,0.5111701701493613,154.92004296299675,2.97294521938425,0.6061470463133992,1430.2556172468512,939.6047841334062
742817,2.8730219920219504,FAT_008,FAT_DON_11,3,Allogenic,1.1112764272428564,4.117593840790878,3.70528316793948,27.32,84,1925.2686263125672,218.09272636353884,-3.142046193881208,738.0840285970793,3.2844913337333863,-1.1237876367533903,883.4816758691669,1925.2686263125672
742820,3.871162412031487,FAT_008,FAT_DON_11,3,Allogenic,1.1112764272428564,4.117593840790878,3.70528316793948,20.18,84,19.57509966944596,73.37699204754577,1.9063081119905,287.25189652167404,1.2917039820086629,0.1384893861756441,21.54732892559365,19.57509966944596
748224,12.188465413097822,FAT_008,FAT_DON_11,3,Allogenic,1.1112764272428564,4.117593840790878,3.70528316793948,29.49,84,111918.90514538056,163322.9165493832,0.5452734815064267,222926.0212631227,5.048903452988012,-0.6815531916795918,69780.72842754015,111918.90514538056
759350,2.1591679301549687,FAT_008,FAT_DON_11,3,Allogenic,1.1112764272428564,4.117593840790878,3.70528316793948,26.44,84,300.53535374855267,5764.1703752905405,4.261506360038042,933.4671139285985,2.4778955679686696,-0.04042564727818035,292.2309672585048,300.53535374855267
762966,2.6326855348184632,FAT_008,FAT_DON_11,3,Allogenic,1.1112764272428564,4.117593840790878,3.70528316793948,25.41,84,150.84341509984827,409.6882055987972,1.4414746414400057,20328.08411830151,2.178526356286153,1.6186604649435412,463.22470032600273,150.84341509984827
762968,9.42748210638606,FAT_008,FAT_DON_11,3,Allogenic,1.1112764272428564,4.117593840790878,3.70528316793948,29.47,84,3488.9736469659565,30916.17264936595,3.147487122336473,848456.7933166024,3.542697689132694,-1.1585895523715777,1562.8866489535785,3488.9736469659565
762982,3.693710620331737,FAT_008,FAT_DON_11,3,Allogenic,1.1112764272428564,4.117593840790878,3.70528316793948,29.47,84,1048.9950469920743,4714.471739054816,2.1680882586326677,70584.32660071221,3.020773437603387,-1.2916517924593358,428.49672219823674,1048.9950469920743
762984,5.430131513290302,FAT_008,FAT_DON_11,3,Allogenic,1.1112764272428564,4.117593840790878,3.70528316793948,30.29,84,4991.650415708719,523.8301932283129,-3.252345777116792,2471.2735732922806,3.698244162442618,-0.8520037590448968,2765.447859338173,4991.650415708719
763034,5.692506035390001,FAT_008,FAT_DON_11,3,Allogenic,1.1112764272428564,4.117593840790878,3.70528316793948,29.98,84,7603.199006903039,2570.2329714432003,-1.5647074184859664,6210.142047255623,3.8809963579034,-1.6650644354792632,2397.518782117027,7603.199006903039
862962,3.954083564811763,FAT_008,FAT_DON_11,3,Allogenic,1.1112764272428564,4.117593840790878,3.70528316793948,30.19,84,2980.0210555603617,3666.8113525981903,0.2992035210575021,5509.412705810583,3.474219332627052,-0.909339829656131,1586.6486540473707,2980.0210555603617
862965,4.093891731278119,FAT_008,FAT_DON_11,3,Allogenic,1.1112764272428564,4.117593840790878,3.70528316793948,25.23,84,24.18100547402148,232.3604748172283,3.2644185431845085,8568.217891100647,1.3834743553643083,1.3610603192800186,62.11469218470767,24.18100547402148
866771,2.449268901580131,FAT_008,FAT_DON_11,3,Allogenic,1.1112764272428564,4.117593840790878,3.70528316793948,18.53,84,2277.620420362595,187.51897967706145,-3.602418802903571,564.3970826593801,3.3574813478915497,0.18157491967884082,2583.0977740845788,2277.620420362595
866776,3.6966767470478783,FAT_008,FAT_DON_11,3,Allogenic,1.1112764272428564,4.117593840790878,3.70528316793948,27.84,84,26.48395837630924,48.91799469836385,0.8852464964626708,11801.624419264355,1.4229828966479818,0.9914071981054791,52.65337344520757,26.48395837630924
868129,1.6253009615388665,FAT_008,FAT_DON_11,3,Allogenic,1.1112764272428564,4.117593840790878,3.70528316793948,19.76,84,641.3723832871411,317.966965539365,-1.012285346679256,1571.4940933500554,2.8071102558041177,0.3369560807118267,810.1102801424834,641.3723832871411
883156,4.503451671686906,FAT_008,FAT_DON_11,3,Allogenic,1.1112764272428564,4.117593840790878,3.70528316793948,27.18,84,3159.6513819388065,4231.406541408473,0.4213719139835958,815.7099680527994,3.499639167665103,-0.5224718570935665,2199.679800788227,3159.6513819388065
888048,5.790811644282106,FAT_008,FAT_DON_11,3,Allogenic,1.1112764272428564,4.117593840790878,3.70528316793948,23.96,84,2374.344442258681,19930.00634002507,3.069341024438556,4971.897310870196,3.3755437215778867,-0.9034570493142781,1269.3343999831918,2374.344442258681
888833,4.522798576387456,FAT_008,FAT_DON_11,3,Allogenic,1.1112764272428564,4.117593840790878,3.70528316793948,23.16,84,1443.9514697344257,10148.4456501314,2.8131646190625377,1338.7800846493085,3.1595525971250864,-0.8065794245356033,825.5587721580362,1443.9514697344257
889204,1.7497475860800475,FAT_008,FAT_DON_11,3,Allogenic,1.1112764272428564,4.117593840790878,3.70528316793948,21.06,84,168.11556186700648,519.7536936701158,1.628374829777368,969.506076353878,2.225607916414826,1.0455589005292567,347.0184037200003,168.11556186700648
890402,1.9162367882784133,FAT_008,FAT_DON_11,3,Allogenic,1.1112764272428564,4.117593840790878,3.70528316793948,25.09,84,617.1913778131197,12822.629360308623,4.376830408158503,2042.1151634260127,2.790419850323159,0.8077586424059515,1080.387201859368,617.1913778131197
903814,3.0999618421842645,FAT_008,FAT_DON_11,3,Allogenic,1.1112764272428564,4.117593840790878,3.70528316793948,28.07,84,2277.620420362595,2625.26571547886,0.2049361191540335,787.8114486190489,3.3574813478915497,-0.19369360771193608,1991.469970320094,2277.620420362595
904306,3.4338803480657867,FAT_008,FAT_DON_11,3,Allogenic,1.1112764272428564,4.117593840790878,3.70528316793948,25.52,84,436.4095749835305,1726.397562896424,1.9840100729596344,5642.349505660542,2.6398942705984614,-0.2726605907563161,361.25615409110736,436.4095749835305
927666,4.030291808524113,FAT_008,FAT_DON_11,3,Allogenic,1.1112764272428564,4.117593840790878,3.70528316793948,23.14,84,70.24006351977668,271.08722062009963,1.9483910497368304,540.9289764801246,1.846584895641156,-0.06159579904063975,67.30428462675602,70.24006351977668
997884,2.0692592952466966,FAT_008,FAT_DON_11,3,Allogenic,1.1112764272428564,4.117593840790878,3.70528316793948,29.11,84,2213.137739098537,1567.4140801267415,-0.4977068810133964,2430.40049081263,3.3450084439629157,0.34186917033614106,2804.925423307154,2213.137739098537
999410,7.613441094273227,FAT_008,FAT_DON_11,3,Allogenic,1.1112764272428564,4.117593840790878,3.70528316793948,31.57,84,26827.09835875012,37546.59918077335,0.4849912202280043,8886.565091102228,4.42857370156008,-0.724517679088654,16235.74223854343,26827.09835875012
999412,4.3468797822669005,FAT_008,FAT_DON_11,3,Allogenic,1.1112764272428564,4.117593840790878,3.70528316793948,30.37,84,6127.006196536586,13642.005771506218,1.1548015625808663,3733.454194396773,3.787248319555111,-0.08131610895985741,5791.2155750814745,6127.006196536586
999413,5.975435331348417,FAT_008,FAT_DON_11,3,Allogenic,1.1112764272428564,4.117593840790878,3.70528316793948,27.68,84,7361.388952162825,15863.698030723575,1.1076792150799708,4059.304361351766,3.866959765064253,-0.7420486877057799,4401.298783962923,7361.388952162825
1002367,4.35355901629012,FAT_008,FAT_DON_11,3,Allogenic,1.1112764272428564,4.117593840790878,3.70528316793948,19.59,84,4645.056003914412,1059.8898851312167,-2.13178160378598,2621.049418690854,3.666990954507136,0.057583056953897545,4834.206320994,4645.056003914412
1035839,3.7132372176755055,FAT_008,FAT_DON_11,3,Allogenic,1.1112764272428564,4.117593840790878,3.70528316793948,26.73,84,3.45442935343164,10.191248895492468,1.5608115459647334,405.3579451729556,0.5383763153500514,2.2948571066000327,16.951070893256226,3.45442935343164
1042156,5.893207813236455,FAT_008,FAT_DON_11,3,Allogenic,1.1112764272428564,4.117593840790878,3.70528316793948,29.17,84,5216.188323681777,11764.777724956504,1.173406201356128,3283.7655858574917,3.7173532626432206,-1.151261183688838,2348.4921535007875,5216.188323681777
1042403,2.458468335319196,FAT_008,FAT_DON_11,3,Allogenic,1.1112764272428564,4.117593840790878,3.70528316793948,24.15,84,214.1746199127617,55.03274403565933,-1.9604253571460355,5233.014227717352,2.3307680048483053,0.31277425663974223,266.0249914885186,214.1746199127617
1064535,2.556654966366409,FAT_008,FAT_DON_11,3,Allogenic,1.1112764272428564,4.117593840790878,3.70528316793948,28.96,84,1105.4173930981249,299.6227175274786,-1.8833722989736268,127.81499127212054,3.043526293669957,0.20672610103595826,1275.7249548200834,1105.4173930981249
1077285,4.098012542751246,FAT_008,FAT_DON_11,3,Allogenic,1.1112764272428564,4.117593840790878,3.70528316793948,29.25,84,3495.88250567282,1133.2668771787626,-1.6251690508934316,7314.487538091893,3.543556827853832,0.12870894809067082,3822.1003199310653,3495.88250567282
1121100,5.374326754553391,FAT_008,FAT_DON_11,3,Allogenic,1.1112764272428564,4.117593840790878,3.70528316793948,30.12,84,6855.890790110661,1883.342795887008,-1.864048513023451,6820.666624733963,3.836063890941095,-0.42255342411236213,5115.200195342791,6855.890790110661
1121101,5.633582549098584,FAT_008,FAT_DON_11,3,Allogenic,1.1112764272428564,4.117593840790878,3.70528316793948,28.91,84,2951.2341442817647,4767.4662333113765,0.6919043348593774,119016.79901234228,3.470003666814633,-1.3011283137335297,1197.6364800809615,2951.2341442817647
1121114,4.992508982238049,FAT_008,FAT_DON_11,3,Allogenic,1.1112764272428564,4.117593840790878,3.70528316793948,30.63,84,5114.858395981115,13966.08748638288,1.449161710335546,4910.213764952458,3.708833614842844,-1.0039579271757666,2550.4226953805714,5114.858395981115
1121115,12.693604353100616,FAT_008,FAT_DON_11,3,Allogenic,1.1112764272428564,4.117593840790878,3.70528316793948,29.66,84,405590.30776866456,800918.0211980785,0.9816314043909132,127202.36010563617,5.608087568285636,-1.178301133300431,179218.80749267945,405590.30776866456
1121130,5.120498616671728,FAT_008,FAT_DON_11,3,Allogenic,1.1112764272428564,4.117593840790878,3.70528316793948,22.85,84,3219.5281573982884,3915.4778256482064,0.2823391100886182,9047.186374688084,3.5077922277040328,-1.1561170287272946,1444.6622467790671,3219.5281573982884
1121315,3.961596739956661,FAT_008,FAT_DON_11,3,Allogenic,1.1112764272428564,4.117593840790878,3.70528316793948,27.76,84,44.90758159461132,18.34424801188644,-1.2916312656214084,745.0741279059262,1.652319667656888,0.3723828897091633,58.13237779728066,44.90758159461132
1121333,8.085999854431767,FAT_008,FAT_DON_11,3,Allogenic,1.1112764272428564,4.117593840790878,3.70528316793948,27.95,84,10099.599952982971,14053.732226884114,0.4766551668204056,4339.8274648205,4.004304171638796,-0.37818899095930064,7770.660612233627,10099.599952982971
1121344,0.0,FAT_008,FAT_DON_11,3,Allogenic,1.1112764272428564,4.117593840790878,3.70528316793948,25.19,84,589.5559429856665,2767.9432000157544,2.2311137160432595,613.1462892648591,2.77052502160622,3.9071104922171758,8844.687155584066,589.5559429856665
1121864,2.1218734761850744,FAT_008,FAT_DON_11,3,Allogenic,1.1112764272428564,4.117593840790878,3.70528316793948,26.71,84,780.7010338755507,2005.6377826329176,1.3612189940014234,392.3154386523347,2.892484754497452,0.17107110521707652,878.9866691780244,780.7010338755507
1122975,0.0,FAT_008,FAT_DON_11,3,Allogenic,1.1112764272428564,4.117593840790878,3.70528316793948,18.97,84,718.521305513781,478.988698088146,-0.585039320498721,776.042060811818,2.856439650312813,1.6158416555763984,2202.198471590072,718.521305513781
1122981,1.7275889517066068,FAT_008,FAT_DON_11,3,Allogenic,1.1112764272428564,4.117593840790878,3.70528316793948,19.75,84,1419.770464260404,546.2509407983963,-1.3780219421465392,923.0496992035067,3.1522181372261207,0.013580576614858697,1433.1983455184481,1419.770464260404
1123075,3.3420560176214544,FAT_008,FAT_DON_11,3,Allogenic,1.1112764272428564,4.117593840790878,3.70528316793948,29.66,84,1686.9130009257842,5517.542152019621,1.7096401747038803,1633.5156791520974,3.227092685320517,-1.3727464846469186,651.4105935635993,1686.9130009257842
1123263,4.082122761678117,FAT_008,FAT_DON_11,3,Allogenic,1.1112764272428564,4.117593840790878,3.70528316793948,14.87,84,1542.9784445327991,2676.2219599563223,0.7944798673462795,1305.1184748040766,3.1883598589951965,-0.8417089869967691,860.9545118219879,1542.9784445327991
1123313,4.658804191514502,FAT_008,FAT_DON_11,3,Allogenic,1.1112764272428564,4.117593840790878,3.70528316793948,26.01,84,2555.12624508827,6787.371764397984,1.4094584615601404,1455.5590859509618,3.4074123628623973,0.28411436055230155,3111.2815068617238,2555.12624508827
1130798,3.2571154603535555,FAT_008,FAT_DON_11,3,Allogenic,1.1112764272428564,4.117593840790878,3.70528316793948,22.12,84,1191.778126933916,976.3216441881784,-0.2876872548519802,42.19507796486096,3.0761954104233253,-2.8775616883839046,162.1672036060723,1191.778126933916
1150460,4.478660736303471,FAT_008,FAT_DON_11,3,Allogenic,1.1112764272428564,4.117593840790878,3.70528316793948,25.62,84,4077.3781135004792,385.2292082496153,-3.403852752371316,95.23776639352415,3.6103809873885,0.9986160436800443,8146.9372391591205,4077.3781135004792
1156431,2.355416251995232,FAT_008,FAT_DON_11,3,Allogenic,1.1112764272428564,4.117593840790878,3.70528316793948,21.31,84,569.9808433162206,3760.57084243672,2.721966337779314,595.5078060885379,2.7558602595639576,-1.0103016106450091,282.96268649602337,569.9808433162206
1156433,2.232409597443952,FAT_008,FAT_DON_11,3,Allogenic,1.1112764272428564,4.117593840790878,3.70528316793948,24.16,84,497.43782689415616,3640.3141054699095,2.8714748147562816,550.4504590589819,2.696738807445301,0.3441838980129106,631.4638378300783,497.43782689415616
1160721,15.132201153471357,FAT_008,FAT_DON_11,3,Allogenic,1.1112764272428564,4.117593840790878,3.70528316793948,26.89,84,311072.5147529703,200657.5377531303,-0.6325155768115299,936736.78252279,5.492861640107595,-0.5190908567475268,217069.95776507867,311072.5147529703
1203465,6.7966898847713,FAT_008,FAT_DON_11,3,Allogenic,1.1112764272428564,4.117593840790878,3.70528316793948,30.79,84,17952.66934978423,6116.787587074579,-1.5533522889922429,49986.84830535876,4.25412903217291,-1.4537383617526476,6554.056477208876,17952.66934978423
1203606,7.387262853181958,FAT_008,FAT_DON_11,3,Allogenic,1.1112764272428564,4.117593840790878,3.70528316793948,29.5,84,15722.259463918535,28176.76494625758,0.8416974174217671,5800.1769542158,4.196514959146048,-1.2089730891140176,6801.0786212953235,15722.259463918535
1203610,4.3399994736933465,FAT_008,FAT_DON_11,3,Allogenic,1.1112764272428564,4.117593840790878,3.70528316793948,30.83,84,5318.669727833581,862.1796565586628,-2.6250050259305597,3438.698497449092,3.725803022876936,-0.40059885880455065,4029.1250830577715,5318.669727833581
1203611,12.186118608258374,FAT_008,FAT_DON_11,3,Allogenic,1.1112764272428564,4.117593840790878,3.70528316793948,24.03,84,544713.9955487704,191835.99270919204,-1.505625507873392,5860.459821674169,5.736168533913699,-1.7379485599700688,163302.8959603077,544713.9955487704
1211844,3.0676802313360483,FAT_008,FAT_DON_11,3,Allogenic,1.1112764272428564,4.117593840790878,3.70528316793948,26.51,84,2254.590891339717,2466.282232709177,0.1294722343567892,626.5713707497102,3.353067748097508,-0.4032959114959096,1704.7613147751497,2254.590891339717
1233170,4.734990819600442,FAT_008,FAT_DON_11,3,Allogenic,1.1112764272428564,4.117593840790878,3.70528316793948,21.7,84,34.5442935343164,26.497247128280414,-0.3826049256688992,698.951571148532,1.5383763153500514,-0.10462224101390831,32.127866209269634,34.5442935343164
1235789,1.7242414371992971,FAT_008,FAT_DON_11,3,Allogenic,1.1112764272428564,4.117593840790878,3.70528316793948,30.99,84,1504.9797216450513,2941.194431239126,0.966658110494292,9152.908886458485,3.1775306482109333,-0.07700068117201064,1426.7606844425875,1504.9797216450513
1235811,0.0,FAT_008,FAT_DON_11,3,Allogenic,1.1112764272428564,4.117593840790878,3.70528316793948,17.8,84,181.93327928073305,485.1034474254415,1.414882966929368,867.8948767604192,2.2599121475848114,2.2882607996702604,888.6838466359832,181.93327928073305
1256908,6.847711399093992,FAT_008,FAT_DON_11,3,Allogenic,1.1112764272428564,4.117593840790878,3.70528316793948,29.47,84,22119.862626473936,65819.16186664856,1.5731652296072114,60158.824628038994,4.344782425492083,-0.6459925014334467,14135.764640522113,22119.862626473936
1282887,2.408054978320249,FAT_008,FAT_DON_11,3,Allogenic,1.1112764272428564,4.117593840790878,3.70528316793948,29.51,84,320.1104534179986,525.8684430074113,0.7161321344982742,3810.69335639527,2.505299856548465,-0.34053821591798195,252.80615238237323,320.1104534179986
1292036,5.610218403932796,FAT_008,FAT_DON_11,3,Allogenic,1.1112764272428564,4.117593840790878,3.70528316793948,18.75,84,42.60462869232356,32.6119964655759,-0.3856074138304222,765.1547700525003,1.629456784697384,0.31828523946625187,53.12148277539794,42.60462869232356
1322347,1.9264943628752305,FAT_008,FAT_DON_11,3,Allogenic,1.1112764272428564,4.117593840790878,3.70528316793948,25.09,84,191.14509088988407,13558.437530563178,6.148378973738872,2137.634983626727,2.281363148670444,1.2501252262256026,454.6616671814722,191.14509088988407
1384484,8.655551300570515,FAT_008,FAT_DON_11,3,Allogenic,1.1112764272428564,4.117593840790878,3.70528316793948,25.0,84,119790.39816540013,63467.02162156889,-0.9164332265421402,3784.148030704349,5.078422008446421,-0.36010141153978786,93329.87455498481,119790.39816540013
1408437,9.042500503827338,FAT_008,FAT_DON_11,3,Allogenic,1.1112764272428564,4.117593840790878,3.70528316793948,26.48,84,13535.60568319631,25883.73394477177,0.9352863072977202,5846.360628063958,4.131477694091347,-0.1770866457008393,11972.071500555658,13535.60568319631
1410645,2.19774109025012,FAT_008,FAT_DON_11,3,Allogenic,1.1112764272428564,4.117593840790878,3.70528316793948,25.07,84,778.3980809732628,1308.5563581812328,0.749396002638646,189.21066053611344,2.8912017565720247,0.43098955946754125,1049.4035808359843,778.3980809732628
1437612,3.8839862923186703,FAT_008,FAT_DON_11,3,Allogenic,1.1112764272428564,4.117593840790878,3.70528316793948,25.15,84,3863.203493587717,1145.4963758533536,-1.753824779068092,117.22960074490788,3.5869475851354,0.9586993144025061,7508.355647068344,3863.203493587717
1899017,0.0,FAT_008,FAT_DON_11,3,Allogenic,1.1112764272428564,4.117593840790878,3.70528316793948,21.4,84,9.21181160915104,14.267748453689457,0.6312008738561316,867.7985072762507,0.9643450476223324,3.2099222021172973,85.23695256608094,9.21181160915104
818,6.7503501273141255,FAT_020,FAT_DON_19,1,Allogenic,1.5296409503708683,4.082450931084729,2.6688948998749806,29.11,84,1661.4327508603449,10331.728095779488,2.636581777143454,36784.8928105449,3.2204827672088707,1.3911276215797173,4357.665689776619,1661.4327508603449
904,7.438221651788292,FAT_020,FAT_DON_19,1,Allogenic,1.5296409503708683,4.082450931084729,2.6688948998749806,23.81,84,527.7874964798648,56205.89814971093,6.734620549103667,26047.79456226045,2.722459097376792,0.925252020221744,1002.2768721934374,527.7874964798648
205913,5.08809734592729,FAT_020,FAT_DON_19,1,Allogenic,1.5296409503708683,4.082450931084729,2.6688948998749806,24.89,84,5226.641355741281,3817.521543653357,-0.4532478684385808,3922.165700251794,3.718222700486823,0.15545038968025462,5821.2725143114885,5226.641355741281
206672,5.276918427071724,FAT_020,FAT_DON_19,1,Allogenic,1.5296409503708683,4.082450931084729,2.6688948998749806,25.09,84,4994.870267148428,3644.388070346739,-0.4547706152882274,3913.344220303131,3.698524212683473,0.7989811977666875,8690.435071356218,4994.870267148428
213810,2.834168557381383,FAT_020,FAT_DON_19,1,Allogenic,1.5296409503708683,4.082450931084729,2.6688948998749806,22.4,84,498.5111484470834,2253.59686328862,2.1765317869973124,2051.3333757545283,2.697674875094838,-0.1531040552262997,448.31777892820253,498.5111484470834
226186,7.931575096244151,FAT_020,FAT_DON_19,1,Allogenic,1.5296409503708683,4.082450931084729,2.6688948998749806,29.11,84,2773.1207442162386,4235.808199548408,0.6111268305288333,29046.419169425277,3.442968779568921,1.402983684442639,7333.4604141342425,2773.1207442162386
246198,0.0,FAT_020,FAT_DON_19,1,Allogenic,1.5296409503708683,4.082450931084729,2.6688948998749806,18.6,84,1480.08203943506,227.0290173387054,-2.7047285350858186,6.107178425997604,3.1702857885614977,-0.31526646717691365,1189.545683245023,1480.08203943506
264199,7.73309649546357,FAT_020,FAT_DON_19,1,Allogenic,1.5296409503708683,4.082450931084729,2.6688948998749806,24.34,84,234.21078426225128,796.5093675538612,1.7658838226113984,6135.678591985593,2.3696068883356536,1.230845829037805,549.7033743837102,234.21078426225128
272559,4.193650793511077,FAT_020,FAT_DON_19,1,Allogenic,1.5296409503708683,4.082450931084729,2.6688948998749806,30.39,84,1043.3765146127373,4317.843894889285,2.049051220661537,2784.194786874241,3.018441056951352,1.0559024851115013,2169.198909655677,1043.3765146127373
272623,5.754630640334567,FAT_020,FAT_DON_19,1,Allogenic,1.5296409503708683,4.082450931084729,2.6688948998749806,26.74,84,54.4865366165654,2946.1307565150905,5.756777861587935,1845.725035412609,1.7362892032772492,1.483031317635067,152.30919206859025,54.4865366165654
295405,4.81374968276914,FAT_020,FAT_DON_19,1,Allogenic,1.5296409503708683,4.082450931084729,2.6688948998749806,30.39,84,616.4297724680085,1679.8239476195808,1.4463015923524134,3831.9151746231632,2.7898836062084764,1.619599705007001,1894.2255855364717,616.4297724680085
347253,8.399835719270202,FAT_020,FAT_DON_19,1,Allogenic,1.5296409503708683,4.082450931084729,2.6688948998749806,25.68,84,36.59543504097676,10727.598020970929,8.195447671903425,2803.8734729135663,1.5634269143517665,2.1956530010476727,167.6425768275486,36.59543504097676
349741,4.128959225611949,FAT_020,FAT_DON_19,1,Allogenic,1.5296409503708683,4.082450931084729,2.6688948998749806,28.37,84,76265.69985728536,101370.84100031744,0.4105364627070076,1970.5829054552269,4.882329259947119,-0.8399863721129998,42605.74522087973,76265.69985728536
354242,4.388812676904097,FAT_020,FAT_DON_19,1,Allogenic,1.5296409503708683,4.082450931084729,2.6688948998749806,25.28,84,130.93033425771685,201.750576332505,0.6237734116976293,783.0759892890261,2.1170402766082725,1.9860546750643318,518.6833496277162,130.93033425771685
367928,12.867602879224783,FAT_020,FAT_DON_19,1,Allogenic,1.5296409503708683,4.082450931084729,2.6688948998749806,25.27,84,41041.373782510535,27323.609969117133,-0.5869309195419334,64243.44558921079,4.613221889535,-0.5096638355337108,28826.88976398062,41041.373782510535
391904,3.647548014630626,FAT_020,FAT_DON_19,1,Allogenic,1.5296409503708683,4.082450931084729,2.6688948998749806,26.99,84,956.3607024041928,1057.4019568065332,0.1448971467232391,1904.7610935305856,2.9806217223165428,0.8528349663390611,1727.231813348954,956.3607024041928
411459,8.953509438544241,FAT_020,FAT_DON_19,1,Allogenic,1.5296409503708683,4.082450931084729,2.6688948998749806,29.69,84,7351.616283787331,51457.84380599912,2.8072576338106887,143087.79764422053,3.866382831051786,0.38740840589338743,9616.219805840157,7351.616283787331
411460,5.975812474281382,FAT_020,FAT_DON_19,1,Allogenic,1.5296409503708683,4.082450931084729,2.6688948998749806,29.93,84,5636.510228200221,35727.97617610311,2.664180075947425,6460.037623944131,3.7510102994235166,-0.12183922755005602,5180.039092614349,5636.510228200221
411461,12.635599393962158,FAT_020,FAT_DON_19,1,Allogenic,1.5296409503708683,4.082450931084729,2.6688948998749806,31.07,84,22367.9431289348,106594.41620597609,2.2526273637329624,31119.46695736112,4.349626049862208,-1.565203631359779,7558.799183772043,22367.9431289348
411462,14.052543835027349,FAT_020,FAT_DON_19,1,Allogenic,1.5296409503708683,4.082450931084729,2.6688948998749806,28.31,84,9199.27913741176,201207.32832673023,4.451018226474036,86468.82503217741,3.963753797029247,0.5779572262687056,13732.077896816032,9199.27913741176
411463,8.670332516614316,FAT_020,FAT_DON_19,1,Allogenic,1.5296409503708683,4.082450931084729,2.6688948998749806,26.73,84,5461.665371893331,17802.699792404448,1.704683213391662,43981.18472251207,3.737325088042434,0.8023556489238617,9524.85132793262,5461.665371893331
411464,0.0,FAT_020,FAT_DON_19,1,Allogenic,1.5296409503708683,4.082450931084729,2.6688948998749806,28.1,84,50942.47204081925,3632.9412291363847,-3.809659037442152,53.60745507264563,4.707080015767717,-0.8122073479780039,29012.238655799752,50942.47204081925
411467,5.903761954904237,FAT_020,FAT_DON_19,1,Allogenic,1.5296409503708683,4.082450931084729,2.6688948998749806,27.37,84,13010.897004901935,19246.90959177756,0.5649063873479936,16662.418472263464,4.114307238978962,0.8530855972865612,23502.366401669253,13010.897004901935
411468,4.674264674903188,FAT_020,FAT_DON_19,1,Allogenic,1.5296409503708683,4.082450931084729,2.6688948998749806,27.59,84,1616.704996921373,3663.466139030664,1.1801528294264954,2619.3009693723056,3.208630780637717,0.4769359018131206,2250.105043408031,1616.704996921373
411469,15.553278425207438,FAT_020,FAT_DON_19,1,Allogenic,1.5296409503708683,4.082450931084729,2.6688948998749806,29.85,84,5715.39372151077,168391.61933522823,4.880823642523325,135858.93411398138,3.75704615339968,0.3302987830829454,7185.81438134577,5715.39372151077
411470,6.885737385088085,FAT_020,FAT_DON_19,1,Allogenic,1.5296409503708683,4.082450931084729,2.6688948998749806,31.06,84,5335.614428974412,14272.780134161258,1.4195400576412738,10884.34910588906,3.7271844383337225,-1.2568487829760708,2232.7250997797487,5335.614428974412
411471,11.538517774491584,FAT_020,FAT_DON_19,1,Allogenic,1.5296409503708683,4.082450931084729,2.6688948998749806,28.72,84,63582.53530397263,38030.69906625284,-0.7414660856624278,50397.793522093554,4.803337841077541,0.7631206755899512,107909.5930542166,63582.53530397263
411473,8.544451004054656,FAT_020,FAT_DON_19,1,Allogenic,1.5296409503708683,4.082450931084729,2.6688948998749806,29.04,84,3474.126633223394,29736.508705916523,3.0975130269788256,11719.6753994894,3.540845644596923,1.5039893447028667,9853.52335985929,3474.126633223394
411474,4.328089788472415,FAT_020,FAT_DON_19,1,Allogenic,1.5296409503708683,4.082450931084729,2.6688948998749806,27.02,84,21705.972370638014,41724.690115177786,0.9428092818927168,8120.511580434813,4.336579245864351,0.33171368015040237,27317.1264854351,21705.972370638014
411475,10.32107826802842,FAT_020,FAT_DON_19,1,Allogenic,1.5296409503708683,4.082450931084729,2.6688948998749806,28.82,84,10136.122274460764,12783.736873380923,0.3348037855383919,29967.924536370243,4.005871840904912,0.8614615500730858,18416.097585621603,10136.122274460764
411476,10.094436621874134,FAT_020,FAT_DON_19,1,Allogenic,1.5296409503708683,4.082450931084729,2.6688948998749806,29.68,84,952.2945429551952,2710.9935599857176,1.509341915433862,49123.428957202064,2.978771295648786,1.389619145789486,2495.1022111905477,952.2945429551952
411477,5.154547277669392,FAT_020,FAT_DON_19,1,Allogenic,1.5296409503708683,4.082450931084729,2.6688948998749806,29.89,84,3555.449822203342,26704.526640323773,2.908980310620747,2978.267345744832,3.550894553854088,-0.5861867171905264,2368.2893877358338,3555.449822203342
411479,13.562825074764245,FAT_020,FAT_DON_19,1,Allogenic,1.5296409503708683,4.082450931084729,2.6688948998749806,30.29,84,3258.6201824265304,17028.6071555542,2.385627325849092,101803.27148447672,3.5130337430091227,0.6580908597254758,5142.080030623538,3258.6201824265304
411483,12.438788827525247,FAT_020,FAT_DON_19,1,Allogenic,1.5296409503708683,4.082450931084729,2.6688948998749806,28.13,84,180657.02462328583,257917.84139313095,0.5136582213371463,281455.42494052555,5.256854853232119,0.21231913995721083,209300.02634916405,180657.02462328583
411484,9.436095420187574,FAT_020,FAT_DON_19,1,Allogenic,1.5296409503708683,4.082450931084729,2.6688948998749806,27.82,84,3760.384258432812,28858.440594738884,2.940041346228169,27753.733069255777,3.575232225988896,1.5808182453497854,11248.79327343635,3760.384258432812
411485,11.873903275079249,FAT_020,FAT_DON_19,1,Allogenic,1.5296409503708683,4.082450931084729,2.6688948998749806,29.4,84,801947.4840966259,202504.63699723716,-1.9855528206841169,125602.26723520872,5.904145929239517,-0.39860608350501503,608350.0409889517,801947.4840966259
411486,11.623102907931536,FAT_020,FAT_DON_19,1,Allogenic,1.5296409503708683,4.082450931084729,2.6688948998749806,26.21,84,50970.12192507243,51568.01965264879,0.01682483902094,55441.64432658692,4.707315672461041,0.8385350945818564,91146.47729642053,50970.12192507243
411487,9.400569167755808,FAT_020,FAT_DON_19,1,Allogenic,1.5296409503708683,4.082450931084729,2.6688948998749806,31.0,84,6484.711089261082,28055.730854862744,2.113181290455003,28605.34517199211,3.8118906319027994,-0.3272855873206858,5168.539658286568,6484.711089261082
411489,7.923823559485539,FAT_020,FAT_DON_19,1,Allogenic,1.5296409503708683,4.082450931084729,2.6688948998749806,27.23,84,10200.367593754923,24717.0688351759,1.2768865220960657,15739.555954557158,4.0086158228465,0.5940554454529763,15397.291469639427,10200.367593754923
411490,6.108174540945088,FAT_020,FAT_DON_19,1,Allogenic,1.5296409503708683,4.082450931084729,2.6688948998749806,30.71,84,763.624744521715,1653.591603179184,1.1146672102413553,4760.206295374799,2.882879992842534,0.39633276183181737,1005.0508666930348,763.624744521715
411901,11.758317947870626,FAT_020,FAT_DON_19,1,Allogenic,1.5296409503708683,4.082450931084729,2.6688948998749806,29.11,84,1069.3999350863207,75369.81814271341,6.1391135122602085,99593.83004502692,3.0291401534021998,1.4627598256621193,2947.642009243456,1069.3999350863207
411902,6.790311691680593,FAT_020,FAT_DON_19,1,Allogenic,1.5296409503708683,4.082450931084729,2.6688948998749806,31.82,84,3309.853791483898,3926.266535151729,0.2463906244326559,10688.240820876472,3.519808809801643,-0.37734107536330525,2548.107977479353,3309.853791483898
411903,13.011706939499035,FAT_020,FAT_DON_19,1,Allogenic,1.5296409503708683,4.082450931084729,2.6688948998749806,26.62,84,176246.05485301343,225426.4595692557,0.3550658985317113,106551.26342299952,5.246119404388301,-0.12068189586126943,162102.80646591712,176246.05485301343
428125,5.348543181610078,FAT_020,FAT_DON_19,1,Allogenic,1.5296409503708683,4.082450931084729,2.6688948998749806,26.43,84,12283.8676954212,7233.926693227195,-0.7639139955484932,5814.712436930385,4.089335130185722,0.6682533814770408,19520.88229126019,12283.8676954212
428126,3.1082684343153404,FAT_020,FAT_DON_19,1,Allogenic,1.5296409503708683,4.082450931084729,2.6688948998749806,27.15,84,177.28455197628742,444.5190003354483,1.3261782565696505,1622.4737351733634,2.248670894181028,2.4205827268795295,949.1588510576249,177.28455197628742
428127,7.339646065394445,FAT_020,FAT_DON_19,1,Allogenic,1.5296409503708683,4.082450931084729,2.6688948998749806,17.97,84,5852.016678997084,5533.593821772395,-0.0807171305732817,9056.26703037378,3.7673055552499366,-0.29594997212683255,4766.677133924296,5852.016678997084
428128,5.697455573907922,FAT_020,FAT_DON_19,1,Allogenic,1.5296409503708683,4.082450931084729,2.6688948998749806,26.14,84,735.9748602685326,2872.203240364882,1.9644294474464064,4614.991163912189,2.8668629797816263,1.463756906338486,2030.0078388997185,735.9748602685326
435590,16.93033721461943,FAT_020,FAT_DON_19,1,Allogenic,1.5296409503708683,4.082450931084729,2.6688948998749806,30.99,84,6369.232160909555,101836.34587620522,3.998989288118002,186479.3003609335,3.804087079371505,-1.0708898754793814,3031.915580505226,6369.232160909555
435591,11.533295372526457,FAT_020,FAT_DON_19,1,Allogenic,1.5296409503708683,4.082450931084729,2.6688948998749806,30.59,84,2982.1213398947066,21017.35436564578,2.817170210430635,37937.113806916444,3.4745253105370257,0.07266886779958562,3136.1788343465487,2982.1213398947066
445970,14.384404692076725,FAT_020,FAT_DON_19,1,Allogenic,1.5296409503708683,4.082450931084729,2.6688948998749806,17.81,84,56850.6017202125,161352.7658942942,1.5049707844462656,87351.65160242439,4.754735065723577,-0.5013258578179849,40162.519083566905,56850.6017202125
445972,6.794732247357933,FAT_020,FAT_DON_19,1,Allogenic,1.5296409503708683,4.082450931084729,2.6688948998749806,25.15,84,6977.529614479569,7476.695117230138,0.0996843619075981,9038.624070476451,3.843701688425128,0.38531718269924214,9113.678797943217,6977.529614479569
445973,8.051912552595569,FAT_020,FAT_DON_19,1,Allogenic,1.5296409503708683,4.082450931084729,2.6688948998749806,29.52,84,461.91571340610665,1888.7287997085573,2.031714032154586,5659.31867475778,2.664562736287442,1.368382716388362,1192.5785107645413,461.91571340610665
445975,2.117223105997773,FAT_020,FAT_DON_19,1,Allogenic,1.5296409503708683,4.082450931084729,2.6688948998749806,20.24,84,1077.5322539843155,1223.8581060737772,0.183705247444055,784.4331400503589,3.0324302788492496,-0.2803396153937407,887.2370019590337,1077.5322539843155
449673,6.028334198304239,FAT_020,FAT_DON_19,1,Allogenic,1.5296409503708683,4.082450931084729,2.6688948998749806,29.11,84,1933.865433943172,12083.571752680884,2.643487645356545,6196.750376245569,3.286426250859096,0.8558918874948747,3500.059135296127,1933.865433943172
451640,2.508803311911616,FAT_020,FAT_DON_19,1,Allogenic,1.5296409503708683,4.082450931084729,2.6688948998749806,25.98,84,154.5140590619019,1684.593464790562,3.4465904560098144,889.6123240536509,2.188968001529252,2.278700804184365,749.7652271971373,154.5140590619019
457387,6.582911498291762,FAT_020,FAT_DON_19,1,Allogenic,1.5296409503708683,4.082450931084729,2.6688948998749806,29.03,84,1932.238970163573,5715.312425986778,1.5645588342270516,34029.19818965865,3.286060836885579,1.0947447856696881,4126.7851108531,1932.238970163573
457388,9.424511178213956,FAT_020,FAT_DON_19,1,Allogenic,1.5296409503708683,4.082450931084729,2.6688948998749806,30.59,84,3458.6752273172037,22032.78457134768,2.6713603839808613,65802.81181398219,3.538909783290446,0.3493551551073908,4406.321323098809,3458.6752273172037
457390,7.811856906674025,FAT_020,FAT_DON_19,1,Allogenic,1.5296409503708683,4.082450931084729,2.6688948998749806,29.68,84,498.5111484470834,1389.3603519068251,1.4787231591418637,62997.58119030728,2.697674875094838,1.3195373345210486,1244.214313513262,498.5111484470834
457391,10.253731410759524,FAT_020,FAT_DON_19,1,Allogenic,1.5296409503708683,4.082450931084729,2.6688948998749806,30.88,84,4049.894811201428,23019.12072230659,2.506876384711584,257748.71544156416,3.6074437433361406,-0.7986000580897644,2328.311972224594,4049.894811201428
457392,2.859543068502808,FAT_020,FAT_DON_19,1,Allogenic,1.5296409503708683,4.082450931084729,2.6688948998749806,30.19,84,185.41687087428224,861.8517527963039,2.2166672133921543,1744.6173036933155,2.2681492475768765,2.5187720811288727,1062.6131748838907,185.41687087428224
457393,10.637311981323668,FAT_020,FAT_DON_19,1,Allogenic,1.5296409503708683,4.082450931084729,2.6688948998749806,29.75,84,5337.24089275401,23438.83823335294,2.1347350301105434,241952.15915503103,3.727316804833346,0.6992464251697581,8665.845724896488,5337.24089275401
457394,10.282309842168187,FAT_020,FAT_DON_19,1,Allogenic,1.5296409503708683,4.082450931084729,2.6688948998749806,30.99,84,7171.078804251845,105401.08300979657,3.877555708992472,132020.23318555154,3.855584495066727,-1.0398394487925413,3487.880767984998,7171.078804251845
457395,9.49523564303796,FAT_020,FAT_DON_19,1,Allogenic,1.5296409503708683,4.082450931084729,2.6688948998749806,30.99,84,3730.2946785102313,27745.235287031872,2.8948785301905287,223720.19582728625,3.571743140708405,-0.008956267791566639,3707.208698409055,3730.2946785102313
457412,9.680893797386233,FAT_020,FAT_DON_19,1,Allogenic,1.5296409503708683,4.082450931084729,2.6688948998749806,30.36,84,17811.404850388288,212023.16241536432,3.573348663589744,149571.58540648798,4.250698175202141,-0.5588970666718803,12090.754239336718,17811.404850388288
457421,5.242748316997428,FAT_020,FAT_DON_19,1,Allogenic,1.5296409503708683,4.082450931084729,2.6688948998749806,31.17,84,2388.462060341083,2850.7404130954665,0.2552547137930507,7512.508039357719,3.3781183470992238,-0.17115347264503522,2121.2703319498332,2388.462060341083
457424,7.962028292479135,FAT_020,FAT_DON_19,1,Allogenic,1.5296409503708683,4.082450931084729,2.6688948998749806,30.39,84,2198.979030017804,11465.91927903882,2.38244627600866,16280.380532948278,3.342221087846021,0.5711309158407276,3266.996167187712,2198.979030017804
469585,6.957588340288727,FAT_020,FAT_DON_19,1,Allogenic,1.5296409503708683,4.082450931084729,2.6688948998749806,29.25,84,662.7839901865791,3326.7382267593907,2.327497689177769,41849.10087645824,2.8213720093163994,1.2542049328218432,1580.9761369818368,662.7839901865791
469588,6.654914384599597,FAT_020,FAT_DON_19,1,Allogenic,1.5296409503708683,4.082450931084729,2.6688948998749806,28.94,84,728.6557732603374,2379.5121166025237,1.7073564686431173,13565.40043490201,2.8625224102385483,1.4861265144741063,2041.2258916634614,728.6557732603374
469589,6.581055262862296,FAT_020,FAT_DON_19,1,Allogenic,1.5296409503708683,4.082450931084729,2.6688948998749806,30.59,84,680.6750917621677,10434.272714955585,3.938219918153455,20218.832042336067,2.832939858569683,0.4835169819878412,951.6844507105671,680.6750917621677
469590,7.759125384262191,FAT_020,FAT_DON_19,1,Allogenic,1.5296409503708683,4.082450931084729,2.6688948998749806,29.52,84,1715.1060555871109,5788.762990419889,1.754957299558748,59491.38219840399,3.234290980315909,1.5557614845221845,5042.2207262112715,1715.1060555871109
469591,6.4571768483353225,FAT_020,FAT_DON_19,1,Allogenic,1.5296409503708683,4.082450931084729,2.6688948998749806,30.59,84,3069.9503839930503,41365.0685204858,3.7521257276436906,28052.98481212966,3.4871313565416298,-0.3824487732885214,2355.0644890744375,3069.9503839930503
469592,7.643167211040835,FAT_020,FAT_DON_19,1,Allogenic,1.5296409503708683,4.082450931084729,2.6688948998749806,30.59,84,1684.2032437747305,17472.649204172547,3.374960212922513,41710.6714988023,3.226394499469876,0.1056252803521052,1812.136371297958,1684.2032437747305
469593,10.165666269957043,FAT_020,FAT_DON_19,1,Allogenic,1.5296409503708683,4.082450931084729,2.6688948998749806,30.99,84,5902.437056164652,95910.22079126108,4.022301909328237,134236.460378808,3.7710313644409608,-0.7719762638382585,3456.554056110281,5902.437056164652
469596,6.532690268067118,FAT_020,FAT_DON_19,1,Allogenic,1.5296409503708683,4.082450931084729,2.6688948998749806,28.15,84,1264.575588638197,8166.36730015402,2.6910411822593225,6947.254747262608,3.1019447939392792,1.2759733020644026,3062.323249108988,1264.575588638197
470145,5.7741677920906165,FAT_020,FAT_DON_19,1,Allogenic,1.5296409503708683,4.082450931084729,2.6688948998749806,28.33,84,2822.7278894940077,11802.64719131009,2.063948509926984,8879.158856019849,3.450669014247835,0.5303409428249598,4076.782536576845,2822.7278894940077
470146,12.473595754807334,FAT_020,FAT_DON_19,1,Allogenic,1.5296409503708683,4.082450931084729,2.6688948998749806,28.01,84,29177.13374222587,178491.07194478094,2.6129418429012192,132759.20177509723,4.465042626108653,1.467258284086921,80673.58951553324,29177.13374222587
471870,17.49995890023805,FAT_020,FAT_DON_19,1,Allogenic,1.5296409503708683,4.082450931084729,2.6688948998749806,30.58,84,740.04101971753,2309.8771659061977,1.6421389892078622,389227.4454733439,2.8692557928975164,0.2575912349501164,884.7049989813224,740.04101971753
471875,8.393294502245643,FAT_020,FAT_DON_19,1,Allogenic,1.5296409503708683,4.082450931084729,2.6688948998749806,29.18,84,13491.517051773431,117787.99605455188,3.1260680333515585,39356.69350327056,4.130060786600784,0.6991085949448258,21903.496309056853,13491.517051773431
476272,5.790171095630694,FAT_020,FAT_DON_19,1,Allogenic,1.5296409503708683,4.082450931084729,2.6688948998749806,29.6,84,7589.89322749858,8855.562531360803,0.2225043637655553,3705.0215784385455,3.880235666404789,-1.0733969883688288,3606.707937721598,7589.89322749858
478749,3.769839434575036,FAT_020,FAT_DON_19,1,Allogenic,1.5296409503708683,4.082450931084729,2.6688948998749806,29.95,84,2430.7501186106565,4175.712283194046,0.7806207183351223,2537.871923692337,3.3857403156157035,-0.1180409897413619,2239.7855423781057,2430.7501186106565
483215,6.367507453514936,FAT_020,FAT_DON_19,1,Allogenic,1.5296409503708683,4.082450931084729,2.6688948998749806,28.86,84,16729.806436954976,7772.405181830973,-1.1059877366942727,7528.793848493712,4.223490916225475,-0.6346882337261173,10775.333484759842,16729.806436954976
483216,7.225779538908886,FAT_020,FAT_DON_19,1,Allogenic,1.5296409503708683,4.082450931084729,2.6688948998749806,29.11,84,3235.036457622346,21172.363673702668,2.710328464156408,10811.741540157758,3.50987917936484,0.9614238488822682,6299.362437057762,3235.036457622346
483217,14.136235817525556,FAT_020,FAT_DON_19,1,Allogenic,1.5296409503708683,4.082450931084729,2.6688948998749806,30.63,84,1533.755344161826,21072.68076482916,3.780233582652184,209588.86352490843,3.1857560889777323,0.04405581158151621,1581.3143415877064,1533.755344161826
483218,7.873874294408518,FAT_020,FAT_DON_19,1,Allogenic,1.5296409503708683,4.082450931084729,2.6688948998749806,28.19,84,26074.65408264084,43493.70403389471,0.7381584641232669,40315.52051615218,4.416218555603006,0.9377387406538287,49946.6131873685,26074.65408264084
484018,4.993434904761882,FAT_020,FAT_DON_19,1,Allogenic,1.5296409503708683,4.082450931084729,2.6688948998749806,30.12,84,128434.52558792222,164879.8238422348,0.3603817907722619,3717.914510671208,5.108681785857203,-0.9503249416741392,66466.90748819945,128434.52558792222
484020,7.882742374348735,FAT_020,FAT_DON_19,1,Allogenic,1.5296409503708683,4.082450931084729,2.6688948998749806,25.15,84,171.59192874769104,10333.63590264788,5.912222453654907,3686.021467779887,2.234496855874116,2.9829018185948923,1356.5624058953624,171.59192874769104
500632,6.24014656880682,FAT_020,FAT_DON_19,1,Allogenic,1.5296409503708683,4.082450931084729,2.6688948998749806,27.33,84,15228.58036838513,25306.10420579208,0.7327039683827846,29917.70995820093,4.182659419625399,0.4856881251355554,21323.874302365035,15228.58036838513
511680,5.685077488792728,FAT_020,FAT_DON_19,1,Allogenic,1.5296409503708683,4.082450931084729,2.6688948998749806,26.86,84,12682.351321422946,19318.452349342275,0.6071572733405932,18200.07028485353,4.103199779669586,0.6720810523633505,20207.674415505597,12682.351321422946
515619,13.168211166203424,FAT_020,FAT_DON_19,1,Allogenic,1.5296409503708683,4.082450931084729,2.6688948998749806,29.62,84,880125.9053587196,1523527.8238299608,0.7916340212254056,925385.4609716224,5.944544804072051,-1.1813134600726025,388091.3993831318,880125.9053587196
515620,15.630000884982232,FAT_020,FAT_DON_19,1,Allogenic,1.5296409503708683,4.082450931084729,2.6688948998749806,31.6,84,5692.623228596384,30627.45451345581,2.427659945778044,98856.8971816232,3.75531244059068,-0.7980900658010783,3273.884784614946,5692.623228596384
518635,6.221188263929004,FAT_020,FAT_DON_19,1,Allogenic,1.5296409503708683,4.082450931084729,2.6688948998749806,25.8,84,964.4930213021876,845.1584426978696,-0.1905489692986887,3088.8751327934547,2.984299089604667,1.2003674533915767,2216.387534381984,964.4930213021876
518636,7.31220168715366,FAT_020,FAT_DON_19,1,Allogenic,1.5296409503708683,4.082450931084729,2.6688948998749806,28.81,84,7277.612181815579,9511.848094087818,0.386260502017383,9932.307846814105,3.861988908658148,-0.11729130103183402,6709.354031243378,7277.612181815579
518637,7.347189797962595,FAT_020,FAT_DON_19,1,Allogenic,1.5296409503708683,4.082450931084729,2.6688948998749806,18.67,84,4135.284159630374,162136.8745172035,5.293081958816662,4830.099559583438,3.6165053578351865,0.06247333335537366,4318.289011188253,4135.284159630374
525259,5.444794074083761,FAT_020,FAT_DON_19,1,Allogenic,1.5296409503708683,4.082450931084729,2.6688948998749806,27.86,84,3082.1488623400423,5102.429469515694,0.7272477919799938,2759.766073170251,3.488853610544495,0.4310505596742948,4155.3992652611305,3082.1488623400423
525362,3.210714090163516,FAT_020,FAT_DON_19,1,Allogenic,1.5296409503708683,4.082450931084729,2.6688948998749806,22.5,84,48101.85304974965,5923.7403263586575,-3.021512167659491,1177.3282854562046,4.682161807221639,-1.4547409219543146,17548.54662012707,48101.85304974965
536231,13.56520310922896,FAT_020,FAT_DON_19,1,Allogenic,1.5296409503708683,4.082450931084729,2.6688948998749806,31.15,84,31526.560671856576,67391.36981909604,1.095996060181017,806736.5556621021,4.498676594829532,-0.8843713985763949,17078.679026189562,31526.560671856576
537006,4.288248743412675,FAT_020,FAT_DON_19,1,Allogenic,1.5296409503708683,4.082450931084729,2.6688948998749806,29.51,84,694.5000338887589,4959.820906103356,2.836241357640924,1832.1535277992807,2.841672271265428,1.2911475292130905,1699.5987632196193,694.5000338887589
537007,6.324445801648578,FAT_020,FAT_DON_19,1,Allogenic,1.5296409503708683,4.082450931084729,2.6688948998749806,29.22,84,2916.249556820948,9759.86298697884,1.7427467118117146,4703.205963398821,3.464824685802587,0.9527132176922212,5644.4280522227455,2916.249556820948
537011,0.0,FAT_020,FAT_DON_19,1,Allogenic,1.5296409503708683,4.082450931084729,2.6688948998749806,28.14,84,4291385.647341165,468647.5107517252,-3.194868430469304,786.4688661923581,6.6325975443593945,-2.018176289181061,1059414.5781429838,4291385.647341165
537012,10.022659873344598,FAT_020,FAT_DON_19,1,Allogenic,1.5296409503708683,4.082450931084729,2.6688948998749806,29.72,84,180.53747953548532,1630.6979207584743,3.175119277775585,74211.03935581955,2.2565673750270614,2.134826747779813,792.8924119858441,180.53747953548532
537013,0.0,FAT_020,FAT_DON_19,1,Allogenic,1.5296409503708683,4.082450931084729,2.6688948998749806,26.93,84,4322.327494284255,5185.419068290767,0.262652201041221,836.0048689810053,3.6357176694357385,-0.9657915855779478,2213.0204778133134,4322.327494284255
537937,5.333305979138298,FAT_020,FAT_DON_19,1,Allogenic,1.5296409503708683,4.082450931084729,2.6688948998749806,25.23,84,5270.555877790453,3758.856482450288,-0.4876612961713964,4308.953667231643,3.721856422029574,0.22603395534974935,6164.522224186576,5270.555877790453
545696,5.849316134145343,FAT_020,FAT_DON_19,1,Allogenic,1.5296409503708683,4.082450931084729,2.6688948998749806,17.82,84,9294.427268518297,7449.508869355544,-0.3192206528149977,6745.0392838240205,3.968222633291825,0.7294699694896143,15410.437734048133,9294.427268518297
547042,5.853854642122757,FAT_020,FAT_DON_19,1,Allogenic,1.5296409503708683,4.082450931084729,2.6688948998749806,28.24,84,6479.831697922285,7109.919246781684,0.1338768318954817,4927.8144143994,3.811563725992065,0.07280717356507646,6815.235526494678,6479.831697922285
547043,15.925104462203308,FAT_020,FAT_DON_19,1,Allogenic,1.5296409503708683,4.082450931084729,2.6688948998749806,24.99,84,883.1698323222392,1033.554370951627,0.2268514869816083,150134.12439706043,2.946044225829251,0.82303022841351,1562.4315927873317,883.1698323222392
548480,5.358982418629484,FAT_020,FAT_DON_19,1,Allogenic,1.5296409503708683,4.082450931084729,2.6688948998749806,25.09,84,5425.069936852355,3896.218576974547,-0.4775671215102973,4487.418992346906,3.734405341229006,1.0398595203743124,11154.092664332677,5425.069936852355
552396,6.421039360530126,FAT_020,FAT_DON_19,1,Allogenic,1.5296409503708683,4.082450931084729,2.6688948998749806,23.33,84,6518.86682863266,11422.993624499988,0.8092476790079931,5368.209836451893,3.8141721090995935,0.0007999410818998265,6522.482392019949,6518.86682863266
552398,9.584712928154437,FAT_020,FAT_DON_19,1,Allogenic,1.5296409503708683,4.082450931084729,2.6688948998749806,29.38,84,37016.68915989289,32850.049515133054,-0.1722803185717655,31610.7555329636,4.568397572064364,1.1161150700739577,80238.2940894161,37016.68915989289
553174,0.0,FAT_020,FAT_DON_19,1,Allogenic,1.5296409503708683,4.082450931084729,2.6688948998749806,19.47,84,3156.9661962015957,541.3401989063668,-2.54393138384309,9.500055329329603,3.499269931628767,-0.5811807762151854,2110.1682539542508,3156.9661962015957
556258,6.665298006816807,FAT_020,FAT_DON_19,1,Allogenic,1.5296409503708683,4.082450931084729,2.6688948998749806,29.11,84,714.0175992439466,2483.487590929914,1.7983359985471878,14015.9744876645,2.8537089164825256,1.4589809025834626,1962.9350565481122,714.0175992439466
556259,6.811593567715474,FAT_020,FAT_DON_19,1,Allogenic,1.5296409503708683,4.082450931084729,2.6688948998749806,30.68,84,422.88058269573145,697.3034103974522,0.7215362196162792,38003.61419422175,2.626217744211222,0.4363167695382403,572.218875356935,422.88058269573145
556268,0.0,FAT_020,FAT_DON_19,1,Allogenic,1.5296409503708683,4.082450931084729,2.6688948998749806,28.57,84,875.8507453140438,323.85021590962384,-1.4353583336071791,131.64362384928168,2.9424301038744045,0.5873799514177931,1315.9793912270256,875.8507453140438
563192,7.995599841219932,FAT_020,FAT_DON_19,1,Allogenic,1.5296409503708683,4.082450931084729,2.6688948998749806,28.15,84,42411.669516822665,40360.60820427716,-0.0715133601646794,10591.883116821844,4.6274853686085535,0.6351735445235015,65870.60585687307,42411.669516822665
563193,7.748589246599986,FAT_020,FAT_DON_19,1,Allogenic,1.5296409503708683,4.082450931084729,2.6688948998749806,30.59,84,2107.083826470462,19664.242344238413,3.222254985472522,36368.24752681573,3.323681813562248,0.050781784590680876,2182.5723747833263,2107.083826470462
565040,5.170662731258152,FAT_020,FAT_DON_19,1,Allogenic,1.5296409503708683,4.082450931084729,2.6688948998749806,25.09,84,4854.181150213118,3629.1256153996,-0.4196059546725934,4053.1307487204094,3.686115979468097,0.5980546452976419,7347.6484084063,4854.181150213118
565042,5.146159556705333,FAT_020,FAT_DON_19,1,Allogenic,1.5296409503708683,4.082450931084729,2.6688948998749806,25.09,84,5847.950519548087,4135.171387240705,-0.4999839795687954,3985.2732106537696,3.7670036893297394,0.8479502939774726,10525.970842135868,5847.950519548087
566550,6.271845548661514,FAT_020,FAT_DON_19,1,Allogenic,1.5296409503708683,4.082450931084729,2.6688948998749806,29.11,84,5736.537750645557,4722.298950988492,-0.2806908944672563,6486.502063790122,3.7586498559078936,0.13414621575579094,6295.524097897382,5736.537750645557
566552,8.088058531203336,FAT_020,FAT_DON_19,1,Allogenic,1.5296409503708683,4.082450931084729,2.6688948998749806,25.62,84,978.3179634287789,1277.2766983887668,0.3846957548405305,11474.031111688166,2.990480027916268,1.0940641640551816,2088.459984526423,978.3179634287789
568816,9.281419415499409,FAT_020,FAT_DON_19,1,Allogenic,1.5296409503708683,4.082450931084729,2.6688948998749806,23.68,84,10315.033290216648,73602.71203086487,2.8350104487709364,27626.160897690494,4.013470633931474,0.15926418841915654,11518.977550647087,10315.033290216648
585394,8.410826495081636,FAT_020,FAT_DON_19,1,Allogenic,1.5296409503708683,4.082450931084729,2.6688948998749806,30.74,84,36155.47658859525,46597.22885705218,0.3660299667012891,36086.638743839176,4.558174090622569,-0.661687510721493,22855.267156057125,36155.47658859525
585543,10.824629344715676,FAT_020,FAT_DON_19,1,Allogenic,1.5296409503708683,4.082450931084729,2.6688948998749806,30.29,84,5248.598616765867,24428.513046331536,2.218561872320476,253345.4397964199,3.720043361644309,-0.011916565686498038,5205.424093907054,5248.598616765867
585544,6.559401599233093,FAT_020,FAT_DON_19,1,Allogenic,1.5296409503708683,4.082450931084729,2.6688948998749806,29.11,84,2554.361365860178,5467.297533095756,1.097865252118999,25807.57887750454,3.407282336974928,1.2440850731402202,6050.472078980191,2554.361365860178
591001,0.0,FAT_020,FAT_DON_19,1,Allogenic,1.5296409503708683,4.082450931084729,2.6688948998749806,27.06,84,7084.062992043301,8392.919365775628,0.2445956796081375,197.4654357739225,3.850282414315776,-1.0017177535327901,3537.8166646095615,7084.062992043301
622312,9.930343376448093,FAT_020,FAT_DON_19,1,Allogenic,1.5296409503708683,4.082450931084729,2.6688948998749806,28.89,84,78159.71692862836,153613.74733266007,0.9748101853195318,226114.888345658,4.892982977827435,0.8749945316224996,143345.00954398513,78159.71692862836
626939,9.72974448574774,FAT_020,FAT_DON_19,1,Allogenic,1.5296409503708683,4.082450931084729,2.6688948998749806,26.95,84,3857.97208520875,5779.700907795025,0.583152132373235,7281.113834550476,3.586359080932629,1.0683158852912533,8090.105912253382,3857.97208520875
645463,6.4900705255148905,FAT_020,FAT_DON_19,1,Allogenic,1.5296409503708683,4.082450931084729,2.6688948998749806,28.02,84,2118.4690729276545,1980.3035293913963,-0.097300492115693,4156.952781962369,3.326022128211966,1.188292822190646,4827.629265127968,2118.4690729276545
649757,10.534129428536088,FAT_020,FAT_DON_19,1,Allogenic,1.5296409503708683,4.082450931084729,2.6688948998749806,27.82,84,2941.459745404732,24870.1703363644,3.079812190775087,24257.71270806248,3.4685629093380426,1.1159512546744423,6375.257204226369,2941.459745404732
657308,5.907503873055102,FAT_020,FAT_DON_19,1,Allogenic,1.5296409503708683,4.082450931084729,2.6688948998749806,20.15,84,4463.016611219566,3308.1371097925644,-0.4320001462586808,3393.5554787126684,3.6496285032751183,0.6524915848464716,7015.328986285009,4463.016611219566
657309,9.003693377331237,FAT_020,FAT_DON_19,1,Allogenic,1.5296409503708683,4.082450931084729,2.6688948998749806,28.38,84,1166.1745299724594,6241.867121663104,2.4201939263539867,23343.67167030484,3.0667635519082044,1.1487864325581478,2585.727335733178,1166.1745299724594
657313,13.79815957318057,FAT_020,FAT_DON_19,1,Allogenic,1.5296409503708683,4.082450931084729,2.6688948998749806,30.1,84,27146.49371339656,133218.81495782736,2.294960079384066,71558.4881927946,4.433713743344358,0.07834074110259831,28661.350905564395,27146.49371339656
657314,7.641640280320333,FAT_020,FAT_DON_19,1,Allogenic,1.5296409503708683,4.082450931084729,2.6688948998749806,30.01,84,9740.078344128417,46239.038117511496,2.2471061048902548,31605.32692991827,3.98856245013178,0.2882400340436172,11894.093449200309,9740.078344128417
657317,13.01825909812625,FAT_020,FAT_DON_19,1,Allogenic,1.5296409503708683,4.082450931084729,2.6688948998749806,31.02,84,954154.4042871668,1637308.9485091711,0.7790319220378886,972986.8453499896,5.979618659299403,-0.8586549348303356,526184.1573836316,954154.4042871668
657319,8.150150818973879,FAT_020,FAT_DON_19,1,Allogenic,1.5296409503708683,4.082450931084729,2.6688948998749806,26.02,84,8417.763291314455,34706.34559807894,2.043690618128204,19070.00392286785,3.925196709161905,0.9693154010978925,16481.23379610818,8417.763291314455
657321,17.892676212725938,FAT_020,FAT_DON_19,1,Allogenic,1.5296409503708683,4.082450931084729,2.6688948998749806,25.04,84,29259.270163095614,819847.5689749066,4.80839001129955,416911.2852783911,4.466263488976805,-0.6091311092410024,19182.126637141508,29259.270163095614
657322,11.153045478062005,FAT_020,FAT_DON_19,1,Allogenic,1.5296409503708683,4.082450931084729,2.6688948998749806,29.23,84,760201.8514975491,195501.07798336836,-1.959205976432806,95479.62751204651,5.880928923007403,-0.3002438895278118,617371.399309656,760201.8514975491
657323,13.911358132554076,FAT_020,FAT_DON_19,1,Allogenic,1.5296409503708683,4.082450931084729,2.6688948998749806,29.77,84,16995.733264919407,239431.66979012493,3.816369479104072,276315.2164319776,4.230339906550058,0.20597645358390668,19604.01370621924,16995.733264919407
658089,8.302372696364774,FAT_020,FAT_DON_19,1,Allogenic,1.5296409503708683,4.082450931084729,2.6688948998749806,27.62,84,2259.971421752765,28181.64610817665,3.640379448449565,22728.203800040417,3.3541029473537947,1.6312252225982784,7000.848331063924,2259.971421752765
658659,6.294278885791609,FAT_020,FAT_DON_19,1,Allogenic,1.5296409503708683,4.082450931084729,2.6688948998749806,27.88,84,3246.4217040795384,2932.7761084363437,-0.1465834771644766,6743.003557682022,3.5114049331917565,0.8870544119080718,6003.92030641737,3246.4217040795384
665951,7.904836307744252,FAT_020,FAT_DON_19,1,Allogenic,1.5296409503708683,4.082450931084729,2.6688948998749806,29.93,84,9644.116981132076,46434.11136980463,2.2674639699367587,20506.548003738622,3.984262469639056,0.48959682031333884,13540.84598276618,9644.116981132076
665953,5.886545826004515,FAT_020,FAT_DON_19,1,Allogenic,1.5296409503708683,4.082450931084729,2.6688948998749806,29.11,84,3144.7677178546032,16867.874426892133,2.423252822316021,5777.390790993733,3.4975885726494886,0.753249088972773,5300.7722214648265,3144.7677178546032
679189,0.0,FAT_020,FAT_DON_19,1,Allogenic,1.5296409503708683,4.082450931084729,2.6688948998749806,18.98,84,2517.765930819201,532.2781162815025,-2.2418920076229263,384.752240837849,3.4010153525872777,-0.11080578508249243,2331.629210981429,2517.765930819201
679935,5.779659272475183,FAT_020,FAT_DON_19,1,Allogenic,1.5296409503708683,4.082450931084729,2.6688948998749806,23.83,84,3248.0481678591373,7087.0255643609735,1.1256072256038945,4244.489006068335,3.5116224611111067,0.663132475098315,5143.339916498367,3248.0481678591373
702443,11.989460297303175,FAT_020,FAT_DON_19,1,Allogenic,1.5296409503708683,4.082450931084729,2.6688948998749806,29.68,84,38641.52647571226,9056.83615597621,-2.093073023174317,90733.67129966574,4.587054274236318,0.7531196401455379,65127.72024643902,38641.52647571226
702444,6.636278920552593,FAT_020,FAT_DON_19,1,Allogenic,1.5296409503708683,4.082450931084729,2.6688948998749806,28.87,84,554.6241488432478,2043.2611560483483,1.88129127241838,12426.072370763124,2.743998775232902,1.4515048446148675,1516.8592081669306,554.6241488432478
702447,7.118095818929687,FAT_020,FAT_DON_19,1,Allogenic,1.5296409503708683,4.082450931084729,2.6688948998749806,28.94,84,612.363613019011,2140.5593063363654,1.8055273426291616,13471.078456989382,2.787009376777124,1.8349900388802953,2184.723198305594,612.363613019011
709991,6.891091632981235,FAT_020,FAT_DON_19,1,Allogenic,1.5296409503708683,4.082450931084729,2.6688948998749806,26.74,84,3201.693950140567,47852.08882473734,3.90167458980016,6565.216807947424,3.5053798153666524,1.1401011476371015,7056.420595975447,3201.693950140567
717959,11.037912024703171,FAT_020,FAT_DON_19,1,Allogenic,1.5296409503708683,4.082450931084729,2.6688948998749806,24.46,84,17214.49264327547,27325.517775985525,0.6666251714915725,24053.46151848189,4.235894227419848,-0.16120294540749,15394.560880679246,17214.49264327547
717960,10.411581818363029,FAT_020,FAT_DON_19,1,Allogenic,1.5296409503708683,4.082450931084729,2.6688948998749806,17.34,84,13770.455589974654,13372.772243997104,-0.0422777167592766,17411.56569251917,4.13894830895256,0.2222058704610858,16063.45426683095,13770.455589974654
717962,14.792452715786728,FAT_020,FAT_DON_19,1,Allogenic,1.5296409503708683,4.082450931084729,2.6688948998749806,28.91,84,15474.989630994372,60746.00154476793,1.9728510072494705,45005.15497193767,4.1896303666935495,0.29646601547147056,19005.335038986766,15474.989630994372
718252,12.809426160362907,FAT_020,FAT_DON_19,1,Allogenic,1.5296409503708683,4.082450931084729,2.6688948998749806,28.53,84,203312.0386093199,213936.692704362,0.0734882999402071,325661.8966894189,5.308163095051241,-0.2578788885256447,170033.23371010672,203312.0386093199
742725,4.049967195029417,FAT_020,FAT_DON_19,1,Allogenic,1.5296409503708683,4.082450931084729,2.6688948998749806,28.01,84,13039.36012104492,60066.34534790311,2.20368381368355,1257.40018037484,4.1152562798377925,-0.14641034176244422,11781.005948947726,13039.36012104492
742726,10.36751303567448,FAT_020,FAT_DON_19,1,Allogenic,1.5296409503708683,4.082450931084729,2.6688948998749806,24.86,84,1626.463779598967,4902.109748334483,1.5916640888353646,32795.54814760713,3.2112443962404043,1.016564433856517,3290.491576438733,1626.463779598967
742727,8.232600738923214,FAT_020,FAT_DON_19,1,Allogenic,1.5296409503708683,4.082450931084729,2.6688948998749806,30.68,84,792.9010925544965,3855.200729304109,2.281593160377692,14716.264280512223,2.89921901627496,0.6513152569341158,1245.3299852822297,792.9010925544965
742733,5.985741488599585,FAT_020,FAT_DON_19,1,Allogenic,1.5296409503708683,4.082450931084729,2.6688948998749806,31.17,84,5116.85505061835,4987.484105695046,-0.0369451218054983,7287.221012976474,3.709003114527672,-0.8049594034416954,2928.7762141784933,5116.85505061835
742740,8.468086967391613,FAT_020,FAT_DON_19,1,Allogenic,1.5296409503708683,4.082450931084729,2.6688948998749806,28.76,84,9801.883967753176,14944.80510355251,0.6085131091336323,12311.393131430505,3.9913095571377633,0.6318122841971922,15188.119528098574,9801.883967753176
742741,6.8730490299228695,FAT_020,FAT_DON_19,1,Allogenic,1.5296409503708683,4.082450931084729,2.6688948998749806,28.31,84,2918.6892524903465,3150.743043150185,0.1103714831617443,5631.497084150457,3.4651878589096627,0.7942538124368194,5061.533092448794,2918.6892524903465
742742,0.0,FAT_020,FAT_DON_19,1,Allogenic,1.5296409503708683,4.082450931084729,2.6688948998749806,29.51,84,2150.1851166298347,782.2008160409176,-1.4588499253099496,411.21668068383866,3.3324758513900257,-0.22733094324496037,1836.7177309896251,2150.1851166298347
742817,6.233759951809192,FAT_020,FAT_DON_19,1,Allogenic,1.5296409503708683,4.082450931084729,2.6688948998749806,27.32,84,119.54508780052409,607.1595358659075,2.34452079575729,3786.450624118514,2.077531735324599,0.6756051435700465,190.9453772989666,119.54508780052409
742818,2.028827210443872,FAT_020,FAT_DON_19,1,Allogenic,1.5296409503708683,4.082450931084729,2.6688948998749806,22.83,84,343.1838574953821,464.07402073647137,0.4353732427662231,638.5394332070828,2.535526851538097,-0.2531265040615763,287.9573585611884,343.1838574953821
742821,9.841989298552765,FAT_020,FAT_DON_19,1,Allogenic,1.5296409503708683,4.082450931084729,2.6688948998749806,24.75,84,1289.7857772219809,9260.017587460012,2.8438834677841585,22500.202472136505,3.110517583558008,1.0222017273989616,2619.575772381837,1289.7857772219809
748224,15.443676682706847,FAT_020,FAT_DON_19,1,Allogenic,1.5296409503708683,4.082450931084729,2.6688948998749806,29.49,84,324206.2781150213,346754.8682198269,0.0970041089258427,463240.3408180089,5.510821420519624,-0.792640885978096,187159.8713740258,324206.2781150213
752555,0.0,FAT_020,FAT_DON_19,1,Allogenic,1.5296409503708683,4.082450931084729,2.6688948998749806,29.44,84,3330.184588728885,409.2245732701875,-3.024637462336529,43.42882436264963,3.5224683066728604,-0.14263036473781943,3016.7011482168105,3330.184588728885
759350,3.6225321435498814,FAT_020,FAT_DON_19,1,Allogenic,1.5296409503708683,4.082450931084729,2.6688948998749806,26.44,84,2041.212043396704,1900.1756409189124,-0.1032932800777567,1730.367220699321,3.309888122057461,0.5816088387573253,3054.7088861041457,2041.212043396704
762967,0.0,FAT_020,FAT_DON_19,1,Allogenic,1.5296409503708683,4.082450931084729,2.6688948998749806,19.55,84,3018.716774935683,5722.466701743251,0.9227017577348284,10.178630709996003,3.4798223681232474,-0.5163202629390846,2110.5443449476493,3018.716774935683
762968,5.56150541361753,FAT_020,FAT_DON_19,1,Allogenic,1.5296409503708683,4.082450931084729,2.6688948998749806,29.47,84,25266.301584180157,58049.31653629516,1.200064579350217,4688.955880404827,4.402541675670116,-0.6472063101508033,16132.926786922297,25266.301584180157
762982,3.351861081009777,FAT_020,FAT_DON_19,1,Allogenic,1.5296409503708683,4.082450931084729,2.6688948998749806,29.47,84,9606.7083142013,13055.122400409757,0.4425018946780483,1807.7248140952904,3.982574604539912,-1.1622849447393646,4292.3188213704125,9606.7083142013
762984,12.314946933428295,FAT_020,FAT_DON_19,1,Allogenic,1.5296409503708683,4.082450931084729,2.6688948998749806,30.29,84,705.8852803459516,9633.47078194784,3.7705500286093714,25403.826526008037,2.848734125752914,1.04141984074598,1452.89000433963,705.8852803459516
763034,6.0988059220238,FAT_020,FAT_DON_19,1,Allogenic,1.5296409503708683,4.082450931084729,2.6688948998749806,29.98,84,984.0105866573753,4213.391468844797,2.0982362215704926,3967.6302507564433,2.992999770892873,1.0146667859224001,1988.1305968959607,984.0105866573753
767031,0.0,FAT_020,FAT_DON_19,1,Allogenic,1.5296409503708683,4.082450931084729,2.6688948998749806,19.45,84,1678.510620546134,413.51713872407055,-2.0211626355091226,8.142904567996805,3.224924093531597,-0.3224175065649835,1342.353046960133,1678.510620546134
862962,3.3341207579296244,FAT_020,FAT_DON_19,1,Allogenic,1.5296409503708683,4.082450931084729,2.6688948998749806,30.19,84,266.7400598542306,1128.4677626541534,2.080858790414001,1900.0110658659212,2.4260882442881018,1.8693650650999074,974.5928069792895,266.7400598542306
866771,5.769190940309301,FAT_020,FAT_DON_19,1,Allogenic,1.5296409503708683,4.082450931084729,2.6688948998749806,18.53,84,3437.531198182417,1118.4517765950927,-1.6198697529357573,3753.879005846527,3.536246648405442,0.584864457323067,5155.946394958706,3437.531198182417
868129,0.0,FAT_020,FAT_DON_19,1,Allogenic,1.5296409503708683,4.082450931084729,2.6688948998749806,19.76,84,3518.8543871623656,960.5807582356148,-1.87312700072281,443.1097235751595,3.5464012957751474,-0.6737185400379289,2205.930404213236,3518.8543871623656
873513,0.0,FAT_020,FAT_DON_19,1,Allogenic,1.5296409503708683,4.082450931084729,2.6688948998749806,28.44,84,1473.576184316664,491.2602686110641,-1.584762181283358,23.07156294265761,3.168372593917217,-0.5837499902553498,983.2101129084422,1473.576184316664
890402,5.676362060017476,FAT_020,FAT_DON_19,1,Allogenic,1.5296409503708683,4.082450931084729,2.6688948998749806,25.09,84,5174.594514794114,3583.33825055818,-0.5301415826320269,5286.780790771925,3.7138763238126473,0.8377854623880023,9248.576174735672,5174.594514794114
903814,5.038447539059424,FAT_020,FAT_DON_19,1,Allogenic,1.5296409503708683,4.082450931084729,2.6688948998749806,28.07,84,313.9075094626006,3198.9151665770946,3.349171286138982,2116.476612298503,2.4968017052481777,0.5456311622515804,458.1978548901743,313.9075094626006
904306,4.072842259641281,FAT_020,FAT_DON_19,1,Allogenic,1.5296409503708683,4.082450931084729,2.6688948998749806,25.52,84,19.517565355187603,3456.946045527178,7.468581176017375,671.1110514790699,1.290425642288029,2.526434858731756,112.44970407051902,19.517565355187603
997884,4.277700017984412,FAT_020,FAT_DON_19,1,Allogenic,1.5296409503708683,4.082450931084729,2.6688948998749806,29.11,84,548.1182937248519,1345.4807939337982,1.2955626060960097,3061.0535421861323,2.738874297111743,1.485020840595925,1534.299396858671,548.1182937248519
999410,8.096367905808961,FAT_020,FAT_DON_19,1,Allogenic,1.5296409503708683,4.082450931084729,2.6688948998749806,31.57,84,5088.3919344753685,6186.063770762624,0.2818119071320202,13939.974045029863,3.706580555553944,-0.19447090329641598,4446.711774227798,5088.3919344753685
999412,3.930814740792729,FAT_020,FAT_DON_19,1,Allogenic,1.5296409503708683,4.082450931084729,2.6688948998749806,30.37,84,4139.350319079371,3920.066162829453,-0.0785263467240005,2723.123002614265,3.6169321829131817,-0.8712622941400024,2262.8517294799617,4139.350319079371
999413,7.8117734336629905,FAT_020,FAT_DON_19,1,Allogenic,1.5296409503708683,4.082450931084729,2.6688948998749806,27.68,84,3000.012441470295,8383.380331433666,1.4825635983265817,7975.296448972204,3.4771230558032262,1.255996144127244,7164.989686936433,3000.012441470295
1002367,3.118643338166014,FAT_020,FAT_DON_19,1,Allogenic,1.5296409503708683,4.082450931084729,2.6688948998749806,19.59,84,16538.696942852097,5673.8176265992415,-1.5434538874271693,1603.4736245147042,4.218501289205528,-1.0943864357163848,7745.654930096347,16538.696942852097
1042156,6.212568049699588,FAT_020,FAT_DON_19,1,Allogenic,1.5296409503708683,4.082450931084729,2.6688948998749806,29.17,84,1129.5790949314826,1664.5614926724406,0.5593568738079185,3694.8429477285504,3.0529166463140385,0.882873039885952,2082.9934949770545,1129.5790949314826
1064535,0.0,FAT_020,FAT_DON_19,1,Allogenic,1.5296409503708683,4.082450931084729,2.6688948998749806,28.96,84,1510.1716193576408,983.4744406563244,-0.6187530458750159,82.10762106063444,3.1790263043162037,-0.6452243639405333,965.5936850711512,1510.1716193576408
1077285,5.114104170171548,FAT_020,FAT_DON_19,1,Allogenic,1.5296409503708683,4.082450931084729,2.6688948998749806,29.25,84,799.4069476728923,1254.8599676851552,0.650524363517605,4895.921371508079,2.9027679184085584,1.2142432608300497,1854.7764026237815,799.4069476728923
1121100,4.458765005383081,FAT_020,FAT_DON_19,1,Allogenic,1.5296409503708683,4.082450931084729,2.6688948998749806,30.12,84,8611.312481086732,35925.434186981736,2.0607005470564435,3103.803791168116,3.935069348881441,-1.2398588465995015,3646.1509605808487,8611.312481086732
1121101,6.612514308149544,FAT_020,FAT_DON_19,1,Allogenic,1.5296409503708683,4.082450931084729,2.6688948998749806,28.91,84,822.1774405872779,12329.201886986417,3.9064858148789408,8912.409049672504,2.914965556167424,1.241020303028363,1943.3449343052764,822.1774405872779
1121114,3.708278797054244,FAT_020,FAT_DON_19,1,Allogenic,1.5296409503708683,4.082450931084729,2.6688948998749806,30.63,84,1771.2190559832752,4902.586700051582,1.4688004952457905,2275.941826755107,3.2482722759961797,-0.056725694477152803,1702.9274279285441,1771.2190559832752
1121115,11.94523901873335,FAT_020,FAT_DON_19,1,Allogenic,1.5296409503708683,4.082450931084729,2.6688948998749806,29.66,84,15314.782948703874,166729.4426011413,3.444512065670696,131625.3023140037,4.185110846075783,0.8106960047169456,26863.009202634137,15314.782948703874
1121130,6.016048184509463,FAT_020,FAT_DON_19,1,Allogenic,1.5296409503708683,4.082450931084729,2.6688948998749806,22.85,84,210.62705945806624,10098.498706118507,5.583306227682709,4072.8094347597353,2.323514164657675,0.20486784607353176,242.76469692389026,210.62705945806624
1121333,10.67579031821189,FAT_020,FAT_DON_19,1,Allogenic,1.5296409503708683,4.082450931084729,2.6688948998749806,27.95,84,455.4098582877108,2013.213197871167,2.1442625337050187,21959.377893745383,2.6584024275826232,1.1705737714623448,1025.1330727895736,455.4098582877108
1122975,0.0,FAT_020,FAT_DON_19,1,Allogenic,1.5296409503708683,4.082450931084729,2.6688948998749806,18.97,84,4018.178767499248,986.8131026760116,-2.0256929738952048,624.2893502130884,3.60402925446584,-0.8807222387764836,2182.254726251605,4018.178767499248
1122978,0.0,FAT_020,FAT_DON_19,1,Allogenic,1.5296409503708683,4.082450931084729,2.6688948998749806,28.87,84,9115.516252762412,865.1904148159907,-3.3972347775822924,9.500055329329603,3.9597812697410735,-0.8055638162954166,5215.337253281758,9115.516252762412
1122988,0.0,FAT_020,FAT_DON_19,1,Allogenic,1.5296409503708683,4.082450931084729,2.6688948998749806,17.65,84,879.9169047630412,171.2256664382253,-2.361468313311468,111.28636242928968,2.944441661346973,1.0035657170243175,1764.1887356992715,879.9169047630412
1122992,0.0,FAT_020,FAT_DON_19,1,Allogenic,1.5296409503708683,4.082450931084729,2.6688948998749806,18.17,84,1067.7734713067218,390.6234563033608,-1.4507551225595814,165.5723928826017,3.028479126665902,0.1649330267274301,1197.0958217746022,1067.7734713067218
1122993,0.0,FAT_020,FAT_DON_19,1,Allogenic,1.5296409503708683,4.082450931084729,2.6688948998749806,18.4,84,1251.5638784014052,194.11934885893507,-2.6887160953696667,8.142904567996805,3.097453020407902,-0.012297050284646019,1240.9413022147955,1251.5638784014052
1123263,8.214917519617345,FAT_020,FAT_DON_19,1,Allogenic,1.5296409503708683,4.082450931084729,2.6688948998749806,14.87,84,459.4760177367082,1183.317210120437,1.3647753992821774,5479.496198881184,2.662262848395861,-1.3315001734370466,182.57502003012854,459.4760177367082
1123313,3.0964519914788995,FAT_020,FAT_DON_19,1,Allogenic,1.5296409503708683,4.082450931084729,2.6688948998749806,26.01,84,940.096064608203,918.6090071309802,-0.0333572579649231,893.005200956983,2.9731722346609333,0.7547744978668127,1586.2878524380476,940.096064608203
1150460,11.848614208324904,FAT_020,FAT_DON_19,1,Allogenic,1.5296409503708683,4.082450931084729,2.6688948998749806,25.62,84,979.9444272083776,859.4669942108133,-0.1892576986114888,16213.880145642972,2.99120144748731,0.8150020992969025,1724.0169283510484,979.9444272083776
1160721,14.763434867431004,FAT_020,FAT_DON_19,1,Allogenic,1.5296409503708683,4.082450931084729,2.6688948998749806,26.89,84,2007.0563040251252,104973.25731955956,5.708796938453671,137442.05047707606,3.302559555937627,1.0904816299328206,4273.928340957002,2007.0563040251252
1203465,9.791572004924468,FAT_020,FAT_DON_19,1,Allogenic,1.5296409503708683,4.082450931084729,2.6688948998749806,30.79,84,175.65808819668845,1048.816825898767,2.577920823383796,27286.873207357294,2.2446681517273537,1.6879337398852945,565.9614337661944,175.65808819668845
1203606,6.175682172452197,FAT_020,FAT_DON_19,1,Allogenic,1.5296409503708683,4.082450931084729,2.6688948998749806,29.5,84,5773.946417576333,5257.915729289682,-0.1350666998828187,4225.488895409675,3.761472749295498,0.14282618875682324,6374.816914231974,5773.946417576333
1203610,8.969851649056526,FAT_020,FAT_DON_19,1,Allogenic,1.5296409503708683,4.082450931084729,2.6688948998749806,30.83,84,357.0087996219733,1851.049614057806,2.3743120249423866,16269.523326857616,2.5526789208185443,-0.3451133751767028,281.05378797570944,357.0087996219733
1203611,9.157134361700091,FAT_020,FAT_DON_19,1,Allogenic,1.5296409503708683,4.082450931084729,2.6688948998749806,24.03,84,3505.8426769255734,5876.999058083042,0.745318409828485,15098.980795208076,3.544792423430311,0.3071670922392186,4337.694201336551,3505.8426769255734
1235789,8.677207188000331,FAT_020,FAT_DON_19,1,Allogenic,1.5296409503708683,4.082450931084729,2.6688948998749806,30.99,84,474.9274236428984,7293.545657864459,3.940841362646928,14199.868415825094,2.676627247688822,0.39937548272098794,626.3992766250473,474.9274236428984
1235815,0.0,FAT_020,FAT_DON_19,1,Allogenic,1.5296409503708683,4.082450931084729,2.6688948998749806,18.82,84,2190.033479230009,327.1888779293107,-2.742757311636563,4.7500276646648025,3.340450753987933,-0.31386585540251527,1761.8450755096594,2190.033479230009
1256908,9.928232329020242,FAT_020,FAT_DON_19,1,Allogenic,1.5296409503708683,4.082450931084729,2.6688948998749806,29.47,84,18982.458771699545,51462.13637145301,1.4388444748198117,39276.62160835192,4.27835246529997,1.0306331915628968,38779.65762455301,18982.458771699545
1280705,0.0,FAT_020,FAT_DON_19,1,Allogenic,1.5296409503708683,4.082450931084729,2.6688948998749806,29.52,84,1471.949720537065,139.7468531097493,-3.396840690856024,6.107178425997604,3.167892975445608,-0.4714768049147843,1061.6083234198647,1471.949720537065
1322347,5.25218407342008,FAT_020,FAT_DON_19,1,Allogenic,1.5296409503708683,4.082450931084729,2.6688948998749806,25.09,84,6826.268482976865,4373.170294072667,-0.6424176289936894,4076.202311663067,3.834183365451894,0.8665069790921157,12445.947297018347,6826.268482976865
1384484,5.668197655336412,FAT_020,FAT_DON_19,1,Allogenic,1.5296409503708683,4.082450931084729,2.6688948998749806,25.0,84,816.4848173586815,1514.321701786533,0.8911737592884149,6170.2859363995785,2.9119481133854235,1.0626512616414312,1705.4461778615305,816.4848173586815
1408437,8.354667050830532,FAT_020,FAT_DON_19,1,Allogenic,1.5296409503708683,4.082450931084729,2.6688948998749806,26.48,84,5526.72392307729,9312.959228057902,0.7528151151634398,3715.8787845292086,3.742467770773431,0.8222840624049108,9772.370826011733,5526.72392307729
1410647,9.468389166886087,FAT_020,FAT_DON_19,1,Allogenic,1.5296409503708683,4.082450931084729,2.6688948998749806,25.61,84,4554.911814766907,2948.038563383483,-0.6276677265489915,5518.174995579168,3.658479973245164,0.14301361293554385,5029.575832481416,4554.911814766907
1410665,0.0,FAT_020,FAT_DON_19,1,Allogenic,1.5296409503708683,4.082450931084729,2.6688948998749806,29.3,84,814.8583535790825,746.9063889756568,-0.1256218592118713,127.57217156528328,2.9110821221076497,0.6922388995477776,1316.6392422536287,814.8583535790825
1437612,12.001327264900093,FAT_020,FAT_DON_19,1,Allogenic,1.5296409503708683,4.082450931084729,2.6688948998749806,25.15,84,52281.0517314292,32615.86622203788,-0.6807142193811844,64692.66249121195,4.718344315644578,-0.04893996671166176,50537.28627354811,52281.0517314292
1899017,0.0,FAT_020,FAT_DON_19,1,Allogenic,1.5296409503708683,4.082450931084729,2.6688948998749806,21.4,84,705104.5777317442,190.78068683924823,-11.85170640020637,107.21491014529126,5.848253534244739,-0.9072228073992734,375969.18976987316,705104.5777317442
561,3.0742279095181977,FAT_012,FAT_DON_8,1,Allogenic,1.0569544491509806,4.465054673442375,4.224453264782619,31.07,84,1928.9643458317876,125.12398104158312,-3.946396251958548,149.37973240393328,3.2853242004009533,-0.8119185910104159,1098.7840599027238,1928.9643458317876
818,3.6688592131262014,FAT_012,FAT_DON_8,1,Allogenic,1.0569544491509806,4.465054673442375,4.224453264782619,29.11,84,8877.545796067418,6689.599508150726,-0.4082410551892315,36728.96138089416,3.948292921348541,-1.2955060365423074,3616.6521875257254,8877.545796067418
904,2.302682706828116,FAT_012,FAT_DON_8,1,Allogenic,1.0569544491509806,4.465054673442375,4.224453264782619,23.81,84,1608.34095591865,2969.427810950613,0.8846116808412863,876.0681953336557,3.206378121264126,0.08895859615697783,1710.634895725452,1608.34095591865
195103,4.183426498012577,FAT_012,FAT_DON_8,1,Allogenic,1.0569544491509806,4.465054673442375,4.224453264782619,25.08,84,2408.2669287161925,27.20086544382241,-6.468198942792747,246.03720631236064,3.3817046218066142,0.8312287013029089,4284.788543714449,2408.2669287161925
205913,4.345067091155451,FAT_012,FAT_DON_8,1,Allogenic,1.0569544491509806,4.465054673442375,4.224453264782619,24.89,84,4537.049517548835,30213.814639483146,2.735382032234833,34802.84153719168,3.656773519200084,-0.11259542757426594,4196.419709450694,4537.049517548835
206672,4.570584714063623,FAT_012,FAT_DON_8,1,Allogenic,1.0569544491509806,4.465054673442375,4.224453264782619,25.09,84,4922.972986874017,30562.892412678862,2.634179355273815,33153.5135505906,3.692227452737261,-0.6248121432628366,3192.56873279787,4922.972986874017
213810,3.182802922508217,FAT_012,FAT_DON_8,1,Allogenic,1.0569544491509806,4.465054673442375,4.224453264782619,22.4,84,6751.375210411256,965.6307232556956,-2.8056379156811206,8587.577204609644,3.829392244751229,-0.08595085526888019,6360.898404929663,6751.375210411256
218495,3.0081767987563004,FAT_012,FAT_DON_8,1,Allogenic,1.0569544491509806,4.465054673442375,4.224453264782619,21.99,84,660.1838028557675,17.22721478108753,-5.260106366431357,12.301860315618033,2.819664865016024,1.1723041490493478,1487.8651720366245,660.1838028557675
226185,3.163985376528648,FAT_012,FAT_DON_8,1,Allogenic,1.0569544491509806,4.465054673442375,4.224453264782619,20.24,84,1520.8388495065108,437.0272381307468,-1.7990721859528322,217.91866844809087,3.1820831979597037,-0.44138358198159294,1119.9883370568728,1520.8388495065108
226186,3.110136968402626,FAT_012,FAT_DON_8,1,Allogenic,1.0569544491509806,4.465054673442375,4.224453264782619,29.11,84,4695.075709725982,2746.38071431127,-0.7736167905032156,26445.484861345736,3.671642599807905,-1.2444953116194386,1981.582606533491,4695.075709725982
264199,14.657343511600654,FAT_012,FAT_DON_8,1,Allogenic,1.0569544491509806,4.465054673442375,4.224453264782619,24.34,84,396246.1058786375,32939.34135695415,-3.588513144327844,2476.1887406722585,5.597965007203777,-1.0087670170542085,196922.74293838014,396246.1058786375
272559,0.0,FAT_012,FAT_DON_8,1,Allogenic,1.0569544491509806,4.465054673442375,4.224453264782619,30.39,84,1296.2065763290786,4517.157054704109,1.8011194162385884,6927.704766309469,3.1126742205241564,0.01628984808422925,1310.9253249886476,1296.2065763290786
272623,0.0,FAT_012,FAT_DON_8,1,Allogenic,1.0569544491509806,4.465054673442375,4.224453264782619,26.74,84,515.2176265610292,88.8561604498199,-2.535638243870178,1782.8910414563566,2.7119907126344427,1.8430533591129838,1848.4387202173273,515.2176265610292
295405,2.728325838279285,FAT_012,FAT_DON_8,1,Allogenic,1.0569544491509806,4.465054673442375,4.224453264782619,30.39,84,2252.1997389214066,4873.488392018183,1.1136200279314037,13143.65904292961,3.3526069037924136,0.2935557583188878,2760.425257253173,2252.1997389214066
326426,0.0,FAT_012,FAT_DON_8,1,Allogenic,1.0569544491509806,4.465054673442375,4.224453264782619,25.0,84,160.6381953536289,1650.1858369252266,3.3607416317748906,2513.0943216191126,2.205848816528402,3.140900685435747,1416.9487298641939,160.6381953536289
334413,2.580878885982132,FAT_012,FAT_DON_8,1,Allogenic,1.0569544491509806,4.465054673442375,4.224453264782619,14.89,84,820.8219982093963,19.94730132546977,-5.362803913755139,189.80013058382107,2.91424898711098,0.0004987707058053526,821.1058230881622,820.8219982093963
339860,0.0,FAT_012,FAT_DON_8,1,Allogenic,1.0569544491509806,4.465054673442375,4.224453264782619,18.53,84,0.6530007941204427,231.20735627249053,8.46788683888693,1295.2101503729273,-0.1850862905749773,1.0303581089832765,1.3337744891812324,0.6530007941204427
347253,8.884321283988312,FAT_012,FAT_DON_8,1,Allogenic,1.0569544491509806,4.465054673442375,4.224453264782619,25.68,84,45604.92246057759,12023.6892216843,-1.923309927766792,6032.305076194128,4.6590117216576,-0.42634485675961037,33936.66264622475,45604.92246057759
349741,0.0,FAT_012,FAT_DON_8,1,Allogenic,1.0569544491509806,4.465054673442375,4.224453264782619,28.37,84,374.82245582513406,979.2311559776068,1.3854420724032153,16505.581726326367,2.573825601822996,0.49585992506383064,528.5600232635587,374.82245582513406
367928,12.01006064921572,FAT_012,FAT_DON_8,1,Allogenic,1.0569544491509806,4.465054673442375,4.224453264782619,25.27,84,102598.1787706157,205879.72376223264,1.0047966301673383,88892.36393634764,5.011139651644297,-0.4054265052542945,77462.96434847995,102598.1787706157
391904,2.36858941689178,FAT_012,FAT_DON_8,1,Allogenic,1.0569544491509806,4.465054673442375,4.224453264782619,26.99,84,1219.1524826228665,6597.116565641729,2.435957017453356,7161.4401123062125,3.086058027374101,0.17569975031483792,1377.0475042533308,1219.1524826228665
398513,0.0,FAT_012,FAT_DON_8,1,Allogenic,1.0569544491509806,4.465054673442375,4.224453264782619,25.15,84,170.43320726543553,1036.3529734096342,2.604237093672666,19717.245973010933,2.231554216763304,3.70802594003497,2227.3129873086286,170.43320726543553
409438,3.912420704065733,FAT_012,FAT_DON_8,1,Allogenic,1.0569544491509806,4.465054673442375,4.224453264782619,31.07,84,2588.4951478934345,649.1939885925616,-1.99539206789416,83.47690928455094,3.4130473552382603,-0.34060184299135554,2044.1651687567833,2588.4951478934345
411459,7.241694130836384,FAT_012,FAT_DON_8,1,Allogenic,1.0569544491509806,4.465054673442375,4.224453264782619,29.69,84,159237.50865024052,62241.92700406924,-1.3552215732116026,55291.5898928535,5.202045374212757,-0.48040260666479234,114137.87419732336,159237.50865024052
411460,3.891974939320538,FAT_012,FAT_DON_8,1,Allogenic,1.0569544491509806,4.465054673442375,4.224453264782619,29.93,84,5295.83644031679,10656.39238537483,1.0087886399180712,14591.763742939504,3.7239345636361785,-1.427267115111134,1969.1751663483344,5295.83644031679
411461,12.635273570136174,FAT_012,FAT_DON_8,1,Allogenic,1.0569544491509806,4.465054673442375,4.224453264782619,31.07,84,124915.78691127009,68937.87338082353,-0.8575871171400115,52014.90152735782,5.096617328167489,-0.4141910516559178,93741.8235783704,124915.78691127009
411462,10.70104029492556,FAT_012,FAT_DON_8,1,Allogenic,1.0569544491509806,4.465054673442375,4.224453264782619,28.31,84,181877.6991831904,140957.60481643214,-0.3677073437331409,136704.42275730538,5.259779451590006,-0.0785860882853745,172235.5046124155,181877.6991831904
411463,7.264157390543469,FAT_012,FAT_DON_8,1,Allogenic,1.0569544491509806,4.465054673442375,4.224453264782619,26.73,84,66199.26150554811,23391.83758617248,-1.5008099234095844,13832.56322060422,4.820853144638275,0.1517097387599442,73539.78005595847,66199.26150554811
411464,6.55977311966666,FAT_012,FAT_DON_8,1,Allogenic,1.0569544491509806,4.465054673442375,4.224453264782619,28.1,84,19595.247829966243,60853.77617091951,1.6348429700733391,695.0551078324188,4.292150760567689,0.36712672361203774,25273.58887693527,19595.247829966243
411466,3.974181278953394,FAT_012,FAT_DON_8,1,Allogenic,1.0569544491509806,4.465054673442375,4.224453264782619,23.67,84,3898.4147408990425,5992.350657274079,0.6202344662979442,1585.1825720982094,3.5908880405543915,-0.12371364032267257,3578.0509787626033,3898.4147408990425
411467,4.717332776118759,FAT_012,FAT_DON_8,1,Allogenic,1.0569544491509806,4.465054673442375,4.224453264782619,27.37,84,38056.88628133939,15196.216827948789,-1.3244453263370888,46368.34764248915,4.580433252522975,0.17356859660451968,42922.26251614897,38056.88628133939
411468,4.211043162312111,FAT_012,FAT_DON_8,1,Allogenic,1.0569544491509806,4.465054673442375,4.224453264782619,27.59,84,7794.870479415723,4693.962680088955,-0.7317186795258942,5483.114883532609,3.891808903291073,0.8197630781221744,13758.851367818976,7794.870479415723
411469,12.669452248863328,FAT_012,FAT_DON_8,1,Allogenic,1.0569544491509806,4.465054673442375,4.224453264782619,29.85,84,215388.39393586328,106943.829274447,-1.010087272786273,148561.65869294465,5.333222297915493,-0.31344819286529757,173326.50894919527,215388.39393586328
411470,6.302823673204743,FAT_012,FAT_DON_8,1,Allogenic,1.0569544491509806,4.465054673442375,4.224453264782619,31.06,84,21038.37958497242,15392.969754659103,-0.4507519932176073,10885.388970705442,4.323012286603101,-1.3743447005421716,8115.089376792684,21038.37958497242
411471,6.598243069029875,FAT_012,FAT_DON_8,1,Allogenic,1.0569544491509806,4.465054673442375,4.224453264782619,28.72,84,63143.87078985856,32107.901569887978,-0.975714322188006,47437.73078563965,4.800331201109407,-0.23496961121870685,53653.52993827532,63143.87078985856
411473,5.526972886051985,FAT_012,FAT_DON_8,1,Allogenic,1.0569544491509806,4.465054673442375,4.224453264782619,29.04,84,14691.21186612172,12769.899630359829,-0.2022062218414947,12434.544666165057,4.167057621866605,-0.6211101942935084,9551.791254146197,14691.21186612172
411474,3.074898645104068,FAT_012,FAT_DON_8,1,Allogenic,1.0569544491509806,4.465054673442375,4.224453264782619,27.02,84,14769.571961416172,12198.68145603956,-0.2759027991349735,15086.474268489,4.169367909158348,0.3636289024282223,19003.391520992034,14769.571961416172
411475,6.420988400137088,FAT_012,FAT_DON_8,1,Allogenic,1.0569544491509806,4.465054673442375,4.224453264782619,28.82,84,21543.149198827523,9831.299466912214,-1.131775135197712,30012.145648566708,4.333309189198915,-0.17390061108249427,19096.768745870784,21543.149198827523
411476,3.619937054337636,FAT_012,FAT_DON_8,1,Allogenic,1.0569544491509806,4.465054673442375,4.224453264782619,29.68,84,6763.782225499545,1553.16941684226,-2.122615005018777,61401.22094817438,3.830189616106898,-1.3928753750620877,2575.682623041132,6763.782225499545
411477,6.90084903862621,FAT_012,FAT_DON_8,1,Allogenic,1.0569544491509806,4.465054673442375,4.224453264782619,29.89,84,26103.706744964693,9827.672684853038,-1.409332971073385,113355.49187826236,4.416702181843295,0.6745161872166098,41663.11973020918,26103.706744964693
411479,8.30837203251793,FAT_012,FAT_DON_8,1,Allogenic,1.0569544491509806,4.465054673442375,4.224453264782619,30.29,84,46141.03611255047,18167.458029928992,-1.3446938271460875,12013.645302509269,4.66408734252385,-0.016093439222258137,45629.187399620314,46141.03611255047
411483,11.049668995107297,FAT_012,FAT_DON_8,1,Allogenic,1.0569544491509806,4.465054673442375,4.224453264782619,28.13,84,292446.4056468402,666282.4789598857,1.1879616984214958,300473.8169132787,5.466046287975504,-0.3338981311815742,232024.0135759998,292446.4056468402
411484,10.257856835093351,FAT_012,FAT_DON_8,1,Allogenic,1.0569544491509806,4.465054673442375,4.224453264782619,27.82,84,94086.31341925576,23703.740843261643,-1.988870113464487,35408.268805581734,4.973526451920298,0.913231506294093,177188.90664138514,94086.31341925576
411485,8.5942366868474,FAT_012,FAT_DON_8,1,Allogenic,1.0569544491509806,4.465054673442375,4.224453264782619,29.4,84,152303.29321747556,211577.39837719867,0.4742383834802974,221408.88196049337,5.182709294082691,-0.0941098173089609,142685.36028479936,152303.29321747556
411486,8.153340581860274,FAT_012,FAT_DON_8,1,Allogenic,1.0569544491509806,4.465054673442375,4.224453264782619,26.21,84,65217.14831119096,86180.50198566256,0.4021101428090184,63984.61161445417,4.814361804899404,0.3102830846318062,80866.0668569913,65217.14831119096
411487,10.57157870896478,FAT_012,FAT_DON_8,1,Allogenic,1.0569544491509806,4.465054673442375,4.224453264782619,31.0,84,141155.91666104548,40110.396183460536,-1.8152414804453405,43336.81777899755,5.149699086658565,-2.1653149340951487,31468.376778171278,141155.91666104548
411489,5.8805191189933606,FAT_012,FAT_DON_8,1,Allogenic,1.0569544491509806,4.465054673442375,4.224453264782619,27.23,84,19615.49085458397,30778.685945199857,0.6499382014341482,298649.6267693342,4.29259918031006,0.5998471072826017,29728.373753075568,19615.49085458397
411490,3.709095392326722,FAT_012,FAT_DON_8,1,Allogenic,1.0569544491509806,4.465054673442375,4.224453264782619,30.71,84,4123.047014076475,4036.608431863246,-0.0305672659429535,6849.50008287447,3.615218286981221,-0.9612264952843104,2117.6797281322424,4123.047014076475
411901,0.0,FAT_012,FAT_DON_8,1,Allogenic,1.0569544491509806,4.465054673442375,4.224453264782619,29.11,84,1377.831675594134,304.64969297081103,-2.177176458787715,5006.857148456539,3.139196164722715,-0.5879955835359132,916.6253350732679,1377.831675594134
411902,4.757210062271478,FAT_012,FAT_DON_8,1,Allogenic,1.0569544491509806,4.465054673442375,4.224453264782619,31.82,84,11450.36892490196,10622.844651327448,-0.1082239302327359,13396.725883708035,4.058819479642544,-0.20852741395127594,9909.379778324324,11450.36892490196
411903,13.965962979599109,FAT_012,FAT_DON_8,1,Allogenic,1.0569544491509806,4.465054673442375,4.224453264782619,26.62,84,247157.53557061692,244961.02053640192,-0.0128786949869998,27790.781157289395,5.392973856175903,-2.04502157180869,59890.925079779816,247157.53557061692
420247,4.0295819045008665,FAT_012,FAT_DON_8,1,Allogenic,1.0569544491509806,4.465054673442375,4.224453264782619,18.18,84,9223.636216951252,1817.017811647337,-2.3437630518539945,55844.29490274806,3.9649021659164982,0.3033108354811561,11381.718113499455,9223.636216951252
428125,3.436784601650995,FAT_012,FAT_DON_8,1,Allogenic,1.0569544491509806,4.465054673442375,4.224453264782619,26.43,84,10017.68518260171,6376.789555546768,-0.6516470032456183,53981.44176924019,4.000767379359164,0.023668824645741268,10183.390679795912,10017.68518260171
428126,2.5086618330753554,FAT_012,FAT_DON_8,1,Allogenic,1.0569544491509806,4.465054673442375,4.224453264782619,27.15,84,2186.899659509362,355.4246417992796,-2.6212714145634357,236.3714589215179,3.339828856964889,-0.7340935314723191,1314.7545557769272,2186.899659509362
428127,4.529732399830797,FAT_012,FAT_DON_8,1,Allogenic,1.0569544491509806,4.465054673442375,4.224453264782619,17.97,84,7158.194705148291,8730.5711119522,0.2864802450621326,6889.920481054357,3.854803507161204,0.30289413488555345,8830.468126175214,7158.194705148291
428128,7.270023578487769,FAT_012,FAT_DON_8,1,Allogenic,1.0569544491509806,4.465054673442375,4.224453264782619,26.14,84,39747.50533731722,3562.4066776259424,-3.479940189434495,24269.81299409786,4.59930987633247,0.09360798601551691,42411.99367392381,39747.50533731722
435590,10.566972517249484,FAT_012,FAT_DON_8,1,Allogenic,1.0569544491509806,4.465054673442375,4.224453264782619,30.99,84,130714.4339630596,26146.3785601169,-2.321735414587233,144553.88834297794,5.116323546604231,-2.387404954955702,24982.911146056544,130714.4339630596
435591,5.159881249301004,FAT_012,FAT_DON_8,1,Allogenic,1.0569544491509806,4.465054673442375,4.224453264782619,30.59,84,13892.591894912415,9153.997917361035,-0.6018419144500662,30083.32069753564,4.142783278181648,-0.9305595282137301,7288.815336539685,13892.591894912415
442563,0.0,FAT_012,FAT_DON_8,1,Allogenic,1.0569544491509806,4.465054673442375,4.224453264782619,24.15,84,105.7861286475117,124.21728552678904,0.2317154821039741,1118.5905844129825,2.0244287239676537,0.46622145617120403,146.14210781221195,105.7861286475117
445970,9.442469466038393,FAT_012,FAT_DON_8,1,Allogenic,1.0569544491509806,4.465054673442375,4.224453264782619,17.81,84,108340.01475331676,70026.81469409121,-0.6295868220901376,148502.78550429133,5.034788890391701,-0.5977838467782489,71587.63606700805,108340.01475331676
445972,4.857827250573544,FAT_012,FAT_DON_8,1,Allogenic,1.0569544491509806,4.465054673442375,4.224453264782619,25.15,84,13273.547142086238,12321.08535053676,-0.1074246122758448,19847.29421063318,4.122986996593053,-0.15234974497854956,11943.32233522025,13273.547142086238
445973,7.321775306528968,FAT_012,FAT_DON_8,1,Allogenic,1.0569544491509806,4.465054673442375,4.224453264782619,29.52,84,16321.754849040462,2473.4653643582515,-2.722190575518641,1293.4527417564104,4.212766850513631,0.36643290005417845,21041.37637530174,16321.754849040462
445975,2.9178105276418345,FAT_012,FAT_DON_8,1,Allogenic,1.0569544491509806,4.465054673442375,4.224453264782619,20.24,84,2052.381495920551,2875.131477412029,0.4863290073331603,884.85523841624,3.3122580904426027,-0.8652796289040781,1126.6342959954802,2052.381495920551
449673,4.603373271205311,FAT_012,FAT_DON_8,1,Allogenic,1.0569544491509806,4.465054673442375,4.224453264782619,29.11,84,7376.94997117864,11301.959591908211,0.6154765794514429,98298.0148519459,3.8678768381805257,-1.710824697462775,2253.5504598599296,7376.94997117864
451640,3.8434294138497984,FAT_012,FAT_DON_8,1,Allogenic,1.0569544491509806,4.465054673442375,4.224453264782619,25.98,84,6925.073421647295,438369.1474926421,5.984173087367272,123176.76993166684,3.8404243822776034,0.22362920382559828,8086.181414074103,6925.073421647295
457387,4.424926944187535,FAT_012,FAT_DON_8,1,Allogenic,1.0569544491509806,4.465054673442375,4.224453264782619,29.03,84,20865.334374530503,9317.203110023973,-1.1631391917564888,18968.589902374748,4.319425348829655,-1.6709070072279284,6552.880070964129,20865.334374530503
457388,4.435623643509803,FAT_012,FAT_DON_8,1,Allogenic,1.0569544491509806,4.465054673442375,4.224453264782619,30.59,84,16572.507153982715,8114.924857407021,-1.030142234765295,28173.01753138181,4.2193882151648765,-0.938609615723434,8646.464577456827,16572.507153982715
457390,3.8369563078882414,FAT_012,FAT_DON_8,1,Allogenic,1.0569544491509806,4.465054673442375,4.224453264782619,29.68,84,9521.404579070171,2801.6891407137086,-1.7648775212784418,49025.54947066264,3.978701019387026,-1.2308695365691762,4056.6951060169195,9521.404579070171
457391,5.647835035403059,FAT_012,FAT_DON_8,1,Allogenic,1.0569544491509806,4.465054673442375,4.224453264782619,30.88,84,36594.16450250961,6463.832324967,-2.5011519276700938,97449.18649016824,4.563411836038759,-0.9630123218401597,18772.246181623195,36594.16450250961
457392,0.0,FAT_012,FAT_DON_8,1,Allogenic,1.0569544491509806,4.465054673442375,4.224453264782619,30.19,84,619.0447528261797,3974.046441342455,2.6824931166544674,9781.736359532852,2.791722046763089,1.1695680271743811,1392.5060954969656,619.0447528261797
457393,8.152525168339924,FAT_012,FAT_DON_8,1,Allogenic,1.0569544491509806,4.465054673442375,4.224453264782619,29.75,84,90997.61966306604,44285.72902908728,-1.0389869388281108,9140.282214504196,4.959030032093444,0.4383731611312383,123308.6385929593,90997.61966306604
457394,7.38047871614571,FAT_012,FAT_DON_8,1,Allogenic,1.0569544491509806,4.465054673442375,4.224453264782619,30.99,84,78582.11556445407,17613.46707038981,-2.1575220880033807,100798.80731324936,4.89532371658066,-0.9000649954234234,42109.21592433888,78582.11556445407
457395,5.47471716423803,FAT_012,FAT_DON_8,1,Allogenic,1.0569544491509806,4.465054673442375,4.224453264782619,30.99,84,36907.60488368742,6365.002513854444,-2.535685128001307,101468.37999614232,4.567115862601543,-0.36856359551766027,28586.906752118335,36907.60488368742
457400,5.569843316724684,FAT_012,FAT_DON_8,1,Allogenic,1.0569544491509806,4.465054673442375,4.224453264782619,31.07,84,5778.404027171798,702.6890239654124,-3.03971281206859,57.11578003679801,3.7618079045273496,-0.5080176378999792,4063.3043881983003,5778.404027171798
457401,6.063110609336263,FAT_012,FAT_DON_8,1,Allogenic,1.0569544491509806,4.465054673442375,4.224453264782619,31.07,84,7141.869685295281,594.7922577049168,-3.585844036567447,47.45003264595527,3.853811921539555,-0.6785672998306344,4462.136075447568,7141.869685295281
457412,10.939946571837565,FAT_012,FAT_DON_8,1,Allogenic,1.0569544491509806,4.465054673442375,4.224453264782619,30.36,84,366595.2988200106,113493.79767331944,-1.6915748272486275,95827.97704143144,5.564186891314635,-0.32559627362442073,292531.5056596147,366595.2988200106
457421,3.230973819695663,FAT_012,FAT_DON_8,1,Allogenic,1.0569544491509806,4.465054673442375,4.224453264782619,31.17,84,4815.880856638264,5021.279760929618,0.0602554063710742,17081.13304823564,3.682675734075223,-0.9091617058811721,2564.429650776658,4815.880856638264
457424,4.696282280742958,FAT_012,FAT_DON_8,1,Allogenic,1.0569544491509806,4.465054673442375,4.224453264782619,30.39,84,10681.13398942808,3471.737126146534,-1.621335203811483,14459.07939239248,4.028617363105202,-1.121814874068324,4908.1455869929205,10681.13398942808
469585,0.0,FAT_012,FAT_DON_8,1,Allogenic,1.0569544491509806,4.465054673442375,4.224453264782619,29.25,84,2061.5235070382373,3176.154388323664,0.6235701295171499,32510.301996945425,3.31418829131724,-0.7306772732296075,1242.3172480943226,2061.5235070382373
469588,3.693548093339736,FAT_012,FAT_DON_8,1,Allogenic,1.0569544491509806,4.465054673442375,4.224453264782619,28.94,84,7880.413583445502,5442.8931753088655,-0.5338976264917329,6392.573842580085,3.8965490109279735,-1.7210636333053808,2390.326536380203,7880.413583445502
469589,3.3633014039789906,FAT_012,FAT_DON_8,1,Allogenic,1.0569544491509806,4.465054673442375,4.224453264782619,30.59,84,5013.087096462638,3206.075340311869,-0.644890971341099,43474.77435539413,3.7001052500318714,-1.0660877357766134,2394.3126692306782,5013.087096462638
469590,3.9854810197865502,FAT_012,FAT_DON_8,1,Allogenic,1.0569544491509806,4.465054673442375,4.224453264782619,29.52,84,11165.007577871327,3126.2861350099897,-1.8364624974129728,41253.40986411682,4.0478590221702495,-1.5075410130788438,3926.846793512803,11165.007577871327
469591,4.511584863329791,FAT_012,FAT_DON_8,1,Allogenic,1.0569544491509806,4.465054673442375,4.224453264782619,30.59,84,17706.769533369923,11525.91338406235,-0.6194199440741371,65440.62465323839,4.248139334662428,-1.0716112626410914,8424.656472395474,17706.769533369923
469592,4.948200299662957,FAT_012,FAT_DON_8,1,Allogenic,1.0569544491509806,4.465054673442375,4.224453264782619,30.59,84,13710.404673352812,10807.81053634544,-0.3431968648331813,30473.465410402383,4.137050273521125,-0.8447363459649644,7634.125495971093,13710.404673352812
469593,7.31653403748046,FAT_012,FAT_DON_8,1,Allogenic,1.0569544491509806,4.465054673442375,4.224453264782619,30.99,84,87530.83844708062,20067.891828937383,-2.1249023231915247,95292.84611770208,4.942161088540568,-1.1660606650641965,39006.93724216647,87530.83844708062
469596,4.699176017694132,FAT_012,FAT_DON_8,1,Allogenic,1.0569544491509806,4.465054673442375,4.224453264782619,28.15,84,26195.779856935675,13440.85431130745,-0.9627095722832214,14242.918132560906,4.418231332065216,0.07051683013397671,27507.999839415323,26195.779856935675
469610,2.9461191850281883,FAT_012,FAT_DON_8,1,Allogenic,1.0569544491509806,4.465054673442375,4.224453264782619,25.27,84,2395.859913627904,1992.010046002595,-0.2663186327971943,1919.968913544672,3.3794614211809706,-1.1168754167827692,1104.710340815738,2395.859913627904
470145,3.95018056852538,FAT_012,FAT_DON_8,1,Allogenic,1.0569544491509806,4.465054673442375,4.224453264782619,28.33,84,6554.168970586883,2326.580690961611,-1.4942016431269762,18075.82632518418,3.81651763357482,-0.6620105261353405,4142.214720926639,6554.168970586883
470146,9.662781101322702,FAT_012,FAT_DON_8,1,Allogenic,1.0569544491509806,4.465054673442375,4.224453264782619,28.01,84,217237.6921848124,199605.3907998576,-0.1221237575692812,127704.73323212254,5.336935180436531,-0.039816344831072874,211324.2159416758,217237.6921848124
471870,3.653580804003929,FAT_012,FAT_DON_8,1,Allogenic,1.0569544491509806,4.465054673442375,4.224453264782619,30.58,84,5082.958181433525,1345.5361439544154,-1.9174872161322365,18730.461034836717,3.706116536685318,-1.150497235951456,2289.71990062231,5082.958181433525
471872,3.425127618501413,FAT_012,FAT_DON_8,1,Allogenic,1.0569544491509806,4.465054673442375,4.224453264782619,26.78,84,6284.47964261514,347.26438216613286,-4.177686943223047,62.3880058863486,3.798269323756811,0.18913981414751913,7164.833148472088,6284.47964261514
471875,6.966814656759508,FAT_012,FAT_DON_8,1,Allogenic,1.0569544491509806,4.465054673442375,4.224453264782619,29.18,84,32461.975477315445,15086.506670658706,-1.10549201409373,12494.29655912663,4.5113749453359215,0.21695311202956913,37729.785807245826,32461.975477315445
473819,0.0,FAT_012,FAT_DON_8,1,Allogenic,1.0569544491509806,4.465054673442375,4.224453264782619,25.41,84,853.4720379154185,1801.603987895838,1.0778661334823092,1885.699445522593,2.931189297005567,0.5186567865449,1222.7017877726612,853.4720379154185
476272,5.26577166764416,FAT_012,FAT_DON_8,1,Allogenic,1.0569544491509806,4.465054673442375,4.224453264782619,29.6,84,11104.278504018126,6970.675117736892,-0.6717453627933815,14460.836801008998,4.045490345693763,-0.5630662050753832,7516.0650196627885,11104.278504018126
478749,3.220257082785018,FAT_012,FAT_DON_8,1,Allogenic,1.0569544491509806,4.465054673442375,4.224453264782619,29.95,84,3860.540694840057,2759.0744515183865,-0.4846185336034832,2905.875147410631,3.586648134811792,-0.9649443524635043,1977.7479388369059,3860.540694840057
479437,3.003981139744368,FAT_012,FAT_DON_8,1,Allogenic,1.0569544491509806,4.465054673442375,4.224453264782619,24.48,84,1478.393797888682,3023.8295418382586,1.0323462052681374,4129.910248814625,3.1697901319412565,0.06829783992769188,1550.064715398613,1478.393797888682
483215,3.757103651809635,FAT_012,FAT_DON_8,1,Allogenic,1.0569544491509806,4.465054673442375,4.224453264782619,28.86,84,6812.104284264457,5014.932892326059,-0.4418701254870803,8939.058927913016,3.833281287812868,-1.4859822743042221,2431.9578870958862,6812.104284264457
483216,4.279510844288956,FAT_012,FAT_DON_8,1,Allogenic,1.0569544491509806,4.465054673442375,4.224453264782619,29.11,84,4360.086302342195,11979.261141459392,1.458110331420618,117346.56684637217,3.639495085658505,-1.7302972483423822,1314.0857702053945,4360.086302342195
483217,6.362813681743174,FAT_012,FAT_DON_8,1,Allogenic,1.0569544491509806,4.465054673442375,4.224453264782619,30.63,84,37558.64667542549,7064.064755760681,-2.410574607063247,96733.9211832459,4.574709935245201,-1.6526447332532372,11945.774115859302,37558.64667542549
483218,5.230759403560846,FAT_012,FAT_DON_8,1,Allogenic,1.0569544491509806,4.465054673442375,4.224453264782619,28.19,84,55246.47918576593,70876.38839145326,0.3594225655356069,43205.01213275879,4.74230460599668,-0.007331933376324896,54966.42280085889,55246.47918576593
484018,3.433745221477173,FAT_012,FAT_DON_8,1,Allogenic,1.0569544491509806,4.465054673442375,4.224453264782619,30.12,84,5882.884154231067,4883.462042680917,-0.2686193437485621,3775.792412586477,3.769590296343666,-1.3008424877793403,2387.79857063424,5882.884154231067
484020,0.0,FAT_012,FAT_DON_8,1,Allogenic,1.0569544491509806,4.465054673442375,4.224453264782619,25.15,84,255.9763112952135,592.9788666753286,1.2119703834109463,17924.68918416373,2.40819977644548,3.5356327920158064,2968.46067881263,255.9763112952135
500632,4.366743398365109,FAT_012,FAT_DON_8,1,Allogenic,1.0569544491509806,4.465054673442375,4.224453264782619,27.33,84,33314.79451443674,35709.29615465007,0.1001367029796401,34556.80433087931,4.522637138885216,0.140569614942514,36724.23936871369,33314.79451443674
502558,0.0,FAT_012,FAT_DON_8,1,Allogenic,1.0569544491509806,4.465054673442375,4.224453264782619,24.43,84,320.6233899131373,1131.5560024630124,1.8193564065756276,2473.552627747483,2.505995201547991,1.3141257897284992,797.2352305705299,320.6233899131373
511145,7.29897127801524,FAT_012,FAT_DON_8,1,Allogenic,1.0569544491509806,4.465054673442375,4.224453264782619,31.07,84,7563.055197502966,735.3300624979993,-3.3625052752444087,35.14817233033724,3.8786972700223776,-1.0207764611651682,3727.459525208484,7563.055197502966
511680,4.115433044506302,FAT_012,FAT_DON_8,1,Allogenic,1.0569544491509806,4.465054673442375,4.224453264782619,26.86,84,25659.013204168677,35933.24994680421,0.4858537361051001,26608.923862681808,4.409239950237468,0.6023853639308743,38956.148593612466,25659.013204168677
515619,10.974514167395997,FAT_012,FAT_DON_8,1,Allogenic,1.0569544491509806,4.465054673442375,4.224453264782619,29.62,84,613507.3060920383,1195225.0682073676,0.962129882341018,939036.1460634548,5.787819738988961,-0.5760489646279574,411539.68579546385,613507.3060920383
515620,13.484802690409968,FAT_012,FAT_DON_8,1,Allogenic,1.0569544491509806,4.465054673442375,4.224453264782619,31.6,84,144949.85127488527,15915.226371180495,-3.18707427063741,75208.3017438391,5.161217774085429,-1.238587101667374,61427.93332981871,144949.85127488527
518635,3.00920416965335,FAT_012,FAT_DON_8,1,Allogenic,1.0569544491509806,4.465054673442375,4.224453264782619,25.8,84,1507.1258328299814,3504.378164679121,1.2173585921947994,1984.9930323557955,3.1781495139087164,-0.4536702078771772,1100.4775143425475,1507.1258328299814
518636,6.086816238189283,FAT_012,FAT_DON_8,1,Allogenic,1.0569544491509806,4.465054673442375,4.224453264782619,28.81,84,13730.647697970548,10844.078356937203,-0.3404922385407921,9036.595106129704,4.137691024128229,-0.11397633891106407,12687.63649060124,13730.647697970548
518637,12.259908537110288,FAT_012,FAT_DON_8,1,Allogenic,1.0569544491509806,4.465054673442375,4.224453264782619,18.67,84,119452.78226765843,47831.815187446926,-1.3203980102683597,192465.2407507689,5.077196269694261,-0.5307876710144181,82682.43524030045,119452.78226765843
521003,2.661462795813048,FAT_012,FAT_DON_8,1,Allogenic,1.0569544491509806,4.465054673442375,4.224453264782619,19.03,84,1343.2226335057503,1837.871808487601,0.4523376969700369,1217.0054669379267,3.1281480011197464,-0.9779524136710823,681.9538574110715,1343.2226335057503
525259,3.7365526668495055,FAT_012,FAT_DON_8,1,Allogenic,1.0569544491509806,4.465054673442375,4.224453264782619,27.86,84,2451.3649811281416,2044.598385860652,-0.2617678146600587,6364.455304715815,3.3894079777103503,0.2472680225554277,2909.6655323642804,2451.3649811281416
525362,2.7265217173444447,FAT_012,FAT_DON_8,1,Allogenic,1.0569544491509806,4.465054673442375,4.224453264782619,22.5,84,1877.3772830962723,1980.223004310272,0.0769443022288248,1167.7980256754547,3.273551558450672,-0.5805356809221476,1255.4311635662436,1877.3772830962723
536231,8.977389681500876,FAT_012,FAT_DON_8,1,Allogenic,1.0569544491509806,4.465054673442375,4.224453264782619,31.15,84,210298.2527456944,731111.2082676624,1.7976540055760994,91078.58025529464,5.322835664383631,-1.2451072984403546,88719.89511829583,210298.2527456944
537006,0.0,FAT_012,FAT_DON_8,1,Allogenic,1.0569544491509806,4.465054673442375,4.224453264782619,29.51,84,1592.0159360656392,843.2268287584949,-0.9168621025967464,5071.002562959405,3.201947410707385,-0.6206779312331272,1035.391834772422,1592.0159360656392
537007,6.534665125692834,FAT_012,FAT_DON_8,1,Allogenic,1.0569544491509806,4.465054673442375,4.224453264782619,29.22,84,20130.05548035089,19196.557439220272,-0.0685035359957294,8832.735706613747,4.303844971847275,0.1957099117113347,23054.702675471846,20130.05548035089
537011,4.139884929922928,FAT_012,FAT_DON_8,1,Allogenic,1.0569544491509806,4.465054673442375,4.224453264782619,28.14,84,5730.081968406884,8303.51752448419,0.535166841622334,1427.89450091995,3.758160834562884,0.3988104788403608,7554.657003364801,5730.081968406884
537012,4.5335713730399565,FAT_012,FAT_DON_8,1,Allogenic,1.0569544491509806,4.465054673442375,4.224453264782619,29.72,84,26580.397324672616,1089.8480087824848,-4.608163815678927,288364.39284116926,4.424561468503747,-0.8015872506397954,15249.642477445384,26580.397324672616
537013,2.474513513917779,FAT_012,FAT_DON_8,1,Allogenic,1.0569544491509806,4.465054673442375,4.224453264782619,26.93,84,2099.397553097223,2820.7297465243846,0.4260930593471445,20214.592611485205,3.322094686685264,-0.6477564381170627,1339.9869502870968,2099.397553097223
537937,4.702945573875301,FAT_012,FAT_DON_8,1,Allogenic,1.0569544491509806,4.465054673442375,4.224453264782619,25.23,84,6264.889618791526,37147.31524111347,2.567896950194247,39559.26795779456,3.796913423554901,-0.1181243850392183,5772.373715201321,6264.889618791526
545696,5.735849146030608,FAT_012,FAT_DON_8,1,Allogenic,1.0569544491509806,4.465054673442375,4.224453264782619,17.82,84,21375.327994738567,14369.310518456588,-0.5729557189425499,40455.54635221816,4.329912787503703,0.1900986659264651,24385.866283765346,21375.327994738567
545697,3.4934034226129413,FAT_012,FAT_DON_8,1,Allogenic,1.0569544491509806,4.465054673442375,4.224453264782619,30.0,84,1517.5738455359087,86.13607390543766,-4.1390053430455085,393.659530099777,3.181149833143316,0.788850856347881,2621.9089316882732,1517.5738455359087
547042,4.308653365607138,FAT_012,FAT_DON_8,1,Allogenic,1.0569544491509806,4.465054673442375,4.224453264782619,28.24,84,8813.551718243614,3448.163042761888,-1.3538955266415391,8914.455207281782,3.945150957310252,-0.511089953176192,6184.399707037207,8813.551718243614
547043,3.087155009159515,FAT_012,FAT_DON_8,1,Allogenic,1.0569544491509806,4.465054673442375,4.224453264782619,24.99,84,2712.5652987763187,11918.512541968188,2.1354744226888327,44563.48899332632,3.433380201624103,-0.1551791275733448,2435.9402389578217,2712.5652987763187
548480,4.752339534806139,FAT_012,FAT_DON_8,1,Allogenic,1.0569544491509806,4.465054673442375,4.224453264782619,25.09,84,6255.74760767384,31485.001751224445,2.331410535160647,33640.31573736577,3.796279218503567,0.2900850235108176,7648.979762430475,6255.74760767384
552396,5.252239650565317,FAT_012,FAT_DON_8,1,Allogenic,1.0569544491509806,4.465054673442375,4.224453264782619,23.33,84,10963.88333328223,4847.194222089154,-1.177537085553242,11009.286278169882,4.039964405563072,0.5483955508077103,16034.222870094954,10963.88333328223
552398,5.932063176444112,FAT_012,FAT_DON_8,1,Allogenic,1.0569544491509806,4.465054673442375,4.224453264782619,29.38,84,59643.13353257887,38194.54856070064,-0.6429893162809254,61386.28297493398,4.775560452355712,-0.05530957701301278,57399.830590692014,59643.13353257887
552531,0.0,FAT_012,FAT_DON_8,1,Allogenic,1.0569544491509806,4.465054673442375,4.224453264782619,24.15,84,105.7861286475117,116.96372140843638,0.1449106545667016,1167.7980256754547,2.0244287239676537,0.46622145617120403,146.14210781221195,105.7861286475117
555970,0.0,FAT_012,FAT_DON_8,1,Allogenic,1.0569544491509806,4.465054673442375,4.224453264782619,24.15,84,124.72315167700457,126.93737207117128,0.0253875909372896,1096.6229767065215,2.09594707667275,0.5459106829650797,182.08852049602137,124.72315167700457
556258,3.721995580662354,FAT_012,FAT_DON_8,1,Allogenic,1.0569544491509806,4.465054673442375,4.224453264782619,29.11,84,8143.572903476041,5536.282813332655,-0.5567442571106769,6639.489753200704,3.9108149886509,-1.4736881275536553,2932.1802082521995,8143.572903476041
556259,2.77638559850863,FAT_012,FAT_DON_8,1,Allogenic,1.0569544491509806,4.465054673442375,4.224453264782619,30.68,84,3240.8429412197565,1494.2342083806448,-1.1169628100858295,39038.196302997305,3.510657984622346,0.20680200000006618,3740.344375671593,3240.8429412197565
556268,3.285073151937832,FAT_012,FAT_DON_8,1,Allogenic,1.0569544491509806,4.465054673442375,4.224453264782619,28.57,84,2017.772453832168,684.5551136695308,-1.5595248865512237,886.6126470327569,3.304872188849857,0.29406150409582194,2473.964834366346,2017.772453832168
556270,2.4347967642798283,FAT_012,FAT_DON_8,1,Allogenic,1.0569544491509806,4.465054673442375,4.224453264782619,28.34,84,1568.5079074773032,1757.1759076709282,0.1638658217375191,1208.2184238553425,3.1954867124919097,0.0768245031006522,1654.2958959408697,1568.5079074773032
563192,5.26721925280304,FAT_012,FAT_DON_8,1,Allogenic,1.0569544491509806,4.465054673442375,4.224453264782619,28.15,84,11885.920454580297,22988.358082089115,0.9516497958560782,52291.69338445923,4.075032819456396,0.05075647896961656,12311.530408542381,11885.920454580297
563193,4.466803268807643,FAT_012,FAT_DON_8,1,Allogenic,1.0569544491509806,4.465054673442375,4.224453264782619,30.59,84,11691.979218726525,10733.461504132323,-0.1234037547350998,26540.38492663765,4.0678880347729445,-1.0498867656746962,5647.296970152611,11691.979218726525
565040,4.57915528369203,FAT_012,FAT_DON_8,1,Allogenic,1.0569544491509806,4.465054673442375,4.224453264782619,25.09,84,5357.218514964111,34151.59326023384,2.6723968372528653,35598.06893616555,3.728939361121351,0.02735768612686375,5459.7762530382,5357.218514964111
565042,4.595795299785354,FAT_012,FAT_DON_8,1,Allogenic,1.0569544491509806,4.465054673442375,4.224453264782619,25.09,84,5475.411658699912,33253.0580050729,2.6024476790244777,34608.64788506656,3.738416776367127,0.09201741789468013,5836.020103859586,5475.411658699912
566550,4.414044898071756,FAT_012,FAT_DON_8,1,Allogenic,1.0569544491509806,4.465054673442375,4.224453264782619,29.11,84,6718.725170705235,11641.0637144412,0.7929634688667051,20696.122572410823,3.827286876647512,-1.421977415617315,2507.431176311075,6718.725170705235
566552,3.516195485628019,FAT_012,FAT_DON_8,1,Allogenic,1.0569544491509806,4.465054673442375,4.224453264782619,25.62,84,3641.132428015588,6355.02886319171,0.8035114650928245,9122.708128339027,3.561236474514976,-1.1371166363162224,1655.504091452708,3641.132428015588
568816,2.237391611045418,FAT_012,FAT_DON_8,1,Allogenic,1.0569544491509806,4.465054673442375,4.224453264782619,23.68,84,1575.690916212628,16175.447983926397,3.359749196619988,6526.136897435366,3.1974710313338086,0.03099550394023244,1609.9100360633345,1575.690916212628
573236,0.0,FAT_012,FAT_DON_8,1,Allogenic,1.0569544491509806,4.465054673442375,4.224453264782619,24.15,84,127.33515485348632,119.68380795281864,-0.0894027923630852,1098.3803853230386,2.104948320787541,0.5459106829650797,185.90189265300606,127.33515485348632
580050,0.0,FAT_012,FAT_DON_8,1,Allogenic,1.0569544491509806,4.465054673442375,4.224453264782619,24.15,84,109.70413341223436,126.0306765563772,0.2001570519728192,1087.8359336239375,2.0402229911508853,0.46258536820602536,151.17328922097678,109.70413341223436
585394,6.331199504978484,FAT_012,FAT_DON_8,1,Allogenic,1.0569544491509806,4.465054673442375,4.224453264782619,30.74,84,75208.06046123373,73900.21793329154,-0.0253086728312682,60075.2561470124,4.876264388812902,-1.3669366552322322,29159.189843736985,75208.06046123373
585543,9.692286629688017,FAT_012,FAT_DON_8,1,Allogenic,1.0569544491509806,4.465054673442375,4.224453264782619,30.29,84,124054.4788638252,105659.0417299838,-0.231557592639859,11200.84381737022,5.0936124486624825,-0.2900595137795951,101460.22813180178,124054.4788638252
585544,4.306401285832626,FAT_012,FAT_DON_8,1,Allogenic,1.0569544491509806,4.465054673442375,4.224453264782619,29.11,84,12909.172698967031,4859.887959296271,-1.4094015874452304,20277.85932167981,4.1108984108345,-1.2395057977334012,5467.2632517847405,12909.172698967031
586220,0.0,FAT_012,FAT_DON_8,1,Allogenic,1.0569544491509806,4.465054673442375,4.224453264782619,23.29,84,81.62509926505533,19.04060581067569,-2.099933459855255,1090.4720465487128,1.911823722433079,1.1330834817832274,179.0258886019017,81.62509926505533
591001,0.0,FAT_012,FAT_DON_8,1,Allogenic,1.0569544491509806,4.465054673442375,4.224453264782619,27.06,84,171.73920885367642,1322.8687560845633,2.9453785806536605,849.7070660859027,2.2348694579147805,2.5900815551077265,1034.0979977098543,171.73920885367642
592028,0.0,FAT_012,FAT_DON_8,1,Allogenic,1.0569544491509806,4.465054673442375,4.224453264782619,21.11,84,116.88714214755922,1624.798362510992,3.79707254682142,1702.9289494048392,2.067766740404916,0.9620591446115457,227.70648562477618,116.88714214755922
622312,6.003789592139532,FAT_012,FAT_DON_8,1,Allogenic,1.0569544491509806,4.465054673442375,4.224453264782619,28.89,84,130440.82663032314,156441.24412257064,0.2622254255959295,130470.01569021185,5.115413542356016,-0.346127571283572,102616.86936642163,130440.82663032314
626939,9.352329263074846,FAT_012,FAT_DON_8,1,Allogenic,1.0569544491509806,4.465054673442375,4.224453264782619,26.95,84,83980.47312944777,16990.567251726272,-2.3053198965180823,5280.134188324912,4.9241783170384,0.7799775058273388,144203.21472804103,83980.47312944777
633147,2.5960735055308266,FAT_012,FAT_DON_8,1,Allogenic,1.0569544491509806,4.465054673442375,4.224453264782619,21.08,84,831.2700109153234,2197.829927860851,1.4026906815996654,869.0385608675882,2.919742113078678,0.8005778117162436,1447.9049347187297,831.2700109153234
641112,5.8564691147250025,FAT_012,FAT_DON_8,1,Allogenic,1.0569544491509806,4.465054673442375,4.224453264782619,29.68,84,7566.320201473569,415.2665457756889,-4.187482274718912,1320.6925753124217,3.8788847163897846,-0.3514934630418325,5930.272374221418,7566.320201473569
645463,4.066257430746909,FAT_012,FAT_DON_8,1,Allogenic,1.0569544491509806,4.465054673442375,4.224453264782619,28.02,84,3480.494232661959,6108.407683167721,0.8115041683688148,3928.686962223445,3.541640918451595,-0.19358389957969813,3043.4513087567248,3480.494232661959
645464,0.0,FAT_012,FAT_DON_8,1,Allogenic,1.0569544491509806,4.465054673442375,4.224453264782619,25.28,84,250.75230494225,688.1818957287071,1.4565269767223823,869.9172651758466,2.399244933792553,3.3528554989637973,2561.857742410622,250.75230494225
649757,7.700214353234702,FAT_012,FAT_DON_8,1,Allogenic,1.0569544491509806,4.465054673442375,4.224453264782619,27.82,84,85363.52881139486,18574.564316071534,-2.2002914450450355,29379.478546620638,4.931272359926716,0.46195178081609745,117580.06677745198,85363.52881139486
657308,4.369964931560804,FAT_012,FAT_DON_8,1,Allogenic,1.0569544491509806,4.465054673442375,4.224453264782619,20.15,84,4405.143357136506,6415.777462682913,0.5424351317004039,5040.24791217036,3.643960046278205,-0.6459189624344503,2815.263591404724,4405.143357136506
657309,4.9657544720315485,FAT_012,FAT_DON_8,1,Allogenic,1.0569544491509806,4.465054673442375,4.224453264782619,28.38,84,14973.961209975869,3438.1893920991533,-2.1227349995288773,15843.038677899507,4.175336703754272,-0.7506999706258018,8899.251795008719,14973.961209975869
657313,13.055588631200555,FAT_012,FAT_DON_8,1,Allogenic,1.0569544491509806,4.465054673442375,4.224453264782619,30.1,84,235156.68697627145,155335.98229003666,-0.5982303008679168,116846.5840949731,5.37135733296772,-0.807304946766316,134379.9045712078,235156.68697627145
657314,6.0074732645535,FAT_012,FAT_DON_8,1,Allogenic,1.0569544491509806,4.465054673442375,4.224453264782619,30.01,84,88181.22723802457,53872.220707005086,-0.7109300185941063,59908.30232844331,4.945376138706602,-0.005561844292388822,87841.92747678129,88181.22723802457
657317,11.04332235521905,FAT_012,FAT_DON_8,1,Allogenic,1.0569544491509806,4.465054673442375,4.224453264782619,31.02,84,594886.3354468996,1055840.5801091031,0.8277060755932153,732753.2800653221,5.774433993285083,-0.9069835191481189,317252.2774595761,594886.3354468996
657319,7.034909868467447,FAT_012,FAT_DON_8,1,Allogenic,1.0569544491509806,4.465054673442375,4.224453264782619,26.02,84,38934.51934863728,9456.83421930226,-2.04162060488625,266048.81822863815,4.590334817647217,0.058236973975519704,40538.33372979337,38934.51934863728
657321,15.556725067152929,FAT_012,FAT_DON_8,1,Allogenic,1.0569544491509806,4.465054673442375,4.224453264782619,25.04,84,566358.0367533658,604291.7066134143,0.093530766846775,247226.0932414343,5.753091067630881,-0.9173753210104257,299870.3860233284,566358.0367533658
657322,8.984052049837558,FAT_012,FAT_DON_8,1,Allogenic,1.0569544491509806,4.465054673442375,4.224453264782619,29.23,84,132296.0018864193,182293.85333589427,0.4624964541419559,185920.6510628601,5.121546719585059,0.127850275151238,144555.12292825233,132296.0018864193
657323,14.25532373080842,FAT_012,FAT_DON_8,1,Allogenic,1.0569544491509806,4.465054673442375,4.224453264782619,29.77,84,787269.5114058998,311038.2695680501,-1.3397655102600317,293568.958458984,5.896123432841018,-1.202159610403581,342166.3763744062,787269.5114058998
657324,2.4322609127499244,FAT_012,FAT_DON_8,1,Allogenic,1.0569544491509806,4.465054673442375,4.224453264782619,29.9,84,1175.4014294167969,620.1797321191511,-0.9223952743030672,535.1309237293844,3.0701862145283285,0.12216172198624249,1279.2651154139162,1175.4014294167969
658089,11.51777685693159,FAT_012,FAT_DON_8,1,Allogenic,1.0569544491509806,4.465054673442375,4.224453264782619,27.62,84,87532.79744946297,20548.44045177825,-2.090794775098463,29658.02781233856,4.942170808251008,0.8618056262527445,159074.34811769647,87532.79744946297
658659,4.906130762118411,FAT_012,FAT_DON_8,1,Allogenic,1.0569544491509806,4.465054673442375,4.224453264782619,27.88,84,9288.283295569176,6449.325196730294,-0.5262637585985338,7721.174756666833,3.967935453051161,0.4822373009430351,12974.879873251943,9288.283295569176
665943,2.9188850924857115,FAT_012,FAT_DON_8,1,Allogenic,1.0569544491509806,4.465054673442375,4.224453264782619,23.67,84,1499.9428240946568,1932.1681420261857,0.3653131384328518,1907.6670532290532,3.176074704620049,0.007533996366894152,1507.7962661732167,1499.9428240946568
665951,5.313366163740794,FAT_012,FAT_DON_8,1,Allogenic,1.0569544491509806,4.465054673442375,4.224453264782619,29.93,84,16825.218461307326,19453.152269907,0.2093787173362395,23906.029410478877,4.225960711881116,-0.39421467685326383,12802.366901076199,16825.218461307326
665953,4.54554564796116,FAT_012,FAT_DON_8,1,Allogenic,1.0569544491509806,4.465054673442375,4.224453264782619,29.11,84,5737.264977142209,12149.71989824068,1.0824879981678075,124424.53004939384,3.758704908354325,-1.2866682203165538,2351.685165167918,5737.264977142209
679935,5.076778282975017,FAT_012,FAT_DON_8,1,Allogenic,1.0569544491509806,4.465054673442375,4.224453264782619,23.83,84,6789.902257264363,1167.8238230547756,-2.539568159738637,27825.92932961973,3.831863522522583,0.4641992046894323,9367.019128254757,6789.902257264363
697329,2.452190445403587,FAT_012,FAT_DON_8,1,Allogenic,1.0569544491509806,4.465054673442375,4.224453264782619,30.23,84,2189.5116626858444,447.0008887934817,-2.2922595293878008,1519.279748978827,3.340347262853842,-0.6114429460042387,1433.1267271494733,2189.5116626858444
702443,4.494341467250001,FAT_012,FAT_DON_8,1,Allogenic,1.0569544491509806,4.465054673442375,4.224453264782619,29.68,84,12800.121566348917,10860.398876203495,-0.2370804211527601,45733.92313192655,4.107214094284104,-0.8460979057432522,7120.54516355594,12800.121566348917
702444,3.685671728662125,FAT_012,FAT_DON_8,1,Allogenic,1.0569544491509806,4.465054673442375,4.224453264782619,28.87,84,6793.820262029085,3173.434301779282,-1.0981780751952277,9265.936930585154,3.8321140529488575,-1.5090207106997144,2387.006243460004,6793.820262029085
702447,3.804374400798944,FAT_012,FAT_DON_8,1,Allogenic,1.0569544491509806,4.465054673442375,4.224453264782619,28.94,84,7875.842577886658,3790.893947354051,-1.0548961782103423,9726.377988112572,3.896297026887308,-1.7342410133217776,2367.2191320394013,7875.842577886658
702459,3.2164191230917005,FAT_012,FAT_DON_8,1,Allogenic,1.0569544491509806,4.465054673442375,4.224453264782619,25.15,84,1347.7936390645937,456.0678439414224,-1.5632792635896553,17310.47487269109,3.1296234023801963,0.07693535193432338,1421.6191042205942,1347.7936390645937
709991,5.157973057702168,FAT_012,FAT_DON_8,1,Allogenic,1.0569544491509806,4.465054673442375,4.224453264782619,26.74,84,6292.315652144585,3326.6658437794813,-0.9195140869618555,36320.36387755399,3.798810500751328,0.6049761753392593,9570.32037005645,6292.315652144585
717959,7.650235053346324,FAT_012,FAT_DON_8,1,Allogenic,1.0569544491509806,4.465054673442375,4.224453264782619,24.46,84,39291.71078302115,4939.677164598151,-2.991736323060396,166664.72485168485,4.594300938647658,0.05638955503481953,40857.88541784105,39291.71078302115
717960,12.227397040690834,FAT_012,FAT_DON_8,1,Allogenic,1.0569544491509806,4.465054673442375,4.224453264782619,17.34,84,55910.58099338642,26194.433422400987,-1.0938610794829515,17209.42387724137,4.747494005242231,-0.8623957332458595,30752.966942743198,55910.58099338642
717962,14.071858652743476,FAT_012,FAT_DON_8,1,Allogenic,1.0569544491509806,4.465054673442375,4.224453264782619,28.91,84,119223.57898892216,78620.47478330952,-0.6006926063001446,54531.51066620997,5.076362154834589,0.14487752203652268,131817.97469098505,119223.57898892216
718252,8.744103996052214,FAT_012,FAT_DON_8,1,Allogenic,1.0569544491509806,4.465054673442375,4.224453264782619,28.53,84,152566.4525375061,363884.11095230834,1.254041290709606,155335.5902053089,5.183459048169655,-0.35412209823616775,119359.68788076309,152566.4525375061
720554,0.0,FAT_012,FAT_DON_8,1,Allogenic,1.0569544491509806,4.465054673442375,4.224453264782619,29.55,84,170.43320726543553,117.87041692323048,-0.5320047815133578,1797.8290146967497,2.231554216763304,2.349641640020509,868.6940151708407,170.43320726543553
742725,5.111213590925769,FAT_012,FAT_DON_8,1,Allogenic,1.0569544491509806,4.465054673442375,4.224453264782619,28.01,84,5088.83518858061,819.6527453738487,-2.634250736560208,11685.009891220614,3.706618385664205,0.07551009543389982,5362.2763174458305,5088.83518858061
742726,4.77851353557026,FAT_012,FAT_DON_8,1,Allogenic,1.0569544491509806,4.465054673442375,4.224453264782619,24.86,84,5959.93824793728,820.5594408886428,-2.86061763202794,109730.83660669634,3.7752417599551658,0.989864128221761,11836.425097758429,5959.93824793728
742727,3.866954691852556,FAT_012,FAT_DON_8,1,Allogenic,1.0569544491509806,4.465054673442375,4.224453264782619,30.68,84,4955.62302658004,4461.84862830167,-0.1514248762238748,9874.000311899988,3.695098262251456,-1.6073944433160496,1626.3885941976735,4955.62302658004
742729,0.0,FAT_012,FAT_DON_8,1,Allogenic,1.0569544491509806,4.465054673442375,4.224453264782619,24.15,84,114.27513897107744,116.0570258936423,0.0223222901957434,1108.92483702214,2.057951758111317,0.4613839751900533,157.34109713335354,114.27513897107744
742733,4.423995882775524,FAT_012,FAT_DON_8,1,Allogenic,1.0569544491509806,4.465054673442375,4.224453264782619,31.17,84,8517.742358507054,8911.003519396223,0.0651168186417714,17034.56171989794,3.930324499558942,-0.6798160527700509,5317.156904498914,8517.742358507054
742740,7.264109106807974,FAT_012,FAT_DON_8,1,Allogenic,1.0569544491509806,4.465054673442375,4.224453264782619,28.76,84,22845.885783097805,21529.48499878544,-0.0856205703705361,23618.693101678364,4.35880800122971,0.09464601572307389,24394.91397251242,22845.885783097805
742741,5.4343789132229015,FAT_012,FAT_DON_8,1,Allogenic,1.0569544491509806,4.465054673442375,4.224453264782619,28.31,84,13063.933887173574,8437.708460673713,-0.6306662493681013,9871.364198975214,4.116073973894231,-0.09796720685135664,12206.268139822656,13063.933887173574
742742,3.0514103169561104,FAT_012,FAT_DON_8,1,Allogenic,1.0569544491509806,4.465054673442375,4.224453264782619,29.51,84,1405.2577089471924,1768.962949363251,0.3320691020804744,886.6126470327569,3.1477559764193743,0.24952593476371207,1670.593423733488,1405.2577089471924
742743,0.0,FAT_012,FAT_DON_8,1,Allogenic,1.0569544491509806,4.465054673442375,4.224453264782619,25.2,84,607.943739326132,660057.1075553094,10.084437316083518,324449.26396411,2.783863390406365,2.230249497252682,2852.5639335458377,607.943739326132
742818,0.0,FAT_012,FAT_DON_8,1,Allogenic,1.0569544491509806,4.465054673442375,4.224453264782619,22.83,84,700.0168512971145,2219.590620215909,1.664832054262951,711.750489689329,2.845108494781774,1.1760919183272445,1581.7849527526712,700.0168512971145
742821,4.962924441877947,FAT_012,FAT_DON_8,1,Allogenic,1.0569544491509806,4.465054673442375,4.224453264782619,24.75,84,9017.287966009191,6044.938997132135,-0.5769658141399415,22066.02258898572,3.955075939038659,0.8815178555846017,16612.66300397968,9017.287966009191
748224,8.679869253016587,FAT_012,FAT_DON_8,1,Allogenic,1.0569544491509806,4.465054673442375,4.224453264782619,29.49,84,185599.80370967693,207741.16965410492,0.1625919697386154,96150.46152256228,5.268577512573311,-0.16964971739515342,165009.0860670665,185599.80370967693
759350,3.553490483471616,FAT_012,FAT_DON_8,1,Allogenic,1.0569544491509806,4.465054673442375,4.224453264782619,26.44,84,2509.482051804861,13920.496238633516,2.4717491085035186,15031.99460137698,3.3995840938893718,0.36042342943345346,3221.679675507671,2509.482051804861
762966,2.68224017792528,FAT_012,FAT_DON_8,1,Allogenic,1.0569544491509806,4.465054673442375,4.224453264782619,25.41,84,2988.131633895145,2489.785883624545,-0.2632220246032166,2282.873792855404,3.47539972520999,-1.5963570440361892,988.2080131602934,2988.131633895145
762967,1.8674232101920465,FAT_012,FAT_DON_8,1,Allogenic,1.0569544491509806,4.465054673442375,4.224453264782619,19.55,84,912.8951101803788,2872.4113908676472,1.6537413767322455,21.96760770646077,2.960420880834685,0.19667575245199312,1046.2276216749638,912.8951101803788
762968,10.682267083366105,FAT_012,FAT_DON_8,1,Allogenic,1.0569544491509806,4.465054673442375,4.224453264782619,29.47,84,71298.54470683465,38692.32439832259,-0.881825230062159,4341.677987104908,4.853080665444552,0.8021768129766876,124325.4236994099,71298.54470683465
762982,5.414088381090561,FAT_012,FAT_DON_8,1,Allogenic,1.0569544491509806,4.465054673442375,4.224453264782619,29.47,84,13771.786748000137,7095.799098778474,-0.9566786777521876,2737.163920225012,4.138990289164509,-0.3414964700795747,10869.000488097405,13771.786748000137
762984,7.601528337184936,FAT_012,FAT_DON_8,1,Allogenic,1.0569544491509806,4.465054673442375,4.224453264782619,30.29,84,29829.729276215938,8298.077351395425,-1.8459018737390545,1873.3975852069743,4.474649311881035,0.07068728349379708,31327.685087459944,29829.729276215938
763034,3.9420904463141824,FAT_012,FAT_DON_8,1,Allogenic,1.0569544491509806,4.465054673442375,4.224453264782619,29.98,84,4062.3179402232736,1972.062744677125,-1.0425977032637144,6418.056267519579,3.608773910767692,-1.3419496137758224,1602.5324203171006,4062.3179402232736
862962,0.0,FAT_012,FAT_DON_8,1,Allogenic,1.0569544491509806,4.465054673442375,4.224453264782619,30.19,84,1526.715856653595,4500.836535437816,1.5597615876267723,7787.077579786214,3.183758216250844,-0.3324567204278703,1212.4916910109966,1526.715856653595
866771,0.0,FAT_012,FAT_DON_8,1,Allogenic,1.0569544491509806,4.465054673442375,4.224453264782619,18.53,84,863.2670498272252,1962.9957895291843,1.1851782501344676,1232.8221444865785,2.936145164574644,-0.38552052152880184,660.833306523023,863.2670498272252
883062,0.0,FAT_012,FAT_DON_8,1,Allogenic,1.0569544491509806,4.465054673442375,4.224453264782619,25.15,84,160.6381953536289,400.7594175389836,1.3189214560802638,18311.31907979744,2.205848816528402,3.3169025635442084,1600.795964676518,160.6381953536289
883156,2.5193819080617863,FAT_012,FAT_DON_8,1,Allogenic,1.0569544491509806,4.465054673442375,4.224453264782619,27.18,84,809.0679839152284,1375.45709594262,0.765578300134504,951.6367658438808,2.9079850158010863,0.898796594602543,1508.515409225411,809.0679839152284
888048,5.982996057495092,FAT_012,FAT_DON_8,1,Allogenic,1.0569544491509806,4.465054673442375,4.224453264782619,23.96,84,5128.668237021956,8239.14214293381,0.6839098828782039,3049.982653965014,3.710004606359422,0.20725016687311215,5920.973579664931,5128.668237021956
888833,5.9599530855809935,FAT_012,FAT_DON_8,1,Allogenic,1.0569544491509806,4.465054673442375,4.224453264782619,23.16,84,6493.439896733682,2629.416992902833,-1.304239994122116,476.2577350760696,3.812474825058611,0.48725471298777207,9102.341163375002,6493.439896733682
890402,4.554184501047134,FAT_012,FAT_DON_8,1,Allogenic,1.0569544491509806,4.465054673442375,4.224453264782619,25.09,84,4662.42567001996,28402.23700092457,2.6068519322081958,30536.73212059699,3.668611921201197,-0.836250551627725,2611.412155211926,4662.42567001996
903814,0.0,FAT_012,FAT_DON_8,1,Allogenic,1.0569544491509806,4.465054673442375,4.224453264782619,28.07,84,923.9961236804264,1511.4614231617322,0.7099854532952441,3166.8503269633848,2.965670149285332,0.13695969410029427,1016.0126738249727,923.9961236804264
904306,7.622526907267835,FAT_012,FAT_DON_8,1,Allogenic,1.0569544491509806,4.465054673442375,4.224453264782619,25.52,84,16832.40147004265,3294.9315007616883,-2.3529206418366986,1451.619517242928,4.2261460809660925,-0.5363277057079063,11606.341744044355,16832.40147004265
997884,3.10647165392891,FAT_012,FAT_DON_8,1,Allogenic,1.0569544491509806,4.465054673442375,4.224453264782619,29.11,84,3123.302798278077,2688.352201364449,-0.2163502845248672,6593.797129171266,3.4946140902969867,0.003264376051588972,3130.377875178038,3123.302798278077
999410,5.673686952277523,FAT_012,FAT_DON_8,1,Allogenic,1.0569544491509806,4.465054673442375,4.224453264782619,31.57,84,19990.96631120323,16016.776268837431,-0.3197644072686539,12743.848582672024,4.300833787288726,-0.8624009102420354,10995.759820562318,19990.96631120323
999412,4.231738994621013,FAT_012,FAT_DON_8,1,Allogenic,1.0569544491509806,4.465054673442375,4.224453264782619,30.37,84,5818.237075613144,7028.703630683713,0.2726765410338689,13070.72658534416,3.7647914134618974,-1.1271999397466859,2663.608673947948,5818.237075613144
999413,5.609731383670277,FAT_012,FAT_DON_8,1,Allogenic,1.0569544491509806,4.465054673442375,4.224453264782619,27.68,84,14942.617171858088,6990.622419062361,-1.0959400369944012,6556.891548224411,4.174426670019648,0.5336751707839561,21631.114908162966,14942.617171858088
1002367,3.91846785633802,FAT_012,FAT_DON_8,1,Allogenic,1.0569544491509806,4.465054673442375,4.224453264782619,19.59,84,3618.930401015493,7373.247926305462,1.0267369063913871,6105.2375337795775,3.5585802308712355,-0.2859083405472535,2968.3372652581343,3618.930401015493
1042156,4.223924826603976,FAT_012,FAT_DON_8,1,Allogenic,1.0569544491509806,4.465054673442375,4.224453264782619,29.17,84,3193.173883248965,3846.2023737564896,0.2684435577190309,3832.029488315017,3.504222568548643,-0.2700415969934803,2648.0851616493746,3193.173883248965
1042403,0.0,FAT_012,FAT_DON_8,1,Allogenic,1.0569544491509806,4.465054673442375,4.224453264782619,24.15,84,125.37615247112498,136.00432721911207,0.1173895918027968,1112.4396542551735,2.098214938128572,0.5459106829650797,183.0418635352675,125.37615247112498
1077285,3.224660682221578,FAT_012,FAT_DON_8,1,Allogenic,1.0569544491509806,4.465054673442375,4.224453264782619,29.25,84,4764.29379390275,6084.8335997830745,0.3529554296436054,9004.083046724141,3.6779985347453823,-1.3933639052535391,1813.6530241728678,4764.29379390275
1121100,4.492752505846116,FAT_012,FAT_DON_8,1,Allogenic,1.0569544491509806,4.465054673442375,4.224453264782619,30.12,84,8262.41904800596,2853.3707850569717,-1.5338969996952756,8821.312550606388,3.9171072174647663,-1.2969218193535335,3362.752063093118,8262.41904800596
1121101,4.998432782684969,FAT_012,FAT_DON_8,1,Allogenic,1.0569544491509806,4.465054673442375,4.224453264782619,28.91,84,13137.722976909186,3175.24769280887,-2.048774207924384,4010.406462891479,4.118520100059665,-0.8317460010200216,7381.414693018202,13137.722976909186
1121111,2.55579714942552,FAT_012,FAT_DON_8,1,Allogenic,1.0569544491509806,4.465054673442375,4.224453264782619,25.13,84,893.958087150886,1351.883012557974,0.5966912130536146,698.5699250654526,2.9513171575590125,0.6337192367412839,1387.0293680829218,893.958087150886
1121114,3.72728410733308,FAT_012,FAT_DON_8,1,Allogenic,1.0569544491509806,4.465054673442375,4.224453264782619,30.63,84,5377.4615395818455,7458.477304696105,0.4719558239147367,8070.02036704543,3.730577312930796,-0.8891234362725869,2903.517772906376,5377.4615395818455
1121115,10.551687266859163,FAT_012,FAT_DON_8,1,Allogenic,1.0569544491509806,4.465054673442375,4.224453264782619,29.66,84,322564.7612740574,105373.43264282364,-1.614077667029597,77131.7854746168,5.508616920957032,-0.9352633397713229,168684.27614387625,322564.7612740574
1121130,3.838612160143262,FAT_012,FAT_DON_8,1,Allogenic,1.0569544491509806,4.465054673442375,4.224453264782619,22.85,84,4032.9329044878536,367.21168349160257,-3.4571455374680213,3601.8089595513084,3.605620996752702,-0.4402754313206055,2972.246919207283,4032.9329044878536
1121315,3.944929771940287,FAT_012,FAT_DON_8,1,Allogenic,1.0569544491509806,4.465054673442375,4.224453264782619,27.76,84,2803.3324091590603,259.314917231107,-3.4343657186413625,262.73258816927085,3.4476745979044616,0.15323206655583987,3117.468301356986,2803.3324091590603
1121333,4.735807903437298,FAT_012,FAT_DON_8,1,Allogenic,1.0569544491509806,4.465054673442375,4.224453264782619,27.95,84,4652.6306581081535,4149.038675697712,-0.1652695600203672,5483.993587840867,3.66769857810557,-0.5394068929701256,3201.259818219247,4652.6306581081535
1121334,0.0,FAT_012,FAT_DON_8,1,Allogenic,1.0569544491509806,4.465054673442375,4.224453264782619,27.58,84,1033.7002570926606,404.3861995981599,-1.3540122381888042,3950.654569929906,3.0143946242873785,-0.30812873302363136,834.9080205393651,1033.7002570926606
1121344,3.111325256097744,FAT_012,FAT_DON_8,1,Allogenic,1.0569544491509806,4.465054673442375,4.224453264782619,25.19,84,1411.1347160942764,399.8527220241895,-1.8193151092739144,2924.327937884058,3.149568476308264,-0.021506346387178518,1390.2548568208426,1411.1347160942764
1121864,4.098587155853516,FAT_012,FAT_DON_8,1,Allogenic,1.0569544491509806,4.465054673442375,4.224453264782619,26.71,84,1635.1139884775882,560.3378281427417,-1.5450224170001716,359.39006207769825,3.2135480339634146,0.9305972710555779,3116.6334421760557,1635.1139884775882
1122981,4.375167826970863,FAT_012,FAT_DON_8,1,Allogenic,1.0569544491509806,4.465054673442375,4.224453264782619,19.75,84,5950.796236819593,706.3158060245887,-3.0746974320619738,769.7449740343855,3.774575079698518,-0.13191657089442135,5430.805322131697,5950.796236819593
1123075,3.101621282381319,FAT_012,FAT_DON_8,1,Allogenic,1.0569544491509806,4.465054673442375,4.224453264782619,29.66,84,2391.288908069061,1825.178071280484,-0.3897512168479253,1608.907588421187,3.3786320493907005,0.5046064552092681,3392.6083637802326,2391.288908069061
1123263,5.4841595828701495,FAT_012,FAT_DON_8,1,Allogenic,1.0569544491509806,4.465054673442375,4.224453264782619,14.87,84,7741.977415091967,4490.862884775081,-0.7857094246433475,2908.511260335406,3.888851900060276,0.2517178584132692,9217.783974236625,7741.977415091967
1123313,2.885713083679461,FAT_012,FAT_DON_8,1,Allogenic,1.0569544491509806,4.465054673442375,4.224453264782619,26.01,84,1298.8185795055604,1755.3625166413397,0.4345690784689224,2738.921328841529,3.1135484925494583,-0.21307636234049035,1120.4851783674048,1298.8185795055604
1150460,4.035493370465027,FAT_012,FAT_DON_8,1,Allogenic,1.0569544491509806,4.465054673442375,4.224453264782619,25.62,84,2455.935986686985,6446.605110185912,1.392266655494543,8264.214019170542,3.390217042847422,0.11238850289107752,2654.907249474148,2455.935986686985
1156431,4.789752866987564,FAT_012,FAT_DON_8,1,Allogenic,1.0569544491509806,4.465054673442375,4.224453264782619,21.31,84,3046.901705365985,1220.4121629128322,-1.31997449534581,230.2205287637089,3.4838584438827565,1.1816575099661,6911.507744353522,3046.901705365985
1156433,4.648138994807193,FAT_012,FAT_DON_8,1,Allogenic,1.0569544491509806,4.465054673442375,4.224453264782619,24.16,84,2688.4042693938623,1077.1542715753676,-1.3195252104924315,214.40385121505716,3.4294945764225084,1.062907584702111,5616.446703177195,2688.4042693938623
1160721,12.570177455508516,FAT_012,FAT_DON_8,1,Allogenic,1.0569544491509806,4.465054673442375,4.224453264782619,26.89,84,605331.7361496503,130772.69409875025,-2.210664658862015,216999.5437416525,5.78199344356952,-0.5091263380457252,425335.0223219633,605331.7361496503
1203465,3.083915524392986,FAT_012,FAT_DON_8,1,Allogenic,1.0569544491509806,4.465054673442375,4.224453264782619,30.79,84,4012.68987987012,468.7615811485396,-3.097643422917017,41039.00601290176,3.603435596647496,-0.567415531300358,2707.861837697188,4012.68987987012
1203540,0.0,FAT_012,FAT_DON_8,1,Allogenic,1.0569544491509806,4.465054673442375,4.224453264782619,25.0,84,437.51053206069656,2681.098637246096,2.615434644803261,3841.69523570586,2.640988512125849,2.325359961797292,2192.762580423454,437.51053206069656
1203606,8.682220285713637,FAT_012,FAT_DON_8,1,Allogenic,1.0569544491509806,4.465054673442375,4.224453264782619,29.5,84,46208.295194344886,37577.99561064067,-0.2982637475348535,29500.7397411603,4.664719945983616,0.5076765800378764,65697.04331889044,46208.295194344886
1203610,0.0,FAT_012,FAT_DON_8,1,Allogenic,1.0569544491509806,4.465054673442375,4.224453264782619,30.83,84,1208.0514691228188,734.4233669832051,-0.7179980556036155,6140.385706109915,3.082085437828036,-0.05113968811782268,1165.9793467466104,1208.0514691228188
1203611,4.912214241327392,FAT_012,FAT_DON_8,1,Allogenic,1.0569544491509806,4.465054673442375,4.224453264782619,24.03,84,7555.872188767641,1807.9508564993964,-2.0632428349236496,310923.36854708794,3.878284603010727,0.5245898722000218,10869.307864256913,7555.872188767641
1233170,2.8901969462778454,FAT_012,FAT_DON_8,1,Allogenic,1.0569544491509806,4.465054673442375,4.224453264782619,21.7,84,1253.108523917129,284.70239164534127,-2.137984845275681,216.161259831574,3.097988684160494,-1.113901392726004,578.9898531424977,1253.108523917129
1235789,0.0,FAT_012,FAT_DON_8,1,Allogenic,1.0569544491509806,4.465054673442375,4.224453264782619,30.99,84,1213.9284762699028,606.5792993972398,-1.0009152522499487,2818.8834208930466,3.0841930991969213,0.27146194966711695,1465.248511029042,1213.9284762699028
1256908,8.63172248493621,FAT_012,FAT_DON_8,1,Allogenic,1.0569544491509806,4.465054673442375,4.224453264782619,29.47,84,107703.33897904932,64498.69214039172,-0.7397211644943287,32214.178645062333,5.032229167343463,0.568505114478731,159722.55894454414,107703.33897904932
1282887,2.7430382121568875,FAT_012,FAT_DON_8,1,Allogenic,1.0569544491509806,4.465054673442375,4.224453264782619,29.51,84,1342.56963271163,899.4419506757279,-0.5778948367789308,1776.7401112985474,3.127936819748261,0.04601009196237182,1386.0766184661672,1342.56963271163
1292036,3.486308834584813,FAT_012,FAT_DON_8,1,Allogenic,1.0569544491509806,4.465054673442375,4.224453264782619,18.75,84,1439.8667510355758,381.7188117283079,-1.9153531153504144,209.13162536550652,3.15832230322888,-0.046340257171081645,1394.3522307310943,1439.8667510355758
1295400,0.0,FAT_012,FAT_DON_8,1,Allogenic,1.0569544491509806,4.465054673442375,4.224453264782619,25.13,84,267.077324795261,751.6505817642926,1.4928046605820735,950.7580615356222,2.4266370174323644,3.4273193000099904,2873.1806402346215,267.077324795261
1322347,4.710694832611563,FAT_012,FAT_DON_8,1,Allogenic,1.0569544491509806,4.465054673442375,4.224453264782619,25.09,84,6082.702397231924,35002.07365311068,2.5246560695729667,32733.49289124307,3.784096568657284,0.255535451651469,7261.400730437749,6082.702397231924
1336236,4.807609515227244,FAT_012,FAT_DON_8,1,Allogenic,1.0569544491509806,4.465054673442375,4.224453264782619,28.58,84,3767.8145820749537,245.71448450919584,-3.9386731601509006,1192.4017463066907,3.576089522580754,-0.6905139635895187,2334.6624973518165,3767.8145820749537
1384484,2.378120722691132,FAT_012,FAT_DON_8,1,Allogenic,1.0569544491509806,4.465054673442375,4.224453264782619,25.0,84,3802.4236241633375,7366.901057701903,0.9541385962837936,13790.385413807817,3.580060499533048,-0.2296497232302977,3242.866306062279,3802.4236241633375
1401079,2.2922472283932795,FAT_012,FAT_DON_8,1,Allogenic,1.0569544491509806,4.465054673442375,4.224453264782619,14.02,84,638.6347766497929,264.7550903198715,-1.2703326940441446,193.3149478168548,2.805252564212624,0.629332537281118,987.8716795257666,638.6347766497929
1408437,8.626255039808331,FAT_012,FAT_DON_8,1,Allogenic,1.0569544491509806,4.465054673442375,4.224453264782619,26.48,84,14182.524247501897,19970.875408854416,0.4937832431097734,14701.601781471809,4.151753534739632,0.7244204512500457,23432.888176170996,14182.524247501897
1410645,2.973108434209203,FAT_012,FAT_DON_8,1,Allogenic,1.0569544491509806,4.465054673442375,4.224453264782619,25.07,84,820.168997415276,1174.170691658334,0.5176490357103612,497.3466384742719,2.9139033488262,0.8881891424083431,1518.0110136481387,820.168997415276
1410647,7.786553559516574,FAT_012,FAT_DON_8,1,Allogenic,1.0569544491509806,4.465054673442375,4.224453264782619,25.61,84,11622.10813375564,19057.833025456777,0.7135123037799298,10516.333161236902,4.065284911859501,-0.2276042008363005,9925.884567054574,11622.10813375564
1410657,0.0,FAT_012,FAT_DON_8,1,Allogenic,1.0569544491509806,4.465054673442375,4.224453264782619,28.33,84,216.79626364798693,2384.609203908432,3.459341054860812,795.2273989738799,2.3360517931290588,3.040147794648283,1783.3125691145244,216.79626364798693
1410665,0.0,FAT_012,FAT_DON_8,1,Allogenic,1.0569544491509806,4.465054673442375,4.224453264782619,29.3,84,546.5616646788105,2818.9163554947963,2.3666844908187925,1722.2604441865246,2.7376391674182825,1.1737805649910162,1233.0546514075181,546.5616646788105
1437612,7.741171052338608,FAT_012,FAT_DON_8,1,Allogenic,1.0569544491509806,4.465054673442375,4.224453264782619,25.15,84,120506.07254857472,207080.18862382,0.7810836887703284,114106.78406182332,5.08100893245352,-0.6410068849082318,77276.35566600127,120506.07254857472
561,3.231353370355388,FAT_010,FAT_010,1,Autologous,1.0,3.625441984244107,3.625441984244107,31.07,84,10505.525923364296,395.7594956209095,-4.730380611250442,10505.525923364296,4.021417798759844,0.7684635008711734,17895.68649967768,10505.525923364296
904,2.485867102273088,FAT_010,FAT_010,1,Autologous,1.0,3.625441984244107,3.625441984244107,23.81,84,3710.484919663381,46328.46779566429,3.6422193207478575,3710.484919663381,3.569430670847378,0.8545114803958717,6709.099891034741,3710.484919663381
213810,3.4884444595640445,FAT_010,FAT_010,1,Autologous,1.0,3.625441984244107,3.625441984244107,22.4,84,10581.114786988606,7490.722474109753,-0.4983148551807818,10581.114786988606,4.024531425764653,-0.5147739426737522,7405.749672455882,10581.114786988606
300269,1.907366007583775,FAT_010,FAT_010,1,Autologous,1.0,3.625441984244107,3.625441984244107,31.07,84,2149.641191842152,593.6392434313642,-1.8564375001422075,2149.641191842152,3.3323659755400845,-0.24263811737394123,1816.8732220286129,2149.641191842152
347253,3.3429308693116084,FAT_010,FAT_010,1,Autologous,1.0,3.625441984244107,3.625441984244107,25.68,84,2835.2454461187667,1039.6376387554462,-1.4473928633310524,2835.2454461187667,3.452590661564329,-0.6168724223877365,1848.8154379605453,2835.2454461187667
349741,9.865522435197056,FAT_010,FAT_010,1,Autologous,1.0,3.625441984244107,3.625441984244107,28.37,84,272283.02185848623,949.412676023218,-8.163855999003047,272283.02185848623,5.435020561857576,-0.7736884096029867,159263.82551728605,272283.02185848623
354242,3.9926384640907058,FAT_010,FAT_010,1,Autologous,1.0,3.625441984244107,3.625441984244107,25.28,84,4071.18967239692,3581.315850269008,-0.1849606754765796,4071.18967239692,3.609721336168756,-0.5627997700675185,2756.142854207512,4071.18967239692
364106,4.17859716336767,FAT_010,FAT_010,1,Autologous,1.0,3.625441984244107,3.625441984244107,31.07,84,10875.513518999069,310.66095122573984,-5.1295988012263,10875.513518999069,4.036449772587809,0.0867495242127462,11549.521229539687,10875.513518999069
367928,9.467782168916733,FAT_010,FAT_010,1,Autologous,1.0,3.625441984244107,3.625441984244107,25.27,84,160445.98282528695,122374.7826912562,-0.3907813705739225,160445.98282528695,5.205328847896769,-0.22828241383082903,136964.8082576483,160445.98282528695
398513,1.5721750862589787,FAT_010,FAT_010,1,Autologous,1.0,3.625441984244107,3.625441984244107,25.15,84,826.1730182095378,954.5390943602764,0.2083603419208894,826.1730182095378,2.917071007350739,0.16674946143840313,927.4010793361014,826.1730182095378
409438,1.7769109360897215,FAT_010,FAT_010,1,Autologous,1.0,3.625441984244107,3.625441984244107,31.07,84,2620.4139389759976,555.703747737132,-2.2374068528447086,2620.4139389759976,3.418369900943179,0.21956575666313932,3051.165602746097,2620.4139389759976
411459,7.241281083305127,FAT_010,FAT_010,1,Autologous,1.0,3.625441984244107,3.625441984244107,29.69,84,248064.0847291752,75240.44193300634,-1.7211326459210956,248064.0847291752,5.394563890700975,-0.3985959960377572,188180.46603497368,248064.0847291752
411460,5.285914213906241,FAT_010,FAT_010,1,Autologous,1.0,3.625441984244107,3.625441984244107,29.93,84,29931.86387481136,18047.04311378044,-0.7299196384755222,29931.86387481136,4.476133761455691,0.4297743236427,40318.904574508866,29931.86387481136
411461,7.239315101389105,FAT_010,FAT_010,1,Autologous,1.0,3.625441984244107,3.625441984244107,31.07,84,103947.9486875676,68341.30813499312,-0.6050315202173822,103947.9486875676,5.01681592336965,-1.2693183275158624,43123.40376464365,103947.9486875676
411462,9.154052910470856,FAT_010,FAT_010,1,Autologous,1.0,3.625441984244107,3.625441984244107,28.31,84,327801.0530099185,195625.14902581647,-0.7447286377980645,327801.0530099185,5.515610344340223,-0.1458611763704759,296279.60368427844,327801.0530099185
411463,3.604607770022896,FAT_010,FAT_010,1,Autologous,1.0,3.625441984244107,3.625441984244107,26.73,84,35216.45372644058,14011.526598848057,-1.329635487661432,35216.45372644058,4.546745620666452,-0.2851568129063304,28900.46739765698,35216.45372644058
411466,3.4024897283690647,FAT_010,FAT_010,1,Autologous,1.0,3.625441984244107,3.625441984244107,23.67,84,4254.194289592611,537.2486417237217,-2.9852240875313725,4254.194289592611,3.6288173203036953,1.0300162496408012,8687.265757111429,4254.194289592611
411467,3.602998199831172,FAT_010,FAT_010,1,Autologous,1.0,3.625441984244107,3.625441984244107,27.37,84,32447.514301044896,33950.21807900305,0.0653128793777973,32447.514301044896,4.511181432517335,-0.033311497187500254,31706.891951375725,32447.514301044896
411468,3.0191539240233025,FAT_010,FAT_010,1,Autologous,1.0,3.625441984244107,3.625441984244107,27.59,84,6495.3377900326095,3991.42931723368,-0.7024990918305972,6495.3377900326095,3.812601741480265,-0.01238862844516594,6439.800192307185,6495.3377900326095
411469,6.616380902006232,FAT_010,FAT_010,1,Autologous,1.0,3.625441984244107,3.625441984244107,29.85,84,63334.18487426856,59499.26178723477,-0.0901126412969481,63334.18487426856,4.801638185449637,0.33105766746122006,79670.30387760654,63334.18487426856
411470,4.978666519546978,FAT_010,FAT_010,1,Autologous,1.0,3.625441984244107,3.625441984244107,31.06,84,19934.24207018583,15298.257601449715,-0.3818814067535989,19934.24207018583,4.299599727784039,0.49317816965981415,28058.286798318386,19934.24207018583
411471,9.321561355768852,FAT_010,FAT_010,1,Autologous,1.0,3.625441984244107,3.625441984244107,28.72,84,247344.00134412252,86123.82806258133,-1.522034559811369,247344.00134412252,5.393301382196715,-0.9719490797008173,126100.13599575474,247344.00134412252
411473,5.027383232874369,FAT_010,FAT_010,1,Autologous,1.0,3.625441984244107,3.625441984244107,29.04,84,46074.727680051656,16853.61292491324,-1.450917742521035,46074.727680051656,4.663462777045742,-0.5996792193810934,30404.743518169966,46074.727680051656
411474,2.792036482310213,FAT_010,FAT_010,1,Autologous,1.0,3.625441984244107,3.625441984244107,27.02,84,14593.95516114922,10336.909934844583,-0.4975659483834579,14593.95516114922,4.164173007580937,0.16809311369233781,16397.36548470241,14593.95516114922
411475,3.8271306276463455,FAT_010,FAT_010,1,Autologous,1.0,3.625441984244107,3.625441984244107,28.82,84,13267.83474668768,19260.97897599587,0.5377480844528201,13267.83474668768,4.122800053663799,0.5906202817803706,19979.953563663974,13267.83474668768
411479,2.026167223636185,FAT_010,FAT_010,1,Autologous,1.0,3.625441984244107,3.625441984244107,30.29,84,3687.940872617535,73349.81885029918,4.313905972052245,3687.940872617535,3.566783949555729,0.649426735129854,5784.700477723517,3687.940872617535
411483,5.169992070677845,FAT_010,FAT_010,1,Autologous,1.0,3.625441984244107,3.625441984244107,28.13,84,259725.98765394997,264679.0293096607,0.0272535193325154,259725.98765394997,5.414515406425789,-0.4606762454576354,188728.7390425637,259725.98765394997
411484,4.54705734671683,FAT_010,FAT_010,1,Autologous,1.0,3.625441984244107,3.625441984244107,27.82,84,23506.81046674521,20890.154723513035,-0.1702556216712721,23506.81046674521,4.3711937056598735,0.39081687647484564,30820.615555869586,23506.81046674521
411485,5.554212034797905,FAT_010,FAT_010,1,Autologous,1.0,3.625441984244107,3.625441984244107,29.4,84,345580.3494066043,454872.22546553006,0.3964401617858756,345580.3494066043,5.538549039400287,-0.48662609832991877,246637.99836057847,345580.3494066043
411486,6.56384013633406,FAT_010,FAT_010,1,Autologous,1.0,3.625441984244107,3.625441984244107,26.21,84,75875.30563383132,68835.49486268555,-0.1404777435760008,75875.30563383132,4.880100453471375,-0.1729980435866746,67301.20701541763,75875.30563383132
411487,5.737144121589144,FAT_010,FAT_010,1,Autologous,1.0,3.625441984244107,3.625441984244107,31.0,84,52090.00988004919,41011.346696467306,-0.3449835922665086,52090.00988004919,4.716754439806482,-0.2787900324942701,42936.8596544606,52090.00988004919
411489,9.83677975820132,FAT_010,FAT_010,1,Autologous,1.0,3.625441984244107,3.625441984244107,27.23,84,281992.8755331736,115141.4064176668,-1.2922519742588678,281992.8755331736,5.450238136135975,-0.5899276676112477,187349.35959635492,281992.8755331736
411490,4.478135764635922,FAT_010,FAT_010,1,Autologous,1.0,3.625441984244107,3.625441984244107,30.71,84,12822.258287428604,8546.764651543786,-0.5852000741160955,12822.258287428604,4.107964520923567,0.39161047695721074,16820.969412988437,12822.258287428604
411902,2.6415172284691386,FAT_010,FAT_010,1,Autologous,1.0,3.625441984244107,3.625441984244107,31.82,84,10334.45638989876,8248.407104326987,-0.3252750580065612,10334.45638989876,4.014287636930752,0.5468913399482856,15097.96223157406,10334.45638989876
411903,3.12563353339398,FAT_010,FAT_010,1,Autologous,1.0,3.625441984244107,3.625441984244107,26.62,84,4799.229779936303,1401.56277335177,-1.775766527380381,4799.229779936303,3.6811715437997687,-0.2654446960362766,3992.6820572237016,4799.229779936303
428125,3.7620204825066734,FAT_010,FAT_010,1,Autologous,1.0,3.625441984244107,3.625441984244107,26.43,84,32825.458619166435,15235.715297737604,-1.1073579334583543,32825.458619166435,4.516210802526388,-0.0682884234173562,31307.900053583067,32825.458619166435
428127,4.063836250161679,FAT_010,FAT_010,1,Autologous,1.0,3.625441984244107,3.625441984244107,17.97,84,13350.054212384295,7132.898474183076,-0.904285256193461,13350.054212384295,4.125483029302957,-0.5977216636123925,8821.671458212662,13350.054212384295
428128,2.099223444217512,FAT_010,FAT_010,1,Autologous,1.0,3.625441984244107,3.625441984244107,26.14,84,2662.849792238767,2299.711266004404,-0.2115183114784023,2662.849792238767,3.4253466691645515,-0.13439780296163678,2425.9894009620934,2662.849792238767
435590,1.796372264191616,FAT_010,FAT_010,1,Autologous,1.0,3.625441984244107,3.625441984244107,30.99,84,2902.877587256305,305489.4204073153,6.71749487222672,2902.877587256305,3.462828722259501,0.41336165712380724,3866.0100627665984,2902.877587256305
435830,2.0148180995864133,FAT_010,FAT_010,1,Autologous,1.0,3.625441984244107,3.625441984244107,21.31,84,1930.8313234559985,383.4560916119693,-2.332088842924962,1930.8313234559985,3.285744335668588,-0.32876266442168306,1537.3647260958496,1930.8313234559985
445970,3.734028777028514,FAT_010,FAT_010,1,Autologous,1.0,3.625441984244107,3.625441984244107,17.81,84,5439.745940121225,232020.6686515964,5.414570244789982,5439.745940121225,3.735578616723917,1.7658583513010737,18499.28522897476,5439.745940121225
445972,3.134636118310026,FAT_010,FAT_010,1,Autologous,1.0,3.625441984244107,3.625441984244107,25.15,84,11602.22750612399,11605.185831432836,0.0003678101659539,11602.22750612399,4.064541377222383,-1.4865458619550245,4140.439878673979,11602.22750612399
445973,4.843902732003,FAT_010,FAT_010,1,Autologous,1.0,3.625441984244107,3.625441984244107,29.52,84,22212.516942230748,16452.72701095527,-0.4330461486664547,22212.516942230748,4.346597772064434,0.25997060173118447,26598.474002979874,22212.516942230748
445975,3.838664721166922,FAT_010,FAT_010,1,Autologous,1.0,3.625441984244107,3.625441984244107,20.24,84,7544.299037871686,2044.4156328188951,-1.883698333910468,7544.299037871686,3.877618894459341,0.17846105207306742,8537.702630569816,7544.299037871686
457391,1.366847802215689,FAT_010,FAT_010,1,Autologous,1.0,3.625441984244107,3.625441984244107,30.88,84,2693.350561771382,24374.06862537793,3.1778731662614708,2693.350561771382,3.430292884096376,-0.07809060106832608,2551.439476742234,2693.350561771382
457393,3.674168993660788,FAT_010,FAT_010,1,Autologous,1.0,3.625441984244107,3.625441984244107,29.75,84,10428.610939325528,159985.26346291896,3.9393201089574417,10428.610939325528,4.0182264655156485,1.1926918504017312,23837.59781129371,10428.610939325528
457394,1.313021990879638,FAT_010,FAT_010,1,Autologous,1.0,3.625441984244107,3.625441984244107,30.99,84,2483.82353628646,251600.51084815725,6.662428360577439,2483.82353628646,3.395120738066807,0.06125218836781357,2591.5493541053474,2483.82353628646
457395,1.312967550527684,FAT_010,FAT_010,1,Autologous,1.0,3.625441984244107,3.625441984244107,30.99,84,2568.695242811998,47631.60333694454,4.212811472236557,2568.695242811998,3.4097125814106803,0.056836454676993074,2671.911438044598,2568.695242811998
457400,1.9641464569215643,FAT_010,FAT_010,1,Autologous,1.0,3.625441984244107,3.625441984244107,31.07,84,3772.812579143074,1038.6123550880343,-1.8609831410067088,3772.812579143074,3.5766652314226595,0.5974917868058981,5708.581180126851,3772.812579143074
457401,2.0358186372815323,FAT_010,FAT_010,1,Autologous,1.0,3.625441984244107,3.625441984244107,31.07,84,4583.0721523790735,845.8590256146381,-2.4378258556441934,4583.0721523790735,3.6611566944984255,1.0830992621778153,9709.616136595603,4583.0721523790735
457412,4.786340893997432,FAT_010,FAT_010,1,Autologous,1.0,3.625441984244107,3.625441984244107,30.36,84,135373.02414906266,115582.2783946538,-0.2280200668127772,135373.02414906266,5.131532130889728,-0.4140400952857315,101599.98475939812,135373.02414906266
457421,1.996010647948812,FAT_010,FAT_010,1,Autologous,1.0,3.625441984244107,3.625441984244107,31.17,84,5008.756805421226,5203.314612114289,0.0549783759058257,5008.756805421226,3.699729945519095,0.6681087701175601,7958.857440977609,5008.756805421226
469593,1.441408042260948,FAT_010,FAT_010,1,Autologous,1.0,3.625441984244107,3.625441984244107,30.99,84,2905.5298280852285,272278.4318525161,6.550137630249383,2905.5298280852285,3.463225338252275,0.8050043938346364,5076.399672713266,2905.5298280852285
469596,3.302206990702876,FAT_010,FAT_010,1,Autologous,1.0,3.625441984244107,3.625441984244107,28.15,84,9868.988124422762,7095.988262156255,-0.4758985483355364,9868.988124422762,3.994272626377085,0.8220024913030446,17446.97074193079,9868.988124422762
470145,2.0990938240033232,FAT_010,FAT_010,1,Autologous,1.0,3.625441984244107,3.625441984244107,28.33,84,2381.7122643729213,519087.7921228586,7.767835617528741,2381.7122643729213,3.376889293022855,0.2959345160267147,2923.980413213729,2381.7122643729213
470146,9.671268545021205,FAT_010,FAT_010,1,Autologous,1.0,3.625441984244107,3.625441984244107,28.01,84,333328.3228973942,199209.5407270877,-0.7426571644676228,333328.3228973942,5.522872217217234,-0.4847495091473787,238203.46498452168,333328.3228973942
471870,2.266674975214909,FAT_010,FAT_010,1,Autologous,1.0,3.625441984244107,3.625441984244107,30.58,84,4104.342682758458,8300.696571364982,1.0160812179787806,4104.342682758458,3.613243614047706,-0.03940786445119242,3993.7480622333787,4104.342682758458
471875,8.641093447823389,FAT_010,FAT_010,1,Autologous,1.0,3.625441984244107,3.625441984244107,29.18,84,131744.7586950959,81885.30538150144,-0.6860690838499698,131744.7586950959,5.119733346350796,0.38306681020904493,171809.8056517896,131744.7586950959
476272,4.732113154272069,FAT_010,FAT_010,1,Autologous,1.0,3.625441984244107,3.625441984244107,29.6,84,20126.52953028275,9793.509591116392,-1.0392005658775243,20126.52953028275,4.303768894819799,0.1357966043633537,22113.004079632246,20126.52953028275
478749,2.1994546299734807,FAT_010,FAT_010,1,Autologous,1.0,3.625441984244107,3.625441984244107,29.95,84,4141.474054363381,3118.912916266339,-0.4091010789099787,4141.474054363381,3.617154944921768,-0.15978299818501468,3707.2806949634323,4141.474054363381
479437,2.289198103201206,FAT_010,FAT_010,1,Autologous,1.0,3.625441984244107,3.625441984244107,24.48,84,2416.191395148921,919.6794496682794,-1.393531731496692,2416.191395148921,3.383131333328549,0.13621244912226438,2655.433111365822,2416.191395148921
483217,1.7014772178112605,FAT_010,FAT_010,1,Autologous,1.0,3.625441984244107,3.625441984244107,30.63,84,2505.041462917844,35981.30502414559,3.844341125459541,2505.041462917844,3.398814918613404,0.5299392785003253,3616.950267508334,2505.041462917844
483218,4.38738913503546,FAT_010,FAT_010,1,Autologous,1.0,3.625441984244107,3.625441984244107,28.19,84,47944.55746444242,44470.653790314325,-0.1085134389385082,47944.55746444242,4.680739314378143,-0.2291564486379323,40903.11183809991,47944.55746444242
500632,4.248238675907318,FAT_010,FAT_010,1,Autologous,1.0,3.625441984244107,3.625441984244107,27.33,84,45244.576300598725,38025.72065696448,-0.2507692693883754,45244.576300598725,4.655566525554532,-0.22854252230925418,38616.09649636482,45244.576300598725
502558,1.8629776007603984,FAT_010,FAT_010,1,Autologous,1.0,3.625441984244107,3.625441984244107,24.43,84,1136.4851951935375,314.7620858953866,-1.8522452113562229,1136.4851951935375,3.055563782614768,-0.4654963917090225,823.0674100737339,1136.4851951935375
511145,2.324768602650877,FAT_010,FAT_010,1,Autologous,1.0,3.625441984244107,3.625441984244107,31.07,84,4539.310178701842,743.3306588734699,-2.6103970547214432,4539.310178701842,3.656989859829447,0.5007762572339995,6423.009056494095,4539.310178701842
511680,2.58628353601263,FAT_010,FAT_010,1,Autologous,1.0,3.625441984244107,3.625441984244107,26.86,84,8613.152091927685,9834.52093781286,0.1913134704650777,8613.152091927685,3.935162116100616,0.6431979694347463,13451.911395244706,8613.152091927685
515619,7.177103514696181,FAT_010,FAT_010,1,Autologous,1.0,3.625441984244107,3.625441984244107,29.62,84,1370387.6400166778,915114.8867809623,-0.5825592634939254,1370387.6400166778,6.136843432928294,-2.411222317493344,257628.07539943134,1370387.6400166778
515620,6.842637130533667,FAT_010,FAT_010,1,Autologous,1.0,3.625441984244107,3.625441984244107,31.6,84,39588.67273292028,27157.71378240065,-0.5437256654472379,39588.67273292028,4.5975709416503765,-0.12274970650634348,36359.6419632396,39588.67273292028
518635,3.481318740456646,FAT_010,FAT_010,1,Autologous,1.0,3.625441984244107,3.625441984244107,25.8,84,2776.896147882459,2893.3505094357683,0.0592678830525534,2776.896147882459,3.4435596380343934,-0.46332976142134596,2014.1113738489976,2776.896147882459
518636,4.110624072519338,FAT_010,FAT_010,1,Autologous,1.0,3.625441984244107,3.625441984244107,28.81,84,22814.57561039629,9609.983814649702,-1.247349911176637,22814.57561039629,4.358212394573624,-0.15581243166047318,20478.973260774575,22814.57561039629
518637,4.568222476845585,FAT_010,FAT_010,1,Autologous,1.0,3.625441984244107,3.625441984244107,18.67,84,7858.58957609907,5829.762932902828,-0.4308331898976573,7858.58957609907,3.895344607835602,0.3687657247402731,10147.385331409789,7858.58957609907
521003,8.817013043353937,FAT_010,FAT_010,1,Autologous,1.0,3.625441984244107,3.625441984244107,19.03,84,164576.84791633463,129334.40822564672,-0.3476552549303834,164576.84791633463,5.216368740175246,-0.6809668294728632,102654.3360621308,164576.84791633463
525259,3.899480332388035,FAT_010,FAT_010,1,Autologous,1.0,3.625441984244107,3.625441984244107,27.86,84,8995.074771292608,5379.663402909098,-0.7416193654437792,8995.074771292608,3.954004777756592,0.08414269948049703,9535.297646961579,8995.074771292608
525362,2.327821342857562,FAT_010,FAT_010,1,Autologous,1.0,3.625441984244107,3.625441984244107,22.5,84,2190.75092469046,1798.3475526400912,-0.284753601588615,2190.75092469046,3.340593003675933,-0.4079732892783782,1651.1282429337195,2190.75092469046
536231,5.800232214262948,FAT_010,FAT_010,1,Autologous,1.0,3.625441984244107,3.625441984244107,31.15,84,125118.13498403158,228922.26140867823,0.8715668506859363,125118.13498403158,5.09732026215295,-0.7718468565295612,73277.59484875939,125118.13498403158
537007,4.240364900870354,FAT_010,FAT_010,1,Autologous,1.0,3.625441984244107,3.625441984244107,29.22,84,18940.97787975414,15006.051756237386,-0.3359663765523098,18940.97787975414,4.277402396885742,0.061810285297491746,19770.112780758165,18940.97787975414
537013,2.1241447000693605,FAT_010,FAT_010,1,Autologous,1.0,3.625441984244107,3.625441984244107,26.93,84,3583.177359875074,2542.703495180973,-0.4948762166653496,3583.177359875074,3.554268305377581,0.18090615938175822,4061.874358777873,3583.177359875074
545696,3.2584584768695706,FAT_010,FAT_010,1,Autologous,1.0,3.625441984244107,3.625441984244107,17.82,84,12126.045069836297,8714.911172999302,-0.4765512249159543,12126.045069836297,4.083719178078795,-0.1371654659369755,11026.260749063555,12126.045069836297
547043,3.029996067792732,FAT_010,FAT_010,1,Autologous,1.0,3.625441984244107,3.625441984244107,24.99,84,5764.645441664303,3724.8555637066434,-0.6300473924765031,5764.645441664303,3.760772600882407,0.8077844918025633,10091.133761740879,5764.645441664303
548480,1.957600131850788,FAT_010,FAT_010,1,Autologous,1.0,3.625441984244107,3.625441984244107,25.09,84,1340.707739020614,16477.33381897315,3.619416136923879,1340.707739020614,3.1273341162825705,-0.7869797577064435,777.0153586324216,1340.707739020614
552396,4.806963854675691,FAT_010,FAT_010,1,Autologous,1.0,3.625441984244107,3.625441984244107,23.33,84,19223.441528034444,12445.918438710414,-0.6271939445536024,19223.441528034444,4.283831141024307,0.5337195669520794,27828.94483856304,19223.441528034444
552398,5.3330664584967336,FAT_010,FAT_010,1,Autologous,1.0,3.625441984244107,3.625441984244107,29.38,84,39713.32805187966,43555.07547531569,0.1332175794547818,39713.32805187966,4.598936283286583,0.2051775109947898,45782.64383832788,39713.32805187966
562973,2.3362773388550666,FAT_010,FAT_010,1,Autologous,1.0,3.625441984244107,3.625441984244107,26.24,84,2095.270254849229,215.30957015645336,-3.282651988012245,2095.270254849229,3.3212400476459925,0.04117714757951342,2155.9347080030443,2095.270254849229
563192,2.961045349916489,FAT_010,FAT_010,1,Autologous,1.0,3.625441984244107,3.625441984244107,28.15,84,3954.491075924304,37792.98126446203,3.2565543849444234,3954.491075924304,3.597090599808545,-0.09747964441155368,3696.122043272359,3954.491075924304
566550,3.496762408544838,FAT_010,FAT_010,1,Autologous,1.0,3.625441984244107,3.625441984244107,29.11,84,10726.988032579377,6340.354199273846,-0.75860970432363,10726.988032579377,4.030477796107853,0.6494490221374427,16826.02122538409,10726.988032579377
566552,3.1851521438063912,FAT_010,FAT_010,1,Autologous,1.0,3.625441984244107,3.625441984244107,25.62,84,5504.725840429842,4267.230623767423,-0.3673706294821757,5504.725840429842,3.740735694070089,0.24857397706782552,6539.791723350624,5504.725840429842
568816,2.1895041620006186,FAT_010,FAT_010,1,Autologous,1.0,3.625441984244107,3.625441984244107,23.68,84,2304.797280334152,48869.12072351044,4.406211378821228,2304.797280334152,3.3626327328042174,0.34570844649286664,2928.8784253667523,2304.797280334152
585394,4.369803462583014,FAT_010,FAT_010,1,Autologous,1.0,3.625441984244107,3.625441984244107,30.74,84,75468.18666659163,62771.967253612864,-0.2657481866211753,75468.18666659163,4.877763914982067,-0.25234859957427913,63357.70203659802,75468.18666659163
585543,3.5388161576504387,FAT_010,FAT_010,1,Autologous,1.0,3.625441984244107,3.625441984244107,30.29,84,9159.513702685836,154304.16666179083,4.074362204450841,9159.513702685836,3.961872416697717,0.6039746868337997,13921.528283467722,9159.513702685836
622312,4.326500123999301,FAT_010,FAT_010,1,Autologous,1.0,3.625441984244107,3.625441984244107,28.89,84,103417.500521783,151312.38892028353,0.5490497730010234,103417.500521783,5.014594037180831,-0.07971602166366618,97858.17756281784,103417.500521783
626939,4.195774901081674,FAT_010,FAT_010,1,Autologous,1.0,3.625441984244107,3.625441984244107,26.95,84,5223.588312563996,8578.54844523355,0.7156923555215229,5223.588312563996,3.717968941500712,0.2645047009432405,6274.697455772049,5223.588312563996
633147,2.0155864548783007,FAT_010,FAT_010,1,Autologous,1.0,3.625441984244107,3.625441984244107,21.08,84,1060.89633156923,400.8859139579679,-1.404020055081275,1060.89633156923,3.025672947683513,-0.7094163891994806,648.8097014450004,1060.89633156923
645463,3.8264826491935886,FAT_010,FAT_010,1,Autologous,1.0,3.625441984244107,3.625441984244107,28.02,84,8924.790389326146,5195.112342774996,-0.7806633385890398,8924.790389326146,3.9505980249155455,0.3111350701455575,11072.839725341044,8924.790389326146
645464,2.598336433110352,FAT_010,FAT_010,1,Autologous,1.0,3.625441984244107,3.625441984244107,25.28,84,1572.7788115513831,1049.8904754295631,-0.5830769571599062,1572.7788115513831,3.1966676497198137,-0.31164732321504757,1267.2212803005027,1572.7788115513831
649757,4.096968159707376,FAT_010,FAT_010,1,Autologous,1.0,3.625441984244107,3.625441984244107,27.82,84,13972.004686766755,15009.127607239623,0.1033010921920054,13972.004686766755,4.145258722645297,0.12753740685476853,15263.400772397186,13972.004686766755
649764,1.922110722708472,FAT_010,FAT_010,1,Autologous,1.0,3.625441984244107,3.625441984244107,24.04,84,791.6938874335377,393.7089282860861,-1.0078132831575513,791.6938874335377,2.898557291820939,0.12334541575146313,862.3587250960244,791.6938874335377
657308,2.605899211585628,FAT_010,FAT_010,1,Autologous,1.0,3.625441984244107,3.625441984244107,20.15,84,2276.94875163046,1069.370865110385,-1.090339544096271,2276.94875163046,3.357353255852486,-0.09970714191732151,2124.899602880856,2276.94875163046
657313,9.05061865901784,FAT_010,FAT_010,1,Autologous,1.0,3.625441984244107,3.625441984244107,30.1,84,250744.1740868019,174692.95767193954,-0.5213947303095221,250744.1740868019,5.399230851198548,-0.5016655841584519,177098.32864240144,250744.1740868019
657314,4.5748369232692285,FAT_010,FAT_010,1,Autologous,1.0,3.625441984244107,3.625441984244107,30.01,84,64010.50628564395,37239.32808405972,-0.7814816771985184,64010.50628564395,4.806251262224565,-0.1928213458424335,56002.35023728861,64010.50628564395
657317,7.109581730990212,FAT_010,FAT_010,1,Autologous,1.0,3.625441984244107,3.625441984244107,31.02,84,1353248.859780177,909486.0794468723,-0.5733037111349001,1353248.859780177,6.131377669835602,-1.7828262883440744,393272.41036952485,1353248.859780177
657319,6.772795371409222,FAT_010,FAT_010,1,Autologous,1.0,3.625441984244107,3.625441984244107,26.02,84,76850.00413846056,38887.98422125771,-0.9827208837389612,76850.00413846056,4.885643895223019,-0.5594263777953727,52148.25435434112,76850.00413846056
657321,10.812765822528176,FAT_010,FAT_010,1,Autologous,1.0,3.625441984244107,3.625441984244107,25.04,84,1103048.3950633043,315087.1008179561,-1.8076734900553677,1103048.3950633043,6.042594567062015,-2.3337274680610904,218812.73648063003,1103048.3950633043
657322,5.200973144002417,FAT_010,FAT_010,1,Autologous,1.0,3.625441984244107,3.625441984244107,29.23,84,311472.5323466536,443612.560230015,0.5101952711216498,311472.5323466536,5.493419753800152,-0.4925496039183585,221384.6721585763,311472.5323466536
657323,6.077986448319897,FAT_010,FAT_010,1,Autologous,1.0,3.625441984244107,3.625441984244107,29.77,84,250358.2730461936,178900.7218429971,-0.4848349213162012,250358.2730461936,5.398561947158718,-0.2535118341229246,210013.53291416526,250358.2730461936
658089,3.095511049550876,FAT_010,FAT_010,1,Autologous,1.0,3.625441984244107,3.625441984244107,27.62,84,13563.559599112605,14060.740214883815,0.0519366990103132,13563.559599112605,4.132373680045868,0.3502089507512263,17290.083035377596,13563.559599112605
658659,3.17594889918006,FAT_010,FAT_010,1,Autologous,1.0,3.625441984244107,3.625441984244107,27.88,84,8554.802793691377,5923.063746637291,-0.5303909847842553,8554.802793691377,3.9322100025856193,0.7651399025335515,14539.185049489139,8554.802793691377
665943,2.5095874171714074,FAT_010,FAT_010,1,Autologous,1.0,3.625441984244107,3.625441984244107,23.67,84,2734.4602946196896,1262.1241945837812,-1.1154022334975535,2734.4602946196896,3.436871621639068,-0.15048690418099006,2463.6020087297275,2734.4602946196896
665951,4.468319783331523,FAT_010,FAT_010,1,Autologous,1.0,3.625441984244107,3.625441984244107,29.93,84,40186.75303984243,30235.61535197052,-0.4104710761331885,40186.75303984243,4.604082918014749,0.25873514928622343,48080.60888703789,40186.75303984243
697329,2.353893103463163,FAT_010,FAT_010,1,Autologous,1.0,3.625441984244107,3.625441984244107,30.23,84,2186.772563447075,902.2496273222808,-1.27720463252671,2186.772563447075,3.339803616336088,-0.8245129668388995,1234.810976896715,2186.772563447075
702459,1.6599392059286326,FAT_010,FAT_010,1,Autologous,1.0,3.625441984244107,3.625441984244107,25.15,84,990.6119496027684,1689.667483894453,0.7703474317800787,990.6119496027684,2.9959035625069683,-0.37267387155645876,765.0988489085095,990.6119496027684
717959,3.268371185439738,FAT_010,FAT_010,1,Autologous,1.0,3.625441984244107,3.625441984244107,24.46,84,3410.781705995074,97532.15942987114,4.837703670520756,3410.781705995074,3.5328539249437543,0.10118478259656523,3658.5886236601677,3410.781705995074
717960,6.028674200514926,FAT_010,FAT_010,1,Autologous,1.0,3.625441984244107,3.625441984244107,17.34,84,25222.81028305844,14684.11268467012,-0.7804729365588955,25222.81028305844,4.401793473292964,-0.15633479516740528,22632.472981327795,25222.81028305844
717962,9.77899538366528,FAT_010,FAT_010,1,Autologous,1.0,3.625441984244107,3.625441984244107,28.91,84,144399.92581030235,115383.37336317594,-0.3236346530520179,144399.92581030235,5.159566970102148,0.14831104101119705,160034.28805240866,144399.92581030235
718252,5.395733529970897,FAT_010,FAT_010,1,Autologous,1.0,3.625441984244107,3.625441984244107,28.53,84,125181.78876392574,226063.7705439345,0.8527051045805902,125181.78876392574,5.09754115303891,-0.2908232567811999,102328.0337838706,125181.78876392574
742733,2.863130524083432,FAT_010,FAT_010,1,Autologous,1.0,3.625441984244107,3.625441984244107,31.17,84,10325.17354699753,7026.268972772261,-0.5553353202998869,10325.17354699753,4.013897360073713,0.7197081514564662,17004.00021498605,10325.17354699753
742740,5.321244948079701,FAT_010,FAT_010,1,Autologous,1.0,3.625441984244107,3.625441984244107,28.76,84,28673.37560148736,21179.284717723127,-0.4370578908744589,28673.37560148736,4.457478823703451,-0.6961459027809321,17697.748764478456,28673.37560148736
742741,4.224619831978578,FAT_010,FAT_010,1,Autologous,1.0,3.625441984244107,3.625441984244107,28.31,84,16349.738589896291,8999.940032539751,-0.8612802754023277,16349.738589896291,4.213510813273177,-0.06646699549409636,15613.571411025257,16349.738589896291
742742,3.141532237407867,FAT_010,FAT_010,1,Autologous,1.0,3.625441984244107,3.625441984244107,29.51,84,4061.9068294956887,1323.6412146284824,-1.6176450289056692,4061.9068294956887,3.6087299574981424,0.2003406732522012,4667.007614882635,4061.9068294956887
742818,5.72993059032431,FAT_010,FAT_010,1,Autologous,1.0,3.625441984244107,3.625441984244107,22.83,84,26133.85500779352,12286.999470261604,-1.088787305086582,26133.85500779352,4.41720347727899,-0.5089185109639937,18365.5415962589,26133.85500779352
748224,7.968234173178414,FAT_010,FAT_010,1,Autologous,1.0,3.625441984244107,3.625441984244107,29.49,84,172760.3369939768,258953.8453108339,0.5839229459472359,172760.3369939768,5.2374440425303685,-0.3689540549993455,133775.87643813615,172760.3369939768
762984,2.75954031027213,FAT_010,FAT_010,1,Autologous,1.0,3.625441984244107,3.625441984244107,30.29,84,2888.290262697228,156383.44193930173,5.758728221146991,2888.290262697228,3.4606408361113257,0.3752475884726866,3746.2919236464913,2888.290262697228
871541,1.8439610154047696,FAT_010,FAT_010,1,Autologous,1.0,3.625441984244107,3.625441984244107,22.79,84,1197.4867342587684,135.3374440983421,-3.1453767207363077,1197.4867342587684,3.0782707110050755,-0.46095076761286746,869.9828740132781,1197.4867342587684
883077,2.224978886205242,FAT_010,FAT_010,1,Autologous,1.0,3.625441984244107,3.625441984244107,22.77,84,1515.755633729537,57.41588537505422,-4.722443428770776,1515.755633729537,3.1806291910868514,-0.5263743288623379,1052.3851934698025,1515.755633729537
883156,2.1936587215952894,FAT_010,FAT_010,1,Autologous,1.0,3.625441984244107,3.625441984244107,27.18,84,1304.9024878301527,1351.3238736485978,0.0504314870549093,1304.9024878301527,3.115578059122911,-0.7502264208258219,775.7778990240785,1304.9024878301527
888048,3.426443666303772,FAT_010,FAT_010,1,Autologous,1.0,3.625441984244107,3.625441984244107,23.96,84,2914.812670986459,279.90244120338934,-3.3804071926432813,2914.812670986459,3.4646106487790416,0.06322600123475093,3045.394588311848,2914.812670986459
999410,2.889834883623866,FAT_010,FAT_010,1,Autologous,1.0,3.625441984244107,3.625441984244107,31.57,84,13400.446788133837,13982.818656160527,0.0613741056580037,13400.446788133837,4.127119278542892,1.0979635574356317,28683.968934465047,13400.446788133837
999412,3.2837541786175835,FAT_010,FAT_010,1,Autologous,1.0,3.625441984244107,3.625441984244107,30.37,84,9481.760963399993,6198.865053171034,-0.6131509255393093,9481.760963399993,3.9768890024926495,0.8540062080717054,17138.40839840281,9481.760963399993
999413,3.50585761300642,FAT_010,FAT_010,1,Autologous,1.0,3.625441984244107,3.625441984244107,27.68,84,7646.410309785224,4645.560297042334,-0.7189300085954198,7646.410309785224,3.8834575987437594,0.4976922207847999,10796.373133778912,7646.410309785224
1042156,2.904541189119918,FAT_010,FAT_010,1,Autologous,1.0,3.625441984244107,3.625441984244107,29.17,84,3462.5004021590744,3020.4856841948167,-0.1970336898908954,3462.5004021590744,3.539389832514514,0.06900791168888858,3632.1458870945735,3462.5004021590744
1121111,1.846801294113136,FAT_010,FAT_010,1,Autologous,1.0,3.625441984244107,3.625441984244107,25.13,84,807.6073324070762,795.6201259114658,-0.0215742383331069,807.6073324070762,2.907200253324445,0.19737208716556354,926.0089236709447,807.6073324070762
1121114,2.4184465289226464,FAT_010,FAT_010,1,Autologous,1.0,3.625441984244107,3.625441984244107,30.63,84,5441.072060535687,4475.363208251994,-0.2818861629896351,5441.072060535687,3.735684477658482,-0.027098035852741127,5339.826619857348,5441.072060535687
1121115,5.298598073987657,FAT_010,FAT_010,1,Autologous,1.0,3.625441984244107,3.625441984244107,29.66,84,110660.7702255719,98374.94260448354,-0.1697810764204444,110660.7702255719,5.043993688682685,-0.5585387508691029,75137.50518230782,110660.7702255719
1121315,1.610294472596601,FAT_010,FAT_010,1,Autologous,1.0,3.625441984244107,3.625441984244107,27.76,84,1473.3197804667682,1020.157249074624,-0.5302790485719836,1473.3197804667682,3.1682970196324374,-1.8038738269010706,421.965446512185,1473.3197804667682
1121333,5.334769297406214,FAT_010,FAT_010,1,Autologous,1.0,3.625441984244107,3.625441984244107,27.95,84,23778.66515170983,12454.120708049708,-0.9330445623630504,23778.66515170983,4.376187471244914,0.2260680719933238,27812.545702762593,23778.66515170983
1121334,3.0184934687084817,FAT_010,FAT_010,1,Autologous,1.0,3.625441984244107,3.625441984244107,27.58,84,2987.749293781844,2224.865558283351,-0.425340933517489,2987.749293781844,3.4753441524154005,-0.7798266810505308,1740.1750195181712,2987.749293781844
1121344,2.421647344656738,FAT_010,FAT_010,1,Autologous,1.0,3.625441984244107,3.625441984244107,25.19,84,1464.0369375655373,1825.004927992795,0.3179484064616885,1464.0369375655373,3.1655520340847496,-0.5575696102199335,994.7337580372657,1464.0369375655373
1123075,1.871896962056231,FAT_010,FAT_010,1,Autologous,1.0,3.625441984244107,3.625441984244107,29.66,84,2087.31353236246,1885.4966643700843,-0.1467027237094511,2087.31353236246,3.3195876887146154,0.01664943237121555,2111.541722919239,2087.31353236246
1123263,3.0272120082943794,FAT_010,FAT_010,1,Autologous,1.0,3.625441984244107,3.625441984244107,14.87,84,2849.832770677844,5935.367150646231,1.058460011187193,2849.832770677844,3.454819376183013,-0.24600373098997358,2403.0614366201044,2849.832770677844
1123313,3.336103583164692,FAT_010,FAT_010,1,Autologous,1.0,3.625441984244107,3.625441984244107,26.01,84,3115.056853570151,1808.600389314208,-0.7843848150685787,3115.056853570151,3.4934659774691754,-0.5510402777299362,2126.112912343296,3115.056853570151
1125712,1.8996133022739208,FAT_010,FAT_010,1,Autologous,1.0,3.625441984244107,3.625441984244107,27.64,84,1083.440378615076,378.3296732749109,-1.51790392469919,1083.440378615076,3.0348050172239853,-1.6357783532109607,348.64758929834596,1083.440378615076
1150460,3.4221028826113966,FAT_010,FAT_010,1,Autologous,1.0,3.625441984244107,3.625441984244107,25.62,84,3316.6271565683046,2897.451644105415,-0.1949322544609329,3316.6271565683046,3.520696652422072,-0.46608408748837404,2400.995585653738,3316.6271565683046
1160721,8.389983317490021,FAT_010,FAT_010,1,Autologous,1.0,3.625441984244107,3.625441984244107,26.89,84,605729.3694727675,169333.79994237868,-1.83880339207418,605729.3694727675,5.782278631432385,-1.2308234444461823,258085.64856334482,605729.3694727675
1203606,4.146970472588917,FAT_010,FAT_010,1,Autologous,1.0,3.625441984244107,3.625441984244107,29.5,84,16454.502102638755,11795.888593571408,-0.4801982705385414,16454.502102638755,4.216284745497118,0.37785001605970825,21381.04532640382,16454.502102638755
1203611,2.8524320244541936,FAT_010,FAT_010,1,Autologous,1.0,3.625441984244107,3.625441984244107,24.03,84,3730.376725880305,26603.035318330927,2.8341976230086163,3730.376725880305,3.5717526928567707,0.8839161503634902,6883.954129154157,3730.376725880305
1256908,6.935194524770398,FAT_010,FAT_010,1,Autologous,1.0,3.625441984244107,3.625441984244107,29.47,84,91471.80782831344,132468.70039692422,0.5342524514967129,91471.80782831344,4.96128726246869,-0.2511916188109349,76854.80952307467,91471.80782831344
1295400,2.328329126686312,FAT_010,FAT_010,1,Autologous,1.0,3.625441984244107,3.625441984244107,25.13,84,1140.463556436922,704.369879511826,-0.6952152233852628,1140.463556436922,3.0570814119351373,0.5653360916877765,1687.580634838691,1140.463556436922
1384484,6.86885791313308,FAT_010,FAT_010,1,Autologous,1.0,3.625441984244107,3.625441984244107,25.0,84,78226.51712867162,26760.92900311233,-1.5475295335612809,78226.51712867162,4.893353994627067,-0.5300409925233635,54174.605435042555,78226.51712867162
1401079,2.2405302527376527,FAT_010,FAT_010,1,Autologous,1.0,3.625441984244107,3.625441984244107,14.02,84,953.4805779978454,272.7254555315076,-1.805754187552011,953.4805779978454,2.9793118510744523,-1.150812888579145,429.4203803010854,953.4805779978454
1408437,4.5563574077560745,FAT_010,FAT_010,1,Autologous,1.0,3.625441984244107,3.625441984244107,26.48,84,11506.74683628276,9809.91412979498,-0.2301676022411847,11506.74683628276,4.060952558143376,-0.18100176913666474,10149.989579138373,11506.74683628276
1410645,2.5959262088065067,FAT_010,FAT_010,1,Autologous,1.0,3.625441984244107,3.625441984244107,25.07,84,1981.2238992055368,1726.5776959212735,-0.1984766723367433,1981.2238992055368,3.2969335581709496,-0.3220970976357129,1584.7934597961462,1981.2238992055368
1410647,7.15366109843678,FAT_010,FAT_010,1,Autologous,1.0,3.625441984244107,3.625441984244107,25.61,84,19887.82785567968,15906.250816224843,-0.3222918887111979,19887.82785567968,4.298587352163822,-1.3293881937805483,7914.101756421767,19887.82785567968
1437612,8.524043380002318,FAT_010,FAT_010,1,Autologous,1.0,3.625441984244107,3.625441984244107,25.15,84,200607.53957725465,159301.39925675537,-0.3326168896841855,200607.53957725465,5.302347251392598,-0.23000005317809438,171044.9814905284,200607.53957725465
818,3.559071562764283,FAT_014,FAT_014,1,Autologous,1.0000000000000002,4.236540720070927,4.236540720070926,29.11,84,34262.5183214216,19639.54641062092,-0.8028695845500928,34262.5183214216,4.534819280780759,-1.2401227535007548,14504.579196544373,34262.5183214216
213810,1.9378401286733964,FAT_014,FAT_014,1,Autologous,1.0000000000000002,4.236540720070927,4.236540720070926,22.4,84,916.6583561896864,1340.0249435983906,0.5478038172413946,916.6583561896864,2.962207501789885,-0.7198879714841866,556.5441586399185,916.6583561896864
226186,4.439766968344591,FAT_014,FAT_014,1,Autologous,1.0000000000000002,4.236540720070927,4.236540720070926,29.11,84,21362.964216883847,8554.826939000235,-1.3203012670501482,21362.964216883847,4.3296615130437415,-0.598174288001012,14112.147586701578,21362.964216883847
264199,3.2298054696130647,FAT_014,FAT_014,1,Autologous,1.0000000000000002,4.236540720070927,4.236540720070926,24.34,84,1890.004794933208,906.1219672709362,-1.0606127341730542,1890.004794933208,3.2764629059776844,0.39877996400151544,2491.768187140437,1890.004794933208
272559,2.211330540408309,FAT_014,FAT_014,1,Autologous,1.0000000000000002,4.236540720070927,4.236540720070926,30.39,84,3151.616164110066,1504.6802496510518,-1.066634898107345,3151.616164110066,3.49853331923642,0.9417067749288265,6053.622088370954,3151.616164110066
295405,2.935848120618328,FAT_014,FAT_014,1,Autologous,1.0000000000000002,4.236540720070927,4.236540720070926,30.39,84,6578.229835077038,3288.96384920285,-1.000066264192471,6578.229835077038,3.818109043114705,-0.2405893709284097,5567.810245546813,6578.229835077038
347253,7.0834312499456,FAT_014,FAT_014,1,Autologous,1.0000000000000002,4.236540720070927,4.236540720070926,25.68,84,23866.88888458093,6219.621183347706,-1.9401119010216383,23866.88888458093,4.377795811201238,-1.1111793207768377,11048.352068487366,23866.88888458093
354242,3.700772518247591,FAT_014,FAT_014,1,Autologous,1.0000000000000002,4.236540720070927,4.236540720070926,25.28,84,1833.3167123793728,2472.9362946777096,0.4317690365136918,1833.3167123793728,3.2632374974538667,-0.6095076092655771,1201.593096388444,1833.3167123793728
367928,5.957602260307556,FAT_014,FAT_014,1,Autologous,1.0000000000000002,4.236540720070927,4.236540720070926,25.27,84,8442.905912273427,29909.273895679067,1.8247813448042325,8442.905912273427,3.926491949523351,-0.8940841030982205,4543.032208749365,8442.905912273427
411459,7.6884500964930655,FAT_014,FAT_014,1,Autologous,1.0000000000000002,4.236540720070927,4.236540720070926,29.69,84,196653.3706380887,172644.71288408476,-0.1878487608754475,196653.3706380887,5.293701394615469,-0.46718511193381856,142254.0574373003,196653.3706380887
411460,3.5345081050378475,FAT_014,FAT_014,1,Autologous,1.0000000000000002,4.236540720070927,4.236540720070926,29.93,84,8009.905451915403,4758.43478812566,-0.7512981134682845,8009.905451915403,3.903627389747938,1.5879870542907994,24080.14655762203,8009.905451915403
411461,10.150119772034463,FAT_014,FAT_014,1,Autologous,1.0000000000000002,4.236540720070927,4.236540720070926,31.07,84,81001.23932235125,112864.48110734264,0.4785756492044028,81001.23932235125,4.908491663653229,-1.325409986602351,32322.392604966273,81001.23932235125
411462,9.556532333990312,FAT_014,FAT_014,1,Autologous,1.0000000000000002,4.236540720070927,4.236540720070926,28.31,84,129532.26863551492,309258.9096455893,1.25550361742398,129532.26863551492,5.11237797185068,-0.2637636678358268,107889.00703836864,129532.26863551492
411463,5.257644557444949,FAT_014,FAT_014,1,Autologous,1.0000000000000002,4.236540720070927,4.236540720070926,26.73,84,38526.18580711968,35771.62413193138,-0.1070237402793545,38526.18580711968,4.585756014854781,-0.6519304548710555,24519.14900273761,38526.18580711968
411467,3.022213223364001,FAT_014,FAT_014,1,Autologous,1.0000000000000002,4.236540720070927,4.236540720070926,27.37,84,7283.815543459887,13867.29058711441,0.9289196463410556,7283.815543459887,3.862358939117411,0.2597113039826652,8720.468784245248,7283.815543459887
411468,3.29745593198437,FAT_014,FAT_014,1,Autologous,1.0000000000000002,4.236540720070927,4.236540720070926,27.59,84,4496.450462993619,6277.612989253047,0.4814295157098835,4496.450462993619,3.652869813191038,-0.4201149272094576,3360.4900858178758,4496.450462993619
411469,10.673423700156786,FAT_014,FAT_014,1,Autologous,1.0000000000000002,4.236540720070927,4.236540720070926,29.85,84,318643.7120351114,291637.68519406667,-0.1277670359288538,318643.7120351114,5.503305352737749,-1.7677733263410333,93573.43147280952,318643.7120351114
411470,4.55167779787902,FAT_014,FAT_014,1,Autologous,1.0000000000000002,4.236540720070927,4.236540720070926,31.06,84,17283.834531839744,15893.897089913522,-0.1209504159668801,17283.834531839744,4.237640099906439,-0.1948846660395807,15099.896473481158,17283.834531839744
411471,3.632216375223536,FAT_014,FAT_014,1,Autologous,1.0000000000000002,4.236540720070927,4.236540720070926,28.72,84,13582.223354015863,35944.5639816848,1.4040539413476254,13582.223354015863,4.1329708679816335,0.4069685620880876,18008.62739514341,13582.223354015863
411473,5.673117322304847,FAT_014,FAT_014,1,Autologous,1.0000000000000002,4.236540720070927,4.236540720070926,29.04,84,19370.43842158732,22544.314545700898,0.2189070382507272,19370.43842158732,4.287139450451757,-0.493681565437658,13757.087227338046,19370.43842158732
411474,7.374443328599748,FAT_014,FAT_014,1,Autologous,1.0000000000000002,4.236540720070927,4.236540720070926,27.02,84,89436.90845812844,222677.1434289168,1.3160112561989434,89436.90845812844,4.95151677865974,-0.5963942408524583,59154.01442764156,89436.90845812844
411475,4.148024118852371,FAT_014,FAT_014,1,Autologous,1.0000000000000002,4.236540720070927,4.236540720070926,28.82,84,9474.146562986823,10790.618170243608,0.1877096205641468,9474.146562986823,3.9765400988850863,0.43796679866751664,12834.567618669867,9474.146562986823
411476,2.696865943778931,FAT_014,FAT_014,1,Autologous,1.0000000000000002,4.236540720070927,4.236540720070926,29.68,84,9835.98538779854,5301.072400525626,-0.8917853470280307,9835.98538779854,3.9928178748853886,1.4774120716100694,27388.183211873435,9835.98538779854
411477,8.234237070268295,FAT_014,FAT_014,1,Autologous,1.0000000000000002,4.236540720070927,4.236540720070926,29.89,84,153406.3942965921,42788.63264647751,-1.842059136566101,153406.3942965921,5.185843462284729,-0.045873223599761224,148605.28193082564,153406.3942965921
411479,8.23517945185014,FAT_014,FAT_014,1,Autologous,1.0000000000000002,4.236540720070927,4.236540720070926,30.29,84,116995.75948520494,87338.7663973297,-0.4217621809759717,116995.75948520494,5.06817012101496,-0.20244873165902036,101677.99651561056,116995.75948520494
411483,7.83127252658028,FAT_014,FAT_014,1,Autologous,1.0000000000000002,4.236540720070927,4.236540720070926,28.13,84,124407.42474676495,273786.564654848,1.1379790625502644,124407.42474676495,5.094846300212729,0.12550204014546668,135714.47744147174,124407.42474676495
411484,5.368840503936359,FAT_014,FAT_014,1,Autologous,1.0000000000000002,4.236540720070927,4.236540720070926,27.82,84,26160.947033887227,51151.8795123976,0.9673724832240648,26160.947033887227,4.417653461523288,-0.3928719712106307,19924.490000109592,26160.947033887227
411485,5.456816278083163,FAT_014,FAT_014,1,Autologous,1.0000000000000002,4.236540720070927,4.236540720070926,29.4,84,39587.57969323405,62835.1572663984,0.666524129239464,39587.57969323405,4.597558950653337,0.08735007898698402,42058.51596644367,39587.57969323405
411486,6.418740482478276,FAT_014,FAT_014,1,Autologous,1.0000000000000002,4.236540720070927,4.236540720070926,26.21,84,53122.7640000244,87959.07160692432,0.7275021641970645,53122.7640000244,4.7252806634746,-0.7704673372202244,31142.027530179552,53122.7640000244
411487,6.4460243871204455,FAT_014,FAT_014,1,Autologous,1.0000000000000002,4.236540720070927,4.236540720070926,31.0,84,48440.56960696076,53305.86087459594,0.1380783335750539,48440.56960696076,4.685209241318774,-0.9857817056522659,24460.164798752066,48440.56960696076
411489,9.9086069168265,FAT_014,FAT_014,1,Autologous,1.0000000000000002,4.236540720070927,4.236540720070926,27.23,84,229364.80653048403,284995.5522819801,0.3132953614787008,229364.80653048403,5.360526781036239,-0.26210125777002224,191261.00810760088,229364.80653048403
411490,4.611168980025723,FAT_014,FAT_014,1,Autologous,1.0000000000000002,4.236540720070927,4.236540720070926,30.71,84,11990.132524844304,12510.696556114492,0.0613145117512632,11990.132524844304,4.078823983306566,-0.3620852599501055,9328.793056067749,11990.132524844304
411901,2.313975401623788,FAT_014,FAT_014,1,Autologous,1.0000000000000002,4.236540720070927,4.236540720070926,29.11,84,2130.0245487249817,820.1698263755218,-1.3768754839890218,2130.0245487249817,3.328384608750644,0.9730516192684263,4181.213399248436,2130.0245487249817
411902,4.032388805853558,FAT_014,FAT_014,1,Autologous,1.0000000000000002,4.236540720070927,4.236540720070926,31.82,84,11388.273946240812,12185.528215859553,0.0976196872696132,11388.273946240812,4.05645790560433,-1.0073482368143598,5665.20813677529,11388.273946240812
411903,8.755511181580996,FAT_014,FAT_014,1,Autologous,1.0000000000000002,4.236540720070927,4.236540720070926,26.62,84,105252.88349064864,169957.4140211498,0.6913135400052653,105252.88349064864,5.022234002530732,-0.8002856303169369,60439.93974567658,105252.88349064864
428125,3.132168851699282,FAT_014,FAT_014,1,Autologous,1.0000000000000002,4.236540720070927,4.236540720070926,26.43,84,6978.664801202006,7345.283558688859,0.0738671479050435,6978.664801202006,3.8437723388210574,-0.38068524320189595,5360.121840408857,6978.664801202006
428126,1.9504416606697124,FAT_014,FAT_014,1,Autologous,1.0000000000000002,4.236540720070927,4.236540720070926,27.15,84,1409.965287349662,1085.2752247999329,-0.3775986894143712,1409.965287349662,3.1492084206709343,-0.636335092908883,907.0943678391849,1409.965287349662
428127,4.272168296100814,FAT_014,FAT_014,1,Autologous,1.0000000000000002,4.236540720070927,4.236540720070926,17.97,84,11700.66146499493,20436.93374181935,0.8045886666169767,11700.66146499493,4.06821041409463,-0.41028730263250585,8804.437789536274,11700.66146499493
428128,2.1675608365460923,FAT_014,FAT_014,1,Autologous,1.0000000000000002,4.236540720070927,4.236540720070926,26.14,84,1151.853592317303,1796.7104151029423,0.641400548122347,1151.853592317303,3.0613972810928405,-0.2900452361395471,942.0738848386723,1151.853592317303
435590,11.44060043880153,FAT_014,FAT_014,1,Autologous,1.0000000000000002,4.236540720070927,4.236540720070926,30.99,84,570242.3082208595,296741.9996816992,-0.9423659471256772,570242.3082208595,5.756059435956987,-1.1299557408002179,260560.67114583138,570242.3082208595
435591,6.15805335346385,FAT_014,FAT_014,1,Autologous,1.0000000000000002,4.236540720070927,4.236540720070926,30.59,84,36007.787586430124,9918.669945738318,-1.8600903802403157,36007.787586430124,4.5563964379910376,-0.7329857394199195,21664.35402531689,36007.787586430124
445970,10.90675117851998,FAT_014,FAT_014,1,Autologous,1.0000000000000002,4.236540720070927,4.236540720070926,17.81,84,260385.24898159265,125410.3869741854,-1.053990878387333,260385.24898159265,5.415616377486962,-2.3629995768019594,50615.39438442572,260385.24898159265
445972,3.5222335391224298,FAT_014,FAT_014,1,Autologous,1.0000000000000002,4.236540720070927,4.236540720070926,25.15,84,6979.870930618045,10548.295266996294,0.5957375967071088,6979.870930618045,3.843847391872641,-0.45657808710481257,5086.320145831934,6979.870930618045
445973,2.1798032635956024,FAT_014,FAT_014,1,Autologous,1.0000000000000002,4.236540720070927,4.236540720070926,29.52,84,1144.6168158210687,507.42830167172434,-1.173588814438704,1144.6168158210687,3.058660121936387,-0.24839324675854205,963.5767311761686,1144.6168158210687
445975,1.859123800418076,FAT_014,FAT_014,1,Autologous,1.0000000000000002,4.236540720070927,4.236540720070926,20.24,84,718.8531319592803,1059.3860257350489,0.5594594328630018,718.8531319592803,2.8566401692493306,-0.2135024124940979,619.9683786111921,718.8531319592803
449673,5.8246235902377865,FAT_014,FAT_014,1,Autologous,1.0000000000000002,4.236540720070927,4.236540720070926,29.11,84,45126.12597168542,57559.97406493766,0.3511030119536949,45126.12597168542,4.6544280514165175,-0.7200637164958432,27394.74574051079,45126.12597168542
451640,1.5729698515790715,FAT_014,FAT_014,1,Autologous,1.0000000000000002,4.236540720070927,4.236540720070926,25.98,84,850.3212383075379,623.4119134824042,-0.4478222469466189,850.3212383075379,2.929583026500493,0.4235468521924614,1140.4686027137777,850.3212383075379
457387,2.5041810478635056,FAT_014,FAT_014,1,Autologous,1.0000000000000002,4.236540720070927,4.236540720070926,29.03,84,21423.2706876858,12150.318905131311,-0.8181845727141354,21423.2706876858,4.330885775234359,-0.8495126683754506,11889.31901850777,21423.2706876858
457388,3.5770108857652154,FAT_014,FAT_014,1,Autologous,1.0000000000000002,4.236540720070927,4.236540720070926,30.59,84,47601.10353339758,14154.142912753325,-1.7497706286189234,47601.10353339758,4.677617021058935,0.09598674686479537,50875.87727780345,47601.10353339758
457390,2.072012767868389,FAT_014,FAT_014,1,Autologous,1.0000000000000002,4.236540720070927,4.236540720070926,29.68,84,17784.378239495953,12317.04534710916,-0.5299543179930607,17784.378239495953,4.250038686396911,-0.33324923101552556,14116.293252333362,17784.378239495953
457391,3.845929977923018,FAT_014,FAT_014,1,Autologous,1.0000000000000002,4.236540720070927,4.236540720070926,30.88,84,58243.98950052624,28919.270923437907,-1.0100779969406783,58243.98950052624,4.76525111490944,0.7460157473042257,97684.1792965943,58243.98950052624
457392,2.2310382037098178,FAT_014,FAT_014,1,Autologous,1.0000000000000002,4.236540720070927,4.236540720070926,30.19,84,2529.253385433911,1195.0454288350406,-1.0816461138712754,2529.253385433911,3.402992339974438,1.1410176888347716,5577.927817775026,2529.253385433911
457393,6.91754401076542,FAT_014,FAT_014,1,Autologous,1.0000000000000002,4.236540720070927,4.236540720070926,29.75,84,543059.7695715871,421201.7352662221,-0.3665996108939811,543059.7695715871,5.734847631000665,-1.7011367523120164,167014.60156912485,543059.7695715871
457394,5.286617308272303,FAT_014,FAT_014,1,Autologous,1.0000000000000002,4.236540720070927,4.236540720070926,30.99,84,428683.7231780191,230834.3122702804,-0.8930559513430731,428683.7231780191,5.632136993965102,-0.8283520205412574,241422.7479063423,428683.7231780191
457395,4.358633583627727,FAT_014,FAT_014,1,Autologous,1.0000000000000002,4.236540720070927,4.236540720070926,30.99,84,70501.88275573122,35805.797874697026,-0.9774685696164824,70501.88275573122,4.848200714998587,0.35783179319542996,90348.0572019407,70501.88275573122
457412,7.018244053246039,FAT_014,FAT_014,1,Autologous,1.0000000000000002,4.236540720070927,4.236540720070926,30.36,84,278372.2569629832,452397.1845714445,0.7005745139613194,278372.2569629832,5.444625950592757,-1.3681950996207481,107834.61340351363,278372.2569629832
457421,3.479350576052981,FAT_014,FAT_014,1,Autologous,1.0000000000000002,4.236540720070927,4.236540720070926,31.17,84,8600.908865774543,10445.774038699354,0.2803583771485955,8600.908865774543,3.934544345956937,-0.05711805641041678,8267.041117777955,8600.908865774543
457424,5.160713538669952,FAT_014,FAT_014,1,Autologous,1.0000000000000002,4.236540720070927,4.236540720070926,30.39,84,28087.13571130161,19528.74063862322,-0.5243105915451444,28087.13571130161,4.448507452686731,0.7166729559965589,46158.05597930097,28087.13571130161
469585,1.8682027139450703,FAT_014,FAT_014,1,Autologous,1.0000000000000002,4.236540720070927,4.236540720070926,29.25,84,13348.234247304288,7185.806092449174,-0.8934269994787937,13348.234247304288,4.12542381945556,-0.3258853997760795,10649.336225174271,13348.234247304288
469588,1.7372670547479914,FAT_014,FAT_014,1,Autologous,1.0000000000000002,4.236540720070927,4.236540720070926,28.94,84,10306.375860053777,5612.778357266829,-0.8767501167424329,10306.375860053777,4.01310597656585,-0.1733458998665238,9139.525756381781,10306.375860053777
469589,3.549964547083532,FAT_014,FAT_014,1,Autologous,1.0000000000000002,4.236540720070927,4.236540720070926,30.59,84,24083.99217946797,5913.093066419481,-2.0260896650322087,24083.99217946797,4.381728477511424,0.6709911032344477,38345.722620408575,24083.99217946797
469590,2.366455643093208,FAT_014,FAT_014,1,Autologous,1.0000000000000002,4.236540720070927,4.236540720070926,29.52,84,21880.393736364604,16557.696153937144,-0.4021367500771605,21880.393736364604,4.340055132834698,-1.0471412826069748,10588.494053996492,21880.393736364604
469591,4.18694013433993,FAT_014,FAT_014,1,Autologous,1.0000000000000002,4.236540720070927,4.236540720070926,30.59,84,67976.24775854543,32185.452277463657,-1.078621986241184,67976.24775854543,4.832357188156228,0.19723314700100172,77934.59476280131,67976.24775854543
469592,3.6108014430465145,FAT_014,FAT_014,1,Autologous,1.0000000000000002,4.236540720070927,4.236540720070926,30.59,84,38435.72610091675,10691.203645834454,-1.846023638233896,38435.72610091675,4.584735089871081,0.46483157988651164,53047.30662731779,38435.72610091675
469593,5.3925254439328825,FAT_014,FAT_014,1,Autologous,1.0000000000000002,4.236540720070927,4.236540720070926,30.99,84,459500.3297578171,243480.66822949488,-0.916258666465248,459500.3297578171,5.662285827391225,-0.8916256923340857,247673.61842937954,459500.3297578171
469596,3.684263319997456,FAT_014,FAT_014,1,Autologous,1.0000000000000002,4.236540720070927,4.236540720070926,28.15,84,8474.26527709044,21539.8136219834,1.3458455702732806,8474.26527709044,3.928102054965101,0.2555104553956372,10116.222346996099,8474.26527709044
469610,1.9665904770116227,FAT_014,FAT_014,1,Autologous,1.0000000000000002,4.236540720070927,4.236540720070926,25.27,84,850.3212383075379,140.8372429129684,-2.593979082455981,850.3212383075379,2.929583026500493,0.04652131214500059,878.1876734342436,850.3212383075379
470145,4.67339576975874,FAT_014,FAT_014,1,Autologous,1.0000000000000002,4.236540720070927,4.236540720070926,28.33,84,29225.72188004248,15368.864132877676,-0.9272281163360016,29225.72188004248,4.465765247110085,-0.47931425383944487,20964.151009130772,29225.72188004248
470146,8.973928217492169,FAT_014,FAT_014,1,Autologous,1.0000000000000002,4.236540720070927,4.236540720070926,28.01,84,209592.7270133557,370350.17046297714,0.8213013458318802,209592.7270133557,5.3213762083080205,-0.1868605540623229,184130.43388366845,209592.7270133557
471870,3.1932208383632017,FAT_014,FAT_014,1,Autologous,1.0000000000000002,4.236540720070927,4.236540720070926,30.58,84,7730.083427394341,3214.4029558959846,-1.265933188752041,7730.083427394341,3.8881841810931608,-0.3099768563418094,6235.508123785615,7730.083427394341
471875,2.8845659746922343,FAT_014,FAT_014,1,Autologous,1.0000000000000002,4.236540720070927,4.236540720070926,29.18,84,15837.685362008908,18614.33412765152,0.2330525044336541,15837.685362008908,4.19969171084187,0.1396159361794857,17446.98129681377,15837.685362008908
476272,3.48617360611635,FAT_014,FAT_014,1,Autologous,1.0000000000000002,4.236540720070927,4.236540720070926,29.6,84,4355.333321317048,5807.465134234756,0.4151254526418185,4355.333321317048,3.6390213979359207,-0.4238235117672041,3246.6674581024135,4355.333321317048
478749,2.443539609695645,FAT_014,FAT_014,1,Autologous,1.0000000000000002,4.236540720070927,4.236540720070926,29.95,84,3081.6606579798004,3476.4016504326096,0.1738867694524012,3081.6606579798004,3.4887848139798256,0.4235228823549658,4133.118960318408,3081.6606579798004
479436,1.8608665897420604,FAT_014,FAT_014,1,Autologous,1.0000000000000002,4.236540720070927,4.236540720070926,27.57,84,623.5689080921944,83.88100497022383,-2.894132943850475,623.5689080921944,2.7948844526030365,0.23371162057373726,733.2273577448959,623.5689080921944
483215,6.572667137843446,FAT_014,FAT_014,1,Autologous,1.0000000000000002,4.236540720070927,4.236540720070926,28.86,84,171924.0992210398,30089.462721170657,-2.5144415355729044,171924.0992210398,5.23533675757793,-0.37421471664702083,132643.7840961932,171924.0992210398
483216,6.196927882317212,FAT_014,FAT_014,1,Autologous,1.0000000000000002,4.236540720070927,4.236540720070926,29.11,84,80539.29175600829,86661.50494979236,0.1056985048265947,80539.29175600829,4.9060078062025045,-0.3448136343444526,63417.41848547265,80539.29175600829
483217,6.456476203895198,FAT_014,FAT_014,1,Autologous,1.0000000000000002,4.236540720070927,4.236540720070926,30.63,84,81080.84386380982,43518.70806010723,-0.8977253760611136,81080.84386380982,4.908918260044269,-1.0541409925834797,39047.22739670392,81080.84386380982
483218,5.007934286654986,FAT_014,FAT_014,1,Autologous,1.0000000000000002,4.236540720070927,4.236540720070926,28.19,84,37488.91450932609,52548.86069393874,0.4871954325858358,37488.91450932609,4.573902865616675,-0.3691239917417505,29025.88511498755,37488.91450932609
484018,8.633746472408504,FAT_014,FAT_014,1,Autologous,1.0000000000000002,4.236540720070927,4.236540720070926,30.12,84,402034.293730636,132282.41597396816,-1.603697269362477,402034.293730636,5.6042631002057295,-1.4407337951394763,148101.34822797918,402034.293730636
500632,3.858759259142109,FAT_014,FAT_014,1,Autologous,1.0000000000000002,4.236540720070927,4.236540720070926,27.33,84,28702.26171348153,38123.39897498543,0.4095123271068719,28702.26171348153,4.457916120113207,-0.0898013361673314,26970.14145483433,28702.26171348153
511680,3.596242895085406,FAT_014,FAT_014,1,Autologous,1.0000000000000002,4.236540720070927,4.236540720070926,26.86,84,20244.88224821564,25166.37262699233,0.313940035821846,20244.88224821564,4.306315255093126,-0.24938960471294422,17031.053118131913,20244.88224821564
515619,6.9304106855581935,FAT_014,FAT_014,1,Autologous,1.0000000000000002,4.236540720070927,4.236540720070926,29.62,84,209111.48137635613,450888.3620499431,1.1084979967930433,209111.48137635613,5.320377878640273,-0.4426263345314091,153862.95715875417,209111.48137635613
515620,10.55332244997308,FAT_014,FAT_014,1,Autologous,1.0000000000000002,4.236540720070927,4.236540720070926,31.6,84,133099.9994481585,20051.702459733875,-2.7307139284158404,133099.9994481585,5.124178053674061,-1.216823480501833,57263.473315771036,133099.9994481585
518636,3.9171153896044464,FAT_014,FAT_014,1,Autologous,1.0000000000000002,4.236540720070927,4.236540720070926,28.81,84,7012.4364248511,10418.849271671874,0.5712082540590631,7012.4364248511,3.845868936943503,0.853657907028376,12672.011926640896,7012.4364248511
518637,9.33782774537138,FAT_014,FAT_014,1,Autologous,1.0000000000000002,4.236540720070927,4.236540720070926,18.67,84,91366.71552379092,46809.74304523527,-0.9648598481691284,91366.71552379092,4.96078801305304,-0.7677357765221379,53663.19369507843,91366.71552379092
525259,1.980950287902188,FAT_014,FAT_014,1,Autologous,1.0000000000000002,4.236540720070927,4.236540720070926,27.86,84,1238.6949102721155,1793.6037112151562,0.5340402719883647,1238.6949102721155,3.0929643531063724,-1.2910450582018922,506.1987458633083,1238.6949102721155
525362,1.7202258337514005,FAT_014,FAT_014,1,Autologous,1.0000000000000002,4.236540720070927,4.236540720070926,22.5,84,963.6974034152096,1414.585836905256,0.5537275989419485,963.6974034152096,2.9839406888230857,-0.9352282553739282,503.9749276309586,963.6974034152096
536231,9.737471059770918,FAT_014,FAT_014,1,Autologous,1.0000000000000002,4.236540720070927,4.236540720070926,31.15,84,705408.4073586928,215393.99394798363,-1.7114807482273269,705408.4073586928,5.848440631469448,-0.5986186957428966,465841.7923631766,705408.4073586928
537006,4.3751732951889055,FAT_014,FAT_014,1,Autologous,1.0000000000000002,4.236540720070927,4.236540720070926,29.51,84,9033.909326132569,3040.427538179965,-1.5710762269230658,9033.909326132569,3.9558757272085607,0.4263879838924985,12140.35259264751,9033.909326132569
537007,4.906723655541208,FAT_014,FAT_014,1,Autologous,1.0000000000000002,4.236540720070927,4.236540720070926,29.22,84,13710.073072116003,16353.68926530586,0.254379872806368,13710.073072116003,4.13703976950375,0.4261084858472134,18420.915278484576,13710.073072116003
537011,5.247837693905991,FAT_014,FAT_014,1,Autologous,1.0000000000000002,4.236540720070927,4.236540720070926,28.14,84,15613.345290625644,2801.211338820437,-2.478656942493461,15613.345290625644,4.193495964279985,0.19103437304140225,17823.91247044473,15613.345290625644
537012,6.02267821635694,FAT_014,FAT_014,1,Autologous,1.0000000000000002,4.236540720070927,4.236540720070926,29.72,84,85741.32792738476,17184.214771307335,-2.3189068316091523,85741.32792738476,4.93319020540589,-0.5511095962908238,58518.02848793,85741.32792738476
537013,2.3654103177900163,FAT_014,FAT_014,1,Autologous,1.0000000000000002,4.236540720070927,4.236540720070926,26.93,84,3546.020483154839,5162.306293537848,0.5418148731416662,3546.020483154839,3.549741239921252,-0.6918786159894035,2195.1541505098317,3546.020483154839
545696,3.523508113830862,FAT_014,FAT_014,1,Autologous,1.0000000000000002,4.236540720070927,4.236540720070926,17.82,84,7386.336543823209,14837.61776806626,1.0063285780660085,7386.336543823209,3.868429091535317,-0.00016221437808113637,7385.506082362443,7386.336543823209
546273,2.2066114192642163,FAT_014,FAT_014,1,Autologous,1.0000000000000002,4.236540720070927,4.236540720070926,27.7,84,943.1932033425456,118.05474773587058,-2.998097259562776,943.1932033425456,2.974600662568942,-0.3547225589315774,737.595964892525,943.1932033425456
547042,4.152560265314909,FAT_014,FAT_014,1,Autologous,1.0000000000000002,4.236540720070927,4.236540720070926,28.24,84,13500.20655372521,6707.373693730119,-1.0091615932144402,13500.20655372521,4.130340413269586,0.33013920848114636,16971.57773873955,13500.20655372521
548480,2.3661173496442567,FAT_014,FAT_014,1,Autologous,1.0000000000000002,4.236540720070927,4.236540720070926,25.09,84,1208.541674871139,2903.732567117378,1.2646413643952497,1208.541674871139,3.082261631040321,-0.03179058798470511,1182.202056463215,1208.541674871139
552396,4.537212407085067,FAT_014,FAT_014,1,Autologous,1.0000000000000002,4.236540720070927,4.236540720070926,23.33,84,8623.825324679285,13243.878673632003,0.6189258377118135,8623.825324679285,3.935699951310175,-0.22101894489275872,7398.890828234118,8623.825324679285
552398,4.901948815079089,FAT_014,FAT_014,1,Autologous,1.0000000000000002,4.236540720070927,4.236540720070926,29.38,84,18137.7741583954,29917.55843937983,0.7219950209685772,18137.7741583954,4.258583989998703,-0.034952622725991055,17703.625015680722,18137.7741583954
556258,1.7037618877578222,FAT_014,FAT_014,1,Autologous,1.0000000000000002,4.236540720070927,4.236540720070926,29.11,84,11024.022862597016,5988.689527688944,-0.8803385395821082,11024.022862597016,4.042340105242926,-0.3298318461302052,8771.03463665027,11024.022862597016
556259,2.038984232796821,FAT_014,FAT_014,1,Autologous,1.0000000000000002,4.236540720070927,4.236540720070926,30.68,84,9509.124316051955,5402.558060859971,-0.8156698194359079,9509.124316051955,3.9781405251165,0.4514400418705492,13002.819053225756,9509.124316051955
556270,1.830348702645412,FAT_014,FAT_014,1,Autologous,1.0000000000000002,4.236540720070927,4.236540720070926,28.34,84,1175.9761806380843,1626.877269237304,0.4682465802370582,1175.9761806380843,3.070398525207631,-0.33482096286515545,932.4109652097281,1175.9761806380843
563192,4.624135942009826,FAT_014,FAT_014,1,Autologous,1.0000000000000002,4.236540720070927,4.236540720070926,28.15,84,15893.167315146706,19330.947157767507,0.2825056620291464,15893.167315146706,4.20121045544631,0.017176357146688345,16083.518174852374,15893.167315146706
563193,5.536635086762824,FAT_014,FAT_014,1,Autologous,1.0000000000000002,4.236540720070927,4.236540720070926,30.59,84,54221.547898035984,16747.205091092095,-1.6949459522705634,54221.547898035984,4.73417191151042,0.21555657797836777,62959.44735847065,54221.547898035984
566550,4.247495414891039,FAT_014,FAT_014,1,Autologous,1.0000000000000002,4.236540720070927,4.236540720070926,29.11,84,10441.46235465015,13059.547576290031,0.3227811389202218,10441.46235465015,4.018761327026384,0.3117263172500694,12959.859668763584,10441.46235465015
585394,6.833205007251932,FAT_014,FAT_014,1,Autologous,1.0000000000000002,4.236540720070927,4.236540720070926,30.74,84,140655.19411022717,189299.75242650585,0.4285096948010582,140655.19411022717,5.148155774409212,-1.1199784170951061,64715.554454082696,140655.19411022717
585543,5.273739592429406,FAT_014,FAT_014,1,Autologous,1.0000000000000002,4.236540720070927,4.236540720070926,30.29,84,360003.09584050684,261834.03923057235,-0.4593566487707934,360003.09584050684,5.556306235491365,-0.6634163837973187,227299.25085345202,360003.09584050684
585544,1.725668995594127,FAT_014,FAT_014,1,Autologous,1.0000000000000002,4.236540720070927,4.236540720070926,29.11,84,11914.146371633842,7332.856743137714,-0.7002283287314643,11914.146371633842,4.076062931334624,-0.3203095718437433,9542.016040981996,11914.146371633842
622312,7.136723336961569,FAT_014,FAT_014,1,Autologous,1.0000000000000002,4.236540720070927,4.236540720070926,28.89,84,174160.2631583762,223160.7536674488,0.3576678362634269,174160.2631583762,5.2409490722580285,-0.5836149128646198,116215.34547155777,174160.2631583762
626939,5.171299954161335,FAT_014,FAT_014,1,Autologous,1.0000000000000002,4.236540720070927,4.236540720070926,26.95,84,4906.5344644469,8141.635321924688,0.7306142081464287,4906.5344644469,3.690774853759801,0.029036298283776015,5006.285931673428,4906.5344644469
645463,2.5017346483354825,FAT_014,FAT_014,1,Autologous,1.0000000000000002,4.236540720070927,4.236540720070926,28.02,84,2157.76552529388,6151.273697816413,1.5113470672160547,2157.76552529388,3.3340042500764677,-0.7412900550994506,1290.78439994725,2157.76552529388
649757,6.3577033394936375,FAT_014,FAT_014,1,Autologous,1.0000000000000002,4.236540720070927,4.236540720070926,27.82,84,22538.94039752193,43531.13487565838,0.9496279392954776,22538.94039752193,4.3529334951028975,-0.19203940879554499,19729.854054547537,22538.94039752193
657308,3.610579274097741,FAT_014,FAT_014,1,Autologous,1.0000000000000002,4.236540720070927,4.236540720070926,20.15,84,4549.520157299337,13431.316474861766,1.5618144220438002,4549.520157299337,3.657965593574385,-0.6848934241580861,2830.0371011837497,4549.520157299337
657309,5.047161133282371,FAT_014,FAT_014,1,Autologous,1.0000000000000002,4.236540720070927,4.236540720070926,28.38,84,14937.91281764377,8328.037555191851,-0.8429301037535302,14937.91281764377,4.17428992043095,-0.13151084792175968,13636.446421472683,14937.91281764377
657313,9.837342756061272,FAT_014,FAT_014,1,Autologous,1.0000000000000002,4.236540720070927,4.236540720070926,30.1,84,132835.85710604594,217453.7386255858,0.7110638791143361,132835.85710604594,5.123315322331042,0.006905840161322252,133473.2352287447,132835.85710604594
657314,5.528094344257633,FAT_014,FAT_014,1,Autologous,1.0000000000000002,4.236540720070927,4.236540720070926,30.01,84,83570.29497851444,124814.93539569304,0.578728444615353,83570.29497851444,4.922051935101421,-0.13042767522207685,76346.52819348132,83570.29497851444
657317,6.849042628048116,FAT_014,FAT_014,1,Autologous,1.0000000000000002,4.236540720070927,4.236540720070926,31.02,84,210445.4605104953,457649.5852777282,1.1207969834251053,210445.4605104953,5.323139562079738,-0.8323770251399032,118186.83697379575,210445.4605104953
657319,5.107618836787815,FAT_014,FAT_014,1,Autologous,1.0000000000000002,4.236540720070927,4.236540720070926,26.02,84,20407.70971938091,32583.110375100277,0.6750100465154335,20407.70971938091,4.309794268212099,0.03626603680300991,20927.214853919693,20407.70971938091
657321,10.766311972258924,FAT_014,FAT_014,1,Autologous,1.0000000000000002,4.236540720070927,4.236540720070926,25.04,84,290809.8635011779,708545.9556873684,1.2847852256636192,290809.8635011779,5.463609132556628,-1.4551994079243042,106059.71630310152,290809.8635011779
657322,4.835896708312432,FAT_014,FAT_014,1,Autologous,1.0000000000000002,4.236540720070927,4.236540720070926,29.23,84,28670.90234866452,43892.54809460416,0.6143887147223256,28670.90234866452,4.45744136155056,-0.4361756828971594,21190.41185093701,28670.90234866452
657323,6.024420881652562,FAT_014,FAT_014,1,Autologous,1.0000000000000002,4.236540720070927,4.236540720070926,29.77,84,173389.54646152726,325146.5933277272,0.907073386173614,173389.54646152726,5.239022910608897,-0.34191065405977056,136803.60688718306,173389.54646152726
658089,4.899637553842657,FAT_014,FAT_014,1,Autologous,1.0000000000000002,4.236540720070927,4.236540720070926,27.62,84,24075.54927355569,46760.0357830307,0.957707320963422,24075.54927355569,4.381576204155995,-0.11596120710575777,22216.129714286613,24075.54927355569
658659,3.3582983038421843,FAT_014,FAT_014,1,Autologous,1.0000000000000002,4.236540720070927,4.236540720070926,27.88,84,5354.008477797392,8745.37144411778,0.7079002379434896,5354.008477797392,3.728679054534461,-0.4010093638310506,4054.7418306793916,5354.008477797392
665951,4.092802491133623,FAT_014,FAT_014,1,Autologous,1.0000000000000002,4.236540720070927,4.236540720070926,29.93,84,19252.23773881549,16944.998571947806,-0.1841666285990751,19252.23773881549,4.284481215981542,0.6352070917237169,29901.81870646402,19252.23773881549
665953,6.223975427329256,FAT_014,FAT_014,1,Autologous,1.0000000000000002,4.236540720070927,4.236540720070926,29.11,84,90815.51438066109,90517.96004249743,-0.0047347083016787,90815.51438066109,4.958160047137328,-0.32151162451167487,72673.38748627384,90815.51438066109
679935,7.935192461325988,FAT_014,FAT_014,1,Autologous,1.0000000000000002,4.236540720070927,4.236540720070926,23.83,84,53654.66707249762,26149.126623495333,-1.0369409056503305,53654.66707249762,4.729607504413378,-0.5913405411320994,35611.99173249515,53654.66707249762
702443,3.8841666631566527,FAT_014,FAT_014,1,Autologous,1.0000000000000002,4.236540720070927,4.236540720070926,29.68,84,17580.54236818535,15948.782191931074,-0.1405333112979036,17580.54236818535,4.245032269138017,0.5382318988227907,25530.317470505786,17580.54236818535
702444,2.662762140497534,FAT_014,FAT_014,1,Autologous,1.0000000000000002,4.236540720070927,4.236540720070926,28.87,84,8948.274137593791,4960.370540831755,-0.8511615609077162,8948.274137593791,3.9517392805900537,0.9955366395189226,17841.266106523235,8948.274137593791
702447,3.7119902541523606,FAT_014,FAT_014,1,Autologous,1.0000000000000002,4.236540720070927,4.236540720070926,28.94,84,9732.25825801918,5196.480036303496,-0.9052398954791604,9732.25825801918,3.98821362497564,0.4717599076657061,13496.697305299,9732.25825801918
709991,5.616037943683984,FAT_014,FAT_014,1,Autologous,1.0000000000000002,4.236540720070927,4.236540720070926,26.74,84,29915.627906016827,12783.050930277072,-1.2266671390176604,29915.627906016827,4.47589812278082,-0.48087592004099766,21435.817290707273,29915.627906016827
717959,4.804833555223311,FAT_014,FAT_014,1,Autologous,1.0000000000000002,4.236540720070927,4.236540720070926,24.46,84,9954.18607057037,7674.594170794182,-0.3752128917134851,9954.18607057037,3.99800575461844,0.3447044761806503,12640.729606646855,9954.18607057037
717960,7.602253427862701,FAT_014,FAT_014,1,Autologous,1.0000000000000002,4.236540720070927,4.236540720070926,17.34,84,24824.55564091595,37566.26341110913,0.5976697293598429,24824.55564091595,4.394881483373849,-0.41683090945436085,18595.286608328803,24824.55564091595
717962,9.74825558455394,FAT_014,FAT_014,1,Autologous,1.0000000000000002,4.236540720070927,4.236540720070926,28.91,84,82253.20165619979,138466.82784658764,0.7513966537199892,82253.20165619979,4.915152811601449,-0.25276627657283623,69033.92723784246,82253.20165619979
718252,8.137227976125388,FAT_014,FAT_014,1,Autologous,1.0000000000000002,4.236540720070927,4.236540720070926,28.53,84,184812.7981608332,175115.57804283727,-0.0777572362034577,184812.7981608332,5.266732042523558,-0.3835897669024729,141664.1684324854,184812.7981608332
742725,3.310279274498452,FAT_014,FAT_014,1,Autologous,1.0000000000000002,4.236540720070927,4.236540720070926,28.01,84,3286.702658706441,1685.904643105239,-0.9631180067055696,3286.702658706441,3.5167604161217554,-0.44865930170011126,2408.244119422717,3286.702658706441
742726,6.09864491959116,FAT_014,FAT_014,1,Autologous,1.0000000000000002,4.236540720070927,4.236540720070926,24.86,84,33339.829318151715,41106.870275222645,0.3021328161018315,33339.829318151715,4.522963372145417,-1.201767045093177,14494.239851518521,33339.829318151715
742727,3.6708267778634,FAT_014,FAT_014,1,Autologous,1.0000000000000002,4.236540720070927,4.236540720070926,30.68,84,8333.148135413872,5709.086177788197,-0.5456017868430554,8333.148135413872,3.920809102192988,-0.06510150671427115,7965.473477659654,8333.148135413872
742733,3.567484221857105,FAT_014,FAT_014,1,Autologous,1.0000000000000002,4.236540720070927,4.236540720070926,31.17,84,9281.165856420574,11999.125982592386,0.3705513772081899,9281.165856420574,3.967602533676592,0.0029217133267141504,9299.980908817732,9281.165856420574
742740,8.023814843935785,FAT_014,FAT_014,1,Autologous,1.0000000000000002,4.236540720070927,4.236540720070926,28.76,84,35337.179631112405,32341.82303981556,-0.1277858958038148,35337.179631112405,4.548231884176861,0.5772192558687117,52722.03854149747,35337.179631112405
742741,4.344694830659452,FAT_014,FAT_014,1,Autologous,1.0000000000000002,4.236540720070927,4.236540720070926,28.31,84,5995.669327130171,8278.330292987273,0.4654189930576736,5995.669327130171,3.7778376726480936,0.3214474578539862,7492.09023671242,5995.669327130171
742742,4.632643236352306,FAT_014,FAT_014,1,Autologous,1.0000000000000002,4.236540720070927,4.236540720070926,29.51,84,7148.7290488635135,7173.37927689803,0.0049661399074943,7148.7290488635135,3.854228836748112,0.43079418395154007,9636.311004575828,7148.7290488635135
742817,4.319931708501001,FAT_014,FAT_014,1,Autologous,1.0000000000000002,4.236540720070927,4.236540720070926,27.32,84,5659.159220055274,6194.767552245418,0.1304624206706782,5659.159220055274,3.752751912952586,0.08324558523501899,5995.305679100019,5659.159220055274
742818,3.3667776287553948,FAT_014,FAT_014,1,Autologous,1.0000000000000002,4.236540720070927,4.236540720070926,22.83,84,3868.057037237268,8063.967724730036,1.059880796068066,3868.057037237268,3.5874928694375345,-1.071606520283177,1840.3785519267929,3868.057037237268
742821,3.633147711242152,FAT_014,FAT_014,1,Autologous,1.0000000000000002,4.236540720070927,4.236540720070926,24.75,84,9119.54451467134,2972.080052648671,-1.6174887940228204,9119.54451467134,3.9599731475713136,0.6819950729612471,14631.003743416693,9119.54451467134
748224,8.52575096710262,FAT_014,FAT_014,1,Autologous,1.0000000000000002,4.236540720070927,4.236540720070926,29.49,84,145991.110646784,358890.57538889686,1.2976635113700832,145991.110646784,5.164326412533874,-0.1782407498109667,129024.0293029823,145991.110646784
762966,1.78131085265746,FAT_014,FAT_014,1,Autologous,1.0000000000000002,4.236540720070927,4.236540720070926,25.41,84,986.6138623199516,200.90018474349904,-2.2960066671747863,986.6138623199516,2.994147213180417,0.40889459709961656,1309.8958070444291,986.6138623199516
762967,3.3669626043929184,FAT_014,FAT_014,1,Autologous,1.0000000000000002,4.236540720070927,4.236540720070926,19.55,84,3565.318553811464,1371.0919824762511,-1.3787056237590984,3565.318553811464,3.552098339231882,-0.03518214483355974,3479.4248296310175,3565.318553811464
762968,9.991801087099873,FAT_014,FAT_014,1,Autologous,1.0000000000000002,4.236540720070927,4.236540720070926,29.47,84,119066.683692544,43942.25535680874,-1.4380889622635196,119066.683692544,5.07579025759856,0.05174545193038768,123414.78494231479,119066.683692544
762982,5.801685038991808,FAT_014,FAT_014,1,Autologous,1.0000000000000002,4.236540720070927,4.236540720070926,29.47,84,23371.169694588883,10260.407373394784,-1.1876419287833484,23371.169694588883,4.368680448771906,0.09198087723860933,24909.754758866355,23371.169694588883
762984,5.721701660129616,FAT_014,FAT_014,1,Autologous,1.0000000000000002,4.236540720070927,4.236540720070926,30.29,84,15987.245409597752,6497.153397323263,-1.2990417123311837,15987.245409597752,4.203773641578207,1.4107812437803746,42507.064427915335,15987.245409597752
763034,4.185820019028716,FAT_014,FAT_014,1,Autologous,1.0000000000000002,4.236540720070927,4.236540720070926,29.98,84,8352.446206070495,3994.185631730288,-1.0642974016153162,8352.446206070495,3.92181368724558,0.7833552581016068,14375.63764049771,8352.446206070495
862962,2.406624952794054,FAT_014,FAT_014,1,Autologous,1.0000000000000002,4.236540720070927,4.236540720070926,30.19,84,4366.1884860614,1944.796633754078,-1.1667551107369585,4366.1884860614,3.64010248004226,-0.44822737868761675,3200.1666441503107,4366.1884860614
866771,4.231149857386893,FAT_014,FAT_014,1,Autologous,1.0000000000000002,4.236540720070927,4.236540720070926,18.53,84,5001.818688313985,4498.507229514225,-0.1530064205217651,5001.818688313985,3.699127944873112,0.07045715878974923,5252.15655649772,5001.818688313985
868129,2.193438769073163,FAT_014,FAT_014,1,Autologous,1.0000000000000002,4.236540720070927,4.236540720070926,19.76,84,961.2851445831316,576.8113551656131,-0.7368648730706053,961.2851445831316,2.982852230905207,-0.6001908247767115,634.1277949803175,961.2851445831316
888048,5.094952020279544,FAT_014,FAT_014,1,Autologous,1.0000000000000002,4.236540720070927,4.236540720070926,23.96,84,5691.724714288328,2177.7994253380334,-1.3859947978252285,5691.724714288328,3.755243886852044,-0.10681780136255531,5285.529785809593,5691.724714288328
888833,4.5952899673996495,FAT_014,FAT_014,1,Autologous,1.0000000000000002,4.236540720070927,4.236540720070926,23.16,84,4729.233440289157,2256.5025904952804,-1.0675179218208477,4729.233440289157,3.674790751809301,0.0889106935371045,5029.855834427095,4729.233440289157
904306,5.187908288686176,FAT_014,FAT_014,1,Autologous,1.0000000000000002,4.236540720070927,4.236540720070926,25.52,84,4736.470216785392,1574.0633031449408,-1.5893187507556144,4736.470216785392,3.6754548107795126,-0.8174766112960994,2687.6321652134297,4736.470216785392
997353,1.863023252347616,FAT_014,FAT_014,1,Autologous,1.0000000000000002,4.236540720070927,4.236540720070926,18.57,84,960.0790151670924,283.7456217511275,-1.7585550140032873,960.0790151670924,2.9823069772467634,-0.39661177586576357,729.3146476505053,960.0790151670924
997884,2.941347981505905,FAT_014,FAT_014,1,Autologous,1.0000000000000002,4.236540720070927,4.236540720070926,29.11,84,6175.382610119992,4057.355277448604,-0.6059888890399407,6175.382610119992,3.790663870484925,0.19674897056215593,7077.684710770838,6175.382610119992
999410,4.345740197966875,FAT_014,FAT_014,1,Autologous,1.0000000000000002,4.236540720070927,4.236540720070926,31.57,84,11108.45192171975,14577.690209454824,0.392104370964093,11108.45192171975,4.045653539705943,-0.5750916405290935,7456.477395999952,11108.45192171975
999412,2.115630130765371,FAT_014,FAT_014,1,Autologous,1.0000000000000002,4.236540720070927,4.236540720070926,30.37,84,2402.609796749809,3327.2798638188783,0.4697408569831661,2402.609796749809,3.380683243596774,1.6491323678733785,7535.66447269199,2402.609796749809
999413,4.261589605435984,FAT_014,FAT_014,1,Autologous,1.0000000000000002,4.236540720070927,4.236540720070926,27.68,84,5510.805301882469,7634.207020252964,0.4702151520020997,5510.805301882469,3.741215067564799,0.09903705528422367,5902.393938581987,5510.805301882469
1002367,3.437094051466186,FAT_014,FAT_014,1,Autologous,1.0000000000000002,4.236540720070927,4.236540720070926,19.59,84,4203.361014896127,4277.931253481415,0.0253699276801698,4203.361014896127,3.6235966919431215,-0.15111780899003732,3785.3470125389213,4203.361014896127
1042156,3.4286974171081672,FAT_014,FAT_014,1,Autologous,1.0000000000000002,4.236540720070927,4.236540720070926,29.17,84,2724.646350832238,2872.665528239517,0.0763210405103535,2724.646350832238,3.4353101404294573,-0.4028528145621884,2060.8166732989503,2724.646350832238
1077285,2.333205322713206,FAT_014,FAT_014,1,Autologous,1.0000000000000002,4.236540720070927,4.236540720070926,29.25,84,2838.02251593991,1303.780064907553,-1.1221855139254462,2838.02251593991,3.453015836685116,0.5291282824121661,4095.428245733615,2838.02251593991
1121100,10.401472780063925,FAT_014,FAT_014,1,Autologous,1.0000000000000002,4.236540720070927,4.236540720070926,30.12,84,192324.5721639245,69773.46261578728,-1.4627927624979091,192324.5721639245,5.284034775000057,-0.18548856625663898,169120.84999017717,192324.5721639245
1121101,2.4853593859615075,FAT_014,FAT_014,1,Autologous,1.0000000000000002,4.236540720070927,4.236540720070926,28.91,84,3614.7698598690654,2090.8117164800237,-0.7898406496022664,3614.7698598690654,3.558080652454739,0.24268632444769986,4276.973069258335,3614.7698598690654
1121114,2.649298862741181,FAT_014,FAT_014,1,Autologous,1.0000000000000002,4.236540720070927,4.236540720070926,30.63,84,4109.28292044508,3899.9489471341103,-0.075431423902283,4109.28292044508,3.6137660430769714,0.7831998716240399,7071.844409725517,4109.28292044508
1121115,9.655531860232228,FAT_014,FAT_014,1,Autologous,1.0000000000000002,4.236540720070927,4.236540720070926,29.66,84,223732.1821575816,349536.289982773,0.6436694566853652,223732.1821575816,5.349728458518609,0.23451446369470433,263223.3102947925,223732.1821575816
1121130,5.515289518931761,FAT_014,FAT_014,1,Autologous,1.0000000000000002,4.236540720070927,4.236540720070926,22.85,84,14110.508038240972,1260.286210478548,-3.4849466205262725,14110.508038240972,4.149542650482388,-0.697513373622494,8701.020715786904,14110.508038240972
1121315,2.0593703622427224,FAT_014,FAT_014,1,Autologous,1.0000000000000002,4.236540720070927,4.236540720070926,27.76,84,1344.834298883553,41.42271850381423,-5.02086237634047,1344.834298883553,3.128668776893273,-0.03469321597035586,1312.8801383573198,1344.834298883553
1121333,6.39375384590096,FAT_014,FAT_014,1,Autologous,1.0000000000000002,4.236540720070927,4.236540720070926,27.95,84,18360.908100362623,19935.718847923195,0.1187182135448843,18360.908100362623,4.263894156888294,-0.052668284294529785,17702.696489383587,18360.908100362623
1122975,2.481256857217196,FAT_014,FAT_014,1,Autologous,1.0000000000000002,4.236540720070927,4.236540720070926,18.97,84,1032.446780129436,752.8579088068236,-0.4556179089017179,1032.446780129436,3.013867674186248,-0.5478111715886839,706.2526324185125,1032.446780129436
1122981,2.099867834297223,FAT_014,FAT_014,1,Autologous,1.0000000000000002,4.236540720070927,4.236540720070926,19.75,84,1487.157569976162,965.1493411388716,-0.6237334161687237,1487.157569976162,3.172356986104826,-0.45880530183303614,1082.038785052791,1487.157569976162
1123075,1.8109321157758005,FAT_014,FAT_014,1,Autologous,1.0000000000000002,4.236540720070927,4.236540720070926,29.66,84,1387.04882844492,1417.692540793042,0.0315261090059967,1387.04882844492,3.142091749862706,0.21245142931595193,1607.111477522822,1387.04882844492
1123263,4.422142287140114,FAT_014,FAT_014,1,Autologous,1.0000000000000002,4.236540720070927,4.236540720070926,14.87,84,3386.811400237683,5047.358249689764,0.5756008389986149,3386.811400237683,3.5297910129668617,1.1551144271835836,7542.496268236283,3386.811400237683
1123313,1.8287647873616817,FAT_014,FAT_014,1,Autologous,1.0000000000000002,4.236540720070927,4.236540720070926,26.01,84,753.8308850244131,1607.2014779479923,1.0922379862175131,753.8308850244131,2.877273926853169,0.5455953166519419,1100.3085372835806,753.8308850244131
1156431,3.355375229391968,FAT_014,FAT_014,1,Autologous,1.0000000000000002,4.236540720070927,4.236540720070926,21.31,84,2057.6567837626376,961.00706928849,-1.0983834126108831,2057.6567837626376,3.313372936340598,-0.3450275323034816,1619.9786830294488,2057.6567837626376
1156433,3.2709783713917444,FAT_014,FAT_014,1,Autologous,1.0000000000000002,4.236540720070927,4.236540720070926,24.16,84,1973.2277246399035,814.9919865625451,-1.2756996838544274,1973.2277246399035,3.2951772088443985,0.4404211896195073,2677.6708925548446,1973.2277246399035
1160721,3.62026171004545,FAT_014,FAT_014,1,Autologous,1.0000000000000002,4.236540720070927,4.236540720070926,26.89,84,2395.373020253575,3376.9871260234554,0.4954863417999264,2395.373020253575,3.3793731536684564,-0.8800421005808075,1301.529703269564,2395.373020253575
1203465,5.681404368226741,FAT_014,FAT_014,1,Autologous,1.0000000000000002,4.236540720070927,4.236540720070926,30.79,84,35964.36692745271,18868.048278487386,-0.9306230114258244,35964.36692745271,4.55587241991739,-0.23634228176739808,30529.964820343743,35964.36692745271
1203606,5.276391969805934,FAT_014,FAT_014,1,Autologous,1.0000000000000002,4.236540720070927,4.236540720070926,29.5,84,11201.32388675476,15715.77940034712,0.4885445674115886,11201.32388675476,4.049269355057128,-0.28904684544323456,9167.640708984842,11201.32388675476
1203610,2.630972226288909,FAT_014,FAT_014,1,Autologous,1.0000000000000002,4.236540720070927,4.236540720070926,30.83,84,3749.85635446544,1707.651570319742,-1.134821694323762,3749.85635446544,3.574014631552286,0.3404002714252368,4747.722465792327,3749.85635446544
1203611,6.458975876326733,FAT_014,FAT_014,1,Autologous,1.0000000000000002,4.236540720070927,4.236540720070926,24.03,84,58424.90891293211,44494.21308087206,-0.3929658684777672,58424.90891293211,4.766598043980109,-0.8350277647679534,32751.382683804488,58424.90891293211
1211844,2.144481126008652,FAT_014,FAT_014,1,Autologous,1.0000000000000002,4.236540720070927,4.236540720070926,26.51,84,1104.8145450917798,763.2135884327773,-0.5336454554220393,1104.8145450917798,3.0432893831769445,-0.6077088368089518,725.0213484323901,1104.8145450917798
1256908,8.845431303227453,FAT_014,FAT_014,1,Autologous,1.0000000000000002,4.236540720070927,4.236540720070926,29.47,84,95508.56393846907,193891.4607726537,1.021547260937899,95508.56393846907,4.98004231508603,-0.08216272994133017,90221.25601805,95508.56393846907
1282887,3.124030373454489,FAT_014,FAT_014,1,Autologous,1.0000000000000002,4.236540720070927,4.236540720070926,29.51,84,1965.990948143669,834.6677778518568,-1.2359826970106371,1965.990948143669,3.293581513913052,-0.03324278187554754,1921.2082346175957,1965.990948143669
1384484,3.821324887851793,FAT_014,FAT_014,1,Autologous,1.0000000000000002,4.236540720070927,4.236540720070926,25.0,84,6767.59215339517,24679.65568457252,1.8666077343592844,6767.59215339517,3.8304341782125513,0.0007774993723911194,6771.240337249439,6767.59215339517
1408437,6.147344385401048,FAT_014,FAT_014,1,Autologous,1.0000000000000002,4.236540720070927,4.236540720070926,26.48,84,6965.397377625576,9628.71091621162,0.467137002908017,6965.397377625576,3.842945898073276,-0.08204879407833322,6580.3160021060885,6965.397377625576
1410647,2.34001492065981,FAT_014,FAT_014,1,Autologous,1.0000000000000002,4.236540720070927,4.236540720070926,25.61,84,839.4660735631863,3110.846159636449,1.8897631252453784,839.4660735631863,2.924003149119656,0.5490280396770397,1228.222524026024,839.4660735631863
1437612,4.4397917639790645,FAT_014,FAT_014,1,Autologous,1.0000000000000002,4.236540720070927,4.236540720070926,25.15,84,11478.73365244374,41195.92912000585,1.843538289931714,11478.73365244374,4.059893978820553,-1.390080479465359,4379.636415108105,11478.73365244374
1899017,5.083717802014044,FAT_014,FAT_014,1,Autologous,1.0000000000000002,4.236540720070927,4.236540720070926,21.4,84,5520.454337210781,1280.997569730455,-2.107519268044457,5520.454337210781,3.7419748219363935,-0.3346902319714678,4377.468431938067,5520.454337210781
818,3.601060342388936,FAT_017,FAT_017,1,Autologous,1.0,3.922635190638029,3.922635190638029,29.11,84,74192.40567773356,80585.79235024982,0.1192539869513747,74192.40567773356,4.870359453243332,-0.56363253394207,50198.31667700015,74192.40567773356
205913,1.066846793119967,FAT_017,FAT_017,1,Autologous,1.0,3.922635190638029,3.922635190638029,24.89,84,4581.751034936762,1325.3833004148514,-1.7894894200686644,4581.751034936762,3.6610314866231857,0.33752992130691156,5789.460795587227,4581.751034936762
206672,0.9868133425361948,FAT_017,FAT_017,1,Autologous,1.0,3.922635190638029,3.922635190638029,25.09,84,4866.621604050031,1611.4670785023116,-1.5945458895265017,4866.621604050031,3.687227579721689,0.10619206991684918,5238.35079189351,4866.621604050031
213810,3.801013105641509,FAT_017,FAT_017,1,Autologous,1.0,3.922635190638029,3.922635190638029,22.4,84,2578.723827722207,898.3307041393675,-1.5213387239733769,2578.723827722207,3.4114048332125195,-6.468025470413475e-05,2578.608218552966,2578.723827722207
226186,8.71109548556154,FAT_017,FAT_017,1,Autologous,1.0,3.922635190638029,3.922635190638029,29.11,84,73292.13527290522,81037.72179679378,0.1449352203872245,73292.13527290522,4.865057374493366,0.5050159710579041,104011.73242563641,73292.13527290522
272559,3.273666848946964,FAT_017,FAT_017,1,Autologous,1.0,3.922635190638029,3.922635190638029,30.39,84,5241.81698776019,1693.0078654934234,-1.6304783086228185,5241.81698776019,3.719481853964005,0.04798671674297031,5419.101620468411,5241.81698776019
295405,3.1656625349391083,FAT_017,FAT_017,1,Autologous,1.0,3.922635190638029,3.922635190638029,30.39,84,3574.2819490483707,2183.634634677232,-0.7109219575671278,3574.2819490483707,3.553188807846796,0.2267501564032216,4182.6103369879875,3574.2819490483707
347253,6.096342776362603,FAT_017,FAT_017,1,Autologous,1.0,3.922635190638029,3.922635190638029,25.68,84,3037.295963367957,1945.922509889584,-0.6423332353840294,3037.295963367957,3.4824871129570907,-0.7527529109329812,1802.5441362097708,3037.295963367957
349741,3.3668889342488675,FAT_017,FAT_017,1,Autologous,1.0,3.922635190638029,3.922635190638029,28.37,84,1088.8606770636109,66.33826738259945,-4.036834226123349,1088.8606770636109,3.036972314050222,0.16471328377662053,1220.5510626203618,1088.8606770636109
367928,10.693725011063195,FAT_017,FAT_017,1,Autologous,1.0,3.922635190638029,3.922635190638029,25.27,84,85054.21277810466,87636.99735412528,0.0431573600395621,85054.21277810466,4.9296958293063,-0.48292103193995567,60858.62180331581,85054.21277810466
391904,2.7468087215325867,FAT_017,FAT_017,1,Autologous,1.0,3.922635190638029,3.922635190638029,26.99,84,1957.368509726017,1202.381096309615,-0.7030211620831337,1957.368509726017,3.291672597080703,-0.5967825714837237,1294.264806876439,1957.368509726017
398513,4.086364103609826,FAT_017,FAT_017,1,Autologous,1.0,3.922635190638029,3.922635190638029,25.15,84,12150.176433852015,556.9650365664079,-4.4472466879206864,12150.176433852015,4.08458258441104,0.5449366179198065,17726.57580238228,12150.176433852015
411459,6.620766999659376,FAT_017,FAT_017,1,Autologous,1.0,3.922635190638029,3.922635190638029,29.69,84,41510.704079742274,73476.54136241459,0.8238003162119065,41510.704079742274,4.618160099684317,0.771608939738337,70865.93727139902,41510.704079742274
411460,4.807949474418205,FAT_017,FAT_017,1,Autologous,1.0,3.922635190638029,3.922635190638029,29.93,84,9406.684263019,27114.384745400388,1.527300248465961,9406.684263019,3.973436567100322,0.6414851435315788,14673.808163630736,9406.684263019
411461,10.935857726162135,FAT_017,FAT_017,1,Autologous,1.0,3.922635190638029,3.922635190638029,31.07,84,109573.92590982972,96327.3103812458,-0.185887748007952,109573.92590982972,5.039707222207856,-1.6324392415873497,35342.23777472696,109573.92590982972
411462,8.366785974568746,FAT_017,FAT_017,1,Autologous,1.0,3.922635190638029,3.922635190638029,28.31,84,81826.34138174106,279174.92394900986,1.7705321088871786,81826.34138174106,4.91289313344125,0.38945871640816176,107184.47600620767,81826.34138174106
411463,4.935565059103512,FAT_017,FAT_017,1,Autologous,1.0,3.922635190638029,3.922635190638029,26.73,84,24381.74445887925,26485.55325250283,0.1194042939465091,24381.74445887925,4.387064775185641,0.2615545153435836,29228.096315296723,24381.74445887925
411467,5.253182401960816,FAT_017,FAT_017,1,Autologous,1.0,3.922635190638029,3.922635190638029,27.37,84,20669.49383698508,13503.9835540704,-0.6141180077283657,20669.49383698508,4.31532984157669,-0.22474931454313876,17687.789307480303,20669.49383698508
411468,4.229325654841707,FAT_017,FAT_017,1,Autologous,1.0,3.922635190638029,3.922635190638029,27.59,84,2235.291016177987,2165.6680205944444,-0.045650564048962,2235.291016177987,3.3493340726548197,-0.00799918471157488,2222.9314901035355,2235.291016177987
411469,7.995631828580533,FAT_017,FAT_017,1,Autologous,1.0,3.922635190638029,3.922635190638029,29.85,84,33180.969529224654,104568.45805629666,1.6560197971003885,33180.969529224654,4.520889071713678,0.4288660587535415,44667.3944179093,33180.969529224654
411470,6.5904841606570175,FAT_017,FAT_017,1,Autologous,1.0,3.922635190638029,3.922635190638029,31.06,84,13100.075857689642,10521.5256163277,-0.3162312559910168,13100.075857689642,4.117273810501614,-0.9572049788184116,6747.243752748823,13100.075857689642
411471,8.742334574574617,FAT_017,FAT_017,1,Autologous,1.0,3.922635190638029,3.922635190638029,28.72,84,74163.62084670819,23814.055943116065,-1.6388983242294364,74163.62084670819,4.8701909249573365,0.31696237409850203,92385.98787830425,74163.62084670819
411473,6.599699414040853,FAT_017,FAT_017,1,Autologous,1.0,3.922635190638029,3.922635190638029,29.04,84,7436.412208350568,4653.353047441924,-0.6763360948567121,7436.412208350568,3.8713634551787104,0.10028044591757249,7971.698731669739,7436.412208350568
411474,5.174574119748945,FAT_017,FAT_017,1,Autologous,1.0,3.922635190638029,3.922635190638029,27.02,84,19622.321535889267,30818.27134092886,0.6512902021397964,19622.321535889267,4.292750387884987,0.08365410773259457,20793.74834146349,19622.321535889267
411475,7.482612226946427,FAT_017,FAT_017,1,Autologous,1.0,3.922635190638029,3.922635190638029,28.82,84,23823.914285214934,10911.262937200472,-1.126592370654618,23823.914285214934,4.377013117886059,0.11562069199393987,25811.80730634628,23823.914285214934
411476,5.991044684754638,FAT_017,FAT_017,1,Autologous,1.0,3.922635190638029,3.922635190638029,29.68,84,48532.21768917525,9758.635541427806,-2.31419143736855,48532.21768917525,4.686030136939968,-0.15828381016732954,43489.25442693723,48532.21768917525
411477,6.813066500964271,FAT_017,FAT_017,1,Autologous,1.0,3.922635190638029,3.922635190638029,29.89,84,21482.417168357093,109101.5729941076,2.34444366477644,21482.417168357093,4.33208314592036,0.5805020249733837,32124.151690472663,21482.417168357093
411479,7.108525823407088,FAT_017,FAT_017,1,Autologous,1.0,3.922635190638029,3.922635190638029,30.29,84,38305.66203212295,28139.863795356403,-0.4449423098335264,38305.66203212295,4.583262972599549,0.2389207388479971,45204.875926803295,38305.66203212295
411483,9.557906629330864,FAT_017,FAT_017,1,Autologous,1.0,3.922635190638029,3.922635190638029,28.13,84,562548.9007917135,256659.992408803,-1.1321200818669048,562548.9007917135,5.750160280420598,-1.0305107673563412,275388.3909825572,562548.9007917135
411484,5.53089182332607,FAT_017,FAT_017,1,Autologous,1.0,3.922635190638029,3.922635190638029,27.82,84,18713.117907639247,46165.90590934067,1.3027778418994702,18713.117907639247,4.272146154002945,-0.13074159877026711,17091.84757363569,18713.117907639247
411485,8.138119641279077,FAT_017,FAT_017,1,Autologous,1.0,3.922635190638029,3.922635190638029,29.4,84,207567.416524034,126245.86897079815,-0.7173438097448811,207567.416524034,5.31715917993539,0.0006426443045387542,207659.89742138953,207567.416524034
411486,7.25202813748974,FAT_017,FAT_017,1,Autologous,1.0,3.922635190638029,3.922635190638029,26.21,84,42761.35535877613,24418.01058574515,-0.8083619171868792,42761.35535877613,4.631051462100559,0.06699646968276511,44793.95496980995,42761.35535877613
411487,6.352605135118885,FAT_017,FAT_017,1,Autologous,1.0,3.922635190638029,3.922635190638029,31.0,84,16772.623264376387,23627.479566102505,0.4943573934058727,16772.623264376387,4.224600992251098,-1.2923541973336867,6847.997826561544,16772.623264376387
411489,5.46423736593255,FAT_017,FAT_017,1,Autologous,1.0,3.922635190638029,3.922635190638029,27.23,84,14869.84667556058,11339.697580713091,-0.3910076062521049,14869.84667556058,4.172306490492279,-0.3684732927461216,11518.209587634236,14869.84667556058
411490,4.223695745293,FAT_017,FAT_017,1,Autologous,1.0,3.922635190638029,3.922635190638029,30.71,84,2524.1319068119988,3193.9111650247355,0.3395368813362115,2524.1319068119988,3.40211204665122,0.5021833389618151,3575.067903165317,2524.1319068119988
411901,8.922430335050546,FAT_017,FAT_017,1,Autologous,1.0,3.922635190638029,3.922635190638029,29.11,84,206860.6992933418,163393.91665781674,-0.3403053075854682,206860.6992933418,5.315677988484561,0.09572680534026354,221052.09145509376,206860.6992933418
411902,4.808910652985519,FAT_017,FAT_017,1,Autologous,1.0,3.922635190638029,3.922635190638029,31.82,84,9023.548236267354,5492.255720384379,-0.7162960418694319,9023.548236267354,3.95537734424039,0.10535896115228514,9707.19048399474,9023.548236267354
411903,11.167617802482354,FAT_017,FAT_017,1,Autologous,1.0,3.922635190638029,3.922635190638029,26.62,84,144033.33896873344,200052.7196228886,0.4739774549263206,144033.33896873344,5.158463028583628,0.10712486938375773,155135.3706160617,144033.33896873344
428125,9.06810655214444,FAT_017,FAT_017,1,Autologous,1.0,3.922635190638029,3.922635190638029,26.43,84,49803.71315619302,11835.852538845453,-2.0730896801710115,49803.71315619302,4.6972617231438365,0.007960007547601856,50079.2624581103,49803.71315619302
428126,3.484667509167143,FAT_017,FAT_017,1,Autologous,1.0,3.922635190638029,3.922635190638029,27.15,84,2614.456721408889,978.489443893342,-1.4178829966148296,2614.456721408889,3.417381457101276,-0.18637534407757214,2297.6130436696194,2614.456721408889
428127,6.118047143048355,FAT_017,FAT_017,1,Autologous,1.0,3.922635190638029,3.922635190638029,17.97,84,7234.91839117289,4627.094149936312,-0.6448702889762951,7234.91839117289,3.8594336367040976,-0.4254379707855822,5387.211749036343,7234.91839117289
428128,7.169156978171498,FAT_017,FAT_017,1,Autologous,1.0,3.922635190638029,3.922635190638029,26.14,84,56606.85908198517,19687.26289302352,-1.52371432748717,56606.85908198517,4.752869058060616,-0.2714879908501489,46896.78052845114,56606.85908198517
435590,11.238597007726126,FAT_017,FAT_017,1,Autologous,1.0,3.922635190638029,3.922635190638029,30.99,84,210050.85263525837,69639.9782321209,-1.5927509848543588,210050.85263525837,5.32232444875921,-1.38482234081065,80436.17040669607,210050.85263525837
435591,6.262393354114315,FAT_017,FAT_017,1,Autologous,1.0,3.922635190638029,3.922635190638029,30.59,84,13769.07503393474,34113.071954264626,1.3088930318327816,13769.07503393474,4.138904766607646,-0.49123273327162087,9795.553457311173,13769.07503393474
445970,6.661808730770782,FAT_017,FAT_017,1,Autologous,1.0,3.922635190638029,3.922635190638029,17.81,84,9740.191270761365,196234.12310667773,4.332482019878992,9740.191270761365,3.9885674853201545,0.47952235266458293,13580.573084712898,9740.191270761365
445972,7.454571897520185,FAT_017,FAT_017,1,Autologous,1.0,3.922635190638029,3.922635190638029,25.15,84,23271.04701345156,13950.384811665808,-0.7382312037510692,23271.04701345156,4.366815923550378,-0.9313451006381022,12202.620695758773,23271.04701345156
445973,5.262918755248085,FAT_017,FAT_017,1,Autologous,1.0,3.922635190638029,3.922635190638029,29.52,84,2767.3140999574725,3084.7294332908746,0.1566575495194516,2767.3140999574725,3.442058455901482,-0.09100301589697884,2598.147593067198,2767.3140999574725
449673,5.055799010632578,FAT_017,FAT_017,1,Autologous,1.0,3.922635190638029,3.922635190638029,29.11,84,5908.831003244918,3554.62549391762,-0.7331751681414779,5908.831003244918,3.771501569027264,0.6025391613829746,8971.889791278278,5908.831003244918
450749,3.075560848145208,FAT_017,FAT_017,1,Autologous,1.0,3.922635190638029,3.922635190638029,27.8,84,1588.1286082969712,142.35086542516132,-3.479804579032819,1588.1286082969712,3.200885669131435,-0.6938253340613256,981.8009134580062,1588.1286082969712
457387,3.5640746655862445,FAT_017,FAT_017,1,Autologous,1.0,3.922635190638029,3.922635190638029,29.03,84,41297.29929800236,14207.445597773383,-1.539400246287002,41297.29929800236,4.615921651212677,-0.5983126725426507,27277.941269376046,41297.29929800236
457388,3.608679026849261,FAT_017,FAT_017,1,Autologous,1.0,3.922635190638029,3.922635190638029,30.59,84,21802.02805077685,48146.37960015869,1.142964975244051,21802.02805077685,4.33849689407685,-1.195383703331129,9520.298007945044,21802.02805077685
457390,2.774413069502073,FAT_017,FAT_017,1,Autologous,1.0,3.922635190638029,3.922635190638029,29.68,84,55301.61588204109,10358.444042345476,-2.4165143259318884,55301.61588204109,4.742737821330035,-0.15996895146488296,49497.39790941917,55301.61588204109
457391,2.827104569579695,FAT_017,FAT_017,1,Autologous,1.0,3.922635190638029,3.922635190638029,30.88,84,37533.43449633855,51374.84194611186,0.452885740320242,37533.43449633855,4.574418306341199,-0.05755144605543144,36065.635968318355,37533.43449633855
457393,4.309261045024463,FAT_017,FAT_017,1,Autologous,1.0,3.922635190638029,3.922635190638029,29.75,84,87379.82860887954,104779.9112835787,0.2619899644761935,87379.82860887954,4.941411188527694,0.03143560725415769,89304.6862950091,87379.82860887954
457394,5.646163170733194,FAT_017,FAT_017,1,Autologous,1.0,3.922635190638029,3.922635190638029,30.99,84,140528.53764629803,46337.27976674572,-1.6006178752909406,140528.53764629803,5.147764526972822,-0.7351321974237142,84424.34206286205,140528.53764629803
457395,2.7640579786072976,FAT_017,FAT_017,1,Autologous,1.0,3.922635190638029,3.922635190638029,30.99,84,41864.062695088345,57856.64348828668,0.4667703041475847,41864.062695088345,4.621841372125994,0.19774080269808622,48013.93333174573,41864.062695088345
457412,8.619443032328263,FAT_017,FAT_017,1,Autologous,1.0,3.922635190638029,3.922635190638029,30.36,84,230577.4148974967,464056.91104984016,1.009050537905636,230577.4148974967,5.362816765813185,-0.34555947181204055,181465.05284111635,230577.4148974967
457416,3.0406229602700137,FAT_017,FAT_017,1,Autologous,1.0,3.922635190638029,3.922635190638029,27.37,84,1520.63314244435,136.82267647661138,-3.4742928782866604,1520.63314244435,3.182024451772096,-0.4860927290556316,1085.6653062720923,1520.63314244435
457421,3.793691133308996,FAT_017,FAT_017,1,Autologous,1.0,3.922635190638029,3.922635190638029,31.17,84,3740.042872539367,2819.3763637604766,-0.4076787291952379,3740.042872539367,3.5728765805963505,-0.1824187367937521,3295.816844620332,3740.042872539367
457424,3.8653918923738617,FAT_017,FAT_017,1,Autologous,1.0,3.922635190638029,3.922635190638029,30.39,84,7617.061837544348,5005.775092911984,-0.6056411350939378,7617.061837544348,3.881787481337808,-0.07923899663398312,7209.981768190503,7617.061837544348
469585,4.818625903710432,FAT_017,FAT_017,1,Autologous,1.0,3.922635190638029,3.922635190638029,29.25,84,111843.9572393142,103229.25428351044,-0.1156354357807263,111843.9572393142,5.048612524789246,0.05918638499312551,116527.76103750763,111843.9572393142
469588,3.411509220801638,FAT_017,FAT_017,1,Autologous,1.0,3.922635190638029,3.922635190638029,28.94,84,19182.608427467043,4736.275881670173,-2.0179738860261094,19182.608427467043,4.282907661678846,-0.05845631061017053,18420.887860921503,19182.608427467043
469589,4.797999748334401,FAT_017,FAT_017,1,Autologous,1.0,3.922635190638029,3.922635190638029,30.59,84,10122.33471713282,22929.545711348077,1.1796656858789458,10122.33471713282,4.005280694106966,-0.1242191735406585,9287.247017242546,10122.33471713282
469590,2.772517702724456,FAT_017,FAT_017,1,Autologous,1.0,3.922635190638029,3.922635190638029,29.52,84,59744.405663751866,14534.990792974966,-2.0392734709752904,59744.405663751866,4.776297245132985,-0.29733471079179585,48617.27113388885,59744.405663751866
469591,3.3652841921876897,FAT_017,FAT_017,1,Autologous,1.0,3.922635190638029,3.922635190638029,30.59,84,29228.51445532557,35828.19257555225,0.2937187599990929,29228.51445532557,4.465806742820668,-0.5444597336470691,20040.475949769647,29228.51445532557
469592,3.7867494061129054,FAT_017,FAT_017,1,Autologous,1.0,3.922635190638029,3.922635190638029,30.59,84,13166.578743162076,33825.60612894003,1.3612352678210489,13166.578743162076,4.119472940793859,-0.0929141081758726,12345.338635014485,13166.578743162076
469593,5.816337771075418,FAT_017,FAT_017,1,Autologous,1.0,3.922635190638029,3.922635190638029,30.99,84,154302.57558213372,53481.08193550939,-1.5286615863179027,154302.57558213372,5.188373175264529,-0.5851674938674941,102853.76814781998,154302.57558213372
469596,4.45123531777746,FAT_017,FAT_017,1,Autologous,1.0,3.922635190638029,3.922635190638029,28.15,84,4790.192914775739,5582.088790798316,0.2207213140460225,4790.192914775739,3.6803530040482775,0.36706071053235867,6178.019690545109,4790.192914775739
470145,4.244836561849864,FAT_017,FAT_017,1,Autologous,1.0,3.922635190638029,3.922635190638029,28.33,84,3911.759278311477,2330.1316418138053,-0.7474061296370643,3911.759278311477,3.5923721213411137,0.692506879277358,6321.7521394778705,3911.759278311477
470146,9.492563708808763,FAT_017,FAT_017,1,Autologous,1.0,3.922635190638029,3.922635190638029,28.01,84,151963.06362603625,147138.27705460557,-0.0465480995817997,151963.06362603625,5.181738040492516,-0.05355410888358004,146425.4769509596,151963.06362603625
471870,7.444700636297159,FAT_017,FAT_017,1,Autologous,1.0,3.922635190638029,3.922635190638029,30.58,84,45332.13854345686,10310.072389045665,-2.1364797597749905,45332.13854345686,4.65640620738243,-0.5476312754297799,31013.641823523176,45332.13854345686
471875,4.337534291469493,FAT_017,FAT_017,1,Autologous,1.0,3.922635190638029,3.922635190638029,29.18,84,11493.088222169145,54143.08256209824,2.2360105218344644,11493.088222169145,4.060436740406228,0.23505961333264433,13526.851889096175,11493.088222169145
476272,4.883441034064584,FAT_017,FAT_017,1,Autologous,1.0,3.922635190638029,3.922635190638029,29.6,84,4380.257217759084,4141.995569701053,-0.0806895799037246,4380.257217759084,3.641499613922703,0.17347839053268604,4939.941581218619,4380.257217759084
478749,4.152219875111999,FAT_017,FAT_017,1,Autologous,1.0,3.922635190638029,3.922635190638029,29.95,84,5749.025562035036,5022.359659757633,-0.1949520992904024,5749.025562035036,3.759594239664601,0.46232244884543866,7920.765656091394,5749.025562035036
479436,3.5243044493523805,FAT_017,FAT_017,1,Autologous,1.0,3.922635190638029,3.922635190638029,27.57,84,1203.0074207849557,96.7433065996242,-3.636339882969297,1203.0074207849557,3.080268306305778,-0.3534323252500824,941.6176163800924,1203.0074207849557
479437,5.6661139049521525,FAT_017,FAT_017,1,Autologous,1.0,3.922635190638029,3.922635190638029,24.48,84,4244.273705673656,2399.23400367068,-0.822943821717324,4244.273705673656,3.627803383012251,0.012657655702077157,4281.675176589941,4244.273705673656
483215,9.78145192383453,FAT_017,FAT_017,1,Autologous,1.0,3.922635190638029,3.922635190638029,28.86,84,241648.65645808692,42377.71443234681,-2.5115332878546184,241648.65645808692,5.383184384848534,-1.1082324556343743,112091.6271491929,241648.65645808692
483216,4.067980018442555,FAT_017,FAT_017,1,Autologous,1.0,3.922635190638029,3.922635190638029,29.11,84,2520.161585291256,1487.0828271599376,-0.7610312335321943,2520.161585291256,3.401428387349233,0.9649371481791978,4919.301182273938,2520.161585291256
483217,8.051784828609721,FAT_017,FAT_017,1,Autologous,1.0,3.922635190638029,3.922635190638029,30.63,84,43474.0280717494,51408.01107980316,0.2418394226185974,43474.0280717494,4.638229881467288,-0.024681548930419624,42736.60264780802,43474.0280717494
483218,5.575623824047885,FAT_017,FAT_017,1,Autologous,1.0,3.922635190638029,3.922635190638029,28.19,84,19692.79474288244,13378.21725549089,-0.5577819895535931,19692.79474288244,4.294307354293671,0.057929394726783004,20499.621373236583,19692.79474288244
484018,5.182670640070845,FAT_017,FAT_017,1,Autologous,1.0,3.922635190638029,3.922635190638029,30.12,84,17650.064320460464,57104.809791283886,1.6939388242160849,17650.064320460464,4.24674629238504,0.6422697591718635,27547.916326873994,17650.064320460464
484020,4.183397329542866,FAT_017,FAT_017,1,Autologous,1.0,3.922635190638029,3.922635190638029,25.15,84,12845.975280362123,1142.953065112703,-3.4904783591516484,12845.975280362123,4.108767081961699,0.4206108185557645,17194.262584821918,12845.975280362123
500632,5.078572155124943,FAT_017,FAT_017,1,Autologous,1.0,3.922635190638029,3.922635190638029,27.33,84,18971.188806487506,18625.85061490193,-0.0265037734966289,18971.188806487506,4.278094546277214,0.09830021146705903,20308.874624212727,18971.188806487506
511680,5.574006694823206,FAT_017,FAT_017,1,Autologous,1.0,3.922635190638029,3.922635190638029,26.86,84,30902.0049763185,12146.813167201388,-1.3471225871428647,30902.0049763185,4.489986658127195,-0.30559093458854525,25003.143902185024,30902.0049763185
515619,7.121670475545528,FAT_017,FAT_017,1,Autologous,1.0,3.922635190638029,3.922635190638029,29.62,84,154837.57640705377,73242.97537933834,-1.0799933265272283,154837.57640705377,5.189876364911963,0.15839218276588268,172805.34165598135,154837.57640705377
515620,8.854106362966984,FAT_017,FAT_017,1,Autologous,1.0,3.922635190638029,3.922635190638029,31.6,84,21755.376772908137,4249.795254197777,-2.355906760410523,21755.376772908137,4.337566609071071,-0.8170120549448263,12348.706645943852,21755.376772908137
518635,11.388224774693674,FAT_017,FAT_017,1,Autologous,1.0,3.922635190638029,3.922635190638029,25.8,84,156003.85835377185,149391.01405113967,-0.0624883390123001,156003.85835377185,5.193135339643119,-1.0370797645591225,76022.68823633522,156003.85835377185
518636,6.485178524116115,FAT_017,FAT_017,1,Autologous,1.0,3.922635190638029,3.922635190638029,28.81,84,14042.034638485782,6524.645006526083,-1.105780677274659,14042.034638485782,4.147430040005071,0.0799629415203422,14842.30268022825,14042.034638485782
518637,10.92247647390681,FAT_017,FAT_017,1,Autologous,1.0,3.922635190638029,3.922635190638029,18.67,84,160251.10980058607,161503.27603741264,0.0112290816830417,160251.10980058607,5.204801045857636,-0.9137203009214245,85063.61350890377,160251.10980058607
525259,4.47039615452524,FAT_017,FAT_017,1,Autologous,1.0,3.922635190638029,3.922635190638029,27.86,84,2673.01896383984,2987.9861266912503,0.1607033767916658,2673.01896383984,3.427002039887021,-0.49459589949834526,1897.203155893943,2673.01896383984
536231,5.953181485817717,FAT_017,FAT_017,1,Autologous,1.0,3.922635190638029,3.922635190638029,31.15,84,35478.79310935434,24044.857831718025,-0.5612285378483874,35478.79310935434,4.549968837911026,0.3484403406772879,45171.01321270123,35478.79310935434
537006,4.121561827887923,FAT_017,FAT_017,1,Autologous,1.0,3.922635190638029,3.922635190638029,29.51,84,1917.6652945185929,5079.023596480271,1.405200239334003,1917.6652945185929,3.282772808554985,-0.5126498909602649,1344.1564306078828,1917.6652945185929
537007,4.71540377548852,FAT_017,FAT_017,1,Autologous,1.0,3.922635190638029,3.922635190638029,29.22,84,5533.63561953476,4533.114937810963,-0.2877249066308961,5533.63561953476,3.7430105581957087,0.51917403261531,7930.444223438326,5533.63561953476
537011,9.122655478223177,FAT_017,FAT_017,1,Autologous,1.0,3.922635190638029,3.922635190638029,28.14,84,311055.8321229457,2984373.4552133726,3.262182619915963,311055.8321229457,5.492838348533754,-1.0399573698828188,151279.46710060412,311055.8321229457
537012,3.6210201249829694,FAT_017,FAT_017,1,Autologous,1.0,3.922635190638029,3.922635190638029,29.72,84,2562.8425416392374,755.9798387142062,-1.7613251789559472,2562.8425416392374,3.408721924405912,1.154935621361924,5706.793915034359,2562.8425416392374
537013,4.319380275879522,FAT_017,FAT_017,1,Autologous,1.0,3.922635190638029,3.922635190638029,26.93,84,2967.815336754965,3061.234630259537,0.0447122979156003,2967.815336754965,3.47243687479994,-0.5166205633073478,2074.5245987961066,2967.815336754965
537937,1.118947189168949,FAT_017,FAT_017,1,Autologous,1.0,3.922635190638029,3.922635190638029,25.23,84,5690.463319604085,1370.9908592403883,-2.05332716975305,5690.463319604085,3.7551476282501857,-0.14427016048235614,5148.94179488685,5690.463319604085
545696,6.765452019598546,FAT_017,FAT_017,1,Autologous,1.0,3.922635190638029,3.922635190638029,17.82,84,17134.915103144132,7674.508307824474,-1.1587928162443508,17134.915103144132,4.233881957010568,-0.44094166134192103,12622.49742028123,17134.915103144132
546273,3.47466564229056,FAT_017,FAT_017,1,Autologous,1.0,3.922635190638029,3.922635190638029,27.7,84,1231.7922518103385,114.70992068241156,-3.4246968852247446,1231.7922518103385,3.090537467974241,-0.5663543885985988,831.855339942146,1231.7922518103385
547042,4.355586661040414,FAT_017,FAT_017,1,Autologous,1.0,3.922635190638029,3.922635190638029,28.24,84,6317.774119881388,13219.281823220075,1.065155538003442,6317.774119881388,3.8005640944651846,0.40243683940781777,8350.44566498689,6317.774119881388
547043,3.285621499582746,FAT_017,FAT_017,1,Autologous,1.0,3.922635190638029,3.922635190638029,24.99,84,1606.987635520498,2157.37573717162,0.4249186352340302,1606.987635520498,3.206012535228884,-0.8560230775611889,887.8179306021226,1606.987635520498
548480,1.3400691031086196,FAT_017,FAT_017,1,Autologous,1.0,3.922635190638029,3.922635190638029,25.09,84,5830.417153210256,2220.949910079944,-1.3924222530910704,5830.417153210256,3.765699628662292,0.3197991696328295,7277.274741628824,5830.417153210256
552396,7.606367068268506,FAT_017,FAT_017,1,Autologous,1.0,3.922635190638029,3.922635190638029,23.33,84,18031.215186451736,12439.807181474533,-0.5355325046019141,18031.215186451736,4.256024996327874,-0.2976646145766039,14669.625222541856,18031.215186451736
552398,7.000008469025784,FAT_017,FAT_017,1,Autologous,1.0,3.922635190638029,3.922635190638029,29.38,84,47126.72387083244,23351.070118675005,-1.0130567259711478,47126.72387083244,4.673267249768691,0.5401009035261857,68525.75393132358,47126.72387083244
556258,3.4197704754472857,FAT_017,FAT_017,1,Autologous,1.0,3.922635190638029,3.922635190638029,29.11,84,20010.42046454184,4996.100762252021,-2.001877002990112,20010.42046454184,4.301256214248999,-0.23008559897620492,17060.570407467192,20010.42046454184
556259,3.439924234504123,FAT_017,FAT_017,1,Autologous,1.0,3.922635190638029,3.922635190638029,30.68,84,35020.22097370859,7335.906734725789,-2.255140984631066,35020.22097370859,4.544318882106065,-0.40260643835405885,26492.458806298146,35020.22097370859
556268,3.726614431975249,FAT_017,FAT_017,1,Autologous,1.0,3.922635190638029,3.922635190638029,28.57,84,992.5803801856068,337.2195258615472,-1.5574958635405136,992.5803801856068,2.9967656864755106,0.420500736793079,1328.461649158116,992.5803801856068
563193,5.638581004747808,FAT_017,FAT_017,1,Autologous,1.0,3.922635190638029,3.922635190638029,30.59,84,32033.546609730096,48110.44637199312,0.5867666492646554,32033.546609730096,4.505605024451086,-0.22960954912838127,27320.312513285015,32033.546609730096
565040,1.095751339542542,FAT_017,FAT_017,1,Autologous,1.0,3.922635190638029,3.922635190638029,25.09,84,4554.951364671751,1090.4352701014784,-2.0625315178401267,4554.951364671751,3.65848374417017,0.45171634826505175,6229.653831684183,4554.951364671751
565042,1.0935342718030634,FAT_017,FAT_017,1,Autologous,1.0,3.922635190638029,3.922635190638029,25.09,84,5482.021439765107,1955.5968405495464,-1.4870989907931305,5482.021439765107,3.738940729699188,-0.10313221816418429,5103.813995885823,5482.021439765107
566550,4.789879373497923,FAT_017,FAT_017,1,Autologous,1.0,3.922635190638029,3.922635190638029,29.11,84,5703.366864546499,4122.646908381128,-0.4682429316386241,5703.366864546499,3.75613130813144,0.4328656308366762,7699.04480622681,5703.366864546499
566552,3.9842832265154136,FAT_017,FAT_017,1,Autologous,1.0,3.922635190638029,3.922635190638029,25.62,84,2163.8252288046237,2348.098255896593,0.1179088010786191,2163.8252288046237,3.335222180080115,-0.3717039618104888,1672.3537103834856,2163.8252288046237
585394,6.255541135817387,FAT_017,FAT_017,1,Autologous,1.0,3.922635190638029,3.922635190638029,30.74,84,46774.35783586655,24665.397041192755,-0.9232293361577056,46774.35783586655,4.670007833793553,-0.8662400868298599,25659.22790772542,46774.35783586655
585543,4.551729758514815,FAT_017,FAT_017,1,Autologous,1.0,3.922635190638029,3.922635190638029,30.29,84,71056.84425672723,56337.77357467258,-0.3348710671507807,71056.84425672723,4.851605915898557,0.16292644743249496,79552.10276819108,71056.84425672723
585544,3.230417700397968,FAT_017,FAT_017,1,Autologous,1.0,3.922635190638029,3.922635190638029,29.11,84,50528.29683372851,12207.623245635436,-2.0493092083983897,50528.29683372851,4.703534659643742,-0.47405850783261305,36377.16325203774,50528.29683372851
592028,12.110743446874064,FAT_017,FAT_017,1,Autologous,1.0,3.922635190638029,3.922635190638029,21.11,84,2588427.293518902,987320.7257386504,-1.3904850773001245,2588427.293518902,6.413035970566859,-3.1953131408948763,282586.1480821251,2588427.293518902
622312,6.37593625183428,FAT_017,FAT_017,1,Autologous,1.0,3.922635190638029,3.922635190638029,28.89,84,80417.8698222577,44020.96859730328,-0.8693252319700713,80417.8698222577,4.905352564953269,0.14834881549672566,89127.14770895761,80417.8698222577
626939,5.041235923394414,FAT_017,FAT_017,1,Autologous,1.0,3.922635190638029,3.922635190638029,26.95,84,1579.1953848753003,1886.494478692672,0.2565181990348546,1579.1953848753003,3.198435866122092,-0.5092002740227007,1109.5613232918674,1579.1953848753003
641112,4.989460752003079,FAT_017,FAT_017,1,Autologous,1.0,3.922635190638029,3.922635190638029,29.68,84,2096.329762952002,252.9146443961604,-3.0511431975157235,2096.329762952002,3.321459600337285,-0.2856750610374012,1719.7401788764846,2096.329762952002
645463,4.731743755723914,FAT_017,FAT_017,1,Autologous,1.0,3.922635190638029,3.922635190638029,28.02,84,3231.841717884336,2010.8787300350457,-0.6845304629119134,3231.841717884336,3.5094500826926742,-0.3030348515265557,2619.5548875336817,3231.841717884336
649757,5.448649760010452,FAT_017,FAT_017,1,Autologous,1.0,3.922635190638029,3.922635190638029,27.82,84,14446.014853221324,36387.92170659293,1.3327880952596125,14446.014853221324,4.159748057060943,-0.5211029577961526,10066.544922412339,14446.014853221324
657308,6.490328266896837,FAT_017,FAT_017,1,Autologous,1.0,3.922635190638029,3.922635190638029,20.15,84,9395.765878836955,17029.586056008135,0.8579606971350049,9395.765878836955,3.9729321866074856,-0.8190122388879226,5325.801012403156,9395.765878836955
657309,5.240299514759552,FAT_017,FAT_017,1,Autologous,1.0,3.922635190638029,3.922635190638029,28.38,84,33382.463346402335,8932.171293619589,-1.9020075941255523,33382.463346402335,4.523518380823659,-0.3829458666945267,25600.01314035715,33382.463346402335
657313,10.73083593390686,FAT_017,FAT_017,1,Autologous,1.0,3.922635190638029,3.922635190638029,30.1,84,174054.9251478273,305326.0217701254,0.810807912288743,174054.9251478273,5.240686316814568,-0.747105158341447,103701.55155558791,174054.9251478273
657314,6.971047586219162,FAT_017,FAT_017,1,Autologous,1.0,3.922635190638029,3.922635190638029,30.01,84,36162.68099130222,77653.08811304407,1.1025416601980798,36162.68099130222,4.55826062027034,0.605956017648976,55039.129647570364,36162.68099130222
657317,7.055980385567226,FAT_017,FAT_017,1,Autologous,1.0,3.922635190638029,3.922635190638029,31.02,84,156252.99602919843,72147.0119202883,-1.1148723029634773,156252.99602919843,5.193828353353547,-0.3310578013779416,124213.85054930672,156252.99602919843
657319,6.621485227017544,FAT_017,FAT_017,1,Autologous,1.0,3.922635190638029,3.922635190638029,26.02,84,46204.616697640005,18667.312032016056,-1.3075228067295273,46204.616697640005,4.664685371792872,-0.3754137073756942,35618.414622671145,46204.616697640005
657321,8.667513568091422,FAT_017,FAT_017,1,Autologous,1.0,3.922635190638029,3.922635190638029,25.04,84,45788.72551834224,33905.76486869401,-0.4334618194638028,45788.72551834224,4.660758555559708,-0.9018567465597827,24506.01093997032,45788.72551834224
657322,7.705809005303349,FAT_017,FAT_017,1,Autologous,1.0,3.922635190638029,3.922635190638029,29.23,84,165323.19554333453,103367.45900722418,-0.6775070711117647,165323.19554333453,5.218333791198494,0.018548964130317366,167462.50594236518,165323.19554333453
657323,6.05622420820806,FAT_017,FAT_017,1,Autologous,1.0,3.922635190638029,3.922635190638029,29.77,84,72537.77418396417,105806.77238077184,0.5446275909667226,72537.77418396417,4.86056422515601,0.11404551104595224,78504.64333781919,72537.77418396417
658089,4.681911431037223,FAT_017,FAT_017,1,Autologous,1.0,3.922635190638029,3.922635190638029,27.62,84,14595.894490629353,38015.9733519409,1.381043102705341,14595.894490629353,4.164230715318599,-0.2190882046656465,12539.453058957539,14595.894490629353
658659,5.527081160744471,FAT_017,FAT_017,1,Autologous,1.0,3.922635190638029,3.922635190638029,27.88,84,6443.831828164961,4276.054151703389,-0.5916387195402487,6443.831828164961,3.809144197629705,-0.18180274401968927,5680.886577322695,6443.831828164961
665943,4.070789015226692,FAT_017,FAT_017,1,Autologous,1.0,3.922635190638029,3.922635190638029,23.67,84,1644.7056899675508,1912.7533761982845,0.21782142397396,1644.7056899675508,3.2160881948948474,-0.2266891816379827,1405.5553466671731,1644.7056899675508
665951,5.1840830497131165,FAT_017,FAT_017,1,Autologous,1.0,3.922635190638029,3.922635190638029,29.93,84,15627.185505642195,34600.93462897416,1.1467530391633265,15627.185505642195,4.193880767562777,0.4880202322770901,21917.423327915014,15627.185505642195
665953,5.1302828649633305,FAT_017,FAT_017,1,Autologous,1.0,3.922635190638029,3.922635190638029,29.11,84,11436.511140498564,4475.068953851188,-1.3536651886179767,11436.511140498564,4.058293557366018,0.4183094184779932,15283.303579584952,11436.511140498564
679935,6.958233468799205,FAT_017,FAT_017,1,Autologous,1.0,3.922635190638029,3.922635190638029,23.83,84,38103.17563456508,31401.495275000874,-0.2790779823820327,38103.17563456508,4.580961172607243,-0.5550724985200809,25933.892170946103,38103.17563456508
702443,7.687316830417669,FAT_017,FAT_017,1,Autologous,1.0,3.922635190638029,3.922635190638029,29.68,84,84794.15671849603,43593.9160010278,-0.959838044652148,84794.15671849603,4.928365925460136,0.3349576600086504,106954.29476141531,84794.15671849603
702444,5.090061634063077,FAT_017,FAT_017,1,Autologous,1.0,3.922635190638029,3.922635190638029,28.87,84,17127.967040482836,3468.9385652150963,-2.3037877287636324,17127.967040482836,4.233705818569999,0.13389943204828741,18793.755131210208,17127.967040482836
702447,5.278296259489949,FAT_017,FAT_017,1,Autologous,1.0,3.922635190638029,3.922635190638029,28.94,84,18819.32400831911,3741.2018709311815,-2.3306410880119706,18819.32400831911,4.274604019477558,-0.19975233774154305,16385.985797995905,18819.32400831911
702459,4.000060313679339,FAT_017,FAT_017,1,Autologous,1.0,3.922635190638029,3.922635190638029,25.15,84,11158.588634046591,371.7707067899844,-4.907597653459607,11158.588634046591,4.0476092674324295,0.44788960758838975,15220.799812849027,11158.588634046591
709991,7.682394506681378,FAT_017,FAT_017,1,Autologous,1.0,3.922635190638029,3.922635190638029,26.74,84,38401.94232900095,40719.25774778183,0.0845319806855817,38401.94232900095,4.584353191071543,0.7299249951573407,63691.65136484655,38401.94232900095
717959,11.34879001765603,FAT_017,FAT_017,1,Autologous,1.0,3.922635190638029,3.922635190638029,24.46,84,303426.8593208391,69941.26452981688,-2.1171330133446324,303426.8593208391,5.482054021864446,-0.9172628097468383,160668.37535932343,303426.8593208391
717960,8.346411600187151,FAT_017,FAT_017,1,Autologous,1.0,3.922635190638029,3.922635190638029,17.34,84,13842.525982068477,11195.964668050794,-0.306128390563457,13842.525982068477,4.14121534734441,0.09070675257615399,14740.791407953395,13842.525982068477
717962,11.077590803644418,FAT_017,FAT_017,1,Autologous,1.0,3.922635190638029,3.922635190638029,28.91,84,87923.76265722125,53687.00697384288,-0.7116801495331911,87923.76265722125,4.944106265246902,0.13020349270974557,96227.99170627944,87923.76265722125
718252,8.251056505163946,FAT_017,FAT_017,1,Autologous,1.0,3.922635190638029,3.922635190638029,28.53,84,339548.84451655374,186236.39339322512,-0.8664840980814765,339548.84451655374,5.530902256902784,-1.0637453814913507,162436.26290560164,339548.84451655374
742725,10.093273626154822,FAT_017,FAT_017,1,Autologous,1.0,3.922635190638029,3.922635190638029,28.01,84,86206.59859950015,33452.45337491291,-1.3656862824244445,86206.59859950015,4.935540509742009,0.38246259995009224,112375.91076388002,86206.59859950015
742726,5.319920498961079,FAT_017,FAT_017,1,Autologous,1.0,3.922635190638029,3.922635190638029,24.86,84,9541.67519472424,106741.0363130768,3.483728536112883,9541.67519472424,3.979624628787586,-0.41517931297450617,7155.552986618106,9541.67519472424
742727,4.6854163499695805,FAT_017,FAT_017,1,Autologous,1.0,3.922635190638029,3.922635190638029,30.68,84,6015.037103924778,3033.5936855167874,-0.9875457703789056,6015.037103924778,3.7792383106417966,-0.10628984932025612,5587.813180639203,6015.037103924778
742733,5.228029920798081,FAT_017,FAT_017,1,Autologous,1.0,3.922635190638029,3.922635190638029,31.17,84,9423.558129482151,5094.226116088783,-0.8874088952400316,9423.558129482151,3.974214913857852,0.3310475208986,11854.142609197437,9423.558129482151
742740,7.61741495524454,FAT_017,FAT_017,1,Autologous,1.0,3.922635190638029,3.922635190638029,28.76,84,23227.373476723387,11285.797738464733,-1.0413176258911692,23227.373476723387,4.366000103082336,-0.06711939299004419,22171.503902975248,23227.373476723387
742741,5.176815901073747,FAT_017,FAT_017,1,Autologous,1.0,3.922635190638029,3.922635190638029,28.31,84,6186.753509696889,3753.640296065419,-0.7208921496074652,6186.753509696889,3.791462813367509,0.5859013191660819,9286.171175873511,6186.753509696889
748224,11.371366557603494,FAT_017,FAT_017,1,Autologous,1.0,3.922635190638029,3.922635190638029,29.49,84,281690.3415751545,193667.6613873134,-0.5405270253885947,281690.3415751545,5.4497719564194815,-0.6078236235859236,184841.21460943794,281690.3415751545
759350,2.8233234771575817,FAT_017,FAT_017,1,Autologous,1.0,3.922635190638029,3.922635190638029,26.44,84,1783.666943193536,496.1549581323584,-1.8459835761282035,1783.666943193536,3.251313763584484,-1.1640803514629638,795.9589316542522,1783.666943193536
762968,3.5321074398681014,FAT_017,FAT_017,1,Autologous,1.0,3.922635190638029,3.922635190638029,29.47,84,3053.177249450928,1495.3751105827628,-1.029803920576324,3053.177249450928,3.484752017604904,0.22354919380136626,3564.8973618101063,3053.177249450928
762982,3.246886299915761,FAT_017,FAT_017,1,Autologous,1.0,3.922635190638029,3.922635190638029,29.47,84,1835.2811229631875,1448.385504520088,-0.3415554243080583,1835.2811229631875,3.263702597634684,-0.5420805372490383,1260.4339598758193,1835.2811229631875
762984,10.379381695844335,FAT_017,FAT_017,1,Autologous,1.0,3.922635190638029,3.922635190638029,30.29,84,137837.6522356149,26171.82852967262,-2.396883404883752,137837.6522356149,5.139367867241766,-0.6365248363910315,88665.52675111637,137837.6522356149
763034,4.141204866998788,FAT_017,FAT_017,1,Autologous,1.0,3.922635190638029,3.922635190638029,29.98,84,2745.477331593389,9268.008772243998,1.7552024102019776,2745.477331593389,3.4386178622488024,0.30759511896883146,3397.9205466927615,2745.477331593389
767031,3.254498620251062,FAT_017,FAT_017,1,Autologous,1.0,3.922635190638029,3.922635190638029,19.45,84,1324.1022271675995,2280.377941276856,0.7842584415072803,1324.1022271675995,3.1219215160560405,-0.983241646673242,669.7863421183337,1324.1022271675995
862962,3.1516328040553523,FAT_017,FAT_017,1,Autologous,1.0,3.922635190638029,3.922635190638029,30.19,84,4340.554002551659,4935.290683817972,0.1852558690635451,4340.554002551659,3.637545163820368,-0.15684552269429053,3893.4083576249614,4340.554002551659
866776,3.9314175137157954,FAT_017,FAT_017,1,Autologous,1.0,3.922635190638029,3.922635190638029,27.84,84,1327.0799683081566,124.38425134237396,-3.415379570204991,1327.0799683081566,3.122897093737495,-0.662040943866097,838.6927933737202,1327.0799683081566
868129,4.550529000058583,FAT_017,FAT_017,1,Autologous,1.0,3.922635190638029,3.922635190638029,19.76,84,2262.0906864429985,10905.734748251922,2.269358298690164,2262.0906864429985,3.3545100116558864,0.8530789546176868,4086.131750899008,2262.0906864429985
873513,3.181627765819786,FAT_017,FAT_017,1,Autologous,1.0,3.922635190638029,3.922635190638029,28.44,84,1299.2877176629595,1875.438100795572,0.5295067070323007,1299.2877176629595,3.1137053330262665,0.426008823297633,1745.608175512218,1299.2877176629595
883062,3.981295055540243,FAT_017,FAT_017,1,Autologous,1.0,3.922635190638029,3.922635190638029,25.15,84,10374.450133699964,460.2217299667837,-4.494561958690071,10374.450133699964,4.015965087530798,0.3891725187050892,13586.815848491095,10374.450133699964
888048,4.899478052826781,FAT_017,FAT_017,1,Autologous,1.0,3.922635190638029,3.922635190638029,23.96,84,1261.5696632159063,1311.5628280434769,0.0560670455748377,1261.5696632159063,3.1009112370295187,-0.09845198060588968,1178.3498143748648,1261.5696632159063
890402,0.977228351532672,FAT_017,FAT_017,1,Autologous,1.0,3.922635190638029,3.922635190638029,25.09,84,4773.319048312584,1300.506450146377,-1.87591921458848,4773.319048312584,3.6788204635493176,0.13491107644453412,5241.22428098188,4773.319048312584
997884,7.034902919493687,FAT_017,FAT_017,1,Autologous,1.0,3.922635190638029,3.922635190638029,29.11,84,56093.69502542921,7186.64563311494,-2.9644481649515053,56093.69502542921,4.748914048964759,0.22652087755349243,65630.18489327037,56093.69502542921
999410,5.274284091359958,FAT_017,FAT_017,1,Autologous,1.0,3.922635190638029,3.922635190638029,31.57,84,8726.766702591856,6556.432092980245,-0.4125362928445402,8726.766702591856,3.940853365890945,0.23707466798765972,10285.37077668206,8726.766702591856
999413,4.760473916340927,FAT_017,FAT_017,1,Autologous,1.0,3.922635190638029,3.922635190638029,27.68,84,3719.198684555469,4716.927220350248,0.342855520328439,3719.198684555469,3.5704493795693084,-0.14460942737317684,3364.4773138977916,3719.198684555469
1002367,4.850214817927064,FAT_017,FAT_017,1,Autologous,1.0,3.922635190638029,3.922635190638029,19.59,84,8761.507015898353,23374.564921706344,1.415688566031751,8761.507015898353,3.942578813062849,0.06860548879742348,9188.214452577782,8761.507015898353
1042156,4.505425922863318,FAT_017,FAT_017,1,Autologous,1.0,3.922635190638029,3.922635190638029,29.17,84,1844.214346384858,1066.9404670701413,-0.7895266655558851,1844.214346384858,3.2658113961331336,-0.38116910060585757,1416.0156831520828,1844.214346384858
1077285,5.098554504185612,FAT_017,FAT_017,1,Autologous,1.0,3.922635190638029,3.922635190638029,29.25,84,15661.925818948694,8500.972555632692,-0.8815618123002729,15661.925818948694,4.194845162646542,-0.2062303598515664,13575.743952769884,15661.925818948694
1121100,5.59009425557957,FAT_017,FAT_017,1,Autologous,1.0,3.922635190638029,3.922635190638029,30.12,84,11260.824413205712,3937.4525786047047,-1.515977998677161,11260.824413205712,4.051570186696465,1.052196309323142,23351.39537259756,11260.824413205712
1121101,3.517764145524992,FAT_017,FAT_017,1,Autologous,1.0,3.922635190638029,3.922635190638029,28.91,84,2584.679310003321,2183.634634677232,-0.2432538065424827,2584.679310003321,3.412406666371665,1.1812640729781707,5861.416535123728,2584.679310003321
1121114,3.619954384683148,FAT_017,FAT_017,1,Autologous,1.0,3.922635190638029,3.922635190638029,30.63,84,2408.992582710468,2768.240615986389,0.2005393962202613,2408.992582710468,3.3818354628074454,0.32305065911287045,3013.5846933115154,2408.992582710468
1121115,9.085682188863974,FAT_017,FAT_017,1,Autologous,1.0,3.922635190638029,3.922635190638029,29.66,84,179178.6250703454,349789.24548331264,0.9650873904261528,179178.6250703454,5.253286199702882,-0.16937257553868093,159330.88705373483,179178.6250703454
1121333,5.0049568423351065,FAT_017,FAT_017,1,Autologous,1.0,3.922635190638029,3.922635190638029,27.95,84,2438.7699941160363,3083.347386053737,0.338343739440663,2438.7699941160363,3.387170842955592,-0.12888497452492165,2230.3478385550093,2438.7699941160363
1121344,4.31294405623361,FAT_017,FAT_017,1,Autologous,1.0,3.922635190638029,3.922635190638029,25.19,84,1338.990932870384,1076.6147977301034,-0.3146440313279112,1338.990932870384,3.126777636147415,-0.7378453511900216,802.9047981792081,1338.990932870384
1122978,3.237987370528196,FAT_017,FAT_017,1,Autologous,1.0,3.922635190638029,3.922635190638029,28.87,84,1369.7609246561376,6769.2673674994185,2.305075590457134,1369.7609246561376,3.136644772876747,0.05104583413169445,1419.093791750389,1369.7609246561376
1123313,4.304765248660212,FAT_017,FAT_017,1,Autologous,1.0,3.922635190638029,3.922635190638029,26.01,84,1687.3866463155318,938.4100740163548,-0.846500183221645,1687.3866463155318,3.2272146078537847,-0.3775990226588952,1298.8110525361135,1687.3866463155318
1150460,4.715569885405753,FAT_017,FAT_017,1,Autologous,1.0,3.922635190638029,3.922635190638029,25.62,84,2066.552351546434,2128.352745191732,0.0425113658415336,2066.552351546434,3.315246411650028,-0.71126777027792,1262.2154094430346,2066.552351546434
1160721,5.377869000916036,FAT_017,FAT_017,1,Autologous,1.0,3.922635190638029,3.922635190638029,26.89,84,2759.373456915988,1983.237785292296,-0.4764830624891326,2759.373456915988,3.4408104823935868,-0.47197726154302844,1989.4414828678491,2759.373456915988
1203465,3.69798227780433,FAT_017,FAT_017,1,Autologous,1.0,3.922635190638029,3.922635190638029,30.79,84,4819.970326181307,2042.665816489208,-1.238571068550844,4819.970326181307,3.683044364542712,0.14787559206072193,5340.222513828089,4819.970326181307
1203606,6.720111884930977,FAT_017,FAT_017,1,Autologous,1.0,3.922635190638029,3.922635190638029,29.5,84,7689.5202052978975,3643.07651709442,-1.0777362857683133,7689.5202052978975,3.8858992424422345,0.22431597098475795,8983.076087569994,7689.5202052978975
1203611,6.8997988348997,FAT_017,FAT_017,1,Autologous,1.0,3.922635190638029,3.922635190638029,24.03,84,44553.95552539134,20034.156749545036,-1.1530917336247584,44553.95552539134,4.648886266994484,-0.7180036008410049,27086.048149093825,44553.95552539134
1256908,7.2678744793917875,FAT_017,FAT_017,1,Autologous,1.0,3.922635190638029,3.922635190638029,29.47,84,84006.04789662866,86641.9233433863,0.0445720729249593,84006.04789662866,4.924310553604532,0.46643161089384505,116070.12694066172,84006.04789662866
1322347,0.989740342562042,FAT_017,FAT_017,1,Autologous,1.0,3.922635190638029,3.922635190638029,25.09,84,4907.317399637641,1467.7341658400128,-1.7413438935415335,4907.317399637641,3.6908441485562697,0.19017791788709154,5598.780049113045,4907.317399637641
1384484,6.395043481620641,FAT_017,FAT_017,1,Autologous,1.0,3.922635190638029,3.922635190638029,25.0,84,13214.222601410987,23326.19326840653,0.8198593319949294,13214.222601410987,4.121041618481848,-0.7570516015360502,7818.912952001205,13214.222601410987
1408437,7.961052488034862,FAT_017,FAT_017,1,Autologous,1.0,3.922635190638029,3.922635190638029,26.48,84,9497.009077615889,4249.795254197777,-1.1600798955254534,9497.009077615889,3.9775868531198464,0.24816586813801936,11279.561677212934,9497.009077615889
1410645,3.91431226886794,FAT_017,FAT_017,1,Autologous,1.0,3.922635190638029,3.922635190638029,25.07,84,1231.7922518103385,974.3433021819294,-0.3382568692855134,1231.7922518103385,3.090537467974241,-0.7759448584805381,719.3740883331376,1231.7922518103385
1410647,8.375728129549673,FAT_017,FAT_017,1,Autologous,1.0,3.922635190638029,3.922635190638029,25.61,84,10723.8384275253,12613.945133353856,0.2341981750763,10723.8384275253,4.030350261990924,-0.7164044413997527,6526.660705810518,10723.8384275253
1437612,9.016240918808196,FAT_017,FAT_017,1,Autologous,1.0,3.922635190638029,3.922635190638029,25.15,84,112471.2680395915,118807.6907405242,0.079071731692095,112471.2680395915,5.051041591553528,-0.5863765164288217,74907.3910614456,112471.2680395915
561,6.028157373862937,FAT_023,FAT_023,1,Autologous,1.0,4.124086446201185,4.124086446201185,31.07,84,9950.433815774864,5283.6874651071885,-0.9132142927843768,9950.433815774864,3.997842015387951,-1.331072726187848,3955.0246844124667,9950.433815774864
818,2.3756554557735945,FAT_023,FAT_023,1,Autologous,1.0,4.124086446201185,4.124086446201185,29.11,84,7222.522116684939,8109.522942503543,0.167114331175374,7222.522116684939,3.85868888040748,-0.35457123736689433,5648.749323924561,7222.522116684939
904,5.149901068707107,FAT_023,FAT_023,1,Autologous,1.0,4.124086446201185,4.124086446201185,23.81,84,17849.563952312816,76128.60949506608,2.092549896284929,17849.563952312816,4.251627611181127,-0.6850300150960578,11102.30179703611,17849.563952312816
205913,1.9037418935296475,FAT_023,FAT_023,1,Autologous,1.0,4.124086446201185,4.124086446201185,24.89,84,17650.877470292486,4973.563014680398,-1.82738824463434,17650.877470292486,4.246766300150678,-0.5876705644479301,11745.184212588072,17650.877470292486
206672,1.535466571271371,FAT_023,FAT_023,1,Autologous,1.0,4.124086446201185,4.124086446201185,25.09,84,19154.450847743625,5221.1997027077605,-1.875226419049832,19154.450847743625,4.282269705407408,-0.6588685134277857,12131.947427310393,19154.450847743625
213810,4.912956079466094,FAT_023,FAT_023,1,Autologous,1.0,4.124086446201185,4.124086446201185,22.4,84,6803.669532966407,8523.793663596047,0.3251826017771156,6803.669532966407,3.832743210952495,-0.9573153895067189,3503.9876225407456,6803.669532966407
226186,5.22137532210348,FAT_023,FAT_023,1,Autologous,1.0,4.124086446201185,4.124086446201185,29.11,84,10449.83497328542,15660.127565767756,0.5836158056775845,10449.83497328542,4.019109432001386,-0.07041938431906206,9952.016446307354,10449.83497328542
272559,3.95920047546941,FAT_023,FAT_023,1,Autologous,1.0,4.124086446201185,4.124086446201185,30.39,84,3506.5479124128365,16963.11312987435,2.2742776168334298,3506.5479124128365,3.544879777344127,-0.4490330160152006,2568.664422221634,3506.5479124128365
295405,3.6028271019654547,FAT_023,FAT_023,1,Autologous,1.0,4.124086446201185,4.124086446201185,30.39,84,2244.6202563377724,16053.56903272712,2.838350776918304,2244.6202563377724,3.3511428778440884,-0.529345803862194,1555.2274492461447,2244.6202563377724
300267,6.785741591118375,FAT_023,FAT_023,1,Autologous,1.0,4.124086446201185,4.124086446201185,30.93,84,8049.487474283065,364.5119473299966,-4.464858920542394,8049.487474283065,3.9057682289173328,-0.7113472067860167,4916.220827382871,8049.487474283065
300269,8.923841311644448,FAT_023,FAT_023,1,Autologous,1.0,4.124086446201185,4.124086446201185,31.07,84,27628.16081066469,524.2028956840903,-5.719870392716909,27628.16081066469,4.441351975167505,-0.6065866194063144,18144.759146797558,27628.16081066469
326426,3.715683301766654,FAT_023,FAT_023,1,Autologous,1.0,4.124086446201185,4.124086446201185,25.0,84,1149.1596527662282,378.39811675209165,-1.6026024318848775,1149.1596527662282,3.0603803694182443,-0.1987733963132128,1001.2525030346744,1149.1596527662282
349741,12.960668250239618,FAT_023,FAT_023,1,Autologous,1.0,4.124086446201185,4.124086446201185,28.37,84,1189927.970914832,480342.27238361776,-1.308739563279805,1189927.970914832,6.075520673341281,-2.6168952601692883,193979.888123662,1189927.970914832
352165,5.631665235617697,FAT_023,FAT_023,1,Autologous,1.0,4.124086446201185,4.124086446201185,21.76,84,1788.1783381829623,859.7853233847221,-1.0564422375144789,1788.1783381829623,3.252410829575373,-0.7298941220221303,1078.1788423312103,1788.1783381829623
354242,4.600882762322579,FAT_023,FAT_023,1,Autologous,1.0,4.124086446201185,4.124086446201185,25.28,84,719.5672592087597,336.73960848580634,-1.0954961185313017,719.5672592087597,2.857071394433861,0.6819041679688346,1154.3699241426561,719.5672592087597
364106,5.841022279409554,FAT_023,FAT_023,1,Autologous,1.0,4.124086446201185,4.124086446201185,31.07,84,7673.59412992028,5675.971751281375,-0.4350350509710284,7673.59412992028,3.8849988248600233,-1.523549118365145,2669.0999697426905,7673.59412992028
367928,11.332840451773253,FAT_023,FAT_023,1,Autologous,1.0,4.124086446201185,4.124086446201185,25.27,84,799723.8299416638,163201.83485631345,-2.292844600121782,799723.8299416638,5.902940037192673,-1.1371988987191985,363587.5952009689,799723.8299416638
386585,6.099991497605124,FAT_023,FAT_023,1,Autologous,1.0,4.124086446201185,4.124086446201185,31.07,84,18445.6233983738,649.1784204829463,-4.828519694078483,18445.6233983738,4.265893337464623,-0.7392243044726443,11050.060308370126,18445.6233983738
391904,4.57369690520652,FAT_023,FAT_023,1,Autologous,1.0,4.124086446201185,4.124086446201185,26.99,84,3511.917817332305,1059.9775992199266,-1.7282253083829515,3511.917817332305,3.545544344393321,0.03886578482407111,3607.813766838651,3511.917817332305
398513,4.60465792716186,FAT_023,FAT_023,1,Autologous,1.0,4.124086446201185,4.124086446201185,25.15,84,1455.2442331759244,466.3438564253608,-1.6417952838077168,1455.2442331759244,3.162935886943459,-0.21105812027961615,1257.1904169571071,1455.2442331759244
409438,11.103262618668728,FAT_023,FAT_023,1,Autologous,1.0,4.124086446201185,4.124086446201185,31.07,84,69755.06490389394,613.3058161425339,-6.829547531866495,69755.06490389394,4.843575747142081,-0.04408173717653732,67655.92279485252,69755.06490389394
411459,9.094522297373064,FAT_023,FAT_023,1,Autologous,1.0,4.124086446201185,4.124086446201185,29.69,84,87964.41248581115,116145.07822718866,0.4009361398509449,87964.41248581115,4.944307006388788,-0.12454393019312128,80689.22563671906,87964.41248581115
411460,5.91026594499868,FAT_023,FAT_023,1,Autologous,1.0,4.124086446201185,4.124086446201185,29.93,84,13156.267052697473,36804.13487247791,1.484117661198868,13156.267052697473,4.1191326804335855,0.17877959392857484,14891.920216496717,13156.267052697473
411461,9.524107581149917,FAT_023,FAT_023,1,Autologous,1.0,4.124086446201185,4.124086446201185,31.07,84,29502.25762755915,41493.03141400535,0.4920437026971282,29502.25762755915,4.4698552511535965,-0.4256386672750675,21964.698435327824,29502.25762755915
411462,9.067957459071971,FAT_023,FAT_023,1,Autologous,1.0,4.124086446201185,4.124086446201185,28.31,84,46540.96593703224,58719.98176289952,0.3353503665652853,46540.96593703224,4.667835392632913,0.2690429914140733,56082.24665837547,46540.96593703224
411463,4.848851181116386,FAT_023,FAT_023,1,Autologous,1.0,4.124086446201185,4.124086446201185,26.73,84,12968.32038051608,15290.986895297065,0.2376898846723263,12968.32038051608,4.112883731156584,-0.37076024129326945,10029.372860825828,12968.32038051608
411464,9.32102912120542,FAT_023,FAT_023,1,Autologous,1.0,4.124086446201185,4.124086446201185,28.1,84,181948.4883863463,96307.52802694062,-0.9178095873539192,181948.4883863463,5.259948451853028,0.21074556968801592,210566.45702237758,181948.4883863463
411466,6.238892738730497,FAT_023,FAT_023,1,Autologous,1.0,4.124086446201185,4.124086446201185,23.67,84,8210.584621867116,2463.637891636707,-1.7366947278903238,8210.584621867116,3.914374081481373,-0.15325781610927275,7383.102227403057,8210.584621867116
411467,6.691032800536897,FAT_023,FAT_023,1,Autologous,1.0,4.124086446201185,4.124086446201185,27.37,84,160372.21041992246,90411.69192647608,-0.8268429133746206,160372.21041992246,5.205129115152144,-0.5939095449984225,106253.81383236646,160372.21041992246
411468,5.10915006276184,FAT_023,FAT_023,1,Autologous,1.0,4.124086446201185,4.124086446201185,27.59,84,6288.158660697444,8642.98328446903,0.4588917513990011,6288.158660697444,3.798523491141416,-0.14751160607741673,5676.989265182193,6288.158660697444
411469,7.563009622331045,FAT_023,FAT_023,1,Autologous,1.0,4.124086446201185,4.124086446201185,29.85,84,26274.944770958664,26801.464165428733,0.0286240856489441,26274.944770958664,4.419541811828991,0.14479083841114476,29048.800054018375,26274.944770958664
411470,5.196054343756922,FAT_023,FAT_023,1,Autologous,1.0,4.124086446201185,4.124086446201185,31.06,84,4537.569656950761,14026.188297101236,1.628131305542868,4537.569656950761,3.6568233050187455,-0.835122416328729,2543.4687591085353,4537.569656950761
411471,9.196645431428124,FAT_023,FAT_023,1,Autologous,1.0,4.124086446201185,4.124086446201185,28.72,84,116274.55122124832,77475.56792900931,-0.5857220410454875,116274.55122124832,5.0654846719632864,-0.5796380136301381,77802.98208391934,116274.55122124832
411473,7.781177727928208,FAT_023,FAT_023,1,Autologous,1.0,4.124086446201185,4.124086446201185,29.04,84,16469.498388009448,11242.011327971164,-0.5508964417761257,16469.498388009448,4.216680372051539,-0.45854426742683707,11985.18641145519,16469.498388009448
411474,4.763426134775459,FAT_023,FAT_023,1,Autologous,1.0,4.124086446201185,4.124086446201185,27.02,84,7829.321372584863,7107.404382542346,-0.1395644783328754,7829.321372584863,3.893724120051009,0.08311352364352478,8293.613333065985,7829.321372584863
411475,11.42100008098441,FAT_023,FAT_023,1,Autologous,1.0,4.124086446201185,4.124086446201185,28.82,84,92072.38974920443,52902.83395582684,-0.7994235840763484,92072.38974920443,4.964129415459769,-0.41673142078494146,68973.2606985023,92072.38974920443
411476,4.0463925026119565,FAT_023,FAT_023,1,Autologous,1.0,4.124086446201185,4.124086446201185,29.68,84,5536.371971971875,22390.291012343187,2.0158604977593373,5536.371971971875,3.7432252613525696,-0.3461559932165557,4355.33859912876,5536.371971971875
411477,9.36837243164296,FAT_023,FAT_023,1,Autologous,1.0,4.124086446201185,4.124086446201185,29.89,84,50240.83042654594,84517.0130067967,0.7503814699523267,50240.83042654594,4.701056809206169,-0.13473006770610418,45761.36996395972,50240.83042654594
411479,7.82726016580047,FAT_023,FAT_023,1,Autologous,1.0,4.124086446201185,4.124086446201185,30.29,84,24540.465481970383,78440.65670384491,1.676438999591921,24540.465481970383,4.389882796138903,-0.3037378519974937,19881.474562802312,24540.465481970383
411483,11.751872092617472,FAT_023,FAT_023,1,Autologous,1.0,4.124086446201185,4.124086446201185,28.13,84,580459.872269932,365221.2991513086,-0.6684254321314407,580459.872269932,5.763772201931428,-0.7718044851681389,339966.32539893436,580459.872269932
411484,5.466179193168698,FAT_023,FAT_023,1,Autologous,1.0,4.124086446201185,4.124086446201185,27.82,84,12538.727986958613,10927.258154403677,-0.1984595505729655,12538.727986958613,4.098253480971184,-0.03373363938005809,12248.943845582924,12538.727986958613
411485,6.598979663233848,FAT_023,FAT_023,1,Autologous,1.0,4.124086446201185,4.124086446201185,29.4,84,178350.6520903025,138487.92482733968,-0.3649563017322403,178350.6520903025,5.25127470155608,-0.18083927085442325,157339.09819410226,178350.6520903025
411486,10.897076804882674,FAT_023,FAT_023,1,Autologous,1.0,4.124086446201185,4.124086446201185,26.21,84,131439.16271382695,109924.07432609006,-0.2578878116334346,131439.16271382695,5.118724783918158,-0.10627301463170341,122104.99179774718,131439.16271382695
411487,8.307569117885624,FAT_023,FAT_023,1,Autologous,1.0,4.124086446201185,4.124086446201185,31.0,84,44097.65919867413,48373.628362653486,0.1335186777560071,44097.65919867413,4.644415536767608,-0.4838742228324942,31532.244220992077,44097.65919867413
411489,6.268279834394311,FAT_023,FAT_023,1,Autologous,1.0,4.124086446201185,4.124086446201185,27.23,84,15508.285407424612,15022.520953136556,-0.0459122570310553,15508.285407424612,4.190563784966654,-0.1029028119692667,14440.656978194498,15508.285407424612
411490,5.89546768510263,FAT_023,FAT_023,1,Autologous,1.0,4.124086446201185,4.124086446201185,30.71,84,3866.331542017216,4276.940182005293,0.1456136741045699,3866.331542017216,3.587299092500322,-0.5981681375542746,2554.0684988493917,3866.331542017216
411901,4.994019443375028,FAT_023,FAT_023,1,Autologous,1.0,4.124086446201185,4.124086446201185,29.11,84,7056.05506418142,17916.630096858215,1.3443655847010636,7056.05506418142,3.8485619612928152,-0.45677607668087633,5141.130890408952,7056.05506418142
411902,5.612188721560121,FAT_023,FAT_023,1,Autologous,1.0,4.124086446201185,4.124086446201185,31.82,84,9773.226953432408,15490.021990347092,0.6644322928974251,9773.226953432408,3.990037984054128,-0.25745599062803387,8175.908233887935,9773.226953432408
411903,12.592725345816635,FAT_023,FAT_023,1,Autologous,1.0,4.124086446201185,4.124086446201185,26.62,84,797538.2786394402,195657.28433810524,-2.0272249412130554,797538.2786394402,5.901751536623174,-1.3011410491289357,323645.1119817205,797538.2786394402
420247,7.412475870287487,FAT_023,FAT_023,1,Autologous,1.0,4.124086446201185,4.124086446201185,18.18,84,20223.06192671783,24086.718043409142,0.2522363824315395,20223.06192671783,4.3058469117497,-0.5332924612042165,13973.650747980979,20223.06192671783
428125,6.044540175917311,FAT_023,FAT_023,1,Autologous,1.0,4.124086446201185,4.124086446201185,26.43,84,26323.27391523388,21795.500088763445,-0.2723086270138977,26323.27391523388,4.420339902985113,-0.188934144405382,23092.1866047431,26323.27391523388
428127,6.613624348462158,FAT_023,FAT_023,1,Autologous,1.0,4.124086446201185,4.124086446201185,17.97,84,13467.721538026635,5931.708704804961,-1.1829861404922744,13467.721538026635,4.129294128227732,-0.26237194408639763,11228.255927905011,13467.721538026635
428128,5.851268456275501,FAT_023,FAT_023,1,Autologous,1.0,4.124086446201185,4.124086446201185,26.14,84,5181.958247286963,8458.99153962627,0.706988287702544,5181.958247286963,3.714493909412846,0.19870397806566303,5947.161976403763,5181.958247286963
435590,8.935841362434008,FAT_023,FAT_023,1,Autologous,1.0,4.124086446201185,4.124086446201185,30.99,84,49875.67689202209,117269.85795037835,1.2334239166778085,49875.67689202209,4.697888802799571,-1.0533831136658187,24031.943188879497,49875.67689202209
435591,7.977790042606367,FAT_023,FAT_023,1,Autologous,1.0,4.124086446201185,4.124086446201185,30.59,84,27440.214138483298,53413.15068208884,0.9609032469211948,27440.214138483298,4.438387496203766,-0.43078454008066364,20356.749289560266,27440.214138483298
435830,4.004346418256464,FAT_023,FAT_023,1,Autologous,1.0,4.124086446201185,4.124086446201185,21.31,84,988.0625051821776,664.221770690216,-0.5729373003631381,988.0625051821776,2.9947844190785897,-1.0988284968529753,461.3219099752695,988.0625051821776
445970,11.69159656788986,FAT_023,FAT_023,1,Autologous,1.0,4.124086446201185,4.124086446201185,17.81,84,408230.9117878233,246890.3064209252,-0.7255152357992706,408230.9117878233,5.610905886981208,-1.6757278449238755,127779.60494374073,408230.9117878233
445972,9.830723271701013,FAT_023,FAT_023,1,Autologous,1.0,4.124086446201185,4.124086446201185,25.15,84,39581.56916140125,26559.613381327243,-0.5755946612964694,39581.56916140125,4.597493007268796,-0.3747213227593101,30527.458470661797,39581.56916140125
445975,6.094347394183513,FAT_023,FAT_023,1,Autologous,1.0,4.124086446201185,4.124086446201185,20.24,84,13349.583629798331,4206.352154109643,-1.6661532032273412,13349.583629798331,4.12546772037468,-0.42835599653280804,9920.183749973736,13349.583629798331
449673,7.080482907582395,FAT_023,FAT_023,1,Autologous,1.0,4.124086446201185,4.124086446201185,29.11,84,20953.36899576552,23888.84012914429,0.189154581693211,20953.36899576552,4.321253861127553,-0.6690645420806258,13177.874430673863,20953.36899576552
457387,2.5472953200415605,FAT_023,FAT_023,1,Autologous,1.0,4.124086446201185,4.124086446201185,29.03,84,8366.311864531699,20831.56849471301,1.3161077876050395,8366.311864531699,3.922534049405599,-0.2305085609462009,7130.895273332836,8366.311864531699
457388,4.1854563801606295,FAT_023,FAT_023,1,Autologous,1.0,4.124086446201185,4.124086446201185,30.59,84,37197.3313771573,66093.53772603201,0.8293100968372922,37197.3313771573,4.570511783705892,-1.0674192714492674,17749.518043115706,37197.3313771573
457390,2.478340509367332,FAT_023,FAT_023,1,Autologous,1.0,4.124086446201185,4.124086446201185,29.68,84,7270.851260960154,23765.0217851306,1.7086435363066894,7270.851260960154,3.861585260418179,-0.19868506241818543,6335.4154146131,7270.851260960154
457391,4.669781798350959,FAT_023,FAT_023,1,Autologous,1.0,4.124086446201185,4.124086446201185,30.88,84,19004.09350999851,35694.39849949547,0.9093874800644396,19004.09350999851,4.278847158706568,-0.026686437327288308,18655.79413021427,19004.09350999851
457393,7.195098645635378,FAT_023,FAT_023,1,Autologous,1.0,4.124086446201185,4.124086446201185,29.75,84,76741.31120412228,276166.9802858423,1.847465514881155,76741.31120412228,4.885029215292974,-0.2821472259284166,63109.456072439876,76741.31120412228
457394,4.333869130142935,FAT_023,FAT_023,1,Autologous,1.0,4.124086446201185,4.124086446201185,30.99,84,27628.16081066469,73029.67935236852,1.4023433701771435,27628.16081066469,4.441351975167505,0.017239322062256753,27960.280772789174,27628.16081066469
457395,4.093794646248805,FAT_023,FAT_023,1,Autologous,1.0,4.124086446201185,4.124086446201185,30.99,84,22419.353038780384,33570.9717587001,0.5824696519539077,22419.353038780384,4.350623075888674,0.50333587172772,31779.149580142483,22419.353038780384
457400,6.680418269086329,FAT_023,FAT_023,1,Autologous,1.0,4.124086446201185,4.124086446201185,31.07,84,19320.917900247143,445.51460229221806,-5.438547106651032,19320.917900247143,4.286027755078586,-0.6718209134702358,12128.008939642237,19320.917900247143
457401,6.421645041659059,FAT_023,FAT_023,1,Autologous,1.0,4.124086446201185,4.124086446201185,31.07,84,18483.21273281008,503.3736415509477,-5.198442062285926,18483.21273281008,4.2667774620605945,-0.6523912481545399,11759.480261007277,18483.21273281008
457412,5.346055319779402,FAT_023,FAT_023,1,Autologous,1.0,4.124086446201185,4.124086446201185,30.36,84,32568.47333657558,70937.49649277286,1.1230723216929954,32568.47333657558,4.512797401271645,-0.13605583277919067,29637.42817677895,32568.47333657558
457421,5.671228293054324,FAT_023,FAT_023,1,Autologous,1.0,4.124086446201185,4.124086446201185,31.17,84,10729.070029097777,12248.75861107306,0.1911105101207203,10729.070029097777,4.030562079959017,-0.348008336833989,8429.486740044595,10729.070029097777
457424,7.209667069118664,FAT_023,FAT_023,1,Autologous,1.0,4.124086446201185,4.124086446201185,30.39,84,30049.98792934492,16983.942384007492,-0.8231930292324731,30049.98792934492,4.477844301888843,-0.552447257184144,20489.959805203314,30049.98792934492
469585,2.1069993516143697,FAT_023,FAT_023,1,Autologous,1.0,4.124086446201185,4.124086446201185,29.25,84,4435.541463480861,4151.964657206438,-0.0953160674819967,4435.541463480861,3.6469466433894353,-0.12923827388891776,4055.477967892005,4435.541463480861
469588,2.1219133441245743,FAT_023,FAT_023,1,Autologous,1.0,4.124086446201185,4.124086446201185,28.94,84,4048.90830927914,8140.766823703258,1.007631723873418,4048.90830927914,3.607337941938827,-0.125286770154279,3712.12734271608,4048.90830927914
469589,4.345267519982487,FAT_023,FAT_023,1,Autologous,1.0,4.124086446201185,4.124086446201185,30.59,84,13521.42058722132,28858.93160146916,1.0937711582228995,13521.42058722132,4.131022321840897,0.46652429421780334,18683.58138358408,13521.42058722132
469590,2.950659278589885,FAT_023,FAT_023,1,Autologous,1.0,4.124086446201185,4.124086446201185,29.52,84,10240.408681426154,34051.20178454756,1.733432424253576,10240.408681426154,4.010317289115059,-0.2878496456178363,8388.14465889727,10240.408681426154
469591,4.561023592869628,FAT_023,FAT_023,1,Autologous,1.0,4.124086446201185,4.124086446201185,30.59,84,35317.86465534338,52434.17573783112,0.5701093241667577,35317.86465534338,4.54799443792831,-0.8158134972649613,20063.657447622947,35317.86465534338
469592,4.169975960993672,FAT_023,FAT_023,1,Autologous,1.0,4.124086446201185,4.124086446201185,30.59,84,28788.060273269857,56647.47097665181,0.9765409644153766,28788.060273269857,4.45921240329436,-0.36420829772065544,22365.30272912414,28788.060273269857
469593,4.463528269641533,FAT_023,FAT_023,1,Autologous,1.0,4.124086446201185,4.124086446201185,30.99,84,41579.17379144348,89727.79808243789,1.109693916841604,41579.17379144348,4.618875855332584,-0.25311729519230325,34888.311964407236,41579.17379144348
469596,4.945203690798843,FAT_023,FAT_023,1,Autologous,1.0,4.124086446201185,4.124086446201185,28.15,84,6336.48780497266,10677.307104805965,0.7527925261160353,6336.48780497266,3.801848603375179,-0.4000860214261681,4801.873447059589,6336.48780497266
470145,5.146243925193341,FAT_023,FAT_023,1,Autologous,1.0,4.124086446201185,4.124086446201185,28.33,84,5890.785696656786,8552.723183225411,0.5379237770447717,5890.785696656786,3.770173223643764,-0.41205284990652347,4427.2388824106,5890.785696656786
470146,7.706045061070663,FAT_023,FAT_023,1,Autologous,1.0,4.124086446201185,4.124086446201185,28.01,84,38577.39694146067,141821.7626694277,1.8782512282236228,38577.39694146067,4.586332919728301,0.30221576723420607,47567.34709636445,38577.39694146067
471870,5.564010381721108,FAT_023,FAT_023,1,Autologous,1.0,4.124086446201185,4.124086446201185,30.58,84,6019.663414724027,6102.9714610108,0.0198290220773207,6019.663414724027,3.7795722086640255,-0.4987856526198183,4260.1291544386795,6019.663414724027
471875,4.789248021233594,FAT_023,FAT_023,1,Autologous,1.0,4.124086446201185,4.124086446201185,29.18,84,11620.47424572952,51520.0029175432,2.148463727062936,11620.47424572952,4.065223852503585,0.21530104522690385,13490.74474581977,11620.47424572952
473819,4.217258926878978,FAT_023,FAT_023,1,Autologous,1.0,4.124086446201185,4.124086446201185,25.41,84,3495.8081025738998,1870.0041488421407,-0.9025845213956536,3495.8081025738998,3.543547584637245,-0.6462886851228556,2233.5480743443536,3495.8081025738998
476272,8.144925355001623,FAT_023,FAT_023,1,Autologous,1.0,4.124086446201185,4.124086446201185,29.6,84,27552.98214179213,10650.691946746949,-1.3712613129491396,27552.98214179213,4.440168610724438,-0.19175133190804214,24123.799380406163,27552.98214179213
478749,4.230608459294993,FAT_023,FAT_023,1,Autologous,1.0,4.124086446201185,4.124086446201185,29.95,84,3775.043158386254,5512.8092605717575,0.5462945478097657,3775.043158386254,3.576921921088877,-0.0790381566301535,3573.790295121497,3775.043158386254
479437,8.576196924446055,FAT_023,FAT_023,1,Autologous,1.0,4.124086446201185,4.124086446201185,24.48,84,23568.512691546613,4260.739651012849,-2.4676849144915494,23568.512691546613,4.372332176914027,-0.38096214235893916,18098.85684101264,23568.512691546613
483215,6.57564075800949,FAT_023,FAT_023,1,Autologous,1.0,4.124086446201185,4.124086446201185,28.86,84,17801.2348080376,38316.5701587011,1.1059911072485276,17801.2348080376,4.250450128809845,-0.898221733802161,9551.211105935115,17801.2348080376
483216,5.679728790050096,FAT_023,FAT_023,1,Autologous,1.0,4.124086446201185,4.124086446201185,29.11,84,20131.773543086867,24599.349131241484,0.2891458695695662,20131.773543086867,4.303882036490604,-0.5479021341237799,13770.415970645823,20131.773543086867
483217,7.059509642464223,FAT_023,FAT_023,1,Autologous,1.0,4.124086446201185,4.124086446201185,30.63,84,26248.09524636132,38590.82200478748,0.5560450402885745,26248.09524636132,4.419097793303551,-0.7129027640053035,16013.73647302018,26248.09524636132
483218,4.84293083116654,FAT_023,FAT_023,1,Autologous,1.0,4.124086446201185,4.124086446201185,28.19,84,14053.041174248689,20602.44669924844,0.5519333054224216,14053.041174248689,4.147770318708934,-0.3951576073818678,10686.021062886339,14053.041174248689
484018,5.350919214428969,FAT_023,FAT_023,1,Autologous,1.0,4.124086446201185,4.124086446201185,30.12,84,6701.641339496508,89333.19943469335,3.736610049318111,6701.641339496508,3.826181181415458,-0.22702692603290506,5725.840774021712,6701.641339496508
491074,4.48370803771593,FAT_023,FAT_023,1,Autologous,1.0,4.124086446201185,4.124086446201185,19.97,84,1288.7771806724054,781.0970299928499,-0.722429174652138,1288.7771806724054,3.1101778377806597,2.076837602379866e-05,1288.795733451056,1288.7771806724054
500632,6.70016074169321,FAT_023,FAT_023,1,Autologous,1.0,4.124086446201185,4.124086446201185,27.33,84,36112.61058342469,41082.23223526838,0.1860118571580084,36112.61058342469,4.557658884743499,-0.2012346178638817,31410.961362557166,36112.61058342469
500635,5.225387602401811,FAT_023,FAT_023,1,Autologous,1.0,4.124086446201185,4.124086446201185,29.62,84,1997.6046300422283,754.4818719338342,-1.404712927858767,1997.6046300422283,3.30050953595095,-1.054655725683526,961.6710170375593,1997.6046300422283
502558,5.755155624725774,FAT_023,FAT_023,1,Autologous,1.0,4.124086446201185,4.124086446201185,24.43,84,4607.3784209038495,1478.8770434531289,-1.6394439875343645,4607.3784209038495,3.663453883917759,0.07160322600362831,4841.819584173693,4607.3784209038495
511145,6.8804386704973055,FAT_023,FAT_023,1,Autologous,1.0,4.124086446201185,4.124086446201185,31.07,84,17887.153286749093,438.5715175811705,-5.349967871485072,17887.153286749093,4.25254122876023,-0.7935987153890122,10319.156782941116,17887.153286749093
511680,4.406909850634042,FAT_023,FAT_023,1,Autologous,1.0,4.124086446201185,4.124086446201185,26.86,84,9032.180074545777,13206.904301197625,0.5481461839300252,9032.180074545777,3.9557925875309463,-0.04205810460434108,8772.670880678916,9032.180074545777
515619,7.956246729414336,FAT_023,FAT_023,1,Autologous,1.0,4.124086446201185,4.124086446201185,29.62,84,41949.69723088679,133219.28071243977,1.6670705942773767,41949.69723088679,4.62272883068487,0.04859441598620963,43386.75880684481,41949.69723088679
515620,8.296550574630137,FAT_023,FAT_023,1,Autologous,1.0,4.124086446201185,4.124086446201185,31.6,84,10922.386606198635,29394.706305004995,1.4282682352701646,10922.386606198635,4.038317544655779,-0.417890872754592,8175.604180197695,10922.386606198635
518635,7.8662654511158365,FAT_023,FAT_023,1,Autologous,1.0,4.124086446201185,4.124086446201185,25.8,84,9730.26771407666,2431.2368296518184,-2.000789064355002,9730.26771407666,3.988124789409848,-0.17437691501792105,8622.478247914964,9730.26771407666
518636,7.200271631466784,FAT_023,FAT_023,1,Autologous,1.0,4.124086446201185,4.124086446201185,28.81,84,12200.423977032106,10052.429480811685,-0.2793870682985345,12200.423977032106,4.086374923108035,-0.45508591300358797,8899.803393179714,12200.423977032106
518637,11.617246160019336,FAT_023,FAT_023,1,Autologous,1.0,4.124086446201185,4.124086446201185,18.67,84,178683.58619530956,100805.48973891429,-0.8258329067444234,178683.58619530956,5.252084660215766,-0.6773895115796096,111730.07710734113,178683.58619530956
521003,6.593795102230243,FAT_023,FAT_023,1,Autologous,1.0,4.124086446201185,4.124086446201185,19.03,84,7603.785365967192,2736.732556937911,-1.4742633528380529,7603.785365967192,3.881029849422804,-0.06380151785296218,7274.8438982964735,7603.785365967192
521095,4.751770566479023,FAT_023,FAT_023,1,Autologous,1.0,4.124086446201185,4.124086446201185,16.1,84,655.1284001751394,299.70982336021945,-1.1282113208581452,655.1284001751394,2.8163264267438013,-0.8704072633050344,358.3502667152575,655.1284001751394
525259,7.412648475487669,FAT_023,FAT_023,1,Autologous,1.0,4.124086446201185,4.124086446201185,27.86,84,10610.932120869473,7934.788643942179,-0.4192876957006259,10610.932120869473,4.025753536320663,-0.23772583928452473,8998.931126594862,10610.932120869473
525362,7.395483336151185,FAT_023,FAT_023,1,Autologous,1.0,4.124086446201185,4.124086446201185,22.5,84,77691.78437486818,187597.5201693642,1.2718068051249145,77691.78437486818,4.890375096158635,-1.2651181171233337,32324.85570038401,77691.78437486818
536231,7.000393534538633,FAT_023,FAT_023,1,Autologous,1.0,4.124086446201185,4.124086446201185,31.15,84,33314.89012038168,211671.50922413645,2.667588056676422,33314.89012038168,4.5226383852106204,-0.6436462431500024,21324.632695207452,33314.89012038168
537006,5.599386391962364,FAT_023,FAT_023,1,Autologous,1.0,4.124086446201185,4.124086446201185,29.51,84,4172.416122426912,7905.859124312814,0.9220392002309672,4172.416122426912,3.620387614869968,-0.48263696400884243,2986.066062767781,4172.416122426912
537007,6.057900061245073,FAT_023,FAT_023,1,Autologous,1.0,4.124086446201185,4.124086446201185,29.22,84,11534.55576701803,10946.930227751644,-0.0754360807404681,11534.55576701803,4.062000873096571,-0.007270900248348461,11476.57010755518,11534.55576701803
537011,6.828251369878117,FAT_023,FAT_023,1,Autologous,1.0,4.124086446201185,4.124086446201185,28.14,84,12764.263993576282,845636.4739243923,6.049855346952388,12764.263993576282,4.105995777797234,-0.6765771800633538,7985.934654320213,12764.263993576282
537012,5.447226444256956,FAT_023,FAT_023,1,Autologous,1.0,4.124086446201185,4.124086446201185,29.72,84,14219.508226752205,27991.046012588213,0.9770938297032348,14219.508226752205,4.152884576836716,0.1995969757058402,16329.363379903116,14219.508226752205
537013,6.061723311468053,FAT_023,FAT_023,1,Autologous,1.0,4.124086446201185,4.124086446201185,26.93,84,9558.430756653674,7257.837884615043,-0.3972339527203649,9558.430756653674,3.9803865983779474,0.24257401692690284,11308.595075125846,9558.430756653674
537937,1.7373800028240995,FAT_023,FAT_023,1,Autologous,1.0,4.124086446201185,4.124086446201185,25.23,84,21946.80140586717,5947.909235797405,-1.883556154921231,21946.80140586717,4.341371233780647,-1.0108120585791454,10891.469613715242,21946.80140586717
545696,7.265931434790215,FAT_023,FAT_023,1,Autologous,1.0,4.124086446201185,4.124086446201185,17.82,84,21962.911120625577,13621.175022290125,-0.6892181301716599,21962.911120625577,4.341689904076395,-0.6985466372930971,13533.38425229806,21962.911120625577
547042,5.192350856923618,FAT_023,FAT_023,1,Autologous,1.0,4.124086446201185,4.124086446201185,28.24,84,7254.741546201748,23523.171001029117,1.6970864297458577,7254.741546201748,3.860621945091084,-0.24704472164121014,6112.995465047325,7254.741546201748
547043,5.696482500291785,FAT_023,FAT_023,1,Autologous,1.0,4.124086446201185,4.124086446201185,24.99,84,9493.991897620052,3637.019207803744,-1.3842582735744935,9493.991897620052,3.977448856746108,0.9345086126950861,18145.292792644534,9493.991897620052
548480,1.6439705687564008,FAT_023,FAT_023,1,Autologous,1.0,4.124086446201185,4.124086446201185,25.09,84,22295.845225632616,6440.86825028178,-1.7914478060080867,22295.845225632616,4.348223940909455,-0.6352315341570002,14354.900776847044,22295.845225632616
552396,9.106343339492264,FAT_023,FAT_023,1,Autologous,1.0,4.124086446201185,4.124086446201185,23.33,84,44205.05729706351,27207.63462102501,-0.7001998942244492,44205.05729706351,4.64547195782343,-0.5143016401927245,30949.36460414921,44205.05729706351
552398,7.7987128339338,FAT_023,FAT_023,1,Autologous,1.0,4.124086446201185,4.124086446201185,29.38,84,266733.9171598322,135097.38512677813,-0.9814015348379458,266733.9171598322,5.42607824290698,-0.8669423811874835,146252.25858760503,266733.9171598322
556258,2.1331823310287694,FAT_023,FAT_023,1,Autologous,1.0,4.124086446201185,4.124086446201185,29.11,84,4065.018024037545,8307.400856768398,1.0311354212921104,4065.018024037545,3.609062475569126,-0.07793624458340545,3851.246602514867,4065.018024037545
556259,3.0242649494656457,FAT_023,FAT_023,1,Autologous,1.0,4.124086446201185,4.124086446201185,30.68,84,3007.14675490228,13257.820255745304,2.1403764174168907,3007.14675490228,3.4781546230752536,0.13886070037631223,3310.974676345683,3007.14675490228
556268,6.918314811674968,FAT_023,FAT_023,1,Autologous,1.0,4.124086446201185,4.124086446201185,28.57,84,4886.613476716204,2199.8006726169,-1.1514621894193195,4886.613476716204,3.6890079883901463,-0.28789211035958645,4002.6150836599286,4886.613476716204
563192,7.362882745908356,FAT_023,FAT_023,1,Autologous,1.0,4.124086446201185,4.124086446201185,28.15,84,15642.53303041132,5694.486643844169,-1.457836455992022,15642.53303041132,4.194307080696721,-0.4611755354624327,11362.644291223187,15642.53303041132
563193,9.197985933416728,FAT_023,FAT_023,1,Autologous,1.0,4.124086446201185,4.124086446201185,30.59,84,89677.41215512154,174389.4586873814,0.959496284598066,89677.41215512154,4.952683067216636,-1.2536041941008467,37610.6294745686,89677.41215512154
565040,1.5619683576189325,FAT_023,FAT_023,1,Autologous,1.0,4.124086446201185,4.124086446201185,25.09,84,19986.786110261222,5472.307933090647,-1.86882518458316,19986.786110261222,4.300742964863802,-0.6748181011652052,12519.946550066088,19986.786110261222
565042,1.6834146256620026,FAT_023,FAT_023,1,Autologous,1.0,4.124086446201185,4.124086446201185,25.09,84,22585.820091283906,6042.798060181721,-1.9021286634007504,22585.820091283906,4.353835864419356,-0.6423407578184613,14470.116540239056,22585.820091283906
566550,5.784596217338146,FAT_023,FAT_023,1,Autologous,1.0,4.124086446201185,4.124086446201185,29.11,84,9279.19570084132,10020.028418826794,0.1108149338886923,9279.19570084132,3.967510334211928,-0.04013491110886523,9024.611646162237,9279.19570084132
566552,7.0542378896307465,FAT_023,FAT_023,1,Autologous,1.0,4.124086446201185,4.124086446201185,25.62,84,17849.563952312816,6149.258692417784,-1.537404425261651,17849.563952312816,4.251627611181127,-1.174559077650864,7907.698403347936,17849.563952312816
568816,8.251276086986524,FAT_023,FAT_023,1,Autologous,1.0,4.124086446201185,4.124086446201185,23.68,84,21259.45357617522,80645.08609960251,1.923482112864596,21259.45357617522,4.327552097821258,-0.4330973953939289,15746.237251946159,21259.45357617522
585394,8.363558927970772,FAT_023,FAT_023,1,Autologous,1.0,4.124086446201185,4.124086446201185,30.74,84,77138.68416816293,84025.2111730975,0.123367726653575,77138.68416816293,4.88727222639702,-0.7239459377274775,46702.785487522546,77138.68416816293
585543,5.882510071106497,FAT_023,FAT_023,1,Autologous,1.0,4.124086446201185,4.124086446201185,30.29,84,55787.94220835675,217176.218219212,1.960840887849249,55787.94220835675,4.746540342338177,-0.5717720458065,37533.564091579145,55787.94220835675
585544,2.0750249826328835,FAT_023,FAT_023,1,Autologous,1.0,4.124086446201185,4.124086446201185,29.11,84,5504.1525424550655,16817.30835094235,1.6113544587406023,5504.1525424550655,3.7406904614608254,-0.12453888056010803,5048.943639718417,5504.1525424550655
591001,5.615973756930434,FAT_023,FAT_023,1,Autologous,1.0,4.124086446201185,4.124086446201185,27.06,84,1449.8743282564562,2724.0035683009905,0.9098007370058004,1449.8743282564562,3.1613303602280407,-0.5844859808996024,966.9021989880794,1449.8743282564562
591020,7.787470572204315,FAT_023,FAT_023,1,Autologous,1.0,4.124086446201185,4.124086446201185,31.07,84,17221.285076735017,447.8289638625672,-5.2651011532790495,17221.285076735017,4.236065555997493,-0.5693857336244971,11605.48704379958,17221.285076735017
622312,7.438827222948345,FAT_023,FAT_023,1,Autologous,1.0,4.124086446201185,4.124086446201185,28.89,84,69330.84241525595,221921.81661921297,1.6784823070731931,69330.84241525595,4.840926477193931,-0.578978930564461,46412.659234934,69330.84241525595
626939,9.943493048886074,FAT_023,FAT_023,1,Autologous,1.0,4.124086446201185,4.124086446201185,26.95,84,78411.35163407694,371834.5873385814,2.2455265392670856,78411.35163407694,4.894378940173822,-0.6769048673209684,49046.75406786826,78411.35163407694
633147,8.230968063670435,FAT_023,FAT_023,1,Autologous,1.0,4.124086446201185,4.124086446201185,21.08,84,7899.130136537952,2505.296399902992,-1.656712492622556,7899.130136537952,3.897579268796584,-0.28526069379078495,6481.973383449076,7899.130136537952
641112,6.590408989931737,FAT_023,FAT_023,1,Autologous,1.0,4.124086446201185,4.124086446201185,29.68,84,4231.485076541064,10133.432135773905,1.2598869057852349,4231.485076541064,3.626492813558608,-0.5180092052368243,2954.993328787373,4231.485076541064
645463,5.65609045713391,FAT_023,FAT_023,1,Autologous,1.0,4.124086446201185,4.124086446201185,28.02,84,4312.03365033309,3662.4771850775846,-0.2355486641834238,4312.03365033309,3.634682141347734,-0.03381956035715136,4212.1268263909105,4312.03365033309
645464,5.139376720126212,FAT_023,FAT_023,1,Autologous,1.0,4.124086446201185,4.124086446201185,25.28,84,961.2129805848356,391.1271053890122,-1.2972186119638849,961.2129805848356,2.982819627048946,0.16951400656533813,1081.056587950219,961.2129805848356
649757,6.438628841392361,FAT_023,FAT_023,1,Autologous,1.0,4.124086446201185,4.124086446201185,27.82,84,12103.765688481675,8477.506432189062,-0.513744085445475,12103.765688481675,4.082920507779141,-0.23868773980489152,10258.133306271253,12103.765688481675
649764,5.403065020619434,FAT_023,FAT_023,1,Autologous,1.0,4.124086446201185,4.124086446201185,24.04,84,2529.225217069596,785.7257531335481,-1.6865977563498644,2529.225217069596,3.402987503197949,0.00884907673504959,2544.786432850149,2529.225217069596
657308,9.343795174939128,FAT_023,FAT_023,1,Autologous,1.0,4.124086446201185,4.124086446201185,20.15,84,40140.03927302596,7087.732309194377,-2.501646006177348,40140.03927302596,4.60357779306552,-0.3683995112394324,31094.135716468736,40140.03927302596
657309,4.306661419552485,FAT_023,FAT_023,1,Autologous,1.0,4.124086446201185,4.124086446201185,28.38,84,4043.538404359672,14394.171786786752,1.831794562432541,4043.538404359672,3.606761572269754,-0.23410929439493447,3437.8557685997334,4043.538404359672
657313,8.609334782019435,FAT_023,FAT_023,1,Autologous,1.0,4.124086446201185,4.124086446201185,30.1,84,41487.88540781252,71921.10016017126,0.7937249630946648,41487.88540781252,4.617921299877855,0.22093580561277,48353.68806505349,41487.88540781252
657314,6.0948946856409,FAT_023,FAT_023,1,Autologous,1.0,4.124086446201185,4.124086446201185,30.01,84,25023.75692472254,28930.676810149984,0.2093016705608665,25023.75692472254,4.398352512759053,0.40909546724197965,33227.87128665923,25023.75692472254
657317,5.529535024049784,FAT_023,FAT_023,1,Autologous,1.0,4.124086446201185,4.124086446201185,31.02,84,22736.17742902902,115366.29555876616,2.3431601765764016,22736.17742902902,4.356717449752447,0.033549402651294184,23271.09538535419,22736.17742902902
657319,8.381821986259713,FAT_023,FAT_023,1,Autologous,1.0,4.124086446201185,4.124086446201185,26.02,84,39415.10210889773,60739.26223302917,0.6238808729831296,39415.10210889773,4.595662655985124,-0.36301977344534025,30646.636355826213,39415.10210889773
657321,10.608512861568476,FAT_023,FAT_023,1,Autologous,1.0,4.124086446201185,4.124086446201185,25.04,84,54713.96122446308,104950.51131140965,0.9397282813682826,54713.96122446308,4.738098158309716,-0.4708670440313997,39477.8101418562,54713.96122446308
657322,6.313596921844265,FAT_023,FAT_023,1,Autologous,1.0,4.124086446201185,4.124086446201185,29.23,84,151415.20901424924,119939.47402177614,-0.3362035739999925,151415.20901424924,5.180169500390083,-0.2393390676678045,128268.86796259189,151415.20901424924
657323,6.448395267945,FAT_023,FAT_023,1,Autologous,1.0,4.124086446201185,4.124086446201185,29.77,84,37836.350062574034,68046.85889140672,0.8467556433160712,37836.350062574034,4.577909234914277,0.7110745782929725,61938.97471429218,37836.350062574034
658089,5.386027200207392,FAT_023,FAT_023,1,Autologous,1.0,4.124086446201185,4.124086446201185,27.62,84,7738.032988953901,7116.661828823742,-0.1207661960425959,7738.032988953901,3.8886305768830423,0.157254361578902,8629.166656442572,7738.032988953901
658659,6.254736706229272,FAT_023,FAT_023,1,Autologous,1.0,4.124086446201185,4.124086446201185,27.88,84,11808.420917910917,11014.046713291773,-0.1004714206762888,11808.420917910917,4.072191825429844,-0.09660995167853473,11043.566027665316,11808.420917910917
665943,6.23563497556154,FAT_023,FAT_023,1,Autologous,1.0,4.124086446201185,4.124086446201185,23.67,84,8328.72253009542,2148.8847180692183,-1.9545071420824829,8328.72253009542,3.9205783938826575,-0.14914642825896066,7510.70743530663,8328.72253009542
665951,6.637916286377731,FAT_023,FAT_023,1,Autologous,1.0,4.124086446201185,4.124086446201185,29.93,84,19197.41008709937,41664.29417021119,1.1178998489671124,19197.41008709937,4.283242642206153,0.5774181646345413,28645.923632760077,19197.41008709937
665953,5.970085022055714,FAT_023,FAT_023,1,Autologous,1.0,4.124086446201185,4.124086446201185,29.11,84,26242.725341441856,28324.314078718497,0.1101234656544019,26242.725341441856,4.419008935097225,-0.8520302259194651,14538.589685884908,26242.725341441856
679935,10.938944196690343,FAT_023,FAT_023,1,Autologous,1.0,4.124086446201185,4.124086446201185,23.83,84,112660.60521044613,61001.94227126381,-0.885056043632525,112660.60521044613,5.051772079926592,-0.6620598803425355,71198.72180209897,112660.60521044613
697329,4.975233286798339,FAT_023,FAT_023,1,Autologous,1.0,4.124086446201185,4.124086446201185,30.23,84,2362.7581645660766,3650.905377225839,0.6277823053634389,2362.7581645660766,3.3734192725552408,-0.18686271167527008,2075.7162787040115,2362.7581645660766
702443,5.591243137263834,FAT_023,FAT_023,1,Autologous,1.0,4.124086446201185,4.124086446201185,29.68,84,16614.485820835092,82388.95754286062,2.310009342599492,16614.485820835092,4.220486905432402,-0.7141489782009971,10127.602367348816,16614.485820835092
702444,3.724984758869424,FAT_023,FAT_023,1,Autologous,1.0,4.124086446201185,4.124086446201185,28.87,84,3372.300289426128,8663.812538602173,1.3612690192367716,3372.300289426128,3.5279262398062494,-0.33858122717441064,2666.8779122602214,3372.300289426128
702447,4.15491670843883,FAT_023,FAT_023,1,Autologous,1.0,4.124086446201185,4.124086446201185,28.94,84,3979.099545326052,9454.16701487642,1.2485083597453988,3979.099545326052,3.5997848040483813,-0.37643091172305954,3065.263461195551,3979.099545326052
702459,4.1757548174455525,FAT_023,FAT_023,1,Autologous,1.0,4.124086446201185,4.124086446201185,25.15,84,1084.720793732608,458.2435909291386,-1.243137133653998,1084.720793732608,3.035317965515677,-0.8068312521118712,620.0654843024519,1084.720793732608
709991,7.260574822629962,FAT_023,FAT_023,1,Autologous,1.0,4.124086446201185,4.124086446201185,26.74,84,8194.474907108712,42826.10367852649,2.3857670156222026,8194.474907108712,3.913521129687915,-0.4672330833334159,5927.478080265043,8194.474907108712
717959,11.026488716031611,FAT_023,FAT_023,1,Autologous,1.0,4.124086446201185,4.124086446201185,24.46,84,338153.6525887613,158615.92740466655,-1.0921412907957853,338153.6525887613,5.529114082846904,-1.4729316314943433,121819.68725293722,338153.6525887613
717960,7.175353996558895,FAT_023,FAT_023,1,Autologous,1.0,4.124086446201185,4.124086446201185,17.34,84,17505.89003746684,13316.836475789209,-0.3945890143609658,17505.89003746684,4.243184196136992,-0.17506283737132336,15505.473424085054,17505.89003746684
717962,9.290593692070528,FAT_023,FAT_023,1,Autologous,1.0,4.124086446201185,4.124086446201185,28.91,84,15857.329227190055,28390.27338347345,0.8402469361317546,15857.329227190055,4.200230043034131,-0.547287835007488,10851.255477060397,15857.329227190055
718252,6.404464982722885,FAT_023,FAT_023,1,Autologous,1.0,4.124086446201185,4.124086446201185,28.53,84,161258.24473163474,151167.1546904977,-0.0932282162221436,161258.24473163474,5.207521928268035,-0.505592195578087,113585.66155438319,161258.24473163474
742725,6.998534628915536,FAT_023,FAT_023,1,Autologous,1.0,4.124086446201185,4.124086446201185,28.01,84,11572.145101454304,2658.0442635460386,-2.1222192835803493,11572.145101454304,4.063413870565803,-0.47094864705126865,8349.187253003862,11572.145101454304
742726,5.032516829207806,FAT_023,FAT_023,1,Autologous,1.0,4.124086446201185,4.124086446201185,24.86,84,3264.9021910367605,19028.680831411,2.5430638721385392,3264.9021910367605,3.513870175341788,0.09424941818153373,3485.3153361793043,3264.9021910367605
742727,4.334239647422612,FAT_023,FAT_023,1,Autologous,1.0,4.124086446201185,4.124086446201185,30.68,84,3581.7265812853934,3367.396084858064,-0.0890217843707514,3581.7265812853934,3.554092429985602,-0.30951601589043565,2890.1396295288628,3581.7265812853934
742733,7.092410259996079,FAT_023,FAT_023,1,Autologous,1.0,4.124086446201185,4.124086446201185,31.17,84,14606.141380953926,11085.791921972594,-0.397863266495972,14606.141380953926,4.164535500103252,-0.15076547208117708,13156.809021183557,14606.141380953926
742740,6.9059914370408135,FAT_023,FAT_023,1,Autologous,1.0,4.124086446201185,4.124086446201185,28.76,84,17194.435552137675,14517.990130800434,-0.2441000161873344,17194.435552137675,4.235387923652334,-0.46109566839908056,12490.628642640917,17194.435552137675
742741,7.583466347116939,FAT_023,FAT_023,1,Autologous,1.0,4.124086446201185,4.124086446201185,28.31,84,18740.968168944564,12049.72351602303,-0.6371954415290255,18740.968168944564,4.2727920230282335,-0.30562628502786643,15163.146947098881,18740.968168944564
742742,9.363685203806677,FAT_023,FAT_023,1,Autologous,1.0,4.124086446201185,4.124086446201185,29.51,84,25856.09218724013,11031.40442506939,-1.2288877726451315,25856.09218724013,4.412562887529607,-0.3838780441330876,19815.45648599261,25856.09218724013
742743,4.700538055148961,FAT_023,FAT_023,1,Autologous,1.0,4.124086446201185,4.124086446201185,25.2,84,1299.516990511342,1239.3406209219884,-0.0684027435061516,1299.516990511342,3.1137819620494844,-0.1392755459722882,1179.928917970545,1299.516990511342
742818,5.604076611688997,FAT_023,FAT_023,1,Autologous,1.0,4.124086446201185,4.124086446201185,22.83,84,4274.444315896811,929.2161704951976,-2.201650714008147,4274.444315896811,3.630879663806722,-0.7310794005390439,2575.151800697658,4274.444315896811
742821,5.987040402287214,FAT_023,FAT_023,1,Autologous,1.0,4.124086446201185,4.124086446201185,24.75,84,3968.359735487115,9855.708747332004,1.312416809317584,3968.359735487115,3.598611034463879,0.3573367406077565,5083.702317097577,3968.359735487115
748224,11.129474646753636,FAT_023,FAT_023,1,Autologous,1.0,4.124086446201185,4.124086446201185,29.49,84,231518.08069795868,242982.50690939056,0.0697275863397342,231518.08069795868,5.364584913456455,0.43127451395636607,312184.6021007614,231518.08069795868
759350,4.684814419383066,FAT_023,FAT_023,1,Autologous,1.0,4.124086446201185,4.124086446201185,26.44,84,8350.202149773293,2443.9658182887392,-1.772587016641324,8350.202149773293,3.9216969894319096,0.10615995021425441,8987.819019271821,8350.202149773293
762968,4.149528005419403,FAT_023,FAT_023,1,Autologous,1.0,4.124086446201185,4.124086446201185,29.47,84,2002.9745349616967,2082.925413314266,0.0564670999799859,2002.9745349616967,3.3016754278777407,-0.09713930461815361,1872.5506923077576,2002.9745349616967
762982,4.078928778941328,FAT_023,FAT_023,1,Autologous,1.0,4.124086446201185,4.124086446201185,29.47,84,2158.701777626279,4853.2162130222405,1.168777183935851,2158.701777626279,3.334192649153523,-0.4975172111808729,1529.0618232641784,2158.701777626279
762984,5.685545647759024,FAT_023,FAT_023,1,Autologous,1.0,4.124086446201185,4.124086446201185,30.29,84,3979.099545326052,21558.27802780265,2.437728050541353,3979.099545326052,3.5997848040483813,0.2933942296293292,4876.466754264197,3979.099545326052
763034,4.3484189004038125,FAT_023,FAT_023,1,Autologous,1.0,4.124086446201185,4.124086446201185,29.98,84,2180.1813973041526,2406.936033163152,0.1427496248614651,2180.1813973041526,3.338492629646248,-1.0309144713833982,1066.980422388089,2180.1813973041526
866499,6.403737194619502,FAT_023,FAT_023,1,Autologous,1.0,4.124086446201185,4.124086446201185,25.6,84,7082.9045887787615,4742.12685764548,-0.578806851222111,7082.9045887787615,3.8502113916154186,-0.48722541339507586,5052.9142428573,7082.9045887787615
883156,5.418676873751244,FAT_023,FAT_023,1,Autologous,1.0,4.124086446201185,4.124086446201185,27.18,84,2180.1813973041526,995.1754752501496,-1.1314253385775288,2180.1813973041526,3.338492629646248,-1.0533415612845434,1050.5221746480424,2180.1813973041526
890402,1.824089783640013,FAT_023,FAT_023,1,Autologous,1.0,4.124086446201185,4.124086446201185,25.09,84,20421.74840873816,5593.811915533979,-1.8682027368468213,20421.74840873816,4.310092921480636,-0.8180823939331587,11583.120703221972,20421.74840873816
997872,4.468353744252964,FAT_023,FAT_023,1,Autologous,1.0,4.124086446201185,4.124086446201185,15.49,84,945.1032658264306,379.5552975372663,-1.3161618850010264,945.1032658264306,2.9754792638832037,-1.0746859083405151,448.7108484383994,945.1032658264306
997884,5.619844537951964,FAT_023,FAT_023,1,Autologous,1.0,4.124086446201185,4.124086446201185,29.11,84,13848.98478730889,9456.481376446767,-0.5504048400377994,13848.98478730889,4.141417938206991,-0.3620243449292658,10775.507939220472,13848.98478730889
999410,7.225748042542522,FAT_023,FAT_023,1,Autologous,1.0,4.124086446201185,4.124086446201185,31.57,84,21952.17131078664,21598.779355283765,-0.0234138637290021,21952.17131078664,4.3414774831957095,-0.612116731985471,14361.902895344658,21952.17131078664
999412,4.795913229325933,FAT_023,FAT_023,1,Autologous,1.0,4.124086446201185,4.124086446201185,30.37,84,4870.503761957799,6247.619059157623,0.3592354899389213,4870.503761957799,3.687573883129149,-0.09440783001125608,4561.989637738649,4870.503761957799
999413,6.9197337654537545,FAT_023,FAT_023,1,Autologous,1.0,4.124086446201185,4.124086446201185,27.68,84,11717.132534279952,12741.717625557434,0.1209402201678704,11717.132534279952,4.068821342321376,-0.44071191982882835,8632.842846136018,11717.132534279952
1002367,4.6519500968916425,FAT_023,FAT_023,1,Autologous,1.0,4.124086446201185,4.124086446201185,19.59,84,2486.2659777138488,30328.55119864089,3.608624034236476,2486.2659777138488,3.395547587087006,0.5388368211938287,3612.0489986797775,2486.2659777138488
1042156,5.362504322596777,FAT_023,FAT_023,1,Autologous,1.0,4.124086446201185,4.124086446201185,29.17,84,8113.926333316686,5060.351573568492,-0.6811625830654345,8113.926333316686,3.909231060408079,-0.2206922868771499,6962.994662181411,8113.926333316686
1064535,11.11352808817033,FAT_023,FAT_023,1,Autologous,1.0,4.124086446201185,4.124086446201185,28.96,84,135332.3437804415,425210.7082355447,1.6516712515272358,135332.3437804415,5.131401603298923,-0.1306672049047476,123613.77094974172,135332.3437804415
1077285,6.171802699416942,FAT_023,FAT_023,1,Autologous,1.0,4.124086446201185,4.124086446201185,29.25,84,20389.528979221348,45783.857765432746,1.1670105821726242,20389.528979221348,4.30940719320885,-0.3491993242872855,16006.180944272624,20389.528979221348
1121100,4.684071448233247,FAT_023,FAT_023,1,Autologous,1.0,4.124086446201185,4.124086446201185,30.12,84,3366.9303845066597,3391.69688134673,0.0105733489056895,3366.9303845066597,3.5272341368997697,-0.17253470582579905,2987.4181495767675,3366.9303845066597
1121101,5.062318455837145,FAT_023,FAT_023,1,Autologous,1.0,4.124086446201185,4.124086446201185,28.91,84,6841.258867402686,68518.98865175796,3.3241701307145246,6841.258867402686,3.835136024068385,-0.5961646367222744,4525.562697903797,6841.258867402686
1121111,6.405410714913946,FAT_023,FAT_023,1,Autologous,1.0,4.124086446201185,4.124086446201185,25.13,84,5112.149483333875,1124.7797231897036,-2.184287530683976,5112.149483333875,3.708603544453528,0.060523114694629176,5331.173509654981,5112.149483333875
1121114,4.2708934698492085,FAT_023,FAT_023,1,Autologous,1.0,4.124086446201185,4.124086446201185,30.63,84,3205.8332369226086,5745.40259839185,0.841708610169118,3205.8332369226086,3.5059409271984223,0.027985252399329304,3268.6267275289615,3205.8332369226086
1121115,7.437878606570253,FAT_023,FAT_023,1,Autologous,1.0,4.124086446201185,4.124086446201185,29.66,84,30683.636709842183,64597.30297080126,1.0740044464104177,30683.636709842183,4.4869068321157775,-0.49589967959881315,21758.359783414944,30683.636709842183
1121130,4.471296071741985,FAT_023,FAT_023,1,Autologous,1.0,4.124086446201185,4.124086446201185,22.85,84,2147.9619677873425,11114.72144160196,2.371431437796352,2147.9619677873425,3.332026587397016,-0.15925072569743665,1923.47852595147,2147.9619677873425
1121333,6.280595587834225,FAT_023,FAT_023,1,Autologous,1.0,4.124086446201185,4.124086446201185,27.95,84,3903.920876453495,3863.826641697964,-0.0148934468382917,3903.920876453495,3.591501006928091,-0.13716984368892998,3549.8399239754663,3903.920876453495
1121334,6.354515625379978,FAT_023,FAT_023,1,Autologous,1.0,4.124086446201185,4.124086446201185,27.58,84,6476.105332878837,5486.194102512743,-0.2393207851555021,6476.105332878837,3.811313903873186,0.05795239493706017,6741.5430639127835,6476.105332878837
1121344,6.429227999593424,FAT_023,FAT_023,1,Autologous,1.0,4.124086446201185,4.124086446201185,25.19,84,4494.610417595014,3028.3421148019083,-0.5696678744841218,4494.610417595014,3.652692054062313,-0.2505949205531784,3777.9435657007934,4494.610417595014
1123075,5.214689317531571,FAT_023,FAT_023,1,Autologous,1.0,4.124086446201185,4.124086446201185,29.66,84,4338.883174930432,3045.699826579527,-0.5105499799983664,4338.883174930432,3.6373779568436393,-0.22344619708918453,3716.3272437345713,4338.883174930432
1123263,5.101935535985139,FAT_023,FAT_023,1,Autologous,1.0,4.124086446201185,4.124086446201185,14.87,84,1299.516990511342,1099.3217459158627,-0.2413618050380972,1299.516990511342,3.1137819620494844,-0.46001015911672577,944.7243424486934,1299.516990511342
1123313,7.360063918175674,FAT_023,FAT_023,1,Autologous,1.0,4.124086446201185,4.124086446201185,26.01,84,10084.681438761572,5988.410563278516,-0.7519204713615373,10084.681438761572,4.003662183999145,-0.4041399641199567,7620.859103591074,10084.681438761572
1125712,6.1659677793147285,FAT_023,FAT_023,1,Autologous,1.0,4.124086446201185,4.124086446201185,27.64,84,6465.3655230399,2156.98498356544,-1.5837158030872347,6465.3655230399,3.810593082990859,0.14062749940441452,7127.318695067265,6465.3655230399
1150460,9.089398008685505,FAT_023,FAT_023,1,Autologous,1.0,4.124086446201185,4.124086446201185,25.62,84,14004.71202997347,3355.824277006318,-2.0611732403105933,14004.71202997347,4.146274183128936,-0.3627569742529046,10891.142809513676,14004.71202997347
1150461,4.443745277074097,FAT_023,FAT_023,1,Autologous,1.0,4.124086446201185,4.124086446201185,25.07,84,1589.4918561626332,486.0159297733288,-1.7094901189446396,1589.4918561626332,3.201258307127992,-0.07063406105227892,1513.5449941248467,1589.4918561626332
1160721,11.258889742977008,FAT_023,FAT_023,1,Autologous,1.0,4.124086446201185,4.124086446201185,26.89,84,331086.85771474097,651213.9014840684,0.9759217521940046,331086.85771474097,5.519941942047005,-0.8074373144815642,189181.6856336756,331086.85771474097
1203465,3.942732250419348,FAT_023,FAT_023,1,Autologous,1.0,4.124086446201185,4.124086446201185,30.79,84,3603.2062009632655,5318.402888662426,0.561711855464117,3603.2062009632655,3.5566891162380454,-0.5921631477058882,2390.178009704887,3603.2062009632655
1203540,3.7053147314367054,FAT_023,FAT_023,1,Autologous,1.0,4.124086446201185,4.124086446201185,25.0,84,1122.3101281688862,722.0808099489456,-0.6362391842004472,1122.3101281688862,3.050112882180107,-0.28786928979012055,919.2964671364232,1122.3101281688862
1203606,8.945404358018827,FAT_023,FAT_023,1,Autologous,1.0,4.124086446201185,4.124086446201185,29.5,84,27058.95088920105,16939.969514170854,-0.6756746268891438,27058.95088920105,4.432310954424822,-0.1431771344826107,24502.496862263895,27058.95088920105
1203611,9.609299368810584,FAT_023,FAT_023,1,Autologous,1.0,4.124086446201185,4.124086446201185,24.03,84,109003.69996028816,54005.62724409822,-1.0131954606184634,109003.69996028816,5.037441239638465,-0.4717748407958393,78600.0570676234,109003.69996028816
1235789,5.024870434576694,FAT_023,FAT_023,1,Autologous,1.0,4.124086446201185,4.124086446201185,30.99,84,3726.714014111039,8034.306191467194,1.1082693325405757,3726.714014111039,3.571326066523908,-0.5375933658045026,2567.4047357099043,3726.714014111039
1254439,5.161503410678031,FAT_023,FAT_023,1,Autologous,1.0,4.124086446201185,4.124086446201185,25.27,84,1798.918148021899,928.0589897100232,-0.9548411298720272,1798.918148021899,3.2550114031058985,-0.2201936150661684,1544.2816825917048,1798.918148021899
1256908,7.393171212076652,FAT_023,FAT_023,1,Autologous,1.0,4.124086446201185,4.124086446201185,29.47,84,19562.56362162322,47351.83772934432,1.275324973908096,19562.56362162322,4.291425767310969,-0.2121297021433544,16887.61673150881,19562.56362162322
1322347,1.5925223283600272,FAT_023,FAT_023,1,Autologous,1.0,4.124086446201185,4.124086446201185,25.09,84,20765.42232358413,5841.448603561342,-1.8297851250820716,20765.42232358413,4.317340768142119,-0.7001633355353911,12781.169732934672,20765.42232358413
1384484,5.260467516263778,FAT_023,FAT_023,1,Autologous,1.0,4.124086446201185,4.124086446201185,25.0,84,7893.760231618483,2786.491330700418,-1.5022630339458376,7893.760231618483,3.897283930817229,0.6380634679793763,12284.576066189773,7893.760231618483
1408437,11.099904032293846,FAT_023,FAT_023,1,Autologous,1.0,4.124086446201185,4.124086446201185,26.48,84,34920.49169130272,15913.550157720994,-1.133818149944009,34920.49169130272,4.543080350076952,-0.6441982009811441,22343.817137552334,34920.49169130272
1410645,6.319968029119194,FAT_023,FAT_023,1,Autologous,1.0,4.124086446201185,4.124086446201185,25.07,84,5122.889293172811,1978.779142648553,-1.372347117214064,5122.889293172811,3.709514970773149,0.14813762101238032,5676.868551207669,5122.889293172811
1410647,11.952972168714314,FAT_023,FAT_023,1,Autologous,1.0,4.124086446201185,4.124086446201185,25.61,84,71011.62265504953,14898.702609122876,-2.2528684684288214,71011.62265504953,4.851329436632445,-0.27817978894109263,58558.36953454539,71011.62265504953
1410665,6.915196744833734,FAT_023,FAT_023,1,Autologous,1.0,4.124086446201185,4.124086446201185,29.3,84,4575.158991387039,3687.935162351426,-0.311008587429798,4575.158991387039,3.6604061908357535,-0.43536436248069316,3383.3619332781414,4575.158991387039
1437612,11.469103062000553,FAT_023,FAT_023,1,Autologous,1.0,4.124086446201185,4.124086446201185,25.15,84,845760.0248162661,166575.0168450974,-2.344076332923322,845760.0248162661,5.9272471541946725,-1.2025638840199901,367484.7771618934,845760.0248162661
904,2.7566706034187254,FAT_024,FAT_024,1,Autologous,1.0,3.6809180942543263,3.6809180942543263,23.81,84,4630.776628092887,10510.0,1.1824365958555882,4630.776628092887,3.6656538327049017,0.23105772644173836,5435.120024262775,4630.776628092887
1547,2.2961130026055168,FAT_024,FAT_024,1,Autologous,1.0,3.6809180942543263,3.6809180942543263,28.34,84,3044.9395105713106,1301.0,-1.226792606415603,3044.9395105713106,3.483578669551479,-0.1382936706000216,2766.6111728671126,3044.9395105713106
205913,1.1240307875524609,FAT_024,FAT_024,1,Autologous,1.0,3.6809180942543263,3.6809180942543263,24.89,84,9651.675799342576,1831.0,-2.39814766497622,9651.675799342576,3.984602725491075,-1.5189303773117455,3367.8994780047765,9651.675799342576
206672,0.9509439284354588,FAT_024,FAT_024,1,Autologous,1.0,3.6809180942543263,3.6809180942543263,25.09,84,10737.186265470966,1957.0,-2.4559003161665403,10737.186265470966,4.030890487184784,-1.4095168257815838,4041.882119122488,10737.186265470966
213810,2.4898627030564007,FAT_024,FAT_024,1,Autologous,1.0,3.6809180942543263,3.6809180942543263,22.4,84,927.9185913503596,1098.0,0.2428079096178959,927.9185913503596,2.967509876134617,-0.3253974227161305,740.5518844133607,927.9185913503596
246201,2.799818834234992,FAT_024,FAT_024,1,Autologous,1.0,3.6809180942543263,3.6809180942543263,22.8,84,1011.673713610012,760.0,-0.4126727414037667,1011.673713610012,3.0050404658362107,-1.3027793661571752,410.0764213782955,1011.673713610012
264199,10.434372574008192,FAT_024,FAT_024,1,Autologous,1.0,3.6809180942543263,3.6809180942543263,24.34,84,372006.0898038228,35640.0,-3.38375699672068,372006.0898038228,5.57055004941563,-0.8841415006950102,201556.55987268547,372006.0898038228
272559,2.8580969912187326,FAT_024,FAT_024,1,Autologous,1.0,3.6809180942543263,3.6809180942543263,30.39,84,6692.695493195646,3519.0,-0.9274218614213152,6692.695493195646,3.825601065757532,-0.38605762139725897,5121.369864715559,6692.695493195646
272623,3.344863608145385,FAT_024,FAT_024,1,Autologous,1.0,3.6809180942543263,3.6809180942543263,26.74,84,2402.449559553188,142.0,-4.080543306480513,2402.449559553188,3.380654278239573,-0.3839317882257838,1841.1081211869407,2402.449559553188
295405,2.840874226777795,FAT_024,FAT_024,1,Autologous,1.0,3.6809180942543263,3.6809180942543263,30.39,84,6670.654671548369,6405.0,-0.0586297868020956,6670.654671548369,3.82416845854752,-0.361252571039923,5193.027215643682,6670.654671548369
321956,3.8644040805442414,FAT_024,FAT_024,1,Autologous,1.0,3.6809180942543263,3.6809180942543263,15.51,84,13904.452336184664,23611.0,0.7639122241017017,13904.452336184664,4.143153887694461,-2.1346473126215413,3166.3652923419495,13904.452336184664
321967,2.389079875936422,FAT_024,FAT_024,1,Autologous,1.0,3.6809180942543263,3.6809180942543263,22.05,84,1238.6941765769643,8.0,-7.274604326541833,1238.6941765769643,3.0929640958680102,-1.0783706894917322,586.6001529550653,1238.6941765769643
347253,5.019785393156305,FAT_024,FAT_024,1,Autologous,1.0,3.6809180942543263,3.6809180942543263,25.68,84,15651.187451731364,2158.0,-2.8585053482886607,15651.187451731364,4.194547292947695,-0.21522182076215352,13482.147344642668,15651.187451731364
354242,3.788861335058048,FAT_024,FAT_024,1,Autologous,1.0,3.6809180942543263,3.6809180942543263,25.28,84,1201.2247797765938,960.0,-0.3233998303766766,1201.2247797765938,3.079624282575592,-0.49152003139030953,854.4015147911804,1201.2247797765938
367928,7.826191016785995,FAT_024,FAT_024,1,Autologous,1.0,3.6809180942543263,3.6809180942543263,25.27,84,50854.78778676211,19393.0,-1.390847606374046,50854.78778676211,4.706331846373585,-0.41974926183316436,38016.72733054718,50854.78778676211
390333,3.842926059437835,FAT_024,FAT_024,1,Autologous,1.0,3.6809180942543263,3.6809180942543263,15.23,84,13839.431912325195,22898.0,0.7264368695045219,13839.431912325195,4.141118263357298,-1.8695519066600121,3787.276917905405,13839.431912325195
391904,2.4856546164224214,FAT_024,FAT_024,1,Autologous,1.0,3.6809180942543263,3.6809180942543263,26.99,84,2416.7760936239174,968.0,-1.3200048657199055,2416.7760936239174,3.383236416312491,-0.41658750656436266,1810.6357082861643,2416.7760936239174
411459,4.513171376257617,FAT_024,FAT_024,1,Autologous,1.0,3.6809180942543263,3.6809180942543263,29.69,84,125294.35677719292,72239.0,-0.7944716106100602,125294.35677719292,5.097931510932566,-0.5593422279270932,85026.19070241286,125294.35677719292
411460,3.1029334294335515,FAT_024,FAT_024,1,Autologous,1.0,3.6809180942543263,3.6809180942543263,29.93,84,5612.695232479076,4515.0,-0.3139677358502197,5612.695232479076,3.749171460811146,-0.2758481052152714,4635.887698386456,5612.695232479076
411461,9.220785849748212,FAT_024,FAT_024,1,Autologous,1.0,3.6809180942543263,3.6809180942543263,31.07,84,175789.8791711044,50432.0,-1.801440666929489,175789.8791711044,5.244993867628146,-0.8413378516715619,98112.86048817831,175789.8791711044
411462,9.145295431558276,FAT_024,FAT_024,1,Autologous,1.0,3.6809180942543263,3.6809180942543263,28.31,84,448552.7613437332,60622.0,-2.8873643387372967,448552.7613437332,5.651813534588032,-0.4539610728504182,327459.5304884084,448552.7613437332
411463,4.210599648208923,FAT_024,FAT_024,1,Autologous,1.0,3.6809180942543263,3.6809180942543263,26.73,84,40479.07099630649,20561.0,-0.977265747422064,40479.07099630649,4.607230536791044,-0.40266291068235077,30620.827471816305,40479.07099630649
411466,2.728214450038178,FAT_024,FAT_024,1,Autologous,1.0,3.6809180942543263,3.6809180942543263,23.67,84,1512.0003650031988,1074.0,-0.4934644945083064,1512.0003650031988,3.1795518960057008,-0.531936252765258,1045.7385741764945,1512.0003650031988
411467,2.8104418614326234,FAT_024,FAT_024,1,Autologous,1.0,3.6809180942543263,3.6809180942543263,27.37,84,7766.083507418034,34142.0,2.136288446790796,7766.083507418034,3.890202056132237,0.24991339450000247,9234.927370089323,7766.083507418034
411468,2.995720713925992,FAT_024,FAT_024,1,Autologous,1.0,3.6809180942543263,3.6809180942543263,27.59,84,6066.73615841298,4263.0,-0.5090515148087015,6066.73615841298,3.7829551079427386,-0.12541676031205545,5561.614735914468,6066.73615841298
411469,10.718154825874604,FAT_024,FAT_024,1,Autologous,1.0,3.6809180942543263,3.6809180942543263,29.85,84,1220540.253827185,68129.0,-4.163107035255226,1220540.253827185,6.086552107167167,-0.9737817387899819,621462.0231838726,1220540.253827185
411470,4.608164440049592,FAT_024,FAT_024,1,Autologous,1.0,3.6809180942543263,3.6809180942543263,31.06,84,18509.88201938318,12413.0,-0.5764438684194165,18509.88201938318,4.26740365060087,-0.40540410440393093,13975.419559326498,18509.88201938318
411471,3.16154430028267,FAT_024,FAT_024,1,Autologous,1.0,3.6809180942543263,3.6809180942543263,28.72,84,10705.227074082411,31081.0,1.5377175239630567,10705.227074082411,4.029595883771985,-0.03426211997923318,10453.987054057316,10705.227074082411
411473,4.765417527832086,FAT_024,FAT_024,1,Autologous,1.0,3.6809180942543263,3.6809180942543263,29.04,84,64957.60751777226,33092.0,-0.9730160097006396,64957.60751777226,4.812630020836505,-0.6486300641111936,41435.53164037935,64957.60751777226
411474,3.0400111821771,FAT_024,FAT_024,1,Autologous,1.0,3.6809180942543263,3.6809180942543263,27.02,84,7679.022261911289,12418.000000000002,0.6934383014388971,7679.022261911289,3.885305926634575,-0.013545564974684706,7607.260796937118,7679.022261911289
411475,3.82186754390749,FAT_024,FAT_024,1,Autologous,1.0,3.6809180942543263,3.6809180942543263,28.82,84,8106.614201868462,33199.0,2.033968395064448,8106.614201868462,3.908839505201008,-0.2741991889703105,6703.433795179014,8106.614201868462
411479,3.7151102929050297,FAT_024,FAT_024,1,Autologous,1.0,3.6809180942543263,3.6809180942543263,30.29,84,6833.756751738219,71471.0,3.386607173236718,6833.756751738219,3.834659515981919,0.2983566665136202,8403.76350164083,6833.756751738219
411483,4.460347152199995,FAT_024,FAT_024,1,Autologous,1.0,3.6809180942543263,3.6809180942543263,28.13,84,97927.37057885148,128723.0,0.3944858020305672,97927.37057885148,4.99090409353982,0.1643843642629863,109746.00451723293,97927.37057885148
411484,8.560987818243953,FAT_024,FAT_024,1,Autologous,1.0,3.6809180942543263,3.6809180942543263,27.82,84,113268.8844864386,27095.0,-2.0636530480010813,113268.8844864386,5.0541106234401365,0.36350169097152746,145725.49389026372,113268.8844864386
411485,4.449604661676638,FAT_024,FAT_024,1,Autologous,1.0,3.6809180942543263,3.6809180942543263,29.4,84,99978.2690331306,83974.0,-0.2516718389331095,99978.2690331306,4.999905613354085,0.04799530249799092,103360.27093549851,99978.2690331306
411486,3.975280216446511,FAT_024,FAT_024,1,Autologous,1.0,3.6809180942543263,3.6809180942543263,26.21,84,25073.638705942256,38363.0,0.6135441676327774,25073.638705942256,4.39921736368464,-0.7032733767882042,15399.6546708143,25073.638705942256
411487,7.31498725149937,FAT_024,FAT_024,1,Autologous,1.0,3.6809180942543263,3.6809180942543263,31.0,84,115522.55849987268,32959.0,-1.809430223448138,115522.55849987268,5.062666798733807,-0.5211450444688788,80498.26282208733,115522.55849987268
411489,4.677985541495959,FAT_024,FAT_024,1,Autologous,1.0,3.6809180942543263,3.6809180942543263,27.23,84,23480.08730084413,44409.0,0.9194143126107598,23480.08730084413,4.370699707320227,-0.1124208680943166,21719.891622367046,23480.08730084413
411490,4.197806152204663,FAT_024,FAT_024,1,Autologous,1.0,3.6809180942543263,3.6809180942543263,30.71,84,6694.899575360373,4542.0,-0.5597347089945244,6694.899575360373,3.825744066905318,-0.3809744908754775,5141.13866387065,6694.899575360373
411902,3.161728731555001,FAT_024,FAT_024,1,Autologous,1.0,3.6809180942543263,3.6809180942543263,31.82,84,6679.47100020728,9289.0,0.4757894438984358,6679.47100020728,3.824742068644978,-0.31358335476184807,5374.574320025952,6679.47100020728
411903,10.289872684310463,FAT_024,FAT_024,1,Autologous,1.0,3.6809180942543263,3.6809180942543263,26.62,84,528203.8826126626,127961.0,-2.045390734110028,528203.8826126626,5.722801589205357,-0.7325488971006608,317894.0489423895,528203.8826126626
420247,2.416682612469802,FAT_024,FAT_024,1,Autologous,1.0,3.6809180942543263,3.6809180942543263,18.18,84,689.8777175597685,2800.0,2.021014258578804,689.8777175597685,2.838772117845397,-0.6305364641359185,445.6169776784434,689.8777175597685
428125,3.3815985693668424,FAT_024,FAT_024,1,Autologous,1.0,3.6809180942543263,3.6809180942543263,26.43,84,14452.166754119497,12270.0,-0.236150557294667,14452.166754119497,4.159932963965464,-0.34095130542500934,11410.282421096375,14452.166754119497
428126,2.939484499905956,FAT_024,FAT_024,1,Autologous,1.0,3.6809180942543263,3.6809180942543263,27.15,84,14550.248410449878,12626.0,-0.2046461276736207,14550.248410449878,4.162870407917576,-0.12261571501237373,13364.705700739498,14550.248410449878
428127,2.842446066927078,FAT_024,FAT_024,1,Autologous,1.0,3.6809180942543263,3.6809180942543263,17.97,84,5234.695141228276,5639.0,0.1073338231867919,5234.695141228276,3.7188913942598343,0.3678911427024307,6755.191471901133,5234.695141228276
428128,2.4751579316390524,FAT_024,FAT_024,1,Autologous,1.0,3.6809180942543263,3.6809180942543263,26.14,84,1072.2859731400235,28899.000000000004,4.752257950066064,1072.2859731400235,3.03031062490332,-0.18440233729108604,943.6261987839301,1072.2859731400235
435590,5.191351839499143,FAT_024,FAT_024,1,Autologous,1.0,3.6809180942543263,3.6809180942543263,30.99,84,22601.760558200145,71788.0,1.6673075495798495,22601.760558200145,4.354142269719588,0.6789882806377588,36185.79420030382,22601.760558200145
435591,3.1132027462370457,FAT_024,FAT_024,1,Autologous,1.0,3.6809180942543263,3.6809180942543263,30.59,84,4857.79709105984,13572.0,1.4822591998189123,4857.79709105984,3.6864393704786966,-0.9153110869596196,2575.7474464132874,4857.79709105984
445970,4.772254226098549,FAT_024,FAT_024,1,Autologous,1.0,3.6809180942543263,3.6809180942543263,17.81,84,4994.450185272956,210244.0,5.395594951342942,4994.450185272956,3.698487685826328,2.007265257217372,20078.660545551582,4994.450185272956
445972,2.598801715910731,FAT_024,FAT_024,1,Autologous,1.0,3.6809180942543263,3.6809180942543263,25.15,84,5152.042060050987,12910.0,1.3252727242112852,5152.042060050987,3.711979399843504,-0.10421244839349944,4793.009910198239,5152.042060050987
445973,3.9498430990807294,FAT_024,FAT_024,1,Autologous,1.0,3.6809180942543263,3.6809180942543263,29.52,84,5802.246298645657,3488.0,-0.7342114974570595,5802.246298645657,3.763596160156473,0.022833129898408577,5894.80736083699,5802.246298645657
445975,2.988183391819584,FAT_024,FAT_024,1,Autologous,1.0,3.6809180942543263,3.6809180942543263,20.24,84,2925.919073676015,1143.0,-1.3560644637979442,2925.919073676015,3.466262310052456,-0.6752422568143279,1832.2896837072617,2925.919073676015
449673,2.3532538663624565,FAT_024,FAT_024,1,Autologous,1.0,3.6809180942543263,3.6809180942543263,29.11,84,1643.1432538044965,16333.0,3.313259636395413,1643.1432538044965,3.2156754280879625,-0.4751009513298961,1182.1042827212952,1643.1432538044965
451640,2.3848303542809206,FAT_024,FAT_024,1,Autologous,1.0,3.6809180942543263,3.6809180942543263,25.98,84,2544.612859178124,963.0,-1.4018384762515623,2544.612859178124,3.4056217175521444,-0.3254159304012228,2030.7747806103537,2544.612859178124
457388,2.027707362177348,FAT_024,FAT_024,1,Autologous,1.0,3.6809180942543263,3.6809180942543263,30.59,84,5138.817567062621,23704.000000000004,2.2056221903004816,5138.817567062621,3.71086320008946,0.29100977111432363,6287.32442163402,5138.817567062621
457391,1.6596874176667895,FAT_024,FAT_024,1,Autologous,1.0,3.6809180942543263,3.6809180942543263,30.88,84,4278.123481736456,12094.0,1.499241454616982,4278.123481736456,3.631253315687312,0.981309192348651,8446.11164019338,4278.123481736456
457392,2.2193106622669845,FAT_024,FAT_024,1,Autologous,1.0,3.6809180942543263,3.6809180942543263,30.19,84,5936.695310694046,2641.0,-1.1685757699929091,5936.695310694046,3.773544760180923,-0.16537149225603986,5293.744550276458,5936.695310694046
457393,3.364576883546941,FAT_024,FAT_024,1,Autologous,1.0,3.6809180942543263,3.6809180942543263,29.75,84,15634.656835495904,161990.0,3.373085296048675,15634.656835495904,4.194088353370057,0.38379263211826414,20399.590417195435,15634.656835495904
457394,2.817850420936458,FAT_024,FAT_024,1,Autologous,1.0,3.6809180942543263,3.6809180942543263,30.99,84,14027.880937409414,43266.0,1.6249366570410828,14027.880937409414,4.146992071121247,-0.06616889595604114,13399.026580520169,14027.880937409414
457395,1.6169948422233886,FAT_024,FAT_024,1,Autologous,1.0,3.6809180942543263,3.6809180942543263,30.99,84,3986.0825949100367,15254.000000000002,1.9361440954431937,3986.0825949100367,3.600546293396588,2.0183053135486553,16147.925354952922,3986.0825949100367
457412,7.389640910837471,FAT_024,FAT_024,1,Autologous,1.0,3.6809180942543263,3.6809180942543263,30.36,84,599935.7366637255,123993.0,-2.2745492959333315,599935.7366637255,5.778104732538552,-0.49029161494208195,427082.9656794804,599935.7366637255
469589,1.6199115246424045,FAT_024,FAT_024,1,Autologous,1.0,3.6809180942543263,3.6809180942543263,30.59,84,3454.8987932106616,8722.0,1.3360155410712982,3454.8987932106616,3.538435329801703,2.220014611660333,16096.309672307594,3454.8987932106616
469591,1.6433431823680045,FAT_024,FAT_024,1,Autologous,1.0,3.6809180942543263,3.6809180942543263,30.59,84,4348.654111007742,17172.0,1.9814172104033585,4348.654111007742,3.6383548655511406,0.5497714489971965,6365.793734903357,4348.654111007742
469592,2.039911486360916,FAT_024,FAT_024,1,Autologous,1.0,3.6809180942543263,3.6809180942543263,30.59,84,5437.470700383224,15004.000000000002,1.46433954104044,5437.470700383224,3.735396929788685,-0.06507735354979788,5197.645963876765,5437.470700383224
469593,2.968964611224038,FAT_024,FAT_024,1,Autologous,1.0,3.6809180942543263,3.6809180942543263,30.99,84,14901.799515723947,45289.0,1.6036741258482887,14901.799515723947,4.173238716235067,-0.08597603388883393,14039.684587121297,14901.799515723947
469596,3.6461634919457673,FAT_024,FAT_024,1,Autologous,1.0,3.6809180942543263,3.6809180942543263,28.15,84,12335.145834898543,18360.0,0.5737912864423276,12335.145834898543,4.091144288395459,-0.02474810968187201,12125.35227869892,12335.145834898543
470146,8.867355252342659,FAT_024,FAT_024,1,Autologous,1.0,3.6809180942543263,3.6809180942543263,28.01,84,506480.4487971065,109264.0,-2.2126884349265983,506480.4487971065,5.704562685346025,-0.3478004250058946,397982.8199330178,506480.4487971065
471872,2.5677227118458856,FAT_024,FAT_024,1,Autologous,1.0,3.6809180942543263,3.6809180942543263,26.78,84,2173.2250144215072,156.0,-3.8002196238365697,2173.2250144215072,3.3371046952401606,-0.9591089775377531,1117.851525680882,2173.2250144215072
471875,8.448554393489662,FAT_024,FAT_024,1,Autologous,1.0,3.6809180942543263,3.6809180942543263,29.18,84,80338.79490432449,116451.0,0.5355543024754005,80338.79490432449,4.904925312952943,0.12373002055782997,87532.98937809226,80338.79490432449
476272,2.883976295377677,FAT_024,FAT_024,1,Autologous,1.0,3.6809180942543263,3.6809180942543263,29.6,84,3730.409063801624,4068.0,0.1249858390742343,3730.409063801624,3.571756457656132,0.3342479497936636,4703.001492105048,3730.409063801624
478749,2.5046925631138457,FAT_024,FAT_024,1,Autologous,1.0,3.6809180942543263,3.6809180942543263,29.95,84,2616.245529531774,3776.0,0.5293608233990278,2616.245529531774,3.4176784992535403,-0.18772299306600781,2297.0383578506553,2616.245529531774
479437,3.3234312293380768,FAT_024,FAT_024,1,Autologous,1.0,3.6809180942543263,3.6809180942543263,24.48,84,2725.347596685795,1746.0,-0.6423866870814045,2725.347596685795,3.435421900996265,-0.167614963581666,2426.4132520105177,2725.347596685795
483216,2.643826698652964,FAT_024,FAT_024,1,Autologous,1.0,3.6809180942543263,3.6809180942543263,29.11,84,2491.714887224659,26676.0,3.4203314506757105,2491.714887224659,3.396498346980328,-0.256051576178559,2086.5036179902036,2491.714887224659
483217,3.0008657851488527,FAT_024,FAT_024,1,Autologous,1.0,3.6809180942543263,3.6809180942543263,30.63,84,4277.021440654092,9611.0,1.16808010809835,4277.021440654092,3.631141427374983,-0.12121792802034224,3932.341213786012,4277.021440654092
483218,3.918285764878669,FAT_024,FAT_024,1,Autologous,1.0,3.6809180942543263,3.6809180942543263,28.19,84,46125.92950233884,81420.0,0.819805237678261,46125.92950233884,4.663945130899784,-0.5395492066054763,31733.986713803057,46125.92950233884
484020,2.970275200351443,FAT_024,FAT_024,1,Autologous,1.0,3.6809180942543263,3.6809180942543263,25.15,84,1596.857528345215,1242.0,-0.3625704276573546,1596.857528345215,3.2032661701061427,-0.43706700153502226,1179.4944251076201,1596.857528345215
500632,4.226047031543686,FAT_024,FAT_024,1,Autologous,1.0,3.6809180942543263,3.6809180942543263,27.33,84,43690.41871031474,38334.0,-0.1886923865553263,43690.41871031474,4.64038620682236,-0.209822563693248,37776.63946988023,43690.41871031474
511680,3.3420772240163488,FAT_024,FAT_024,1,Autologous,1.0,3.6809180942543263,3.6809180942543263,26.86,84,24902.82233817586,43702.0,0.8113900473897362,24902.82233817586,4.396248570245735,-0.47517921305935273,17914.528150416707,24902.82233817586
515619,7.415507567222413,FAT_024,FAT_024,1,Autologous,1.0,3.6809180942543263,3.6809180942543263,29.62,84,717546.6630146777,1634915.0,1.1880710709484843,717546.6630146777,5.855850149072682,-0.7798685505207813,417913.4250963667,717546.6630146777
515620,9.435594613489949,FAT_024,FAT_024,1,Autologous,1.0,3.6809180942543263,3.6809180942543263,31.6,84,74457.20164774863,42821.0,-0.7980929084586392,74457.20164774863,4.871906709940679,-0.8810607701523384,40427.88206520538,74457.20164774863
518635,3.683001455668812,FAT_024,FAT_024,1,Autologous,1.0,3.6809180942543263,3.6809180942543263,25.8,84,2042.0821256202091,841.0,-1.2798631820930282,2042.0821256202091,3.3100732039538654,0.019412721256894284,2069.7458255885776,2042.0821256202091
518636,3.8210327181833454,FAT_024,FAT_024,1,Autologous,1.0,3.6809180942543263,3.6809180942543263,28.81,84,7801.348822053676,21834.0,1.4847809701494838,7801.348822053676,3.892169696963818,-0.16036228879189104,6980.649585753655,7801.348822053676
518637,7.763330068476814,FAT_024,FAT_024,1,Autologous,1.0,3.6809180942543263,3.6809180942543263,18.67,84,92357.6549485846,50889.0,-0.8598777003824278,92357.6549485846,4.965472897222412,-0.2787976961745896,76128.35191448907,92357.6549485846
521003,2.891474452910936,FAT_024,FAT_024,1,Autologous,1.0,3.6809180942543263,3.6809180942543263,19.03,84,1308.122764765887,492.0,-1.4107677206235736,1308.122764765887,3.1166485035895595,-0.10536282161602134,1215.9931651293523,1308.122764765887
525259,3.070946496198082,FAT_024,FAT_024,1,Autologous,1.0,3.6809180942543263,3.6809180942543263,27.86,84,2996.449702947301,3498.0,0.2232761315759861,2996.449702947301,3.476606992222468,-0.3402387093723046,2366.9273883176324,2996.449702947301
525362,2.143360588166728,FAT_024,FAT_024,1,Autologous,1.0,3.6809180942543263,3.6809180942543263,22.5,84,1314.73501126007,1470.0,0.1610441057075921,1314.73501126007,3.11883822830531,-0.7542053453883084,779.4707028394608,1314.73501126007
536231,6.518202113264775,FAT_024,FAT_024,1,Autologous,1.0,3.6809180942543263,3.6809180942543263,31.15,84,249615.61127865853,156512.0,-0.6734348901084813,249615.61127865853,5.397271743190518,-0.27521156910099925,206264.65073248968,249615.61127865853
537007,3.9856163398112585,FAT_024,FAT_024,1,Autologous,1.0,3.6809180942543263,3.6809180942543263,29.22,84,8308.287719941047,10050.0,0.274572418030935,8308.287719941047,3.9195115279472064,-0.5007784953761177,5871.677305004931,8308.287719941047
537012,3.464144850353167,FAT_024,FAT_024,1,Autologous,1.0,3.6809180942543263,3.6809180942543263,29.72,84,9504.00229430582,520093.0,5.774090626006132,9504.00229430582,3.977906532477632,0.3148075007059019,11821.512153433088,9504.00229430582
537937,0.9669205322107696,FAT_024,FAT_024,1,Autologous,1.0,3.6809180942543263,3.6809180942543263,25.23,84,11743.34977366916,2220.0,-2.4032124121547005,11743.34977366916,4.069791996461194,-1.7080689517946863,3594.280835910556,11743.34977366916
545696,2.3796441509753765,FAT_024,FAT_024,1,Autologous,1.0,3.6809180942543263,3.6809180942543263,17.82,84,2410.163847129734,4307.0,0.8375520968728588,2410.163847129734,3.3820465676726053,0.07413488941328283,2537.250770775135,2410.163847129734
547043,8.083844612567143,FAT_024,FAT_024,1,Autologous,1.0,3.6809180942543263,3.6809180942543263,24.99,84,106745.903319927,15743.0,-2.7613983099512733,106745.903319927,5.028351216721045,-0.6057504160432529,70145.88059211489,106745.903319927
548480,0.9666162302321536,FAT_024,FAT_024,1,Autologous,1.0,3.6809180942543263,3.6809180942543263,25.09,84,10510.165802504012,2301.0,-2.191452539955949,10510.165802504012,4.021609567269404,-1.506428392153481,3699.3841791046084,10510.165802504012
552396,2.9486618514928824,FAT_024,FAT_024,1,Autologous,1.0,3.6809180942543263,3.6809180942543263,23.33,84,3319.3477400799084,3407.0,0.0376021711035118,3319.3477400799084,3.521052752163631,0.23731470447584832,3912.8355591610734,3319.3477400799084
552398,4.966081237126355,FAT_024,FAT_024,1,Autologous,1.0,3.6809180942543263,3.6809180942543263,29.38,84,19661.5149504534,62408.99999999999,1.6663796072298194,19661.5149504534,4.293616977853908,0.0018736549917222334,19687.066315521577,19661.5149504534
556270,2.601671002585767,FAT_024,FAT_024,1,Autologous,1.0,3.6809180942543263,3.6809180942543263,28.34,84,3658.776393447974,1804.0,-1.0201619092998129,3658.776393447974,3.563335868339004,0.32766998078188914,4591.70904679067,3658.776393447974
563193,4.541647698639959,FAT_024,FAT_024,1,Autologous,1.0,3.6809180942543263,3.6809180942543263,30.59,84,14455.472877366588,44886.0,1.6346497327048912,14455.472877366588,4.160032303178715,0.20410284328477618,16652.267595214802,14455.472877366588
565040,1.0174297171947315,FAT_024,FAT_024,1,Autologous,1.0,3.6809180942543263,3.6809180942543263,25.09,84,10240.16573732487,1819.0,-2.493021617478228,10240.16573732487,4.010306985763166,-1.5385401536967647,3525.009160741732,10240.16573732487
565042,0.9447155286443716,FAT_024,FAT_024,1,Autologous,1.0,3.6809180942543263,3.6809180942543263,25.09,84,11228.696588205245,1934.0,-2.5375307714560966,11228.696588205245,4.050329346875631,-1.596342678711911,3713.4905000106137,11228.696588205245
566550,2.5187510919851777,FAT_024,FAT_024,1,Autologous,1.0,3.6809180942543263,3.6809180942543263,29.11,84,3017.388483512214,5062.0,0.7464070545318782,3017.388483512214,3.479631228432939,-0.15121754271331192,2717.128715209827,3017.388483512214
566552,5.496255412263144,FAT_024,FAT_024,1,Autologous,1.0,3.6809180942543263,3.6809180942543263,25.62,84,11335.594573194536,2356.0,-2.2664486208429038,11335.594573194536,4.05444430462004,-0.15665680522431824,10169.179357774883,11335.594573194536
568816,3.1401716254391063,FAT_024,FAT_024,1,Autologous,1.0,3.6809180942543263,3.6809180942543263,23.68,84,4767.429722306004,10672.0,1.1625469949016998,4767.429722306004,3.6782842997380407,-0.4752422627332782,3429.431427610064,4767.429722306004
585394,4.093721092703061,FAT_024,FAT_024,1,Autologous,1.0,3.6809180942543263,3.6809180942543263,30.74,84,56161.115598344026,277978.0,2.307327209227635,56161.115598344026,4.74943572614085,-0.7392603363199154,33643.11424060347,56161.115598344026
585543,3.423475128673155,FAT_024,FAT_024,1,Autologous,1.0,3.6809180942543263,3.6809180942543263,30.29,84,14783.881119911017,153836.0,3.379296189699265,14783.881119911017,4.169788461642926,-0.07616567687971305,14023.62559129087,14783.881119911017
586220,2.270724485632494,FAT_024,FAT_024,1,Autologous,1.0,3.6809180942543263,3.6809180942543263,23.29,84,584.0817736528392,49.0,-3.57531671165626,584.0817736528392,2.766473654235757,0.059943913893842744,608.8615800463907,584.0817736528392
592028,3.3072669417013523,FAT_024,FAT_024,1,Autologous,1.0,3.6809180942543263,3.6809180942543263,21.11,84,1958.327003360557,3179.9999999999995,0.6994050778221327,1958.327003360557,3.291885212440269,-0.9663689628864783,1002.2571605851541,1958.327003360557
622312,5.716904825364177,FAT_024,FAT_024,1,Autologous,1.0,3.6809180942543263,3.6809180942543263,28.89,84,134727.82844222744,167600.0,0.3149742744139556,134727.82844222744,5.129457309833159,-0.07511374625729696,127892.71857438066,134727.82844222744
626939,5.243006668181363,FAT_024,FAT_024,1,Autologous,1.0,3.6809180942543263,3.6809180942543263,26.95,84,6859.103696632586,14932.0,1.122315441995971,6859.103696632586,3.8362673686166007,0.7569971045489738,11591.675201645361,6859.103696632586
645463,2.98738214086062,FAT_024,FAT_024,1,Autologous,1.0,3.6809180942543263,3.6809180942543263,28.02,84,2887.3476357932805,2984.0,0.0475027175095183,2887.3476357932805,3.4604990759547136,0.50565247876373,4099.356038643953,2887.3476357932805
649757,5.507752423503332,FAT_024,FAT_024,1,Autologous,1.0,3.6809180942543263,3.6809180942543263,27.82,84,97594.5541719776,21508.0,-2.1819272701576296,97594.5541719776,4.989425584479755,0.27855429477685767,118380.1218413654,97594.5541719776
657308,3.467228592006544,FAT_024,FAT_024,1,Autologous,1.0,3.6809180942543263,3.6809180942543263,20.15,84,6470.083194558149,3122.0,-1.051313725690958,6470.083194558149,3.810909865012632,-0.4261260698224353,4815.408511476445,6470.083194558149
657313,7.7854107974633235,FAT_024,FAT_024,1,Autologous,1.0,3.6809180942543263,3.6809180942543263,30.1,84,61763.89246108183,85375.0,0.4670499969407975,61763.89246108183,4.790734658135638,0.3953229681702898,81234.16664259983,61763.89246108183
657314,5.577462563965286,FAT_024,FAT_024,1,Autologous,1.0,3.6809180942543263,3.6809180942543263,30.01,84,138826.3192275386,46984.00000000001,-1.5630396574601293,138826.3192275386,5.142471809142754,0.3397853404098109,175694.18537494415,138826.3192275386
657317,7.564919899965912,FAT_024,FAT_024,1,Autologous,1.0,3.6809180942543263,3.6809180942543263,31.02,84,794827.2939154424,1856142.0,1.2235937649760926,794827.2939154424,5.900272772118377,-0.6456742770577685,508048.8203406313,794827.2939154424
657319,4.407738710710091,FAT_024,FAT_024,1,Autologous,1.0,3.6809180942543263,3.6809180942543263,26.02,84,17173.106186475838,131459.0,2.9363900001213814,17173.106186475838,4.234848855302947,0.12730866479070277,18757.397508251623,17173.106186475838
657321,10.85427351476782,FAT_024,FAT_024,1,Autologous,1.0,3.6809180942543263,3.6809180942543263,25.04,84,524001.7999656093,264092.0,-0.9885311681170402,524001.7999656093,5.719332778803935,-0.4955254257550577,371676.2083570528,524001.7999656093
657322,4.5259750413046085,FAT_024,FAT_024,1,Autologous,1.0,3.6809180942543263,3.6809180942543263,29.23,84,87239.77616208688,74244.0,-0.2327116285626285,87239.77616208688,4.940714542604792,-0.09415539569107838,81728.01373771789,87239.77616208688
657323,8.637917893967632,FAT_024,FAT_024,1,Autologous,1.0,3.6809180942543263,3.6809180942543263,29.77,84,856205.4719976969,244563.00000000003,-1.807750901143279,856205.4719976969,5.932577999077374,-1.0960980594755088,400515.75544594106,856205.4719976969
658089,8.056231699745913,FAT_024,FAT_024,1,Autologous,1.0,3.6809180942543263,3.6809180942543263,27.62,84,98292.14617711391,25572.0,-1.9425111467671508,98292.14617711391,4.992518817850377,0.4048723617155689,130136.02681296883,98292.14617711391
658659,2.9961913515157663,FAT_024,FAT_024,1,Autologous,1.0,3.6809180942543263,3.6809180942543263,27.88,84,4931.633843578217,6453.000000000001,0.3879043367843296,4931.633843578217,3.6929908242868983,-0.10547624003112474,4583.944092861998,4931.633843578217
665943,3.308441600685756,FAT_024,FAT_024,1,Autologous,1.0,3.6809180942543263,3.6809180942543263,23.67,84,2990.9394975354817,2005.0,-0.576996490397478,2990.9394975354817,3.4758076279586865,-0.7247371014994008,1809.8393288004497,2990.9394975354817
665951,4.115440328320305,FAT_024,FAT_024,1,Autologous,1.0,3.6809180942543263,3.6809180942543263,29.93,84,18776.575961315237,22553.0,0.2643853519932531,18776.575961315237,4.273616398543271,0.22317764863034883,21917.93149209773,18776.575961315237
665953,2.267601301114584,FAT_024,FAT_024,1,Autologous,1.0,3.6809180942543263,3.6809180942543263,29.11,84,1735.7147047230596,19415.0,3.4835699672002924,1735.7147047230596,3.239478342760587,-0.5449056121207713,1189.7217704270472,1735.7147047230596
717960,5.956960275996538,FAT_024,FAT_024,1,Autologous,1.0,3.6809180942543263,3.6809180942543263,17.34,84,25958.57769508043,39671.0,0.6118734261052174,25958.57769508043,4.41428089320922,-0.6924496715633492,16063.226070814088,25958.57769508043
717962,8.38888338176634,FAT_024,FAT_024,1,Autologous,1.0,3.6809180942543263,3.6809180942543263,28.91,84,66431.03644489273,66488.0,0.0012365579181718,66431.03644489273,4.822371028277562,0.20504417335876066,76576.49334584254,66431.03644489273
718252,6.910903085983916,FAT_024,FAT_024,1,Autologous,1.0,3.6809180942543263,3.6809180942543263,28.53,84,201023.31383398944,114354.0,-0.8138559979720297,201023.31383398944,5.303246427979193,-0.1736728504169269,178223.79644113584,201023.31383398944
742726,3.984094743176796,FAT_024,FAT_024,1,Autologous,1.0,3.6809180942543263,3.6809180942543263,24.86,84,6045.797377848066,146147.0,4.595343776114335,6045.797377848066,3.781453587903479,-0.071332439433658,5754.139466958079,6045.797377848066
742733,2.6035747143241563,FAT_024,FAT_024,1,Autologous,1.0,3.6809180942543263,3.6809180942543263,31.17,84,3170.572193960789,6539.000000000001,1.0443267958864262,3170.572193960789,3.501137646525294,-0.4545233071259731,2313.729039113057,3170.572193960789
742740,4.479797245542659,FAT_024,FAT_024,1,Autologous,1.0,3.6809180942543263,3.6809180942543263,28.76,84,14754.12601068719,19261.0,0.3845641450634187,14754.12601068719,4.168913488320707,-0.255717444073672,12357.620877062809,14754.12601068719
742741,3.308093225325082,FAT_024,FAT_024,1,Autologous,1.0,3.6809180942543263,3.6809180942543263,28.31,84,4442.327603008669,7414.0,0.7389363256471696,4442.327603008669,3.6476105827880194,0.08080176267243303,4698.230685623109,4442.327603008669
742742,3.2069926312148915,FAT_024,FAT_024,1,Autologous,1.0,3.6809180942543263,3.6809180942543263,29.51,84,1657.4697878752263,1218.0,-0.4444684400922115,1657.4697878752263,3.2194456208905917,-0.2035988527051811,1439.3163510895017,1657.4697878752263
742818,2.968591432990968,FAT_024,FAT_024,1,Autologous,1.0,3.6809180942543263,3.6809180942543263,22.83,84,1574.816706697938,676.0,-1.2200887711345387,1574.816706697938,3.1972300134259384,-0.8796237844609798,855.9272820312354,1574.816706697938
748224,8.132793570754359,FAT_024,FAT_024,1,Autologous,1.0,3.6809180942543263,3.6809180942543263,29.49,84,205505.3149159632,97317.0,-1.0784119543505726,205505.3149159632,5.312823058371824,0.11353263277219128,222330.879676192,205505.3149159632
759350,2.703290795719896,FAT_024,FAT_024,1,Autologous,1.0,3.6809180942543263,3.6809180942543263,26.44,84,3633.4294485536057,719.0,-2.3372682175519963,3633.4294485536057,3.560316731778121,0.24893896401924986,4317.7234966394935,3633.4294485536057
762984,5.70551162814616,FAT_024,FAT_024,1,Autologous,1.0,3.6809180942543263,3.6809180942543263,30.29,84,10374.61474937326,112555.0,3.439500477089719,10374.61474937326,4.015971978605548,-0.11727777925593848,9564.622839504873,10374.61474937326
862962,2.820761122647854,FAT_024,FAT_024,1,Autologous,1.0,3.6809180942543263,3.6809180942543263,30.19,84,6480.001564299423,4896.0,-0.4043906033519816,6480.001564299423,3.8115751107111056,-0.15096483369519162,5836.200016385426,6480.001564299423
888048,3.962531474396568,FAT_024,FAT_024,1,Autologous,1.0,3.6809180942543263,3.6809180942543263,23.96,84,2683.470035555969,2717.0,0.0179147869313636,2683.470035555969,3.428696750185621,-1.0215072762606792,1321.8811793548728,2683.470035555969
890402,1.080800511636263,FAT_024,FAT_024,1,Autologous,1.0,3.6809180942543263,3.6809180942543263,25.09,84,11191.22719140487,2465.0,-2.182708694239148,11191.22719140487,4.048877712375794,-1.6385512996449978,3594.385236264595,11191.22719140487
904306,4.6102453107907335,FAT_024,FAT_024,1,Autologous,1.0,3.6809180942543263,3.6809180942543263,25.52,84,10179.55347779486,1326.0,-2.9405215989742923,10179.55347779486,4.007728728257828,0.17806941926931508,11516.830225607415,10179.55347779486
999410,3.801297468786868,FAT_024,FAT_024,1,Autologous,1.0,3.6809180942543263,3.6809180942543263,31.57,84,13732.533927335902,22585.0,0.7177670576198205,13732.533927335902,4.13775068065437,0.013589562414104708,13862.499598188175,13732.533927335902
999412,2.6586605855457672,FAT_024,FAT_024,1,Autologous,1.0,3.6809180942543263,3.6809180942543263,30.37,84,3546.3682030468613,4002.0,0.1743788348613882,3546.3682030468613,3.549783824397979,-0.008249907310329794,3526.1465240714583,3546.3682030468613
999413,5.006575032071636,FAT_024,FAT_024,1,Autologous,1.0,3.6809180942543263,3.6809180942543263,27.68,84,12769.3500213499,5144.0,-1.3117225438368871,12769.3500213499,4.10616879159973,0.6905517788909556,20608.462418203046,12769.3500213499
1042156,3.160918969084615,FAT_024,FAT_024,1,Autologous,1.0,3.6809180942543263,3.6809180942543263,29.17,84,2357.2658751762697,2687.0,0.1888818325272151,2357.2658751762697,3.372408569206496,-0.1192011521945203,2170.3283672004586,2357.2658751762697
1121114,3.0253314031673346,FAT_024,FAT_024,1,Autologous,1.0,3.6809180942543263,3.6809180942543263,30.63,84,6418.287263687048,5904.999999999999,-0.1202513022350836,6418.287263687048,3.807419150939949,-0.4755603936183636,4615.951188476357,6418.287263687048
1121115,7.413834235606126,FAT_024,FAT_024,1,Autologous,1.0,3.6809180942543263,3.6809180942543263,29.66,84,424498.5106389775,116425.0,-1.86635860990622,424498.5106389775,5.627876170852272,-0.6739304323058194,266074.2800726094,424498.5106389775
1121333,4.447109944649816,FAT_024,FAT_024,1,Autologous,1.0,3.6809180942543263,3.6809180942543263,27.95,84,6326.817853850848,3996.0,-0.6629234787997584,6326.817853850848,3.8011853315025874,0.4264830498410457,8502.947980451494,6326.817853850848
1121864,2.8133268679875085,FAT_024,FAT_024,1,Autologous,1.0,3.6809180942543263,3.6809180942543263,26.71,84,1200.1227386942298,454.00000000000006,-1.402417757746898,1200.1227386942298,3.079225664390743,0.12392742906145221,1307.7705038342954,1200.1227386942298
1123075,2.4329218909610346,FAT_024,FAT_024,1,Autologous,1.0,3.6809180942543263,3.6809180942543263,29.66,84,1988.082112584381,2594.0,0.3838011346754116,1988.082112584381,3.298434317840891,-0.3928725407398288,1514.1465055883964,1988.082112584381
1123263,4.516257174378258,FAT_024,FAT_024,1,Autologous,1.0,3.6809180942543263,3.6809180942543263,14.87,84,5754.858532104012,12244.999999999998,1.0893404048175916,5754.858532104012,3.760034652121894,0.21816220990254906,6694.343933463995,5754.858532104012
1123313,2.336045486760824,FAT_024,FAT_024,1,Autologous,1.0,3.6809180942543263,3.6809180942543263,26.01,84,997.347179539282,2201.0,1.141991441600083,997.347179539282,2.9988463638401712,-0.16861237235826593,887.3377990830937,997.347179539282
1150460,6.340506906561349,FAT_024,FAT_024,1,Autologous,1.0,3.6809180942543263,3.6809180942543263,25.62,84,11471.14562632529,2027.0,-2.500591486964031,11471.14562632529,4.059606793171179,-0.30163897728778033,9306.886404417444,11471.14562632529
1160721,6.098484288452024,FAT_024,FAT_024,1,Autologous,1.0,3.6809180942543263,3.6809180942543263,26.89,84,27519.06786770764,36970.0,0.4259234399608279,27519.06786770764,4.439633719288511,-0.48273569681505635,19693.17746529795,27519.06786770764
1203606,6.367915608165158,FAT_024,FAT_024,1,Autologous,1.0,3.6809180942543263,3.6809180942543263,29.5,84,35824.04946440159,78921.0,1.139480811100465,35824.04946440159,4.554174675891661,0.1966404519987413,41055.311376390855,35824.04946440159
1203611,3.746318253968763,FAT_024,FAT_024,1,Autologous,1.0,3.6809180942543263,3.6809180942543263,24.03,84,4250.57245467736,765251.9999999999,7.492133947754028,4250.57245467736,3.62844742350101,-0.9095176990220998,2262.8476456802114,4250.57245467736
1211844,3.887965079033763,FAT_024,FAT_024,1,Autologous,1.0,3.6809180942543263,3.6809180942543263,26.51,84,3632.327407471241,1349.0,-1.4290039005558577,3632.327407471241,3.560184987660046,-0.05942878896176018,3485.7411995351085,3632.327407471241
1215915,3.9794574671686456,FAT_024,FAT_024,1,Autologous,1.0,3.6809180942543263,3.6809180942543263,27.78,84,2928.1231558407426,115.0,-4.670270467867038,2928.1231558407426,3.4665893390452456,-0.5683497899376942,1974.690351811663,2928.1231558407426
1256908,9.354332471524136,FAT_024,FAT_024,1,Autologous,1.0,3.6809180942543263,3.6809180942543263,29.47,84,244326.91612439445,213371.0,-0.1954486982220264,244326.91612439445,5.387971313393373,-2.0452577096716835,59195.32290226405,244326.91612439445
1282887,2.768698093132669,FAT_024,FAT_024,1,Autologous,1.0,3.6809180942543263,3.6809180942543263,29.51,84,1211.1431495178683,829.0,-0.5469253857743872,1211.1431495178683,3.0831954770584584,0.166932429622983,1359.7126738731079,1211.1431495178683
1322347,0.9611889356596884,FAT_024,FAT_024,1,Autologous,1.0,3.6809180942543263,3.6809180942543263,25.09,84,11322.370080206168,2084.0,-2.441748802389357,11322.370080206168,4.053937346023287,-1.6739311876033511,3548.410436214616,11322.370080206168
1384484,3.917417942840565,FAT_024,FAT_024,1,Autologous,1.0,3.6809180942543263,3.6809180942543263,25.0,84,9623.022731201116,2828.0,-1.7667080165022986,9623.022731201116,3.9833115116720696,-1.077566282258627,4559.652425446993,9623.022731201116
1408437,4.610149921653909,FAT_024,FAT_024,1,Autologous,1.0,3.6809180942543263,3.6809180942543263,26.48,84,6714.736314842922,7282.0,0.1170039941062993,6714.736314842922,3.827028962759437,0.21188422590187245,7777.00665089644,6714.736314842922
1410647,5.693706834956101,FAT_024,FAT_024,1,Autologous,1.0,3.6809180942543263,3.6809180942543263,25.61,84,7152.24662454137,2652.0,-1.4313157090948196,7152.24662454137,3.854442481435337,-0.08832509002684619,6727.504237183423,7152.24662454137
1437612,5.971400158721197,FAT_024,FAT_024,1,Autologous,1.0,3.6809180942543263,3.6809180942543263,25.15,84,68242.79198429889,26119.0,-1.3855770096678153,68242.79198429889,4.834056786602757,-0.1920590409585001,59736.70369788289,68242.79198429889
