taxon,average_distance,recipient,donor_subject,n_donor_replicates_used,fmt_type,diversity_ratio,donor_shannonD,recipient_shannonD,met_independence,timepoint_day,pre_abundance,post_abundance,log_fold_change,donor_abundance,log10_pre_abund,loo_pred_fc,pred_abundance,naive_pred
818,4.132934798890701,FAT_006,FAT_DON_11,3,Allogenic,0.9895833881875769,4.117593840790878,4.160936703204221,29.11,42,5458.7634260088935,3726.346909551357,-0.5508121840928779,31828.58137034028,3.7370942730923287,0.3893150511252066,7149.732299607519,5458.7634260088935
904,2.235441027099584,FAT_006,FAT_DON_11,3,Allogenic,0.9895833881875769,4.117593840790878,4.160936703204221,23.81,42,2403.3871844952587,1681.60782683378,-0.5152277953812358,531.3385560830724,3.3808237410679167,0.2849519262570858,2928.214037075381,2403.3871844952587
205913,6.2738036132792665,FAT_006,FAT_DON_11,3,Allogenic,0.9895833881875769,4.117593840790878,4.160936703204221,24.89,42,30412.597811965392,14692.310620290138,-1.049607752600725,2484.957418232842,4.483053518704301,0.09384976732640317,32456.756233455813,30412.597811965392
206672,6.114363576550159,FAT_006,FAT_DON_11,3,Allogenic,0.9895833881875769,4.117593840790878,4.160936703204221,25.09,42,28173.105124372,13592.913236774184,-1.0514638923924182,2067.5904068101377,4.449834715784583,-0.3489987320419629,22119.51646391709,28173.105124372
207244,1.311986796758137,FAT_006,FAT_DON_11,3,Allogenic,0.9895833881875769,4.117593840790878,4.160936703204221,29.93,42,683.0931221238392,491.1775389502593,-0.4758376769322612,991.1781272767964,2.834479912565516,-1.4146066345754769,256.236435061747,683.0931221238392
213810,5.267243398945746,FAT_006,FAT_DON_11,3,Allogenic,0.9895833881875769,4.117593840790878,4.160936703204221,22.4,42,8977.111713515393,5406.95437479868,-0.7314351657774751,17090.864816563542,3.953136629690676,-0.04505905717600532,8701.066781198802,8977.111713515393
226186,7.162643453755244,FAT_006,FAT_DON_11,3,Allogenic,0.9895833881875769,4.117593840790878,4.160936703204221,29.11,42,21942.72162170833,25579.24576569884,0.2212312466367737,31055.54262608152,4.3412904934294,-1.3178890356777695,8801.695964677745,21942.72162170833
246198,1.8654138450790587,FAT_006,FAT_DON_11,3,Allogenic,0.9895833881875769,4.117593840790878,4.160936703204221,18.6,42,1246.555224611279,1409.5094753175465,0.177246378147017,15.41344196914333,3.0957115232831733,-0.8845563014293899,675.2017258523396,1246.555224611279
246201,0.0,FAT_006,FAT_DON_11,3,Allogenic,0.9895833881875769,4.117593840790878,4.160936703204221,22.8,42,8.37417137454794,5.0018079322837,-0.743496783054353,407.4128339795628,0.9229418443339246,0.9661919075181999,16.3604253306035,8.37417137454794
264199,4.517010551825996,FAT_006,FAT_DON_11,3,Allogenic,0.9895833881875769,4.117593840790878,4.160936703204221,24.34,42,306.2554102691818,122.04411354772228,-1.327332618321225,82988.82486059259,2.486083769631517,-1.6771016258804852,95.76920327955285,306.2554102691818
264731,2.7120382023279803,FAT_006,FAT_DON_11,3,Allogenic,0.9895833881875769,4.117593840790878,4.160936703204221,28.87,42,3843.744660917505,5318.922555190487,0.4686215297273177,51.74320659048965,3.584754529871186,0.28893187416504773,4696.038953330077,3843.744660917505
272559,3.396185143556282,FAT_006,FAT_DON_11,3,Allogenic,0.9895833881875769,4.117593840790878,4.160936703204221,30.39,42,2716.8204559426244,394.1424650639555,-2.785130127134623,5153.241891717636,3.4340609385394028,-0.7420697286279004,1624.3353331508401,2716.8204559426244
272621,3.984626741711936,FAT_006,FAT_DON_11,3,Allogenic,0.9895833881875769,4.117593840790878,4.160936703204221,14.99,42,13.159412160003908,3.00108475937022,-2.1325390738002525,541.989745235143,1.1192364894778928,-1.6879677025863233,4.084205438454914,13.159412160003908
295405,4.274005720590647,FAT_006,FAT_DON_11,3,Allogenic,0.9895833881875769,4.117593840790878,4.160936703204221,30.39,42,4026.7801209611953,1158.4187171169049,-1.7974698792248236,8720.847778857322,3.604957915959473,-0.4813333549048068,2884.4441756593205,4026.7801209611953
314315,2.6511077471921234,FAT_006,FAT_DON_11,3,Allogenic,0.9895833881875769,4.117593840790878,4.160936703204221,15.29,42,37.08561608728374,105.03796657795768,1.5019792513951358,265.5678333656392,1.5692054981539405,-1.9573022846430528,9.549899470515935,37.08561608728374
321967,3.5018369022221,FAT_006,FAT_DON_11,3,Allogenic,0.9895833881875769,4.117593840790878,4.160936703204221,22.05,42,9.570481570911932,21.00759331559154,1.134247466894649,1051.179973055832,0.9809337913116114,-1.805943115148568,2.737100494940521,9.570481570911932
326426,2.04965279116624,FAT_006,FAT_DON_11,3,Allogenic,0.9895833881875769,4.117593840790878,4.160936703204221,25.0,42,1802.839465920535,873.3156649767341,-1.045695813852495,63.61409950488602,3.2559570566342995,0.9112194442642735,3390.481991658625,1802.839465920535
347253,4.011384084646211,FAT_006,FAT_DON_11,3,Allogenic,0.9895833881875769,4.117593840790878,4.160936703204221,25.68,42,261.9919330037141,161.05821541953512,-0.7019401373706677,24999.847962886084,2.418287919159786,-1.3364522479544356,103.74703761578527,261.9919330037141
349741,1.944526792776832,FAT_006,FAT_DON_11,3,Allogenic,0.9895833881875769,4.117593840790878,4.160936703204221,28.37,42,45.45978746183168,1081.3908749597358,4.572153338406953,31547.830856312212,1.657627400936478,-1.0467429805651682,22.00525299562581,45.45978746183168
367928,9.738216683400202,FAT_006,FAT_DON_11,3,Allogenic,0.9895833881875769,4.117593840790878,4.160936703204221,25.27,42,583221.558000784,146793.05919666204,-1.9902602929622863,86.50858026445366,5.765833568718256,-1.923691872803672,153725.039245029,583221.558000784
391904,4.351090370391134,FAT_006,FAT_DON_11,3,Allogenic,0.9895833881875769,4.117593840790878,4.160936703204221,26.99,42,8075.093825456943,3521.272784327725,-1.1973820291850072,646.4086510515107,3.9071475771506927,-0.05531252891149768,7771.356763928358,8075.093825456943
398513,2.3793826931927478,FAT_006,FAT_DON_11,3,Allogenic,0.9895833881875769,4.117593840790878,4.160936703204221,25.15,42,1424.805443869514,468.1692224617543,-1.605662934164821,42.12519995697748,3.153755565802445,0.7731940461504763,2435.0628003411944,1424.805443869514
409438,2.758244312118618,FAT_006,FAT_DON_11,3,Allogenic,0.9895833881875769,4.117593840790878,4.160936703204221,31.07,42,2176.0882471861005,283.10232896725745,-2.942341540703715,277.9151449800178,3.3376765033831512,-3.5919101670047975,180.46949430019018,2176.0882471861005
411459,7.9351218529522045,FAT_006,FAT_DON_11,3,Allogenic,0.9895833881875769,4.117593840790878,4.160936703204221,29.69,42,77012.46889093195,55396.02321162843,-0.4753096364513314,101602.94011973082,4.886561046368915,-0.02498007671606617,75690.48603167427,77012.46889093195
411460,4.527953071465155,FAT_006,FAT_DON_11,3,Allogenic,0.9895833881875769,4.117593840790878,4.160936703204221,29.93,42,5004.165551390576,3373.219269532127,-0.5690034175860642,6037.826826987191,3.699331668900298,0.138524820072021,5508.48022750051,5004.165551390576
411461,12.80445587808324,FAT_006,FAT_DON_11,3,Allogenic,0.9895833881875769,4.117593840790878,4.160936703204221,31.07,42,115910.49492570711,89716.42851978626,-0.3695671036215592,51566.3675839195,5.064122760225659,-1.222984662384404,49655.538106712214,115910.49492570711
411462,16.080737677648482,FAT_006,FAT_DON_11,3,Allogenic,0.9895833881875769,4.117593840790878,4.160936703204221,28.31,42,344567.2443077386,251163.78459645307,-0.456157104291481,119980.70770093064,5.537273989616521,-3.222714282267375,36909.68367478346,344567.2443077386
411463,4.574105918685276,FAT_006,FAT_DON_11,3,Allogenic,0.9895833881875769,4.117593840790878,4.160936703204221,26.73,42,19100.28859514749,12450.500305040589,-0.6173907207401134,18442.8369130503,4.281039929254701,-0.1134599341084037,17655.705893106602,19100.28859514749
411464,7.616796000985642,FAT_006,FAT_DON_11,3,Allogenic,0.9895833881875769,4.117593840790878,4.160936703204221,28.1,42,34250.36092190108,24734.94058672935,-0.469568756769171,16980.582791488836,4.534665152341266,-0.16440052691780063,30561.570106309664,34250.36092190108
411466,1.3998210213379334,FAT_006,FAT_DON_11,3,Allogenic,0.9895833881875769,4.117593840790878,4.160936703204221,23.67,42,218.92476593461043,117.04230561543858,-0.9034050745847492,1524.1213405510653,2.340294894050097,-1.4850400928238792,78.20837843233183,218.92476593461043
411467,4.8785919297945535,FAT_006,FAT_DON_11,3,Allogenic,0.9895833881875769,4.117593840790878,4.160936703204221,27.37,42,30181.70994406714,25809.328930583888,-0.2257819136868342,14859.398759475887,4.4797438410802535,-0.2242129870764174,25837.41176705987,30181.70994406714
411468,4.90321882754492,FAT_006,FAT_DON_11,3,Allogenic,0.9895833881875769,4.117593840790878,4.160936703204221,27.59,42,9631.493390926496,6630.396595035272,-0.5386643421967118,3231.584578586118,3.9836936309619855,-0.01109887433374114,9557.681122897677,9631.493390926496
411469,13.582280252276922,FAT_006,FAT_DON_11,3,Allogenic,0.9895833881875769,4.117593840790878,4.160936703204221,29.85,42,61169.73296048361,22865.264781641705,-1.419660352163825,129418.6931376056,4.786536584567746,-1.3561229230641598,23894.772880763463,61169.73296048361
411470,6.032672290184976,FAT_006,FAT_DON_11,3,Allogenic,0.9895833881875769,4.117593840790878,4.160936703204221,31.06,42,11618.564627087086,8750.162796737104,-0.4090500836469972,15430.29847983428,4.06515247805085,-1.1343002490035095,5292.904755145274,11618.564627087086
411471,8.695085892233084,FAT_006,FAT_DON_11,3,Allogenic,0.9895833881875769,4.117593840790878,4.160936703204221,28.72,42,54914.2269436963,43978.89642539766,-0.3203685622319507,27871.987037834664,4.739684874189602,-0.616974832887189,35806.09362546927,54914.2269436963
411473,6.553925263768317,FAT_006,FAT_DON_11,3,Allogenic,0.9895833881875769,4.117593840790878,4.160936703204221,29.04,42,10843.355619843218,7555.731062507757,-0.5211680301590058,22321.57589840618,4.0351637011750086,-0.13924584251864217,9845.698349288741,10843.355619843218
411474,9.015812341446898,FAT_006,FAT_DON_11,3,Allogenic,0.9895833881875769,4.117593840790878,4.160936703204221,27.02,42,118048.30124660958,269892.55421809613,1.1930078954913983,14260.192040855203,5.072059741821083,-0.23986486024601347,99966.20928307885,118048.30124660958
411475,7.320949155430554,FAT_006,FAT_DON_11,3,Allogenic,0.9895833881875769,4.117593840790878,4.160936703204221,28.82,42,18819.15569900195,12539.532486235235,-0.5857183437007447,17829.542507480248,4.274600135377654,-0.8091906755048922,10740.128310541708,18819.15569900195
411476,4.653111616779993,FAT_006,FAT_DON_11,3,Allogenic,0.9895833881875769,4.117593840790878,4.160936703204221,29.68,42,5772.196697456259,6789.454087281893,0.2341751148597986,16152.685635077798,3.7613411219994792,-0.5447543266161609,3956.887742310593,5772.196697456259
411477,10.267095445220283,FAT_006,FAT_DON_11,3,Allogenic,0.9895833881875769,4.117593840790878,4.160936703204221,29.89,42,69844.17819431891,24686.92323057943,-1.500392823583238,95667.60176324152,4.84413021168922,-1.1615935037891685,31221.64089701386,69844.17819431891
411479,7.755968819160387,FAT_006,FAT_DON_11,3,Allogenic,0.9895833881875769,4.117593840790878,4.160936703204221,30.29,42,21244.07646703176,26228.480435309262,0.3040735990503853,56702.2985170426,4.327237855972018,-0.30269104995671936,17223.395346561876,21244.07646703176
411483,11.203937349985074,FAT_006,FAT_DON_11,3,Allogenic,0.9895833881875769,4.117593840790878,4.160936703204221,28.13,42,201687.13231520168,575938.1761707389,1.5137949119006584,363790.8903020438,5.3046781910101455,-0.14310716583613026,182641.15356330125,201687.13231520168
411484,9.808295613181349,FAT_006,FAT_DON_11,3,Allogenic,0.9895833881875769,4.117593840790878,4.160936703204221,27.82,42,9730.787137224706,8913.221735329553,-0.1266095149369599,174205.77825472775,3.9881479723882367,-1.62430066685731,3156.347053775002,9730.787137224706
411485,11.38838071930155,FAT_006,FAT_DON_11,3,Allogenic,0.9895833881875769,4.117593840790878,4.160936703204221,29.4,42,228772.7914710788,415804.29485708976,0.8619891809858844,393027.3180631168,5.359404371446916,-0.07539571827464667,217124.08371902248,228772.7914710788
411486,9.205749538255276,FAT_006,FAT_DON_11,3,Allogenic,0.9895833881875769,4.117593840790878,4.160936703204221,26.21,42,53721.5056779214,76207.54565627445,0.5044341121746931,34355.536903921515,4.730148176343086,-0.8505583498372066,29792.338925622294,53721.5056779214
411487,9.394781769332557,FAT_006,FAT_DON_11,3,Allogenic,0.9895833881875769,4.117593840790878,4.160936703204221,31.0,42,27674.24377248821,19551.066845710524,-0.5012965609859314,23195.374967399013,4.4420757621642135,-1.344241377889418,10899.806446234888,27674.24377248821
411489,13.080185650412687,FAT_006,FAT_DON_11,3,Allogenic,0.9895833881875769,4.117593840790878,4.160936703204221,27.23,42,244745.92521293083,12814.631922510838,-4.255420895036998,21159.962145713784,5.388715469944959,-0.8049522126927617,140087.92704449326,244745.92521293083
411490,5.55797130531644,FAT_006,FAT_DON_11,3,Allogenic,0.9895833881875769,4.117593840790878,4.160936703204221,30.71,42,9078.798080206332,4870.760564457867,-0.8983542499970696,2949.8480311255494,3.958028357146101,-0.6101581552924134,5947.7465028059805,9078.798080206332
411901,1.011901420378252,FAT_006,FAT_DON_11,3,Allogenic,0.9895833881875769,4.117593840790878,4.160936703204221,29.11,42,1283.640840698563,1651.5969792400776,0.3636200882726247,1948.4553350298104,3.108443526285619,1.5455231630715998,3747.0747542147415,1283.640840698563
411902,4.6593543430748285,FAT_006,FAT_DON_11,3,Allogenic,0.9895833881875769,4.117593840790878,4.160936703204221,31.82,42,7424.30107863493,5702.061042803418,-0.3807717334733638,7561.77860594908,3.8706555755678154,0.026776194301584125,7563.381609466775,7424.30107863493
411903,14.72669035496178,FAT_006,FAT_DON_11,3,Allogenic,0.9895833881875769,4.117593840790878,4.160936703204221,26.62,42,397121.1512340088,174038.9073653978,-1.1901693382584764,78558.74118886735,5.598923018818064,-3.22190239200704,42563.14942361357,397121.1512340088
420247,5.065351211865121,FAT_006,FAT_DON_11,3,Allogenic,0.9895833881875769,4.117593840790878,4.160936703204221,18.18,42,18343.02424084908,7322.646812863337,-1.3247943994340723,10.118549507980132,4.263470939994567,0.027264867344811327,18692.977485432846,18343.02424084908
428125,4.044484852488064,FAT_006,FAT_DON_11,3,Allogenic,0.9895833881875769,4.117593840790878,4.160936703204221,26.43,42,14251.64336928423,10538.809313321755,-0.4354164084250669,5957.150111264262,4.153864946103213,-0.31468374321827386,11458.709259082563,14251.64336928423
428126,1.02981136701441,FAT_006,FAT_DON_11,3,Allogenic,0.9895833881875769,4.117593840790878,4.160936703204221,27.15,42,157.91294592004687,162.05857700599188,0.0373859276420602,855.41375454433,2.198417735525517,0.0013683718246103838,158.06279472942674,157.91294592004687
428127,5.550935685657187,FAT_006,FAT_DON_11,3,Allogenic,0.9895833881875769,4.117593840790878,4.160936703204221,17.97,42,10982.127602621442,5984.163010184218,-0.8759361990659293,4871.297505540306,4.040686485520911,-0.040311702428032135,10679.513127276457,10982.127602621442
428128,6.918010451293672,FAT_006,FAT_DON_11,3,Allogenic,0.9895833881875769,4.117593840790878,4.160936703204221,26.14,42,31631.6379020603,42957.52724562533,0.4415426889251732,1179.6121588105975,4.500121680483848,-0.08614575622595304,29798.1446383208,31631.6379020603
435590,11.91402057936441,FAT_006,FAT_DON_11,3,Allogenic,0.9895833881875769,4.117593840790878,4.160936703204221,30.99,42,30752.34990773276,19308.979341788,-0.6714247501307525,563916.722966483,4.487878307525033,-1.492463010012625,10929.547304379226,30752.34990773276
435591,7.454044095363937,FAT_006,FAT_DON_11,3,Allogenic,0.9895833881875769,4.117593840790878,4.160936703204221,30.59,42,24752.85427296735,11102.0128864969,-1.156773620393472,12234.390987313918,4.393625285028271,-1.7350260363814547,7435.84630951118,24752.85427296735
435830,1.852510934426272,FAT_006,FAT_DON_11,3,Allogenic,0.9895833881875769,4.117593840790878,4.160936703204221,21.31,42,1181.9544740076235,552.1995957241204,-1.0979127306906202,363.4601023098284,3.072600748907296,-1.162903470721423,527.8760060822727,1181.9544740076235
442563,2.3929410962976263,FAT_006,FAT_DON_11,3,Allogenic,0.9895833881875769,4.117593840790878,4.160936703204221,24.15,42,70.58230158547549,53.01916408220721,-0.4127925506827534,5163.893686555394,1.848695815961812,-2.030841868756994,17.27235267382598,70.58230158547549
445970,8.25473156448561,FAT_006,FAT_DON_11,3,Allogenic,0.9895833881875769,4.117593840790878,4.160936703204221,17.81,42,3373.594753746456,1483.5362327153452,-1.1852465207156366,229264.18822724267,3.528092912639029,-2.282416099646404,693.4532757987549,3373.594753746456
445972,6.947077765294476,FAT_006,FAT_DON_11,3,Allogenic,0.9895833881875769,4.117593840790878,4.160936703204221,25.15,42,14053.055876687808,9743.521852088646,-0.5283686405530047,17485.78535471571,4.14777077307214,-0.49409598745235317,9977.760153542034,14053.055876687808
445973,5.782498867560718,FAT_006,FAT_DON_11,3,Allogenic,0.9895833881875769,4.117593840790878,4.160936703204221,29.52,42,4197.852479041246,1120.4049768315488,-1.9056311713413112,6072.800315415098,3.623027172535074,0.33656307638481814,5300.816299575384,4197.852479041246
445975,2.963544366221452,FAT_006,FAT_DON_11,3,Allogenic,0.9895833881875769,4.117593840790878,4.160936703204221,20.24,42,5087.907265136056,2064.7463144467115,-1.3011078400866205,321.95855064170024,3.706539187033691,0.1303632850091007,5569.0670429490965,5087.907265136056
449673,4.866916399856039,FAT_006,FAT_DON_11,3,Allogenic,0.9895833881875769,4.117593840790878,4.160936703204221,29.11,42,5982.747292016321,3805.375474881439,-0.6527693147311205,6490.531528462775,3.7769006588673353,-0.3530168338842791,4684.163038884551,5982.747292016321
450749,2.06912647520005,FAT_006,FAT_DON_11,3,Allogenic,0.9895833881875769,4.117593840790878,4.160936703204221,27.8,42,65.79706080001952,21.00759331559154,-1.6471122466300103,5222.961504645643,1.8182064938139115,-1.3757266426755785,25.355460851651024,65.79706080001952
451640,8.348410547513835,FAT_006,FAT_DON_11,3,Allogenic,0.9895833881875769,4.117593840790878,4.160936703204221,25.98,42,135679.5209206221,120639.605880337,-0.1694993603588726,901.6039978203448,5.132514301437569,-0.1423298557549355,122933.07515472056,135679.5209206221
457387,3.849157377504829,FAT_006,FAT_DON_11,3,Allogenic,0.9895833881875769,4.117593840790878,4.160936703204221,29.03,42,5670.51033076532,4218.524810088073,-0.4267399933905991,12211.717026591074,3.753622145993753,0.6016133119855707,8604.503165447259,5670.51033076532
457388,6.181677797299827,FAT_006,FAT_DON_11,3,Allogenic,0.9895833881875769,4.117593840790878,4.160936703204221,30.59,42,17015.119922885053,8247.981280335822,-1.0447043560068334,18207.428740201027,4.230835014358287,-0.8587573074565398,9382.602246545217,17015.119922885053
457390,1.6817464391274164,FAT_006,FAT_DON_11,3,Allogenic,0.9895833881875769,4.117593840790878,4.160936703204221,29.68,42,1414.038652102238,1533.5543120381822,0.1170577055971333,18205.570996970026,3.150461280864904,-0.15000088957555088,1274.402203551449,1414.038652102238
457391,6.750824908392549,FAT_006,FAT_DON_11,3,Allogenic,0.9895833881875769,4.117593840790878,4.160936703204221,30.88,42,16802.17670793226,19232.951861217283,0.1949320585419753,32338.12601285365,4.2253655478572645,-2.3895249959200053,3206.61521340525,16802.17670793226
457392,2.585667403547084,FAT_006,FAT_DON_11,3,Allogenic,0.9895833881875769,4.117593840790878,4.160936703204221,30.19,42,2204.799691898836,357.1290863650562,-2.6261300474857245,2948.334263825396,3.343369139538741,0.4042944869071945,2917.9235368869895,2204.799691898836
457393,10.58520122992193,FAT_006,FAT_DON_11,3,Allogenic,0.9895833881875769,4.117593840790878,4.160936703204221,29.75,42,53282.45983585581,65290.59966327204,0.2932146046481449,136695.4978520379,4.726584266246306,-0.6532819773023744,33878.704548268295,53282.45983585581
457394,8.09436180055919,FAT_006,FAT_DON_11,3,Allogenic,0.9895833881875769,4.117593840790878,4.160936703204221,30.99,42,13462.078639683996,4168.506730765235,-1.6912986195641884,313772.04370756634,4.129112123190053,-1.4744937531708593,4844.458892507405,13462.078639683996
457395,6.394036133642767,FAT_006,FAT_DON_11,3,Allogenic,0.9895833881875769,4.117593840790878,4.160936703204221,30.99,42,14123.638178273282,8646.125191745603,-0.7079861364506514,40373.24926884402,4.149946583204843,-0.7839469242335302,8202.666300259081,14123.638178273282
457412,12.376856959935472,FAT_006,FAT_DON_11,3,Allogenic,0.9895833881875769,4.117593840790878,4.160936703204221,30.36,42,183097.6681739016,100266.24181055906,-0.868777464716885,153809.98131154486,5.2626828134133525,-2.1202239869768293,42114.51424180167,183097.6681739016
457416,2.077315021469968,FAT_006,FAT_DON_11,3,Allogenic,0.9895833881875769,4.117593840790878,4.160936703204221,27.37,42,62.20813021092756,36.01301711244264,-0.7885846725828911,5225.9245387266965,1.7938471479544669,-1.307743290662805,25.129114826800677,62.20813021092756
457421,3.7017728647236416,FAT_006,FAT_DON_11,3,Allogenic,0.9895833881875769,4.117593840790878,4.160936703204221,31.17,42,5933.698573965397,3741.352333348208,-0.6653718063833497,5129.022240006748,3.773325480809865,0.26504212092655116,7130.354288298303,5933.698573965397
457424,3.4911894043683787,FAT_006,FAT_DON_11,3,Allogenic,0.9895833881875769,4.117593840790878,4.160936703204221,30.39,42,2807.740030866288,2378.859852594128,-0.2391390826616255,5543.067798841458,3.4483568939182603,-1.0886657484933524,1320.1882052068902,2807.740030866288
469585,3.258349484326851,FAT_006,FAT_DON_11,3,Allogenic,0.9895833881875769,4.117593840790878,4.160936703204221,29.25,42,2811.32896145538,1299.4697008073051,-1.113329281888592,13639.749313862774,3.448911666591404,-0.7359436709633793,1687.992631577915,2811.32896145538
469588,2.963925368185098,FAT_006,FAT_DON_11,3,Allogenic,0.9895833881875769,4.117593840790878,4.160936703204221,28.94,42,3884.41920759388,3273.183110886453,-0.2470045922284507,5529.155410142373,3.589326092945669,0.11903529196438752,4218.511975991832,3884.41920759388
469589,5.004276547847062,FAT_006,FAT_DON_11,3,Allogenic,0.9895833881875769,4.117593840790878,4.160936703204221,30.59,42,7819.083443435048,3135.133211955423,-1.3184727595572143,18111.36574022049,3.8931558478440262,-0.7123118003215942,4772.309811436223,7819.083443435048
469590,4.080461158753521,FAT_006,FAT_DON_11,3,Allogenic,0.9895833881875769,4.117593840790878,4.160936703204221,29.52,42,7119.241978562113,7276.630179886327,0.0315468521073933,15940.244929533905,3.8524337545844634,-0.23733640663144787,6039.324663220228,7119.241978562113
469591,6.660886924094201,FAT_006,FAT_DON_11,3,Allogenic,0.9895833881875769,4.117593840790878,4.160936703204221,30.59,42,17222.08158685602,8665.132061888282,-0.9909658857412704,30495.17409202205,4.236085642300542,-1.5348226065010255,5943.715312125282,17222.08158685602
469592,6.533976008699163,FAT_006,FAT_DON_11,3,Allogenic,0.9895833881875769,4.117593840790878,4.160936703204221,30.59,42,20022.643756544127,10435.772069916711,-0.9400951384222658,22275.24775491371,4.301521420449699,-1.2025676630063606,8699.864370092624,20022.643756544127
469593,8.2737050034132,FAT_006,FAT_DON_11,3,Allogenic,0.9895833881875769,4.117593840790878,4.160936703204221,30.99,42,14939.521732193523,5583.018014015066,-1.420016846811674,303602.17727782746,4.174336694374029,-1.3614130886930962,5814.475142283911,14939.521732193523
469596,3.663632958563716,FAT_006,FAT_DON_11,3,Allogenic,0.9895833881875769,4.117593840790878,4.160936703204221,28.15,42,6084.43365870726,3180.1494833459765,-0.9360284014362414,3915.337702933807,3.7842201601593577,0.1948701147416082,6964.371184900387,6084.43365870726
469610,1.7388086297456882,FAT_006,FAT_DON_11,3,Allogenic,0.9895833881875769,4.117593840790878,4.160936703204221,25.27,42,443.8310828510408,377.136318094191,-0.2349246192362501,17957.000732996283,2.647217713934713,-0.9941212702938601,222.8216532738963,443.8310828510408
470145,3.6285056116687806,FAT_006,FAT_DON_11,3,Allogenic,0.9895833881875769,4.117593840790878,4.160936703204221,28.33,42,2551.729648844394,1530.553227278812,-0.7374222686446688,5666.253192519181,3.4068346597690966,-0.7841157869297335,1481.809203420691,2551.729648844394
470146,9.88720754622362,FAT_006,FAT_DON_11,3,Allogenic,0.9895833881875769,4.117593840790878,4.160936703204221,28.01,42,155358.82365080976,150260.31245532108,-0.0481401747228215,103128.49854916388,5.191335924176338,-1.5000213257163366,54926.82693365107,155358.82365080976
471870,2.229570449986796,FAT_006,FAT_DON_11,3,Allogenic,0.9895833881875769,4.117593840790878,4.160936703204221,30.58,42,2100.720704815169,1375.497181378017,-0.6109311821200853,29621.812047722564,3.322368315889752,-0.09752012321279763,1963.4137750511545,2100.720704815169
471872,1.629432033682074,FAT_006,FAT_DON_11,3,Allogenic,0.9895833881875769,4.117593840790878,4.160936703204221,26.78,42,52.63764864001563,42.01518663118308,-0.3251841517426482,350.7328536544383,1.7212964808058553,-1.6779385019429145,16.4507863014944,52.63764864001563
471875,6.81013291037792,FAT_006,FAT_DON_11,3,Allogenic,0.9895833881875769,4.117593840790878,4.160936703204221,29.18,42,20419.81874173697,24861.98650820936,0.2839715143219815,46435.08186811378,4.310051882715984,-0.5440056702393451,14005.217512552957,20419.81874173697
473819,2.404408627213808,FAT_006,FAT_DON_11,3,Allogenic,0.9895833881875769,4.117593840790878,4.160936703204221,25.41,42,2768.2617943862765,936.3384449235086,-1.5638783854081968,137.12281374083014,3.4422071589353984,-0.08013141655306186,2618.696688118041,2768.2617943862765
476272,5.125248629945079,FAT_006,FAT_DON_11,3,Allogenic,0.9895833881875769,4.117593840790878,4.160936703204221,29.6,42,5808.086003347178,3721.345101619073,-0.6422386301952718,4393.313817911821,3.7640330385636913,-0.8058713781315556,3322.320921745928,5808.086003347178
478749,4.119809800810627,FAT_006,FAT_DON_11,3,Allogenic,0.9895833881875769,4.117593840790878,4.160936703204221,29.95,42,5273.335345572475,3651.319790567101,-0.5302977158005271,4099.600314750284,3.722085390163397,0.2959744638454978,6474.147381557429,5273.335345572475
479436,2.412482668692355,FAT_006,FAT_DON_11,3,Allogenic,0.9895833881875769,4.117593840790878,4.160936703204221,27.57,42,66.99337099638352,25.009039661418495,-1.421568688166991,4627.338991359046,1.826031831325868,-1.4446140839099515,24.612722766750696,66.99337099638352
479437,5.670328781890838,FAT_006,FAT_DON_11,3,Allogenic,0.9895833881875769,4.117593840790878,4.160936703204221,24.48,42,3451.354916510116,1660.6002335181886,-1.0554580331826688,1595.632843615993,3.537989621811418,-0.9167216877682453,1828.2218542436185,3451.354916510116
483215,6.818864892223978,FAT_006,FAT_DON_11,3,Allogenic,0.9895833881875769,4.117593840790878,4.160936703204221,28.86,42,8664.87475226439,10228.697221520166,0.2393716068690351,94747.7517113,3.937762289520384,0.2085936826647071,10012.793162770198,8664.87475226439
483216,4.20526888768357,FAT_006,FAT_DON_11,3,Allogenic,0.9895833881875769,4.117593840790878,4.160936703204221,29.11,42,3922.701133877528,2669.965074253039,-0.5550265521352056,5978.573349139432,3.593585220989033,-0.13353530800434585,3575.914183149126,3922.701133877528
483217,5.514487264137276,FAT_006,FAT_DON_11,3,Allogenic,0.9895833881875769,4.117593840790878,4.160936703204221,30.63,42,5534.1309683798245,3965.433328714517,-0.4808782593338135,42227.66784886001,3.743049432754269,-0.6104947713098834,3624.701056514519,5534.1309683798245
483218,6.150589493856525,FAT_006,FAT_DON_11,3,Allogenic,0.9895833881875769,4.117593840790878,4.160936703204221,28.19,42,43190.38701932919,45158.32273583015,0.0642816584584245,32520.4631725012,4.63538709567996,0.0715113385011307,45385.18954944311,43190.38701932919
484018,8.274681127432517,FAT_006,FAT_DON_11,3,Allogenic,0.9895833881875769,4.117593840790878,4.160936703204221,30.12,42,119339.11994848632,132325.82993332465,0.1490276593594275,6440.687144611086,5.0767828308691865,0.0378925053663582,122515.09795522875,119339.11994848632
484020,7.523066671489047,FAT_006,FAT_DON_11,3,Allogenic,0.9895833881875769,4.117593840790878,4.160936703204221,25.15,42,22500.20217321395,28033.132737277225,0.31719501164982,2482.221462138088,4.352186420436551,-0.6455209120749578,14383.522699615047,22500.20217321395
500632,6.569270845808227,FAT_006,FAT_DON_11,3,Allogenic,0.9895833881875769,4.117593840790878,4.160936703204221,27.33,42,29093.06766537591,35778.93250121176,0.2984349170386985,30847.019941550203,4.463789517049851,-0.2175837557241892,25020.171372207355,29093.06766537591
500635,2.5722351252631337,FAT_006,FAT_DON_11,3,Allogenic,0.9895833881875769,4.117593840790878,4.160936703204221,29.62,42,1202.2917473458117,820.2965008945267,-0.5515696424449564,109.09290282510686,3.080009866076176,-0.0814514997488389,1136.2934976263257,1202.2917473458117
511680,8.6939381243486,FAT_006,FAT_DON_11,3,Allogenic,0.9895833881875769,4.117593840790878,4.160936703204221,26.86,42,295089.0508963203,1989650.1705129903,2.753292495223151,293081.259722548,5.469953095560525,-1.0106286543998604,146461.52644466775,295089.0508963203
515619,10.218818258423076,FAT_006,FAT_DON_11,3,Allogenic,0.9895833881875769,4.117593840790878,4.160936703204221,29.62,42,126970.38269109224,380185.4202097111,1.58221119595708,185464.4033797794,5.103702428563124,-1.0388991286418188,61796.3221279853,126970.38269109224
515620,12.139076345002264,FAT_006,FAT_DON_11,3,Allogenic,0.9895833881875769,4.117593840790878,4.160936703204221,31.6,42,14581.824983480692,21032.60235525296,0.5284560741935136,161536.9565484789,4.163811881365742,-2.0470063141685206,3528.5930914171677,14581.824983480692
518635,11.882052378252553,FAT_006,FAT_DON_11,3,Allogenic,0.9895833881875769,4.117593840790878,4.160936703204221,25.8,42,299290.49230595067,90591.74490793592,-1.7240949517565969,97.07622668101988,5.476092920633554,-0.1717779543040669,265694.5240976441,299290.49230595067
518636,5.847471393991988,FAT_006,FAT_DON_11,3,Allogenic,0.9895833881875769,4.117593840790878,4.160936703204221,28.81,42,11714.269442796203,9222.333465544689,-0.3450632462626442,7037.160319256812,4.068715209121153,-0.033433345432087876,11445.921664628499,11714.269442796203
518637,7.771895802382474,FAT_006,FAT_DON_11,3,Allogenic,0.9895833881875769,4.117593840790878,4.160936703204221,18.67,42,36574.79163343631,49330.83091294122,0.4316399424823613,6348.937318481098,4.563181860629021,-0.44707173709806236,26828.714106692063,36574.79163343631
521003,3.6156381839615377,FAT_006,FAT_DON_11,3,Allogenic,0.9895833881875769,4.117593840790878,4.160936703204221,19.03,42,3524.3298384883187,1518.5488882413313,-1.214655595504494,194.9236805289821,3.54707654682628,0.04824642296028578,3644.1829118842193,3524.3298384883187
525259,3.95204030457799,FAT_006,FAT_DON_11,3,Allogenic,0.9895833881875769,4.117593840790878,4.160936703204221,27.86,42,2863.966610095396,2620.947356516659,-0.1279262964028005,2176.9059784761776,3.45696795039006,-0.7264232531483689,1730.9828364188932,2863.966610095396
525306,3.824583198715898,FAT_006,FAT_DON_11,3,Allogenic,0.9895833881875769,4.117593840790878,4.160936703204221,14.99,42,5.981550981819956,2.00072317291348,-1.5799980507714737,473.4735949564337,0.7768138086556865,-1.6772032478511798,1.8703605006231043,5.981550981819956
525337,3.2477461964047327,FAT_006,FAT_DON_11,3,Allogenic,0.9895833881875769,4.117593840790878,4.160936703204221,21.8,42,13.159412160003908,29.010486007245454,1.1404794206061637,987.9172951544188,1.1192364894778928,-2.0984327039161617,3.0728778836932427,13.159412160003908
525362,3.8530410936706736,FAT_006,FAT_DON_11,3,Allogenic,0.9895833881875769,4.117593840790878,4.160936703204221,22.5,42,35703.877810483325,21424.744097144,-0.736802801863685,509.9702535149042,4.5527153875473605,0.2770547356303013,43263.053976852025,35703.877810483325
536231,7.6161894673522355,FAT_006,FAT_DON_11,3,Allogenic,0.9895833881875769,4.117593840790878,4.160936703204221,31.15,42,64804.12333703742,52402.94134494987,-0.3064378197683727,152393.5277624048,4.81160263990687,-0.424474820204629,48286.19530107608,64804.12333703742
537006,2.1997000652107315,FAT_006,FAT_DON_11,3,Allogenic,0.9895833881875769,4.117593840790878,4.160936703204221,29.51,42,1144.8688579203397,592.2140591823901,-0.9509917047411868,14271.58476918703,3.0587557420965115,-0.04781861646968972,1107.5437845022775,1144.8688579203397
537007,6.084752526808708,FAT_006,FAT_DON_11,3,Allogenic,0.9895833881875769,4.117593840790878,4.160936703204221,29.22,42,9739.161308599254,6030.179643161229,-0.6915965578171095,10360.514663822842,3.988521559062373,-0.12513371328806078,8930.022597868932,9739.161308599254
537011,9.553250769757526,FAT_006,FAT_DON_11,3,Allogenic,0.9895833881875769,4.117593840790878,4.160936703204221,28.14,42,944195.0003414584,1543790.0117908078,0.7093197800222028,769.2164152531886,5.9750616964448815,-1.6330330741989085,304417.5996510439,944195.0003414584
537012,5.010414218997756,FAT_006,FAT_DON_11,3,Allogenic,0.9895833881875769,4.117593840790878,4.160936703204221,29.72,42,258.40300241462216,657.2375623020782,1.34679210227475,522703.86442582513,2.4122975554705985,-1.1163366188826134,119.19190141314725,258.40300241462216
537013,3.9831272636222734,FAT_006,FAT_DON_11,3,Allogenic,0.9895833881875769,4.117593840790878,4.160936703204221,26.93,42,5678.884502139868,3838.387407234511,-0.5651072407107505,2866.977588619135,3.754263036038028,1.018193863254369,11501.909080088588,5678.884502139868
537937,6.334768972930381,FAT_006,FAT_DON_11,3,Allogenic,0.9895833881875769,4.117593840790878,4.160936703204221,25.23,42,32160.40700885318,15727.684862272865,-1.031979345179009,2512.953107117009,4.507321536363121,-0.35883127681070454,25078.55785107193,32160.40700885318
537973,3.2281960263245075,FAT_006,FAT_DON_11,3,Allogenic,0.9895833881875769,4.117593840790878,4.160936703204221,21.8,42,20.337273338187853,21.00759331559154,0.0467846256443098,1000.0382019375284,1.3082927256979415,-2.148977055984122,4.5854944469828585,20.337273338187853
543734,2.1290989942621734,FAT_006,FAT_DON_11,3,Allogenic,0.9895833881875769,4.117593840790878,4.160936703204221,21.72,42,19.140963141823864,20.0072317291348,0.0638581390032508,7930.072473828994,1.2819637869755929,-2.196981627004776,4.174518762315355,19.140963141823864
545696,5.526455161127733,FAT_006,FAT_DON_11,3,Allogenic,0.9895833881875769,4.117593840790878,4.160936703204221,17.82,42,17534.31854810702,10887.935506995158,-0.6874509365349073,5257.8822800244025,4.243888892170893,0.04267676980932222,18060.754113454484,17534.31854810702
545697,4.016057692777646,FAT_006,FAT_DON_11,3,Allogenic,0.9895833881875769,4.117593840790878,4.160936703204221,30.0,42,2139.0026310988164,212.07665632882885,-3.33428052250423,917.7836509711282,3.3302113187795666,-0.9444169394621456,1111.5103001808236,2139.0026310988164
546273,5.697055921152438,FAT_006,FAT_DON_11,3,Allogenic,0.9895833881875769,4.117593840790878,4.160936703204221,27.7,42,61.01182001456356,21.00759331559154,-1.5381778750768464,28818.91979489324,1.785413980417604,-1.4093988963438437,22.96902903605201,61.01182001456356
547042,5.340557748856955,FAT_006,FAT_DON_11,3,Allogenic,0.9895833881875769,4.117593840790878,4.160936703204221,28.24,42,16353.560384295764,19142.919318436176,0.2272060958205712,5342.210700344842,4.21361231888749,-0.19012440397091102,14334.388485396361,16353.560384295764
547043,4.485947448545402,FAT_006,FAT_DON_11,3,Allogenic,0.9895833881875769,4.117593840790878,4.160936703204221,24.99,42,10812.251554737755,3302.1935968936987,-1.7111703743325788,230.05219583520275,4.033916141314851,0.12361131932688231,11779.499992618048,10812.251554737755
548480,6.48653356174976,FAT_006,FAT_DON_11,3,Allogenic,0.9895833881875769,4.117593840790878,4.160936703204221,25.09,42,32524.085308547837,15403.567708260882,-1.078243943405898,3266.13069107294,4.512205091519981,0.03998625633420283,33438.143258976066,32524.085308547837
552396,6.447504339707685,FAT_006,FAT_DON_11,3,Allogenic,0.9895833881875769,4.117593840790878,4.160936703204221,23.33,42,8919.68882408992,6629.396233448815,-0.4281158964619608,4997.079092035077,3.950349703665593,-0.1799515744336642,7873.700335546912,8919.68882408992
552398,7.664811989739917,FAT_006,FAT_DON_11,3,Allogenic,0.9895833881875769,4.117593840790878,4.160936703204221,29.38,42,57038.87385243875,58632.19294381599,0.0397475187942886,16932.18483825863,4.756170942431122,-1.0906649991345865,26782.311841575112,57038.87385243875
552531,2.41554490268869,FAT_006,FAT_DON_11,3,Allogenic,0.9895833881875769,4.117593840790878,4.160936703204221,24.15,42,82.5454035491154,42.01518663118308,-0.97427698988352,5266.721722336428,1.916692895056923,-2.0322684011107017,20.179906379329992,82.5454035491154
553174,3.4481563348759408,FAT_006,FAT_DON_11,3,Allogenic,0.9895833881875769,4.117593840790878,4.160936703204221,19.47,42,5407.322087565241,7554.7307009213,0.4824660361751798,40.22649685587,3.73298223913105,-0.053271866860372864,5211.296811421575,5407.322087565241
555970,2.4171072735057693,FAT_006,FAT_DON_11,3,Allogenic,0.9895833881875769,4.117593840790878,4.160936703204221,24.15,42,76.56385256729546,42.01518663118308,-0.865752533105351,5212.409419879709,1.884023778303555,-2.030841868756994,18.736111374997677,76.56385256729546
556258,3.0104555895940703,FAT_006,FAT_DON_11,3,Allogenic,0.9895833881875769,4.117593840790878,4.160936703204221,29.11,42,4087.791940975759,3268.181302954169,-0.3228337488753161,5774.13905663811,3.611488783118431,0.047588299917512476,4224.87913144129,4087.791940975759
556259,1.5485741333666292,FAT_006,FAT_DON_11,3,Allogenic,0.9895833881875769,4.117593840790878,4.160936703204221,30.68,42,747.6938727274946,911.3294052620902,0.2855249083684901,13936.3297297566,2.873723821663743,-0.14629735966311547,675.5911131061408,747.6938727274946
556270,0.9720142808757882,FAT_006,FAT_DON_11,3,Allogenic,0.9895833881875769,4.117593840790878,4.160936703204221,28.34,42,552.695310720164,408.1475272743499,-0.437393655328673,1234.385119731998,2.742485779875793,0.6708992840186849,879.926887511468,552.695310720164
563192,2.8344003629837027,FAT_006,FAT_DON_11,3,Allogenic,0.9895833881875769,4.117593840790878,4.160936703204221,28.15,42,3440.588124742839,2735.9889389591835,-0.3305927986434903,4846.553157104427,3.536632686030513,-0.1266471722459105,3151.4330720784046,3440.588124742839
563193,6.318494087718878,FAT_006,FAT_DON_11,3,Allogenic,0.9895833881875769,4.117593840790878,4.160936703204221,30.59,42,25617.786544938517,15950.765496052718,-0.683520165514667,20490.549756878085,4.408541602658972,-0.8081399317005676,14630.772000938601,25617.786544938517
565040,6.088962385949948,FAT_006,FAT_DON_11,3,Allogenic,0.9895833881875769,4.117593840790878,4.160936703204221,25.09,42,28942.332580634047,14030.071250055777,-1.0446588637008376,2295.2480011883185,4.461533529757272,-0.31822942109283353,23213.30237364921,28942.332580634047
565042,6.321786881794942,FAT_006,FAT_DON_11,3,Allogenic,0.9895833881875769,4.117593840790878,4.160936703204221,25.09,42,33857.97117749369,15752.693901934284,-1.1038969592029306,2158.5542164770395,4.529660930949014,-0.069567671772962,32264.05690793792,33857.97117749369
566550,4.679113074173261,FAT_006,FAT_DON_11,3,Allogenic,0.9895833881875769,4.117593840790878,4.160936703204221,29.11,42,9178.091826504542,5189.875910537567,-0.8224941966505426,4913.763495314279,3.962752398482275,-0.09340671497151927,8602.688062789275,9178.091826504542
566552,5.718796870050908,FAT_006,FAT_DON_11,3,Allogenic,0.9895833881875769,4.117593840790878,4.160936703204221,25.62,42,17783.151068950734,5200.879887988591,-1.773683358797792,152.23092467480896,4.2500087178606245,-0.9804904735012042,9012.63275486986,17783.151068950734
568703,1.6544677991636656,FAT_006,FAT_DON_11,3,Allogenic,0.9895833881875769,4.117593840790878,4.160936703204221,22.45,42,17.94465294545987,7.00253110519718,-1.3576056294350256,4485.81363267381,1.253935063375349,-1.8096297271887203,5.118965875717445,17.94465294545987
568816,2.488280512852272,FAT_006,FAT_DON_11,3,Allogenic,0.9895833881875769,4.117593840790878,4.160936703204221,23.68,42,4400.028902226761,3004.0858441295904,-0.550586960738899,425.1544797968335,3.6434555292217263,0.14665702253283672,4870.8380733306785,4400.028902226761
573236,2.4138267207615933,FAT_006,FAT_DON_11,3,Allogenic,0.9895833881875769,4.117593840790878,4.160936703204221,24.15,42,112.4531584582152,46.01663297701004,-1.2890968515047356,5254.15315270334,2.050971657919366,-2.1427577738134094,25.464625560304476,112.4531584582152
580050,2.4028482061588394,FAT_006,FAT_DON_11,3,Allogenic,0.9895833881875769,4.117593840790878,4.160936703204221,24.15,42,105.27529728003124,55.0198872551207,-0.9361418609967488,5223.879231590808,2.0223264764698365,-2.1203033205575124,24.21316586688067,105.27529728003124
585394,8.98534711090619,FAT_006,FAT_DON_11,3,Allogenic,0.9895833881875769,4.117593840790878,4.160936703204221,30.74,42,215417.1844388712,45272.36395668622,-2.2504307964367083,72622.74643567212,5.333280345244654,-1.3246446384465997,86004.77726925933,215417.1844388712
585543,10.44837440065012,FAT_006,FAT_DON_11,3,Allogenic,0.9895833881875769,4.117593840790878,4.160936703204221,30.29,42,49030.77339797818,61657.28638126117,0.3305838774458823,137912.54966946598,4.690468743742306,-1.6374360673458466,15759.824303073749,49030.77339797818
585544,1.1675051748415817,FAT_006,FAT_DON_11,3,Allogenic,0.9895833881875769,4.117593840790878,4.160936703204221,29.11,42,2141.395251491545,1796.649409276305,-0.2532421932945831,9139.69404214552,3.330696835299561,0.42948899154302494,2883.937900673126,2141.395251491545
591001,2.34735146453789,FAT_006,FAT_DON_11,3,Allogenic,0.9895833881875769,4.117593840790878,4.160936703204221,27.06,42,992.9374629821128,759.2744441206656,-0.387081406702932,131.8286432344127,2.9969218966957416,-0.5185607615013019,693.1377510601945,992.9374629821128
592028,0.0,FAT_006,FAT_DON_11,3,Allogenic,0.9895833881875769,4.117593840790878,4.160936703204221,21.11,42,138.77198277822302,182.06580873512667,0.3917436891870126,466.473535021155,2.1423017935465865,-0.08983502714617579,130.39434457557954,138.77198277822302
622312,8.738421888833718,FAT_006,FAT_DON_11,3,Allogenic,0.9895833881875769,4.117593840790878,4.160936703204221,28.89,42,93668.6957549078,89448.33161461585,-0.0665124037208361,304813.5976166208,4.97159447314572,-0.6076981256440175,61469.419108426446,93668.6957549078
626522,1.599664840009104,FAT_006,FAT_DON_11,3,Allogenic,0.9895833881875769,4.117593840790878,4.160936703204221,18.56,42,1128.1205151712438,750.271189842555,-0.5884371311759642,555.3030347853959,3.052355497056996,-0.6035643062339897,742.4454269282709,1128.1205151712438
626939,8.831856398240708,FAT_006,FAT_DON_11,3,Allogenic,0.9895833881875769,4.117593840790878,4.160936703204221,26.95,42,339388.4174676789,267921.8418927764,-0.3411251305722697,2272.698837856759,5.5306970167803975,-1.3767231621683498,130695.92572944096,339388.4174676789
633147,5.683493143897579,FAT_006,FAT_DON_11,3,Allogenic,0.9895833881875769,4.117593840790878,4.160936703204221,21.08,42,5975.569430838137,1981.716302770802,-1.592325753674405,145.02640042396172,3.776379296881669,-1.5902217282027653,1984.6085449955385,5975.569430838137
641112,3.102535161165993,FAT_006,FAT_DON_11,3,Allogenic,0.9895833881875769,4.117593840790878,4.160936703204221,29.68,42,1646.1228301968524,1338.483802679118,-0.2984723099447484,11205.563844718388,3.2164622382191603,-0.24705839970988017,1387.0440357219425,1646.1228301968524
645463,4.321842037525521,FAT_006,FAT_DON_11,3,Allogenic,0.9895833881875769,4.117593840790878,4.160936703204221,28.02,42,2625.900881018961,1792.647962930478,-0.5507202582492277,5050.20432113978,3.419278328897808,-0.33364919083202943,2083.722659152576,2625.900881018961
649757,8.01423827562003,FAT_006,FAT_DON_11,3,Allogenic,0.9895833881875769,4.117593840790878,4.160936703204221,27.82,42,17563.029992819756,13032.71074835841,-0.4304045721005951,141978.2781086601,4.244599442984906,-0.7231744069319089,10639.03541105062,17563.029992819756
649764,2.452460104707588,FAT_006,FAT_DON_11,3,Allogenic,0.9895833881875769,4.117593840790878,4.160936703204221,24.04,42,1006.0968751421168,586.2118896636497,-0.7792750917170076,97.18293967495758,3.00263980011758,-0.20703449608235278,871.5979631366009,1006.0968751421168
657308,6.194457903214374,FAT_006,FAT_DON_11,3,Allogenic,0.9895833881875769,4.117593840790878,4.160936703204221,20.15,42,8712.72716011895,3906.4119951135694,-1.157280252664977,5387.258129318531,3.940154114273938,-0.25211651049359635,7315.760549002342,8712.72716011895
657309,1.7422134280086887,FAT_006,FAT_DON_11,3,Allogenic,0.9895833881875769,4.117593840790878,4.160936703204221,28.38,42,1576.7368388077407,1469.531170504951,-0.1015859303358831,12023.553474325425,3.1977592145776588,-0.7680511653110662,925.8758910405537,1576.7368388077407
657313,9.606982791802537,FAT_006,FAT_DON_11,3,Allogenic,0.9895833881875769,4.117593840790878,4.160936703204221,30.1,42,59535.5732322504,108673.28058314147,0.8681734105502925,34147.27533909825,4.774776539543506,-0.4721293951426947,42919.18137247058,59535.5732322504
657314,7.693537449336783,FAT_006,FAT_DON_11,3,Allogenic,0.9895833881875769,4.117593840790878,4.160936703204221,30.01,42,51942.59241592814,50598.28904298191,-0.0378294179439303,102810.8627652686,4.715523621146888,-0.34418306757760064,40917.98076078925,51942.59241592814
657317,10.026555706472095,FAT_006,FAT_DON_11,3,Allogenic,0.9895833881875769,4.117593840790878,4.160936703204221,31.02,42,110170.5986035527,366807.5847140251,1.7352842097269003,187407.656054418,5.042065709144541,-1.442504883195788,40534.84068234974,110170.5986035527
657319,8.446434098843257,FAT_006,FAT_DON_11,3,Allogenic,0.9895833881875769,4.117593840790878,4.160936703204221,26.02,42,37401.44197912383,35027.66094978275,-0.0945992408253348,16860.217863254235,4.572888346358347,-0.1126064501230077,34593.17526228319,37401.44197912383
657321,10.9922503884528,FAT_006,FAT_DON_11,3,Allogenic,0.9895833881875769,4.117593840790878,4.160936703204221,25.04,42,184350.2049494947,68653.81531693961,-1.4250372173420454,7288.5484902157905,5.265643624764946,0.02613873286763824,187720.70103886252,184350.2049494947
657322,10.98071600304259,FAT_006,FAT_DON_11,3,Allogenic,0.9895833881875769,4.117593840790878,4.160936703204221,29.23,42,201525.6304386925,379552.191325484,0.913334945563914,357084.9359335178,5.304330288443487,-0.21490946878494288,173634.5284656962,201525.6304386925
657323,14.082900730363008,FAT_006,FAT_DON_11,3,Allogenic,0.9895833881875769,4.117593840790878,4.160936703204221,29.77,42,693172.0355282058,176447.77806558562,-1.973972190409148,182519.0633462804,5.84084103375803,-3.349915157116828,67985.46753573284,693172.0355282058
658089,8.415424720999587,FAT_006,FAT_DON_11,3,Allogenic,0.9895833881875769,4.117593840790878,4.160936703204221,27.62,42,7704.237664584105,7005.532189956551,-0.1371575567462915,163731.94423596223,3.88672967167948,-0.6695931236586361,4843.5306974934265,7704.237664584105
658659,5.670168827791197,FAT_006,FAT_DON_11,3,Allogenic,0.9895833881875769,4.117593840790878,4.160936703204221,27.88,42,9162.539793951812,6052.187598063277,-0.5982908519630673,4726.512319888596,3.9620158738435807,-0.03609566929750012,8936.140628412833,9162.539793951812
665943,3.0287252633270967,FAT_006,FAT_DON_11,3,Allogenic,0.9895833881875769,4.117593840790878,4.160936703204221,23.67,42,1975.1081341969495,1163.4205250491889,-0.7635589793241506,653.0437110655629,3.2955908775824616,-0.39100570657768174,1506.2131379833754,1975.1081341969495
665951,5.924881717560315,FAT_006,FAT_DON_11,3,Allogenic,0.9895833881875769,4.117593840790878,4.160936703204221,29.93,42,8984.289574693576,9279.35407597272,0.0466199563602583,13789.277600283947,3.953483741323836,0.2510872847592322,10692.236236074574,8984.289574693576
665953,4.290217714205634,FAT_006,FAT_DON_11,3,Allogenic,0.9895833881875769,4.117593840790878,4.160936703204221,29.11,42,5642.995196248948,4060.467679427908,-0.4748152167160148,6578.819195894335,3.75150968056537,0.1876821985346123,6426.990411417687,5642.995196248948
679189,2.2666759111209545,FAT_006,FAT_DON_11,3,Allogenic,0.9895833881875769,4.117593840790878,4.160936703204221,18.98,42,1933.2372773242105,2718.982791989419,0.4920483021314852,351.45198285475266,3.286285160758235,-0.03955907071831687,1880.9475863914804,1933.2372773242105
679192,2.3038930965390225,FAT_006,FAT_DON_11,3,Allogenic,0.9895833881875769,4.117593840790878,4.160936703204221,10.59,42,630.4554734838234,245.08858868190129,-1.3630911685187552,42.98231301478777,2.799654419532214,-1.727372734243942,190.39845187821146,630.4554734838234
679935,6.035051766689553,FAT_006,FAT_DON_11,3,Allogenic,0.9895833881875769,4.117593840790878,4.160936703204221,23.83,42,7804.72772107868,2016.728958296788,-1.952331099096079,8213.165928083985,3.8923577566879057,-0.45629531718778615,5688.518559092174,7804.72772107868
702443,7.343298088756139,FAT_006,FAT_DON_11,3,Allogenic,0.9895833881875769,4.117593840790878,4.160936703204221,29.68,42,43161.67557461645,56941.5818627041,0.399731699735611,14802.206120951718,4.63509829603601,0.009109520618548337,43435.07092305392,43161.67557461645
702444,3.4585177607293933,FAT_006,FAT_DON_11,3,Allogenic,0.9895833881875769,4.117593840790878,4.160936703204221,28.87,42,3506.385185542859,2719.983153575876,-0.3663867725488925,5215.4361954143615,3.544859622758103,-0.16996106162187044,3116.708928443645,3506.385185542859
702447,4.161509678511053,FAT_006,FAT_DON_11,3,Allogenic,0.9895833881875769,4.117593840790878,4.160936703204221,28.94,42,3982.516643695728,2882.041730581868,-0.4665891658645041,5754.917550942061,3.600157599476335,0.260213634456018,4769.685114872771,3982.516643695728
702459,2.427474453272349,FAT_006,FAT_DON_11,3,Allogenic,0.9895833881875769,4.117593840790878,4.160936703204221,25.15,42,1518.117639185905,403.1457193420662,-1.9129102811972496,33.84069530093283,3.1813054264143723,0.09728011775567301,1624.013592527734,1518.117639185905
706433,2.2816090237358018,FAT_006,FAT_DON_11,3,Allogenic,0.9895833881875769,4.117593840790878,4.160936703204221,14.87,42,976.189120233017,461.1666913565571,-1.0818723574262687,190.9752341829136,2.989533963073529,-1.1561938686002011,438.0109097501432,976.189120233017
709991,8.720689065665953,FAT_006,FAT_DON_11,3,Allogenic,0.9895833881875769,4.117593840790878,4.160936703204221,26.74,42,9765.48013291926,6440.327893608492,-0.6005568363772679,68757.57712664026,3.989693600819088,-0.33497970959424955,7742.026620697009,9765.48013291926
717959,8.515887077407639,FAT_006,FAT_DON_11,3,Allogenic,0.9895833881875769,4.117593840790878,4.160936703204221,24.46,42,39588.29701807721,8491.06914584481,-2.2210558817838457,62213.63343670755,4.597566819975005,-0.4352387488352027,29278.370438185506,39588.29701807721
717960,8.833018050086794,FAT_006,FAT_DON_11,3,Allogenic,0.9895833881875769,4.117593840790878,4.160936703204221,17.34,42,25603.430822582148,19877.18472289542,-0.3652237049350473,11881.759263380123,4.408298164041666,-0.3774769514184604,19709.076672116615,25603.430822582148
717962,12.996903855797507,FAT_006,FAT_DON_11,3,Allogenic,0.9895833881875769,4.117593840790878,4.160936703204221,28.91,42,87202.63914356043,62349.53659908924,-0.4839929605531829,32462.21922396329,4.940529628833267,-1.3617996938127621,33930.25104271817,87202.63914356043
718252,11.852481714115676,FAT_006,FAT_DON_11,3,Allogenic,0.9895833881875769,4.117593840790878,4.160936703204221,28.53,42,316615.456569694,215469.8828300901,-0.5552454552494823,297970.2936836156,5.500532112481719,-0.332180305268136,251498.776500588,316615.456569694
742725,2.8998094096019407,FAT_006,FAT_DON_11,3,Allogenic,0.9895833881875769,4.117593840790878,4.160936703204221,28.01,42,2335.1975033025114,518.1873017845913,-2.171999005760444,971.313345696536,3.368323617650341,0.02850243246908291,2381.791301093028,2335.1975033025114
742726,5.5357979657930585,FAT_006,FAT_DON_11,3,Allogenic,0.9895833881875769,4.117593840790878,4.160936703204221,24.86,42,4407.2067634049445,3410.232648231027,-0.3699944178355003,33060.71176009365,3.644163425844479,-0.760244360755743,2601.998663916844,4407.2067634049445
742727,1.7374104674465454,FAT_006,FAT_DON_11,3,Allogenic,0.9895833881875769,4.117593840790878,4.160936703204221,30.68,42,2298.111887215228,1659.5998719317315,-0.4696135885937751,10358.965449264986,3.361371169181361,0.12653782180126957,2508.7815614831684,2298.111887215228
742729,2.40580304192279,FAT_006,FAT_DON_11,3,Allogenic,0.9895833881875769,4.117593840790878,4.160936703204221,24.15,42,110.0605380654872,56.02024884157744,-0.9742769898835196,5219.165123425135,2.041631631665223,-2.1320579107673403,25.108354285500226,110.0605380654872
742733,4.4539774043510345,FAT_006,FAT_DON_11,3,Allogenic,0.9895833881875769,4.117593840790878,4.160936703204221,31.17,42,5885.846166110838,4185.512877735,-0.491845419863772,7752.927169512234,3.769808907087028,0.25498001032982487,7023.693288558338,5885.846166110838
742740,6.657695090518522,FAT_006,FAT_DON_11,3,Allogenic,0.9895833881875769,4.117593840790878,4.160936703204221,28.76,42,13463.27494988036,10263.709877046153,-0.3914770934472519,15595.156868738506,4.129150715137642,0.0237577807262833,13686.818866306676,13463.27494988036
742741,5.626831262593868,FAT_006,FAT_DON_11,3,Allogenic,0.9895833881875769,4.117593840790878,4.160936703204221,28.31,42,6237.561363841851,4372.58049440241,-0.5124971606339989,6137.974246760215,3.795014831151978,-0.43899767630456293,4601.117907397065,6237.561363841851
742742,3.8452392335681314,FAT_006,FAT_DON_11,3,Allogenic,0.9895833881875769,4.117593840790878,4.160936703204221,29.51,42,3463.3180184737557,1538.556119970466,-1.1705778007988838,243.23322005496064,3.539492372383122,-0.5920257788396357,2297.6022864350407,3463.3180184737557
742743,2.5435366449424026,FAT_006,FAT_DON_11,3,Allogenic,0.9895833881875769,4.117593840790878,4.160936703204221,25.2,42,1199.8991269530834,1175.4248640866697,-0.0297308050439297,154.92004296299675,3.0791447373400858,0.3137330674974424,1491.3782368221573,1199.8991269530834
742817,0.0,FAT_006,FAT_DON_11,3,Allogenic,0.9895833881875769,4.117593840790878,4.160936703204221,27.32,42,218.92476593461043,92.03326595402008,-1.2502078381111408,738.0840285970793,2.340294894050097,1.3470043491280919,556.9081934260898,218.92476593461043
742818,1.943738888769204,FAT_006,FAT_DON_11,3,Allogenic,0.9895833881875769,4.117593840790878,4.160936703204221,22.83,42,1774.1280212077993,1434.5185149789652,-0.3065435296368368,124.87524056932592,3.2489849553480497,-0.3567972461158726,1385.4098845609565,1774.1280212077993
742820,3.384429343537932,FAT_006,FAT_DON_11,3,Allogenic,0.9895833881875769,4.117593840790878,4.160936703204221,20.18,42,34.692995694555755,18.00650855622132,-0.9461259495693712,287.25189652167404,1.540241802218624,-1.9076524966295976,9.24658102119443,34.692995694555755
742821,3.391721987267316,FAT_006,FAT_DON_11,3,Allogenic,0.9895833881875769,4.117593840790878,4.160936703204221,24.75,42,3579.3601075210627,8318.006591387793,1.2165361324028834,23.36273972240359,3.5538053935120915,-0.1387692085095096,3251.110264645374,3579.3601075210627
748224,11.929913860639909,FAT_006,FAT_DON_11,3,Allogenic,0.9895833881875769,4.117593840790878,4.160936703204221,29.49,42,237613.5238222087,300092.47015163867,0.3367901698738587,222926.0212631227,5.37587115497168,-0.3034580474521663,192540.09433553915,237613.5238222087
752555,2.484273676842724,FAT_006,FAT_DON_11,3,Allogenic,0.9895833881875769,4.117593840790878,4.160936703204221,29.44,42,2704.857353978985,4341.569285222251,0.6826640946962012,33.15419124397406,3.432144366665028,0.5773880051299307,4036.0401263448534,2704.857353978985
759350,4.944016946811956,FAT_006,FAT_DON_11,3,Allogenic,0.9895833881875769,4.117593840790878,4.160936703204221,26.44,42,14139.190210826016,6591.382493163459,-1.1010464989415325,933.4671139285985,4.150424536968617,-0.2508456910773894,11882.626863078469,14139.190210826016
762966,2.2963672393167003,FAT_006,FAT_DON_11,3,Allogenic,0.9895833881875769,4.117593840790878,4.160936703204221,25.41,42,486.89824992014456,401.1449961691527,-0.2794965136954381,20328.08411830151,2.687438213544888,-0.6762523675734201,304.69544809901834,486.89824992014456
762968,12.696470389019042,FAT_006,FAT_DON_11,3,Allogenic,0.9895833881875769,4.117593840790878,4.160936703204221,29.47,42,60110.99843670148,31083.235214383825,-0.9514923126875388,848456.7933166024,4.778953941609422,-1.5450046023690018,20599.71504614886,60110.99843670148
762982,7.607531800186425,FAT_006,FAT_DON_11,3,Allogenic,0.9895833881875769,4.117593840790878,4.160936703204221,29.47,42,14721.793276455275,7854.839176858322,-0.906299775618948,70584.32660071221,4.167960715071677,-0.7367705720543885,8834.270093195903,14721.793276455275
762983,2.6002368372283677,FAT_006,FAT_DON_11,3,Allogenic,0.9895833881875769,4.117593840790878,4.160936703204221,28.25,42,1236.9847430403672,2118.765840115376,0.7763964477932906,6.7738884822117695,3.092364343077592,-0.9338508564081621,647.5111090716828,1236.9847430403672
762984,1.426075986878276,FAT_006,FAT_DON_11,3,Allogenic,0.9895833881875769,4.117593840790878,4.160936703204221,30.29,42,698.6451546765711,985.3561626598888,0.4960853995796098,2471.2735732922806,2.8442566514320675,-0.8499340316356881,387.6153913317336,698.6451546765711
763034,4.076510872521959,FAT_006,FAT_DON_11,3,Allogenic,0.9895833881875769,4.117593840790878,4.160936703204221,29.98,42,1877.0106980951025,1694.6125274577173,-0.1474814335200102,6210.142047255623,3.273466747906604,-1.0532116362977106,904.5205821980737,1877.0106980951025
767031,2.857543067345865,FAT_006,FAT_DON_11,3,Allogenic,0.9895833881875769,4.117593840790878,4.160936703204221,19.45,42,2747.9245210480885,2833.0240128454875,0.0440004528209624,215.3677827057094,3.4390047995146937,0.07124096063272017,2887.0244744658826,2747.9245210480885
862962,3.8191930801461567,FAT_006,FAT_DON_11,3,Allogenic,0.9895833881875769,4.117593840790878,4.160936703204221,30.19,42,3937.056856233896,794.2870996466515,-2.3093850698655025,5509.412705810583,3.5951716866140413,-0.20160606177541587,3423.593669909389,3937.056856233896
862965,3.615872771163769,FAT_006,FAT_DON_11,3,Allogenic,0.9895833881875769,4.117593840790878,4.160936703204221,25.23,42,98.0974361018473,41.01482504472634,-1.258069955884111,8568.217891100647,1.9916576567033843,-1.1969033965107607,42.79113761080148,98.0974361018473
866771,2.265666827214378,FAT_006,FAT_DON_11,3,Allogenic,0.9895833881875769,4.117593840790878,4.160936703204221,18.53,42,2336.3938134988757,2700.976283433198,0.2091975021672904,564.3970826593801,3.368546047607522,0.41503626074497907,3115.1890769836778,2336.3938134988757
866776,3.4403018361491,FAT_006,FAT_DON_11,3,Allogenic,0.9895833881875769,4.117593840790878,4.160936703204221,27.84,42,21.533583534551845,16.00578538330784,-0.4279949573264236,11801.624419264355,1.333116309422974,-1.2168461032305102,9.264225811310137,21.533583534551845
868129,7.227105923260176,FAT_006,FAT_DON_11,3,Allogenic,0.9895833881875769,4.117593840790878,4.160936703204221,19.76,42,15244.580832266343,25544.233110172856,0.7447011414576802,1571.4940933500554,4.183115487426462,-0.6707673949472379,9576.22587908884,15244.580832266343
873513,2.954628270039722,FAT_006,FAT_DON_11,3,Allogenic,0.9895833881875769,4.117593840790878,4.160936703204221,28.44,42,4494.537407739516,7267.626925608215,0.693311725994321,97.08528854235188,3.652684999383053,-0.07979707144911807,4252.689621588586,4494.537407739516
883156,3.578323702758977,FAT_006,FAT_DON_11,3,Allogenic,0.9895833881875769,4.117593840790878,4.160936703204221,27.18,42,1283.640840698563,816.2950545486998,-0.6530789746691377,815.7099680527994,3.108443526285619,-1.8006350205251866,368.4668094893581,1283.640840698563
888048,2.538958226489146,FAT_006,FAT_DON_11,3,Allogenic,0.9895833881875769,4.117593840790878,4.160936703204221,23.96,42,90.91957492366336,155.0560459007947,0.7701269359465407,4971.897310870196,1.958657396600459,-1.8282819855272816,25.602930565740582,90.91957492366336
888832,1.9497243287755852,FAT_006,FAT_DON_11,3,Allogenic,0.9895833881875769,4.117593840790878,4.160936703204221,23.53,42,1475.0504721168015,1728.6248213972467,0.2288604618765182,89.5629702323641,3.1688068809153997,0.2975956885989957,1812.9762286747348,1475.0504721168015
888833,2.5108373726024764,FAT_006,FAT_DON_11,3,Allogenic,0.9895833881875769,4.117593840790878,4.160936703204221,23.16,42,40.674546676375705,27.00976283433198,-0.590645294970982,1338.7800846493085,1.6093227213619228,-2.179100547467493,8.981483843769844,40.674546676375705
889204,1.546399933954019,FAT_006,FAT_DON_11,3,Allogenic,0.9895833881875769,4.117593840790878,4.160936703204221,21.06,42,20.337273338187853,15.0054237968511,-0.4386422015259319,969.506076353878,1.3082927256979415,-2.027006068409954,4.990029323346819,20.337273338187853
890402,6.24550958711584,FAT_006,FAT_DON_11,3,Allogenic,0.9895833881875769,4.117593840790878,4.160936703204221,25.09,42,30868.391996780072,15107.460678669686,-1.0308691446848115,2042.1151634260127,4.489514006705477,-0.11506606086478097,28502.02199580799,30868.391996780072
904306,3.2400263098451663,FAT_006,FAT_DON_11,3,Allogenic,0.9895833881875769,4.117593840790878,4.160936703204221,25.52,42,64.60075060365554,38.01374028535612,-0.7650299446039943,5642.349505660542,1.8102375641426365,-1.1800423499758412,28.510801120046644,64.60075060365554
927666,3.5106953502714453,FAT_006,FAT_DON_11,3,Allogenic,0.9895833881875769,4.117593840790878,4.160936703204221,23.14,42,20.337273338187853,44.01590980409656,1.113898821502847,540.9289764801246,1.3082927256979415,-1.7436265376179407,6.073077686615412,20.337273338187853
997884,0.0,FAT_006,FAT_DON_11,3,Allogenic,0.9895833881875769,4.117593840790878,4.160936703204221,29.11,42,1217.8437798985433,425.15367424411454,-1.518272770934742,2430.40049081263,3.085591582320408,2.9322649186051475,9295.896465569518,1217.8437798985433
999410,5.826316196739555,FAT_006,FAT_DON_11,3,Allogenic,0.9895833881875769,4.117593840790878,4.160936703204221,31.57,42,11559.945427465247,8608.111451460247,-0.4253659250605163,8886.565091102228,4.062955783859022,-0.07518554009575834,10972.93182804256,11559.945427465247
999412,3.677879083694693,FAT_006,FAT_DON_11,3,Allogenic,0.9895833881875769,4.117593840790878,4.160936703204221,30.37,42,3760.002947172025,2914.0533013484837,-0.3677065265425139,3733.454194396773,3.575188185337248,-0.6065536600761385,2469.433524140765,3760.002947172025
999413,5.128527437697765,FAT_006,FAT_DON_11,3,Allogenic,0.9895833881875769,4.117593840790878,4.160936703204221,27.68,42,5945.661675929038,3181.149844932433,-0.9022890421620424,4059.304361351766,3.774200193053,-0.09779670601802831,5555.977151443721,5945.661675929038
1002367,7.75951776062075,FAT_006,FAT_DON_11,3,Allogenic,0.9895833881875769,4.117593840790878,4.160936703204221,19.59,42,293191.702924887,126336.66511520816,-1.2145708817218537,2621.049418690854,5.467151675979584,-0.8740180023724017,159972.76102752905,293191.702924887
1035839,3.2427643840439,FAT_006,FAT_DON_11,3,Allogenic,0.9895833881875769,4.117593840790878,4.160936703204221,26.73,42,9.570481570911932,9.00325427811066,-0.0881449544417988,405.3579451729556,0.9809337913116114,-1.2123077423693556,4.130406513276822,9.570481570911932
1042156,7.617465801504398,FAT_006,FAT_DON_11,3,Allogenic,0.9895833881875769,4.117593840790878,4.160936703204221,29.17,42,17469.717797503366,10611.835709133096,-0.7191820581603265,3283.7655858574917,4.242285889529184,-0.7697710035560585,10246.174021161227,17469.717797503366
1042403,2.406749884590233,FAT_006,FAT_DON_11,3,Allogenic,0.9895833881875769,4.117593840790878,4.160936703204221,24.15,42,100.49005649457528,46.01663297701004,-1.1268254226058587,5233.014227717352,2.002123090381549,-2.1375862575392572,22.837339519865967,100.49005649457528
1064535,11.314512554353213,FAT_006,FAT_DON_11,3,Allogenic,0.9895833881875769,4.117593840790878,4.160936703204221,28.96,42,211106.87880137176,145968.76124942166,-0.5323139376641524,127.81499127212054,5.324502384784708,-0.4151548936560646,158317.27604973453,211106.87880137176
1077285,4.988684827685527,FAT_006,FAT_DON_11,3,Allogenic,0.9895833881875769,4.117593840790878,4.160936703204221,29.25,42,12941.68370426566,14107.099092212948,0.1243960272184291,7314.487538091893,4.111990781425713,-0.8511332960116327,7174.210727410205,12941.68370426566
1121100,4.966624098458358,FAT_006,FAT_DON_11,3,Allogenic,0.9895833881875769,4.117593840790878,4.160936703204221,30.12,42,7029.518713834814,3240.171178533381,-1.1173558836452044,6820.666624733963,3.846925591437887,-0.3083037464466617,5676.974140903129,7029.518713834814
1121101,5.164985092277084,FAT_006,FAT_DON_11,3,Allogenic,0.9895833881875769,4.117593840790878,4.160936703204221,28.91,42,2336.3938134988757,1401.5065826258926,-0.7373049493400847,119016.79901234228,3.368546047607522,-0.29855487930445235,1899.6433584427855,2336.3938134988757
1121111,3.3588381057183745,FAT_006,FAT_DON_11,3,Allogenic,0.9895833881875769,4.117593840790878,4.160936703204221,25.13,42,3478.870051026487,956.3456766526434,-1.863014701822957,12.018765904040556,3.541438206506668,-0.09198301617388686,3263.9880461359544,3478.870051026487
1121114,4.540099427608609,FAT_006,FAT_DON_11,3,Allogenic,0.9895833881875769,4.117593840790878,4.160936703204221,30.63,42,5471.922838168896,2901.048600724546,-0.9154734213934868,4910.213764952458,3.738139964590397,-0.4991846408356066,3871.4211143079647,5471.922838168896
1121115,11.001095941141024,FAT_006,FAT_DON_11,3,Allogenic,0.9895833881875769,4.117593840790878,4.160936703204221,29.66,42,168233.51398407904,90531.7232127485,-0.8939698145586109,127202.36010563617,5.225912516363815,-0.21433386422648057,145007.87695911917,168233.51398407904
1121130,5.825915147057683,FAT_006,FAT_DON_11,3,Allogenic,0.9895833881875769,4.117593840790878,4.160936703204221,22.85,42,9594.407774839212,9265.349013762325,-0.0503484355227007,9047.186374688084,3.9820181726038313,-0.44918004082491747,7027.5105597170195,9594.407774839212
1121315,3.3390022735992075,FAT_006,FAT_DON_11,3,Allogenic,0.9895833881875769,4.117593840790878,4.160936703204221,27.76,42,440.2421522619488,139.05026051748686,-1.6626908392176167,745.0741279059262,2.643691622993185,-0.7456016874625219,262.5688186852214,440.2421522619488
1121333,4.635255164557887,FAT_006,FAT_DON_11,3,Allogenic,0.9895833881875769,4.117593840790878,4.160936703204221,27.95,42,1516.9213289895413,2483.8978191720853,0.7114595601533222,4339.8274648205,3.1809630578653816,-0.97249192956639,773.061093162129,1516.9213289895413
1121334,2.5753017158570137,FAT_006,FAT_DON_11,3,Allogenic,0.9895833881875769,4.117593840790878,4.160936703204221,27.58,42,1971.519203607858,1716.620482359766,-0.199736645567784,564.4471235507648,3.294801011680765,-1.0774642485233294,934.2260082954707,1971.519203607858
1121344,3.5006587618998037,FAT_006,FAT_DON_11,3,Allogenic,0.9895833881875769,4.117593840790878,4.160936703204221,25.19,42,2954.8861850190588,1533.5543120381822,-0.946223300697374,613.1462892648591,3.4705407575793337,0.04654453672871321,3051.771825841579,2954.8861850190588
1122975,2.1104211900233945,FAT_006,FAT_DON_11,3,Allogenic,0.9895833881875769,4.117593840790878,4.160936703204221,18.97,42,1234.5921226476391,1166.4216098085587,-0.0819451381068689,776.042060811818,3.0915235016108604,-0.7280815258165599,745.3308938654316,1234.5921226476391
1122978,3.402701338295824,FAT_006,FAT_DON_11,3,Allogenic,0.9895833881875769,4.117593840790878,4.160936703204221,28.87,42,7729.360178707749,10747.884884891217,0.475631873839953,22.542379282242013,3.8881435453598368,0.3059515295000885,9555.295735201298,7729.360178707749
1122981,2.019071347438071,FAT_006,FAT_DON_11,3,Allogenic,0.9895833881875769,4.117593840790878,4.160936703204221,19.75,42,3251.571113717329,5054.827096365907,0.6365247679664502,923.0496992035067,3.512093256716143,0.30970415168163906,4030.1712090168685,3251.571113717329
1122982,2.03241244502922,FAT_006,FAT_DON_11,3,Allogenic,0.9895833881875769,4.117593840790878,4.160936703204221,19.45,42,1436.7685458331537,1955.7069015229267,0.4448625006049694,39.75608993718242,3.157386811722574,0.2174725678780103,1670.5234555973013,1436.7685458331537
1122992,2.3783856610680534,FAT_006,FAT_DON_11,3,Allogenic,0.9895833881875769,4.117593840790878,4.160936703204221,18.17,42,2456.0248331352745,3123.1288729179423,0.3466669539851956,328.8611260006366,3.39023275369026,0.5730043142550056,3653.6272684936216,2456.0248331352745
1122993,2.011024314162119,FAT_006,FAT_DON_11,3,Allogenic,0.9895833881875769,4.117593840790878,4.160936703204221,18.4,42,1270.481428538559,1807.653386727329,0.5087427841763347,19.033046043637786,3.103968321065118,-0.49096347305542865,904.0107375152637,1270.481428538559
1123075,3.446523318436979,FAT_006,FAT_DON_11,3,Allogenic,0.9895833881875769,4.117593840790878,4.160936703204221,29.66,42,2481.147347258918,1655.5984255859046,-0.583654633002757,1633.5156791520974,3.39465255637269,-0.4935523885276398,1762.294488522871,2481.147347258918
1123263,4.060525802684482,FAT_006,FAT_DON_11,3,Allogenic,0.9895833881875769,4.117593840790878,4.160936703204221,14.87,42,2356.7310868370632,1270.4592148000595,-0.8914370885683217,1305.1184748040766,3.3723100304812608,-0.019977772541742447,2324.3210838415853,2356.7310868370632
1123313,3.3023312874111963,FAT_006,FAT_DON_11,3,Allogenic,0.9895833881875769,4.117593840790878,4.160936703204221,26.01,42,1174.7766128294395,3473.2554281778007,1.5639020622456747,1455.5590859509618,3.0699552921066173,-0.41779262945843315,879.401452636621,1174.7766128294395
1125712,3.819285164727445,FAT_006,FAT_DON_11,3,Allogenic,0.9895833881875769,4.117593840790878,4.160936703204221,27.64,42,4693.124900335939,1630.589385924486,-1.525155326842767,116.12844283641,3.671462112449204,0.3076479678849132,5808.625524254461,4693.124900335939
1150460,5.9960207775283765,FAT_006,FAT_DON_11,3,Allogenic,0.9895833881875769,4.117593840790878,4.160936703204221,25.62,42,13865.23517585866,3788.369327911674,-1.871823195893526,95.23776639352415,4.141927240283263,-1.3831962058532827,5315.494736409172,13865.23517585866
1156431,2.053477197209362,FAT_006,FAT_DON_11,3,Allogenic,0.9895833881875769,4.117593840790878,4.160936703204221,21.31,42,23.926203927279825,8.00289269165392,-1.5799980507714737,595.5078060885379,1.378873799983649,-2.2340887905736846,5.085645231606951,23.926203927279825
1156433,1.937346403849484,FAT_006,FAT_DON_11,3,Allogenic,0.9895833881875769,4.117593840790878,4.160936703204221,24.16,42,32.30037530182777,15.0054237968511,-1.1060668624390613,550.4504590589819,1.509207568478655,-1.5833494575026963,10.778836594876886,32.30037530182777
1160721,11.099235234005064,FAT_006,FAT_DON_11,3,Allogenic,0.9895833881875769,4.117593840790878,4.160936703204221,26.89,42,27090.444396662584,9600.470145225334,-1.496607096984755,936736.78252279,4.432816129338644,-1.3914167343137702,10326.614287080118,27090.444396662584
1197728,2.0891045053419552,FAT_006,FAT_DON_11,3,Allogenic,0.9895833881875769,4.117593840790878,4.160936703204221,19.82,42,2508.66248177529,3649.319067394188,0.5407089121840379,42.25244773581443,3.3994422347850115,0.40062918324159646,3311.6439381354253,2508.66248177529
1203465,2.172590081803182,FAT_006,FAT_DON_11,3,Allogenic,0.9895833881875769,4.117593840790878,4.160936703204221,30.79,42,1178.3655434185316,1080.3905133732792,-0.125234273177019,49986.84830535876,3.0712800348172795,-0.35271005086313406,922.7918064674606,1178.3655434185316
1203540,2.7850798812370017,FAT_006,FAT_DON_11,3,Allogenic,0.9895833881875769,4.117593840790878,4.160936703204221,25.0,42,3222.859669004593,1634.590832270313,-0.9794118232007308,307.3072417481573,3.5082413957066345,-0.1956861832021772,2814.0640939226537,3222.859669004593
1203606,5.811373545475916,FAT_006,FAT_DON_11,3,Allogenic,0.9895833881875769,4.117593840790878,4.160936703204221,29.5,42,10534.70758918131,6308.280164196201,-0.7398316301376702,5800.1769542158,4.022622485443175,-0.24628693461943618,8881.426592431824,10534.70758918131
1203610,1.172462765414098,FAT_006,FAT_DON_11,3,Allogenic,0.9895833881875769,4.117593840790878,4.160936703204221,30.83,42,943.8887449311892,568.2053811074284,-0.7322043263928877,3438.698497449092,2.974920807529088,-0.7032794425212642,579.7124133528953,943.8887449311892
1203611,4.99667861994427,FAT_006,FAT_DON_11,3,Allogenic,0.9895833881875769,4.117593840790878,4.160936703204221,24.03,42,5782.963489223535,2560.925661329254,-1.175143618762332,5860.459821674169,3.7621504503913,-0.126833575620522,5296.265398283338,5782.963489223535
1233170,3.78634882189148,FAT_006,FAT_DON_11,3,Allogenic,0.9895833881875769,4.117593840790878,4.160936703204221,21.7,42,504.84290286560434,38.01374028535612,-3.731241631147711,698.951571148532,2.7031562552813417,-1.5763298961690173,169.29092324810907,504.84290286560434
1235789,1.5520103330299957,FAT_006,FAT_DON_11,3,Allogenic,0.9895833881875769,4.117593840790878,4.160936703204221,30.99,42,991.7411527857488,566.2046579345149,-0.8086400045479792,9152.908886458485,2.996398334869941,-0.15902539680712507,888.2330329955604,991.7411527857488
1235811,2.234132434112531,FAT_006,FAT_DON_11,3,Allogenic,0.9895833881875769,4.117593840790878,4.160936703204221,17.8,42,2081.579741673345,2952.06704163384,0.5040466588118055,867.8948767604192,3.318393052602268,0.1722201049860417,2345.5055777353077,2081.579741673345
1256908,7.154716792725657,FAT_006,FAT_DON_11,3,Allogenic,0.9895833881875769,4.117593840790878,4.160936703204221,29.47,42,59510.45071812676,32153.62211189254,-0.8881617778859374,60158.824628038994,4.77459323952129,-0.6341383968756086,38344.10106392296,59510.45071812676
1280705,2.0850772042574053,FAT_006,FAT_DON_11,3,Allogenic,0.9895833881875769,4.117593840790878,4.160936703204221,29.52,42,1643.7302098041243,3203.157799834481,0.9625213478140456,10.117811438229417,3.215830537043199,0.8173892492740501,2896.6046211763814,1643.7302098041243
1282887,1.9430691224051435,FAT_006,FAT_DON_11,3,Allogenic,0.9895833881875769,4.117593840790878,4.160936703204221,29.51,42,436.6532216728568,410.14825044726337,-0.0903425101460446,3810.69335639527,2.6401366687761425,-0.7375698936341216,261.88221582309393,436.6532216728568
1292036,4.58427477153574,FAT_006,FAT_DON_11,3,Allogenic,0.9895833881875769,4.117593840790878,4.160936703204221,18.75,42,812.2946233311502,74.02675739779876,-3.455884354499893,765.1547700525003,2.909713578600169,-0.46438595472075966,588.7344868951325,812.2946233311502
1322347,6.233326750572119,FAT_006,FAT_DON_11,3,Allogenic,0.9895833881875769,4.117593840790878,4.160936703204221,25.09,42,31843.384806816724,15000.421988918815,-1.0859906090414997,2137.634983626727,4.503019225045303,-0.014781286746702203,31518.79563906812,31843.384806816724
1384484,2.7559823041292724,FAT_006,FAT_DON_11,3,Allogenic,0.9895833881875769,4.117593840790878,4.160936703204221,25.0,42,2402.190874298895,1412.5105600769168,-0.7660891365637029,3784.148030704349,3.3806075127926496,-0.1550570639664425,2157.400055152769,2402.190874298895
1401079,2.1434979858907317,FAT_006,FAT_DON_11,3,Allogenic,0.9895833881875769,4.117593840790878,4.160936703204221,14.02,42,791.9573499929623,242.08750392253103,-1.7098941254167346,105.3078302721278,2.8987017937593675,-0.9952279719573164,397.29062929269463,791.9573499929623
1408437,7.644424677846533,FAT_006,FAT_DON_11,3,Allogenic,0.9895833881875769,4.117593840790878,4.160936703204221,26.48,42,11463.044301559768,5563.010782285931,-1.0430524322118029,5846.360628063958,4.059299970841795,-1.189366980710608,5026.490126331858,11463.044301559768
1408472,2.4624367388302413,FAT_006,FAT_DON_11,3,Allogenic,0.9895833881875769,4.117593840790878,4.160936703204221,29.39,42,2645.041844160785,4421.598212138791,0.741277388578457,62.617474404464325,3.422432546898382,0.44129422734428353,3591.495662304106,2645.041844160785
1410645,3.1623564864058498,FAT_006,FAT_DON_11,3,Allogenic,0.9895833881875769,4.117593840790878,4.160936703204221,25.07,42,2106.702255796989,1059.3829200576877,-0.991762275722983,189.21066053611344,3.323603160286945,-0.0185352252550376,2079.8092313207567,2106.702255796989
1410647,9.57159390206142,FAT_006,FAT_DON_11,3,Allogenic,0.9895833881875769,4.117593840790878,4.160936703204221,25.61,42,69019.92046902413,18308.617755331252,-1.9144899351895857,45.09861849161691,4.838974454522494,-0.870054896438628,37762.59517176864,69019.92046902413
1410657,3.748258289654567,FAT_006,FAT_DON_11,3,Allogenic,0.9895833881875769,4.117593840790878,4.160936703204221,28.33,42,3139.1179552591134,4043.461532458143,0.3652316458775405,155.491935059408,3.4968076350232904,-0.2999487908336584,2549.846588050009,3139.1179552591134
1410665,2.4385416708448924,FAT_006,FAT_DON_11,3,Allogenic,0.9895833881875769,4.117593840790878,4.160936703204221,29.3,42,942.6924347348252,587.2122512501064,-0.6829050822304351,227.44371335638004,2.9743700218092237,0.2913081092907007,1153.6192668552142,942.6924347348252
1410676,3.1483823303480274,FAT_006,FAT_DON_11,3,Allogenic,0.9895833881875769,4.117593840790878,4.160936703204221,28.61,42,2648.630774749877,6531.360797976055,1.3021368634589623,16.961548830375644,3.423021420862372,-0.3819756472699512,2032.5221793856058,2648.630774749877
1437612,9.86589169705664,FAT_006,FAT_DON_11,3,Allogenic,0.9895833881875769,4.117593840790878,4.160936703204221,25.15,42,691085.6705457469,180346.18716800757,-1.938095643255182,117.22960074490788,5.839531888096405,-2.8804940755261903,93846.21665512044,691085.6705457469
1899017,0.0,FAT_006,FAT_DON_11,3,Allogenic,0.9895833881875769,4.117593840790878,4.160936703204221,21.4,42,143.55722356367897,1472.5322552643213,3.358601404564383,867.7985072762507,2.1570250503672925,-0.3555549682969615,112.19986640272529,143.55722356367897
561,4.117191577228744,FAT_015,FAT_DON_11,3,Allogenic,0.915997639457472,4.117593840790878,4.49520136670838,31.07,42,25041.701331373653,90820.24201952553,1.858681299092001,261.88419832774497,4.39866383147638,-4.40787164616861,1179.6746553495907,25041.701331373653
818,6.775084083508358,FAT_015,FAT_DON_11,3,Allogenic,0.915997639457472,4.117593840790878,4.49520136670838,29.11,42,52865.24899796097,21961.65979557168,-1.2673325845088772,31828.58137034028,4.723170282096388,-0.6397196957299606,33930.90668975946,52865.24899796097
904,0.8665377150540117,FAT_015,FAT_DON_11,3,Allogenic,0.915997639457472,4.117593840790878,4.49520136670838,23.81,42,907.9132947825236,1539.9707724045454,0.7622765371828634,531.3385560830724,2.958044375618564,-0.04693427213972676,878.8520131400516,907.9132947825236
1547,0.9199062738837384,FAT_015,FAT_DON_11,3,Allogenic,0.915997639457472,4.117593840790878,4.49520136670838,28.34,42,1622.6226404353265,1563.256620777598,-0.0537728961310925,614.8686787921533,3.210217531390098,0.7363248339550017,2703.1702116545475,1622.6226404353265
205913,5.876184418857549,FAT_015,FAT_DON_11,3,Allogenic,0.915997639457472,4.117593840790878,4.49520136670838,24.89,42,15768.638103782872,106507.91806845106,2.7558307192351563,2484.957418232842,4.197794186064927,-0.6055886501855084,10363.198988617376,15768.638103782872
206672,5.392304217230573,FAT_015,FAT_DON_11,3,Allogenic,0.915997639457472,4.117593840790878,4.49520136670838,25.09,42,11883.495532749495,82383.77915396857,2.7934010402039817,2067.5904068101377,4.074944207252009,-0.9160251818376508,6297.8621548350575,11883.495532749495
207244,1.2884640838818044,FAT_015,FAT_DON_11,3,Allogenic,0.915997639457472,4.117593840790878,4.49520136670838,29.93,42,644.9816046135048,582.9224042720836,-0.1459541624903963,991.1781272767964,2.8095473283891086,-0.5104058235812774,452.7931681889724,644.9816046135048
213810,4.7534246482813565,FAT_015,FAT_DON_11,3,Allogenic,0.915997639457472,4.117593840790878,4.49520136670838,22.4,42,3399.2273756657687,10912.524742558217,1.6827061522962847,17090.864816563542,3.5313802156846315,-0.4156209370252693,2548.3897335528745,3399.2273756657687
226186,7.285499288211493,FAT_015,FAT_DON_11,3,Allogenic,0.915997639457472,4.117593840790878,4.49520136670838,29.11,42,45658.596429295205,4322.629652984331,-3.400905369160128,31055.54262608152,4.659522556904959,-0.42449226057378203,34020.26197075209,45658.596429295205
246201,0.0,FAT_015,FAT_DON_11,3,Allogenic,0.915997639457472,4.117593840790878,4.49520136670838,22.8,42,123.47620809042324,10.090534294989462,-3.613158611651172,407.4128339795628,2.0915832839887813,0.6828685188383729,198.21987195299403,123.47620809042324
264199,8.125380888319466,FAT_015,FAT_DON_11,3,Allogenic,0.915997639457472,4.117593840790878,4.49520136670838,24.34,42,1434.5030057563874,73.7385198479999,-4.281988723275442,82988.82486059259,3.1567014625729866,-1.0347017848205635,700.2049695917528,1434.5030057563874
272559,5.529905988082651,FAT_015,FAT_DON_11,3,Allogenic,0.915997639457472,4.117593840790878,4.49520136670838,30.39,42,30063.551347474757,162619.05069805015,2.435408930812882,5153.241891717636,4.47804028162387,-0.5714932210597228,20230.36319741718,30063.551347474757
272621,4.185060154969754,FAT_015,FAT_DON_11,3,Allogenic,0.915997639457472,4.117593840790878,4.49520136670838,14.99,42,23.968910982258624,4.657169674610521,-2.363639012291859,541.989745235143,1.379648302488395,-1.223443730393118,10.264907534504541,23.968910982258624
272623,1.2139263212558282,FAT_015,FAT_DON_11,3,Allogenic,0.915997639457472,4.117593840790878,4.49520136670838,26.74,42,735.7729340917573,13.971509023831562,-5.718700851013388,80.40656874436804,2.866743807970788,-0.5530227163920706,501.49589454310467,735.7729340917573
295405,5.795760743261876,FAT_015,FAT_DON_11,3,Allogenic,0.915997639457472,4.117593840790878,4.49520136670838,30.39,42,25022.81673484218,160484.514597187,2.6811179930374243,8720.847778857322,4.398336195187353,-0.6075694832448826,16422.510805063714,25022.81673484218
300267,1.9602788547761705,FAT_015,FAT_DON_11,3,Allogenic,0.915997639457472,4.117593840790878,4.49520136670838,30.93,42,3896.763861206592,8688.726222931695,1.156868183097206,170.5672518701547,3.590704088912477,0.1090870884553798,4202.8372683528405,3896.763861206592
300269,2.2889303881318046,FAT_015,FAT_DON_11,3,Allogenic,0.915997639457472,4.117593840790878,4.49520136670838,31.07,42,6540.607375613301,10741.761854489168,0.7157341233386115,187.72001387174257,3.81561807976606,-3.7512430299805133,485.7148781174432,6540.607375613301
314315,2.8025614030188337,FAT_015,FAT_DON_11,3,Allogenic,0.915997639457472,4.117593840790878,4.49520136670838,15.29,42,28.32689479721474,28.719212993431544,0.0198437531121389,265.5678333656392,1.4521989696370068,-0.1941701200280274,24.759846005279456,28.32689479721474
321967,3.533662816782905,FAT_015,FAT_DON_11,3,Allogenic,0.915997639457472,4.117593840790878,4.49520136670838,22.05,42,65.36975722434171,18.628678698442084,-1.8110979892630807,1051.179973055832,1.8153768720498324,-0.3220890565042116,52.28997145714298,65.36975722434171
334413,1.6129851842305192,FAT_015,FAT_DON_11,3,Allogenic,0.915997639457472,4.117593840790878,4.49520136670838,14.89,42,1250.0150242565787,79.17188446837885,-3.98081343372327,66.90670094432038,3.096915232938068,-0.5937694099494452,828.2717137198949,1250.0150242565787
347253,8.732491172883888,FAT_015,FAT_DON_11,3,Allogenic,0.915997639457472,4.117593840790878,4.49520136670838,25.68,42,4858.425623040241,391.97844761305214,-3.6316426459423785,24999.847962886084,3.686495558563141,-0.742564285355663,2903.764790790174,4858.425623040241
349741,12.647466020454257,FAT_015,FAT_DON_11,3,Allogenic,0.915997639457472,4.117593840790878,4.49520136670838,28.37,42,867466.8469959161,97497.84713797124,-3.153366353566916,31547.830856312212,5.938252885835402,-2.1638435584245563,193584.71739990558,867466.8469959161
364106,4.196754307905697,FAT_015,FAT_DON_11,3,Allogenic,0.915997639457472,4.117593840790878,4.49520136670838,31.07,42,24916.772462011584,96290.86399730136,1.950281718560189,291.6113924395327,4.396491786272938,-4.415626651453734,1167.496842079367,24916.772462011584
367928,5.356453899813077,FAT_015,FAT_DON_11,3,Allogenic,0.915997639457472,4.117593840790878,4.49520136670838,25.27,42,82084.07781597006,315257.78678340995,1.9413576963764392,86.50858026445366,4.914258923413253,-0.5886128323205823,54584.43320788884,82084.07781597006
386585,2.247214013295717,FAT_015,FAT_DON_11,3,Allogenic,0.915997639457472,4.117593840790878,4.49520136670838,31.07,42,7128.935190632376,15610.056554348695,1.130717253582032,283.299683066264,3.8530246665465326,-3.730938260180576,536.9085726500601,7128.935190632376
391904,2.844628448351196,FAT_015,FAT_DON_11,3,Allogenic,0.915997639457472,4.117593840790878,4.49520136670838,26.99,42,3425.3752785555057,18586.764171370585,2.4399416675981027,646.4086510515107,3.534708159033559,-0.5877811151866666,2279.126403799471,3425.3752785555057
398513,1.84086504359506,FAT_015,FAT_DON_11,3,Allogenic,0.915997639457472,4.117593840790878,4.49520136670838,25.15,42,1865.943403437043,3441.6483895371744,0.8831944863119278,42.12519995697748,3.270898466876853,-0.4219956487381705,1392.7241890933458,1865.943403437043
409438,2.623114736385661,FAT_015,FAT_DON_11,3,Allogenic,0.915997639457472,4.117593840790878,4.49520136670838,31.07,42,9587.56439290345,14381.339955197289,0.5849618352014961,277.9151449800178,3.981708293816357,-3.8445851230678056,667.3794825692394,9587.56439290345
411459,8.354990822707139,FAT_015,FAT_DON_11,3,Allogenic,0.915997639457472,4.117593840790878,4.49520136670838,29.69,42,112970.5617738357,55492.50525782166,-1.025582038274004,101602.94011973082,5.052965288396738,-0.2260402778785654,96587.37974210174,112970.5617738357
411460,8.590986832708493,FAT_015,FAT_DON_11,3,Allogenic,0.915997639457472,4.117593840790878,4.49520136670838,29.93,42,155386.81824480352,256004.6170133403,0.7203057068857184,6037.826826987191,5.191414174012142,-0.3599499767611393,121076.10297797236,155386.81824480352
411461,11.372019672727438,FAT_015,FAT_DON_11,3,Allogenic,0.915997639457472,4.117593840790878,4.49520136670838,31.07,42,56758.38120598843,65979.67517009878,0.2171882320917612,51566.3675839195,4.754030000539277,-3.041219274355123,6894.960389559165,56758.38120598843
411462,11.35974294272661,FAT_015,FAT_DON_11,3,Allogenic,0.915997639457472,4.117593840790878,4.49520136670838,28.31,42,196295.2123157966,162795.2469507396,-0.2699664069854535,119980.70770093064,5.292909707189475,0.18928286942738068,223815.17476986456,196295.2123157966
411463,5.490381597291154,FAT_015,FAT_DON_11,3,Allogenic,0.915997639457472,4.117593840790878,4.49520136670838,26.73,42,25688.86192789464,14524.159825218676,-0.8226882662562012,18442.8369130503,4.409744864508325,-0.758836385862324,15181.418433968063,25688.86192789464
411464,6.651152468735674,FAT_015,FAT_DON_11,3,Allogenic,0.915997639457472,4.117593840790878,4.49520136670838,28.1,42,12969.359833309394,1515.132534139956,-3.0975913679208635,16980.582791488836,4.112918539867992,0.4529349209010274,17752.74590830911,12969.359833309394
411466,2.7786507406714698,FAT_015,FAT_DON_11,3,Allogenic,0.915997639457472,4.117593840790878,4.49520136670838,23.67,42,197.56193294467715,272.44442596471544,0.4636569853996588,1524.1213405510653,2.295703266644706,-0.11990252536049331,181.80633412684276,197.56193294467715
411467,4.962969646655967,FAT_015,FAT_DON_11,3,Allogenic,0.915997639457472,4.117593840790878,4.49520136670838,27.37,42,17100.72848988779,70880.57005768058,2.051332421696271,14859.398759475887,4.233014611702062,-0.44880852465620047,12528.808854133757,17100.72848988779
411468,4.582194604389156,FAT_015,FAT_DON_11,3,Allogenic,0.915997639457472,4.117593840790878,4.49520136670838,27.59,42,3200.9391120852656,5800.504829727403,0.8576832320299944,3231.584578586118,3.5052774131204263,-0.5009715857466212,2261.8819705234446,3200.9391120852656
411469,14.755973176449183,FAT_015,FAT_DON_11,3,Allogenic,0.915997639457472,4.117593840790878,4.49520136670838,29.85,42,188201.7100407873,66124.0474300117,-1.5090327974514306,129418.6931376056,5.274623565201248,-1.8510224826854529,52168.731311172625,188201.7100407873
411470,8.393557599937642,FAT_015,FAT_DON_11,3,Allogenic,0.915997639457472,4.117593840790878,4.49520136670838,31.06,42,39784.03424673436,55106.73636977475,0.4700391096718219,15430.29847983428,4.599708820071981,-0.3320305287727313,31605.136578961556,39784.03424673436
411471,7.780023645903584,FAT_015,FAT_DON_11,3,Allogenic,0.915997639457472,4.117593840790878,4.49520136670838,28.72,42,39502.94429066969,118011.90335968482,1.5789002940039174,27871.987037834664,4.596629466298289,0.05379548843872741,41003.7448062689,39502.94429066969
411473,7.253353108577308,FAT_015,FAT_DON_11,3,Allogenic,0.915997639457472,4.117593840790878,4.49520136670838,29.04,42,17397.79771994063,43442.078724766936,1.3201884427071144,22321.57589840618,4.240494277098137,-0.6113738477249548,11388.129848494716,17397.79771994063
411474,6.116636118069628,FAT_015,FAT_DON_11,3,Allogenic,0.915997639457472,4.117593840790878,4.49520136670838,27.02,42,23198.27417764722,5946.429479531866,-1.9639219104256007,14260.192040855203,4.365455677002808,-0.3795305889573967,17832.227060850804,23198.27417764722
411475,7.69840100275033,FAT_015,FAT_DON_11,3,Allogenic,0.915997639457472,4.117593840790878,4.49520136670838,28.82,42,30686.01670237765,100645.31764306218,1.713626765443888,17829.542507480248,4.486940517090946,-0.5213977813818605,21378.84040399087,30686.01670237765
411476,6.0931724090282415,FAT_015,FAT_DON_11,3,Allogenic,0.915997639457472,4.117593840790878,4.49520136670838,29.68,42,18056.579606634838,3631.039956304669,-2.3140699232419824,16152.685635077798,4.256635486916133,-0.18027414586583354,15935.568502362115,18056.579606634838
411477,11.520463919749112,FAT_015,FAT_DON_11,3,Allogenic,0.915997639457472,4.117593840790878,4.49520136670838,29.89,42,164248.7783325168,30107.04955646548,-2.447709401696953,95667.60176324152,5.215502148000952,-0.5890090686428677,109192.48521487608,164248.7783325168
411479,11.207117324074735,FAT_015,FAT_DON_11,3,Allogenic,0.915997639457472,4.117593840790878,4.49520136670838,30.29,42,173587.21131733194,77967.22991254626,-1.1547208808596527,56702.2985170426,5.239517726261554,-0.49107829810074544,123506.10576307436,173587.21131733194
411483,11.583338646168722,FAT_015,FAT_DON_11,3,Allogenic,0.915997639457472,4.117593840790878,4.49520136670838,28.13,42,131628.54314693448,99401.0771449954,-0.405138975372641,363790.8903020438,5.119350074590138,-0.1306663919008206,120230.75414026217,131628.54314693448
411484,14.89792886449638,FAT_015,FAT_DON_11,3,Allogenic,0.915997639457472,4.117593840790878,4.49520136670838,27.82,42,71774.54077105554,14320.020554481582,-2.3254386313887445,174205.77825472775,4.855970422467958,-2.0189340185596474,17709.680396121934,71774.54077105554
411485,11.668071879929268,FAT_015,FAT_DON_11,3,Allogenic,0.915997639457472,4.117593840790878,4.49520136670838,29.4,42,106963.08108491868,202501.4994015231,0.9208196621704454,393027.3180631168,5.029233904340934,-0.5515529562310184,72979.3381316327,106963.08108491868
411486,8.604047791245614,FAT_015,FAT_DON_11,3,Allogenic,0.915997639457472,4.117593840790878,4.49520136670838,26.21,42,30547.28755093488,32222.95697863019,0.0770446092760685,34355.536903921515,4.484972653074146,-0.3010207122385031,24794.55906335194,30547.28755093488
411487,9.267477953245631,FAT_015,FAT_DON_11,3,Allogenic,0.915997639457472,4.117593840790878,4.49520136670838,31.0,42,30525.4976318601,17535.02001985438,-0.7997757367379635,23195.374967399013,4.484662752617223,-0.4662682882942357,22095.407309647188,30525.4976318601
411489,8.255384097190841,FAT_015,FAT_DON_11,3,Allogenic,0.915997639457472,4.117593840790878,4.49520136670838,27.23,42,19695.907851694155,17402.29068412798,-0.1786186949985485,21159.962145713784,4.2943760037231895,-0.2445578633319074,16624.812319905326,19695.907851694155
411490,5.54429537839355,FAT_015,FAT_DON_11,3,Allogenic,0.915997639457472,4.117593840790878,4.49520136670838,30.71,42,8279.44291778079,7754.963703172285,-0.0944136704762539,2949.8480311255494,3.91800111626882,-0.8603358590323329,4560.518442751843,8279.44291778079
411901,3.9893670908881007,FAT_015,FAT_DON_11,3,Allogenic,0.915997639457472,4.117593840790878,4.49520136670838,29.11,42,3179.149193010485,899.6099421455989,-1.8212692112871376,1948.4553350298104,3.5023109092236213,-0.5655416082794129,2148.1565169550067,3179.149193010485
411902,5.966170343512733,FAT_015,FAT_DON_11,3,Allogenic,0.915997639457472,4.117593840790878,4.49520136670838,31.82,42,23788.05465393795,24709.389903591888,0.0548220942304807,7561.77860594908,4.376358927636068,-0.09933596920174939,22205.257882809616,23788.05465393795
411903,14.34054143232548,FAT_015,FAT_DON_11,3,Allogenic,0.915997639457472,4.117593840790878,4.49520136670838,26.62,42,235585.34173016928,1668969.7152215822,2.824636094422628,78558.74118886735,5.372148264876753,-2.2061838822368487,51052.93804762243,235585.34173016928
428125,5.182012029915019,FAT_015,FAT_DON_11,3,Allogenic,0.915997639457472,4.117593840790878,4.49520136670838,26.43,42,39312.64566408328,28936.5475782467,-0.4421006535017316,5957.150111264262,4.5945322719719295,-0.48340786846357864,28119.78549335975,39312.64566408328
428126,2.752528762420438,FAT_015,FAT_DON_11,3,Allogenic,0.915997639457472,4.117593840790878,4.49520136670838,27.15,42,8442.140980205819,1992.4924257875343,-2.0830346818973617,855.41375454433,3.926452600414245,-0.021301322485745473,8318.408874147903,8442.140980205819
428127,5.533650095124443,FAT_015,FAT_DON_11,3,Allogenic,0.915997639457472,4.117593840790878,4.49520136670838,17.97,42,7663.514538600327,11902.173298412954,0.6351469505046949,4871.297505540306,3.884427985647112,-0.7974482868861107,4409.325208830605,7663.514538600327
428128,4.419082032792792,FAT_015,FAT_DON_11,3,Allogenic,0.915997639457472,4.117593840790878,4.49520136670838,26.14,42,3834.299426525554,5853.286086039656,0.6102837900085436,1179.6121588105975,3.583686024611466,-0.4743796232476387,2759.8376095820277,3834.299426525554
435590,17.239992847648043,FAT_015,FAT_DON_11,3,Allogenic,0.915997639457472,4.117593840790878,4.49520136670838,30.99,42,567578.0014147976,21568.905153012856,-4.7177938218553725,563916.722966483,5.754025554422314,-2.0606073285356077,136057.01520355718,567578.0014147976
435591,8.346843302825713,FAT_015,FAT_DON_11,3,Allogenic,0.915997639457472,4.117593840790878,4.49520136670838,30.59,42,49776.89113442873,2658.467689256838,-4.226809290896815,12234.390987313918,4.697027768822904,-0.9105425371662124,26480.559247699483,49776.89113442873
442563,4.174174904827751,FAT_015,FAT_DON_11,3,Allogenic,0.915997639457472,4.117593840790878,4.49520136670838,24.15,42,308.6905202260581,62.09559566147361,-2.313598329792264,5163.893686555394,2.489523292660819,-1.0906534797852887,144.94521419144448,308.6905202260581
445970,15.446383167339915,FAT_015,FAT_DON_11,3,Allogenic,0.915997639457472,4.117593840790878,4.49520136670838,17.81,42,355255.5772888641,387799.4140250349,0.1264533244472098,229264.18822724267,5.550540904802925,-3.1071029962232677,41229.655244857655,355255.5772888641
445972,7.436262824711363,FAT_015,FAT_DON_11,3,Allogenic,0.915997639457472,4.117593840790878,4.49520136670838,25.15,42,13254.081442553192,28291.529578313144,1.0939334884811542,17485.78535471571,4.122349634879099,-0.3527522970808614,10379.121894381282,13254.081442553192
445973,8.359297194998357,FAT_015,FAT_DON_11,3,Allogenic,0.915997639457472,4.117593840790878,4.49520136670838,29.52,42,26386.86566892344,7431.290410786854,-1.8281353368449464,6072.800315415098,4.42138780615285,-0.8343343121219347,14798.856255045588,26386.86566892344
445975,1.0767240582825803,FAT_015,FAT_DON_11,3,Allogenic,0.915997639457472,4.117593840790878,4.49520136670838,20.24,42,1146.149743333458,9373.33016509944,3.031766157845604,321.95855064170024,3.059241361483909,-0.07994593524762805,1084.3643645827378,1146.149743333458
449673,6.259971879532723,FAT_015,FAT_DON_11,3,Allogenic,0.915997639457472,4.117593840790878,4.49520136670838,29.11,42,20555.15699387634,9516.15003512083,-1.1110504676830255,6490.531528462775,4.3129207981347975,-0.37904495077316747,15805.815139642538,20555.15699387634
450749,4.912759023905082,FAT_015,FAT_DON_11,3,Allogenic,0.915997639457472,4.117593840790878,4.49520136670838,27.8,42,2131.05408551354,997.4105053124198,-1.0953079052467118,5222.961504645643,3.328594472117772,-0.790283864763019,1232.2400605055227,2131.05408551354
451640,1.8061987378032864,FAT_015,FAT_DON_11,3,Allogenic,0.915997639457472,4.117593840790878,4.49520136670838,25.98,42,1505.6834080673373,290.2969097173891,-2.37481733487634,901.6039978203448,3.1777336647043684,-0.8186339264884853,853.6902028081815,1505.6834080673373
457387,4.620519048092942,FAT_015,FAT_DON_11,3,Allogenic,0.915997639457472,4.117593840790878,4.49520136670838,29.03,42,20613.263444742417,6787.824800744834,-1.602551693793461,12211.717026591074,4.314146753731962,-0.3267448290631765,16435.645267298307,20613.263444742417
457388,6.09640590709386,FAT_015,FAT_DON_11,3,Allogenic,0.915997639457472,4.117593840790878,4.49520136670838,30.59,42,57868.21441753058,17554.424893498588,-1.7209363966071247,18207.428740201027,4.762440081973409,-0.3993235001730057,43876.47510163373,57868.21441753058
457390,5.3206822973436,FAT_015,FAT_DON_11,3,Allogenic,0.915997639457472,4.117593840790878,4.49520136670838,29.68,42,23862.866709428028,5810.5953640223925,-2.038009470786231,18205.570996970026,4.37772261541565,0.11298682654933585,25806.852483556122,23862.866709428028
457391,7.396633952575257,FAT_015,FAT_DON_11,3,Allogenic,0.915997639457472,4.117593840790878,4.49520136670838,30.88,42,97144.54354982256,12019.378735223983,-3.014770637165282,32338.12601285365,4.987418412009884,-0.3629582262182591,75536.54190232173,97144.54354982256
457392,4.307407178654523,FAT_015,FAT_DON_11,3,Allogenic,0.915997639457472,4.117593840790878,4.49520136670838,30.19,42,17944.724688717626,141446.00496737918,2.97861973516549,2948.334263825396,4.253936799694172,-0.5797612065694865,12006.35792786071,17944.724688717626
457393,9.842840971957608,FAT_015,FAT_DON_11,3,Allogenic,0.915997639457472,4.117593840790878,4.49520136670838,29.75,42,313374.62649650004,57573.4839074268,-2.444411950656224,136695.4978520379,5.496063829341684,-1.9961111317804616,78555.12137748911,313374.62649650004
457394,11.185471526594208,FAT_015,FAT_DON_11,3,Allogenic,0.915997639457472,4.117593840790878,4.49520136670838,30.99,42,339510.1817654277,21542.51452485673,-3.9781962792094583,313772.04370756634,5.53085280311795,-0.6476150364180816,216721.12752412938,339510.1817654277
457395,7.971535418197156,FAT_015,FAT_DON_11,3,Allogenic,0.915997639457472,4.117593840790878,4.49520136670838,30.99,42,110214.13701087594,14962.709969577834,-2.8808658906654085,40373.24926884402,5.042237304425354,-0.5001534347416764,77924.87568901155,110214.13701087594
457400,2.9287113585209497,FAT_015,FAT_DON_11,3,Allogenic,0.915997639457472,4.117593840790878,4.49520136670838,31.07,42,12255.376818292418,17231.527796058926,0.4916357769695797,215.7352784455674,4.088326669124544,-4.037747737809989,746.1797950832156,12255.376818292418
457401,3.007345830774048,FAT_015,FAT_DON_11,3,Allogenic,0.915997639457472,4.117593840790878,4.49520136670838,31.07,42,13562.771962779252,15106.30603454499,0.1554988524697052,243.0756475248626,4.13234845981934,-4.185346308193119,745.4760215578639,13562.771962779252
457412,10.13576804828119,FAT_015,FAT_DON_11,3,Allogenic,0.915997639457472,4.117593840790878,4.49520136670838,30.36,42,127361.3506614566,99954.50414132827,-0.3495840566439953,153809.98131154486,5.105037656091671,-0.11768110077849285,117384.86770489458,127361.3506614566
457416,4.897064070187832,FAT_015,FAT_DON_11,3,Allogenic,0.915997639457472,4.117593840790878,4.49520136670838,27.37,42,1911.7022334940816,881.7574583929252,-1.1164040478851218,5225.9245387266965,3.281420247552425,-0.2932096297699026,1560.1104791049067,1911.7022334940816
457421,3.986847148466847,FAT_015,FAT_DON_11,3,Allogenic,0.915997639457472,4.117593840790878,4.49520136670838,31.17,42,4600.578247322004,10133.225017006724,1.139206291517452,5129.022240006748,3.6628124216464006,-0.04558901095918802,4457.4734171907385,4600.578247322004
457424,5.48223273593852,FAT_015,FAT_DON_11,3,Allogenic,0.915997639457472,4.117593840790878,4.49520136670838,30.39,42,28431.48640877369,17439.548041524864,-0.7051268735089923,5543.067798841458,4.453799565362389,-0.4514021837412384,20792.847480616198,28431.48640877369
469585,4.788872406616947,FAT_015,FAT_DON_11,3,Allogenic,0.915997639457472,4.117593840790878,4.49520136670838,29.25,42,22365.8992689906,4178.257393071405,-2.42032749160286,13639.749313862774,4.349586364601628,-0.14009290879681585,20296.174907496592,22365.8992689906
469588,4.060810944066854,FAT_015,FAT_DON_11,3,Allogenic,0.915997639457472,4.117593840790878,4.49520136670838,28.94,42,8283.800901595747,3027.936483442607,-1.4519579368295,5529.155410142373,3.918229652223175,-0.18045372058035583,7309.836606883552,8283.800901595747
469589,6.262938538186231,FAT_015,FAT_DON_11,3,Allogenic,0.915997639457472,4.117593840790878,4.49520136670838,30.59,42,68781.33222081652,2729.1014293217645,-4.655519139913944,18111.36574022049,4.837470583386926,-0.20655581189336375,59606.15231345735,68781.33222081652
469590,5.236334687251625,FAT_015,FAT_DON_11,3,Allogenic,0.915997639457472,4.117593840790878,4.49520136670838,29.52,42,27084.869409952247,9087.690425056662,-1.5755015399068153,15940.244929533905,4.432726745971815,-0.6600411265171857,17140.93738720644,27084.869409952247
469591,7.567121400286873,FAT_015,FAT_DON_11,3,Allogenic,0.915997639457472,4.117593840790878,4.49520136670838,30.59,42,103311.81697862128,6268.55038202576,-4.042729616534264,30495.17409202205,5.014149999690876,-0.7278371169670685,62380.54942237346,103311.81697862128
469592,6.5359225554014655,FAT_015,FAT_DON_11,3,Allogenic,0.915997639457472,4.117593840790878,4.49520136670838,30.59,42,64266.46098852198,5054.581486843952,-3.668402479741943,22275.24775491371,4.807984384934915,-0.3630528539461029,49968.30133140556,64266.46098852198
469593,11.050988191330484,FAT_015,FAT_DON_11,3,Allogenic,0.915997639457472,4.117593840790878,4.49520136670838,30.99,42,334456.3732013503,23159.32859689235,-3.852152702229848,303602.17727782746,5.524339476024359,-0.7326711626032713,201272.05422667688,334456.3732013503
469596,5.988112027659919,FAT_015,FAT_DON_11,3,Allogenic,0.915997639457472,4.117593840790878,4.49520136670838,28.15,42,32447.368494255745,255923.8927389804,2.979541457455241,3915.337702933807,4.511179480958715,-0.4441588073855111,23849.22973613236,32447.368494255745
469610,7.224137416698261,FAT_015,FAT_DON_11,3,Allogenic,0.915997639457472,4.117593840790878,4.49520136670838,25.27,42,19672.665271347723,145.14845485869455,-7.082519404125341,17957.000732996283,4.293863202533729,-0.10970180181807748,18232.22491045992,19672.665271347723
470145,4.530247905547501,FAT_015,FAT_DON_11,3,Allogenic,0.915997639457472,4.117593840790878,4.49520136670838,28.33,42,12399.190284185968,9458.711609133969,-0.3905303204823088,5666.253192519181,4.093393324953209,0.19510342629047192,14194.670264517354,12399.190284185968
470146,10.481976348337383,FAT_015,FAT_DON_11,3,Allogenic,0.915997639457472,4.117593840790878,4.49520136670838,28.01,42,59665.88274119997,87824.9057238052,0.5577238959743293,103128.49854916388,4.7757260702813324,0.014093737097813069,60251.617157780536,59665.88274119997
471870,6.518883704273775,FAT_015,FAT_DON_11,3,Allogenic,0.915997639457472,4.117593840790878,4.49520136670838,30.58,42,27595.479846937946,3598.439768582396,-2.9389885566601026,29621.812047722564,4.440837950242756,-0.8427803462121198,15386.356340871595,27595.479846937946
471872,1.7086513123943905,FAT_015,FAT_DON_11,3,Allogenic,0.915997639457472,4.117593840790878,4.49520136670838,26.78,42,110.40225664555489,18.628678698442084,-2.5671724063769914,350.7328536544383,2.04297795055528,-0.5247666955049928,76.7374625574389,110.40225664555489
471875,8.01673185019843,FAT_015,FAT_DON_11,3,Allogenic,0.915997639457472,4.117593840790878,4.49520136670838,29.18,42,33833.933678047615,50260.17512839673,0.5709447774185924,46435.08186811378,4.529352493660116,-0.67042784849551,21258.54816096878,33833.933678047615
471881,1.9864334600362827,FAT_015,FAT_DON_11,3,Allogenic,0.915997639457472,4.117593840790878,4.49520136670838,27.28,42,2810.173230010867,4.657169674610521,-9.236989906376625,3.78720752588665,3.4487330923317523,-0.3285242526108718,2237.8833132827212,2810.173230010867
476272,5.41802329106099,FAT_015,FAT_DON_11,3,Allogenic,0.915997639457472,4.117593840790878,4.49520136670838,29.6,42,3304.0780623725605,5806.714389293551,0.8134743026058744,4393.313817911821,3.5190502994404627,-0.7766992454850247,1928.5927460872895,3304.0780623725605
478749,4.2217870017078765,FAT_015,FAT_DON_11,3,Allogenic,0.915997639457472,4.117593840790878,4.49520136670838,29.95,42,3805.246201092513,5339.445031940962,0.4886999999783278,4099.600314750284,3.5803827610584538,-0.5743131876300704,2555.6258048762606,3805.246201092513
479436,5.704342419958533,FAT_015,FAT_DON_11,3,Allogenic,0.915997639457472,4.117593840790878,4.49520136670838,27.57,42,1332.0903861049187,683.0515522762097,-0.9636256037249572,4627.338991359046,3.12453369394451,-1.0035121821747952,664.4257053114475,1332.0903861049187
479437,3.978732914449626,FAT_015,FAT_DON_11,3,Allogenic,0.915997639457472,4.117593840790878,4.49520136670838,24.48,42,3128.3060485026635,4225.605284763279,0.4337763496075739,1595.632843615993,3.495309234373108,-0.3213163915849419,2503.7061862534038,3128.3060485026635
483215,9.531224529315445,FAT_015,FAT_DON_11,3,Allogenic,0.915997639457472,4.117593840790878,4.49520136670838,28.86,42,115084.91025472524,16666.457875539516,-2.7876792562052413,94747.7517113,5.061018383380248,0.1125904929222475,124426.10290066469,115084.91025472524
483216,5.724755888442626,FAT_015,FAT_DON_11,3,Allogenic,0.915997639457472,4.117593840790878,4.49520136670838,29.11,42,19533.209789269127,2466.7475376520392,-2.985247065280776,5978.573349139432,4.290773614472061,-0.8665877675725955,10712.842070464223,19533.209789269127
483217,8.508074560346932,FAT_015,FAT_DON_11,3,Allogenic,0.915997639457472,4.117593840790878,4.49520136670838,30.63,42,109235.04331378246,15863.872301614969,-2.7836188818136565,42227.66784886001,5.038361985221705,-0.670982578327084,68608.21219915742,109235.04331378246
483218,5.741509687006585,FAT_015,FAT_DON_11,3,Allogenic,0.915997639457472,4.117593840790878,4.49520136670838,28.19,42,14714.73235119932,7116.931457750644,-1.0479340543511066,32520.4631725012,4.167752367050352,-0.14782072984508887,13281.706941743127,14714.73235119932
484018,6.304757931910952,FAT_015,FAT_DON_11,3,Allogenic,0.915997639457472,4.117593840790878,4.49520136670838,30.12,42,72595.29438953895,23004.089607738668,-1.657985673512438,6440.687144611086,4.860908470742941,-0.058425089908699664,69714.12265394945,72595.29438953895
484020,4.6431586794619415,FAT_015,FAT_DON_11,3,Allogenic,0.915997639457472,4.117593840790878,4.49520136670838,25.15,42,1310.3004670301382,1793.0103247250504,0.4524861193934766,2482.221462138088,3.11737089581643,-1.0788371870752804,620.3096566306988,1310.3004670301382
500632,6.405322129319497,FAT_015,FAT_DON_11,3,Allogenic,0.915997639457472,4.117593840790878,4.49520136670838,27.33,42,22450.153622746424,23483.00188927778,0.0648915263270057,30847.019941550203,4.351219317155948,-0.13607973621125327,20429.3822619782,22450.153622746424
500635,2.256521436772229,FAT_015,FAT_DON_11,3,Allogenic,0.915997639457472,4.117593840790878,4.49520136670838,29.62,42,2577.747426546541,2093.397768737429,-0.3002644464799033,109.09290282510686,3.4112403619581,0.14312738300839264,2846.5970663553303,2577.747426546541
502347,1.5835640115715173,FAT_015,FAT_DON_11,3,Allogenic,0.915997639457472,4.117593840790878,4.49520136670838,31.07,42,2027.1888045904188,2532.7241080423546,0.3212094693712344,100.59216046648748,3.3068941990991383,-3.510164078810771,177.9219466976805,2027.1888045904188
511145,3.400616208129685,FAT_015,FAT_DON_11,3,Allogenic,0.915997639457472,4.117593840790878,4.49520136670838,31.07,42,13213.406926946938,12461.033659366216,-0.0845787502801452,215.62578283487937,4.121014809954167,-4.132097849404479,753.5800841475947,13213.406926946938
511680,9.819414626782402,FAT_015,FAT_DON_11,3,Allogenic,0.915997639457472,4.117593840790878,4.49520136670838,26.86,42,36897.59629996177,3745.916808278395,-3.300136069985702,293081.259722548,4.5669980748944266,-0.5584737234290348,25054.21110009644,36897.59629996177
515619,10.611105973482674,FAT_015,FAT_DON_11,3,Allogenic,0.915997639457472,4.117593840790878,4.49520136670838,29.62,42,181335.7065403239,37539.89235714387,-2.272166613491505,185464.4033797794,5.258483328787098,-0.264415518787398,150968.49524683267,181335.7065403239
515620,15.34253978660128,FAT_015,FAT_DON_11,3,Allogenic,0.915997639457472,4.117593840790878,4.49520136670838,31.6,42,44929.36047092588,4786.018035608078,-3.2307607878953903,161536.9565484789,4.652530236845315,-1.4091835158788686,16917.014796727795,44929.36047092588
518635,2.131743108476867,FAT_015,FAT_DON_11,3,Allogenic,0.915997639457472,4.117593840790878,4.49520136670838,25.8,42,2792.741294751043,9511.49286544622,1.767989859473578,97.07622668101988,3.4460307067479574,-0.5923686499641929,1852.2942331584097,2792.741294751043
518636,6.2671042866510485,FAT_015,FAT_DON_11,3,Allogenic,0.915997639457472,4.117593840790878,4.49520136670838,28.81,42,8694.904041473274,12811.87377485354,0.559239478684664,7037.160319256812,3.939264793413072,-0.3535158517375552,6805.278736252625,8694.904041473274
518637,6.050247649050314,FAT_015,FAT_DON_11,3,Allogenic,0.915997639457472,4.117593840790878,4.49520136670838,18.67,42,12288.06169690459,4308.6581439605,-1.5119468224921038,6348.937318481098,4.089483383234144,-0.6374215160186578,7899.514253177994,12288.06169690459
525259,4.962500265169504,FAT_015,FAT_DON_11,3,Allogenic,0.915997639457472,4.117593840790878,4.49520136670838,27.86,42,2218.213761812662,5191.967992244962,1.2268830894755594,2176.9059784761776,3.34600339533091,-0.06432697957547515,2121.480503562627,2218.213761812662
525306,3.971461673159229,FAT_015,FAT_DON_11,3,Allogenic,0.915997639457472,4.117593840790878,4.49520136670838,14.99,42,43.57983814956114,2.3285848373052604,-4.2261354885419244,473.4735949564337,1.639285612994151,-1.0927863550568533,20.432623908567447,43.57983814956114
525337,3.389757148914048,FAT_015,FAT_DON_11,3,Allogenic,0.915997639457472,4.117593840790878,4.49520136670838,21.8,42,47.21149132869124,7.761949457684201,-2.604647111795655,987.9172951544188,1.674047719253363,-0.18992254326523392,41.38808543244036,47.21149132869124
525362,0.7545741985451254,FAT_015,FAT_DON_11,3,Allogenic,0.915997639457472,4.117593840790878,4.49520136670838,22.5,42,671.1295075032415,306.5970035785259,-1.1302475920061543,509.9702535149042,2.826806333830614,0.13724135620179623,738.1083165081596,671.1295075032415
536231,8.135092928766754,FAT_015,FAT_DON_11,3,Allogenic,0.915997639457472,4.117593840790878,4.49520136670838,31.15,42,59755.947740042415,76530.49306792891,0.3569523773914023,152393.5277624048,4.77638113877707,-0.09810351428730782,55827.610302168214,59755.947740042415
537006,7.5857631321648356,FAT_015,FAT_DON_11,3,Allogenic,0.915997639457472,4.117593840790878,4.49520136670838,29.51,42,30120.205137069184,6166.092649184329,-2.288303123615543,14271.58476918703,4.478857925350503,-0.26829058962454727,25008.889653417857,30120.205137069184
537007,6.158646533452367,FAT_015,FAT_DON_11,3,Allogenic,0.915997639457472,4.117593840790878,4.49520136670838,29.22,42,6215.211250763244,5894.424418165382,-0.0764524852812198,10360.514663822842,3.7934558945998007,-0.6307330645836386,4014.0827658304643,6215.211250763244
537011,3.5668180521616937,FAT_015,FAT_DON_11,3,Allogenic,0.915997639457472,4.117593840790878,4.49520136670838,28.14,42,15324.850085293176,4765.836967018099,-1.6850714560860844,769.2164152531886,4.1853962347435765,0.28380798714988226,18656.53348260923,15324.850085293176
537012,12.865629400096338,FAT_015,FAT_DON_11,3,Allogenic,0.915997639457472,4.117593840790878,4.49520136670838,29.72,42,239811.13336940503,2512.543039452376,-6.576606518392426,522703.86442582513,5.379869341601271,-1.2014520871240262,104278.84806810957,239811.13336940503
537013,4.471465653813294,FAT_015,FAT_DON_11,3,Allogenic,0.915997639457472,4.117593840790878,4.49520136670838,26.93,42,5126.441627660042,14604.884099578592,1.5104212364020777,2866.977588619135,3.709816016634458,-0.4926715005098441,3643.402206209396,5126.441627660042
537937,5.586041998874376,FAT_015,FAT_DON_11,3,Allogenic,0.915997639457472,4.117593840790878,4.49520136670838,25.23,42,13201.78563677372,95274.8248132905,2.851361972585841,2512.953107117009,4.120632676641432,-0.9361860257900073,6899.420287026122,13201.78563677372
537973,3.360649097429279,FAT_015,FAT_DON_11,3,Allogenic,0.915997639457472,4.117593840790878,4.49520136670838,21.8,42,72.63306358260189,13.971509023831562,-2.3781385819869745,1000.0382019375284,1.8611343626105077,-0.36301633339318434,56.474911281412055,72.63306358260189
543734,3.19042080333524,FAT_015,FAT_DON_11,3,Allogenic,0.915997639457472,4.117593840790878,4.49520136670838,21.72,42,395.8501965251804,20.181068589978924,-4.293880095177759,7930.072473828994,2.59753086488715,-0.8305987045404883,222.58492136649838,395.8501965251804
545696,5.655284899964461,FAT_015,FAT_DON_11,3,Allogenic,0.915997639457472,4.117593840790878,4.49520136670838,17.82,42,12288.788027540417,17170.98459028899,0.4826301283372249,5257.8822800244025,4.089509053032415,-0.8031458237382343,7042.681840566993,12288.788027540417
545697,2.9011056686341923,FAT_015,FAT_DON_11,3,Allogenic,0.915997639457472,4.117593840790878,4.49520136670838,30.0,42,1207.1615167428436,1150.3209096287983,-0.0695823281190731,917.7836509711282,3.0817653820586,-0.7124330366446323,736.7186567633214,1207.1615167428436
546269,2.1031955978439068,FAT_015,FAT_DON_11,3,Allogenic,0.915997639457472,4.117593840790878,4.49520136670838,16.88,42,903.5553109675676,602.327277916294,-0.5850653215980375,45.461051152071896,2.9559547429653072,-0.6308649841681803,583.5061792394756,903.5553109675676
546273,10.951110037179506,FAT_015,FAT_DON_11,3,Allogenic,0.915997639457472,4.117593840790878,4.49520136670838,27.7,42,1646.591551417585,86.15763898029464,-4.256360203045242,28818.91979489324,3.2165858827370246,-0.9587189790005219,847.1936904122423,1646.591551417585
547042,5.638282400881014,FAT_015,FAT_DON_11,3,Allogenic,0.915997639457472,4.117593840790878,4.49520136670838,28.24,42,24434.488919823103,35797.334703893765,0.5509332464108603,5342.210700344842,4.388003259606388,-0.30512558902877657,19776.58521153792,24434.488919823103
547043,2.578024767252705,FAT_015,FAT_DON_11,3,Allogenic,0.915997639457472,4.117593840790878,4.49520136670838,24.99,42,9092.933229905932,45533.92410361282,2.3241241316811774,230.05219583520275,3.958704002041879,-0.43763947918211527,6713.691660189808,9092.933229905932
548480,5.924827614584667,FAT_015,FAT_DON_11,3,Allogenic,0.915997639457472,4.117593840790878,4.49520136670838,25.09,42,12524.119153548048,89632.66375249984,2.839315432736579,3266.13069107294,4.097747190810276,-0.6719599266790685,7860.8063387686925,12524.119153548048
552396,6.863413525268878,FAT_015,FAT_DON_11,3,Allogenic,0.915997639457472,4.117593840790878,4.49520136670838,23.33,42,11747.671703850032,18367.87719666389,0.6448100473272992,4997.079092035077,4.069951801385105,-0.28255713165415175,9658.142953818806,11747.671703850032
552398,6.680742445025,FAT_015,FAT_DON_11,3,Allogenic,0.915997639457472,4.117593840790878,4.49520136670838,29.38,42,39100.55711842208,130542.01836922445,1.739253181932403,16932.18483825863,4.592182945419722,0.253847002604249,46622.81667825579,39100.55711842208
552531,4.197747613184536,FAT_015,FAT_DON_11,3,Allogenic,0.915997639457472,4.117593840790878,4.49520136670838,24.15,42,334.83842311579474,104.0101227329683,-1.686741143626128,5266.721722336428,2.524835288000156,-1.0495244146056657,161.76961727853848,334.83842311579474
555970,4.207947697565281,FAT_015,FAT_DON_11,3,Allogenic,0.915997639457472,4.117593840790878,4.49520136670838,24.15,42,322.4908023067524,52.00506136648415,-2.6325340695468955,5212.409419879709,2.508517332725128,-1.0215746175014369,158.85201570520474,322.4908023067524
556258,4.071274692192175,FAT_015,FAT_DON_11,3,Allogenic,0.915997639457472,4.117593840790878,4.49520136670838,29.11,42,8603.386381359194,3115.646512314438,-1.465373070419539,5774.13905663811,3.934669427669292,-0.18904107576601337,7546.792226770077,8603.386381359194
556259,4.515529649180244,FAT_015,FAT_DON_11,3,Allogenic,0.915997639457472,4.117593840790878,4.49520136670838,30.68,42,14301.450219414315,1868.301234464587,-2.9363624579689818,13936.3297297566,4.1553800787486255,-0.3175537474085968,11475.903180348507,14301.450219414315
556270,3.079808347091815,FAT_015,FAT_DON_11,3,Allogenic,0.915997639457472,4.117593840790878,4.49520136670838,28.34,42,2366.38521152117,2137.6408806462287,-0.146665438045116,1234.385119731998,3.374085442582998,-0.15074759579690064,2131.6008977328847,2366.38521152117
563192,4.801406872231484,FAT_015,FAT_DON_11,3,Allogenic,0.915997639457472,4.117593840790878,4.49520136670838,28.15,42,11190.576106171471,4407.234902073089,-1.344338611879332,4846.553157104427,4.048852445178112,-0.05183713399999852,10795.628047299382,11190.576106171471
563193,6.2296447392058845,FAT_015,FAT_DON_11,3,Allogenic,0.915997639457472,4.117593840790878,4.49520136670838,30.59,42,64065.267402398174,5749.275963306688,-3.478090233985804,20490.549756878085,4.806622643190592,-0.25119827065188965,53827.52717331674,64065.267402398174
565040,5.459444792737052,FAT_015,FAT_DON_11,3,Allogenic,0.915997639457472,4.117593840790878,4.49520136670838,25.09,42,12550.99338707361,86906.66710296116,2.7916653033552468,2295.2480011883185,4.098678100753382,-0.9202040365129488,6632.3751530853315,12550.99338707361
565042,5.360644744263368,FAT_015,FAT_DON_11,3,Allogenic,0.915997639457472,4.117593840790878,4.49520136670838,25.09,42,12269.903431008936,87543.14695849126,2.834870351744005,2158.5542164770395,4.0888411446711785,-0.8396346996456735,6856.238471618388,12269.903431008936
566550,5.641574401606161,FAT_015,FAT_DON_11,3,Allogenic,0.915997639457472,4.117593840790878,4.49520136670838,29.11,42,8344.086344369307,281227.8479710309,5.074841564069657,4913.763495314279,3.921378789508733,-0.8666176712970983,4576.156575841503,8344.086344369307
566552,2.0131716338326044,FAT_015,FAT_DON_11,3,Allogenic,0.915997639457472,4.117593840790878,4.49520136670838,25.62,42,2658.3701271232294,9070.614136249756,1.7706582471190713,152.23092467480896,3.4246154480049182,-0.33937646869833427,2101.1301327038627,2658.3701271232294
568703,2.725810276515757,FAT_015,FAT_DON_11,3,Allogenic,0.915997639457472,4.117593840790878,4.49520136670838,22.45,42,347.9123745606631,13.971509023831562,-4.638164237948431,4485.81363267381,2.5414698760250705,-0.584741477742978,231.97711955029777,347.9123745606631
573236,4.188229385035303,FAT_015,FAT_DON_11,3,Allogenic,0.915997639457472,4.117593840790878,4.49520136670838,24.15,42,334.83842311579474,83.05285919722095,-2.011363347682753,5254.15315270334,2.524835288000156,-1.0495244146056657,161.76961727853848,334.83842311579474
580050,4.194980629955179,FAT_015,FAT_DON_11,3,Allogenic,0.915997639457472,4.117593840790878,4.49520136670838,24.15,42,344.280721381533,86.15763898029464,-1.9985347762027157,5223.879231590808,2.5369127042845925,-1.0809193256428216,162.75096202495428,344.280721381533
585054,2.092757669994786,FAT_015,FAT_DON_11,3,Allogenic,0.915997639457472,4.117593840790878,4.49520136670838,30.5,42,2705.581618451921,4854.323190835699,0.8433314000335919,140.4967128412588,3.432260639694819,-0.51354918569381,1895.2518557398062,2705.581618451921
585394,7.247406583007732,FAT_015,FAT_DON_11,3,Allogenic,0.915997639457472,4.117593840790878,4.49520136670838,30.74,42,41896.93006635225,121344.88445681444,1.534196848362902,72622.74643567212,4.6221822018663445,-0.6791307758451122,26166.36934983923,41896.93006635225
585543,9.933092950706149,FAT_015,FAT_DON_11,3,Allogenic,0.915997639457472,4.117593840790878,4.49520136670838,30.29,42,308543.8014376212,49849.56800208524,-2.6298224041679927,137912.54966946598,5.489316825978156,-1.3859744338952873,118058.41496557127,308543.8014376212
585544,4.28809220648741,FAT_015,FAT_DON_11,3,Allogenic,0.915997639457472,4.117593840790878,4.49520136670838,29.11,42,14704.563722297757,11568.409471732532,-0.3460734572767446,9139.69404214552,4.167452143714939,0.010493220524926558,14811.904997209695,14704.563722297757
591020,2.2368713681859105,FAT_015,FAT_DON_11,3,Allogenic,0.915997639457472,4.117593840790878,4.49520136670838,31.07,42,5465.638034590792,10829.471883360997,0.9865010645879372,187.884587601168,3.737640866876388,-3.7172120988309154,415.5741496369366,5465.638034590792
592028,3.1342311639162364,FAT_015,FAT_DON_11,3,Allogenic,0.915997639457472,4.117593840790878,4.49520136670838,21.11,42,5921.773673889533,1446.8273789123348,-2.03313654867946,466.473535021155,3.772451804934538,-0.5113295205141161,4154.571921225534,5921.773673889533
622312,8.914402782599016,FAT_015,FAT_DON_11,3,Allogenic,0.915997639457472,4.117593840790878,4.49520136670838,28.89,42,131948.85495733374,54159.00234099151,-1.284705762623955,304813.5976166208,5.120405625796166,-0.052883765516634346,127199.68215147145,131948.85495733374
626522,0.0,FAT_015,FAT_DON_11,3,Allogenic,0.915997639457472,4.117593840790878,4.49520136670838,18.56,42,501.8944693557791,556.5317761159572,0.1490800146590838,555.3030347853959,2.7006124099847058,0.9199231715252683,949.5916307985794,501.8944693557791
626939,5.656052085489928,FAT_015,FAT_DON_11,3,Allogenic,0.915997639457472,4.117593840790878,4.49520136670838,26.95,42,3216.918386073438,3746.693003224164,0.219938435904724,2272.698837856759,3.5074400428952663,-0.40095644532327496,2436.352512043528,3216.918386073438
641112,5.919572737372104,FAT_015,FAT_DON_11,3,Allogenic,0.915997639457472,4.117593840790878,4.49520136670838,29.68,42,1061.1690589418138,6360.141385626434,2.5834043210222406,11205.563844718388,3.0257845785448043,-0.3783592644454655,816.370101402722,1061.1690589418138
645463,6.137749122276368,FAT_015,FAT_DON_11,3,Allogenic,0.915997639457472,4.117593840790878,4.49520136670838,28.02,42,3095.6211698904926,4507.364050077215,0.5420550472654238,5050.20432113978,3.4907478079886904,-0.23344997016677763,2633.130384009418,3095.6211698904926
649757,12.966385164558368,FAT_015,FAT_DON_11,3,Allogenic,0.915997639457472,4.117593840790878,4.49520136670838,27.82,42,62797.82044288178,12161.422410299603,-2.368402510119004,141978.2781086601,4.79794457071083,-1.3533338897447575,24578.2227428979,62797.82044288178
655811,1.548796602919605,FAT_015,FAT_DON_11,3,Allogenic,0.915997639457472,4.117593840790878,4.49520136670838,13.32,42,934.0611976722604,286.415934988547,-1.7054053149221138,35.852629574435895,2.970375331198711,-0.821293405385957,528.6173107120907,934.0611976722604
657308,5.962161664329379,FAT_015,FAT_DON_11,3,Allogenic,0.915997639457472,4.117593840790878,4.49520136670838,20.15,42,3911.290473923112,20725.181246962584,2.4056681308864385,5387.258129318531,3.592320070244508,-1.3221019612293807,1564.3276533167339,3911.290473923112
657309,6.151564466007109,FAT_015,FAT_DON_11,3,Allogenic,0.915997639457472,4.117593840790878,4.49520136670838,28.38,42,15611.024355808626,6344.617486711065,-1.2989601138518343,12023.553474325425,4.193431401299392,-0.26977164142451443,12948.577046052793,15611.024355808626
657313,8.638806353628565,FAT_015,FAT_DON_11,3,Allogenic,0.915997639457472,4.117593840790878,4.49520136670838,30.1,42,78552.65826458395,67679.54210133162,-0.2149402902623556,34147.27533909825,4.895160886385618,0.04595447554505147,81095.09034275239,78552.65826458395
657314,8.294737071822329,FAT_015,FAT_DON_11,3,Allogenic,0.915997639457472,4.117593840790878,4.49520136670838,30.01,42,49987.52701881828,73256.50278667772,0.5513886736271556,102810.8627652686,4.698861651882674,-0.0065994346176104736,49759.38729669471,49987.52701881828
657317,10.5396971479998,FAT_015,FAT_DON_11,3,Allogenic,0.915997639457472,4.117593840790878,4.49520136670838,31.02,42,181961.0772177701,24305.768531792302,-2.9042592235953824,187407.656054418,5.259978499208415,-1.0612848532805894,87196.67495535033,181961.0772177701
657319,6.9968956412074,FAT_015,FAT_DON_11,3,Allogenic,0.915997639457472,4.117593840790878,4.49520136670838,26.02,42,17003.400184687103,20372.78874158372,0.2608202058186281,16860.217863254235,4.230535776307132,-0.6614122807754869,10750.553883720819,17003.400184687103
657321,8.446540712551608,FAT_015,FAT_DON_11,3,Allogenic,0.915997639457472,4.117593840790878,4.49520136670838,25.04,42,371364.86446084944,418271.2752060116,0.1716015986564948,7288.5484902157905,5.569800811916958,-1.5172119643184956,129740.18141814978,371364.86446084944
657322,11.025934641569316,FAT_015,FAT_DON_11,3,Allogenic,0.915997639457472,4.117593840790878,4.49520136670838,29.23,42,93285.54888167891,181634.2744794849,0.9613109539191772,357084.9359335178,4.969814371216614,-0.20926438727688867,80689.96249818699,93285.54888167891
657323,11.803267438866206,FAT_015,FAT_DON_11,3,Allogenic,0.915997639457472,4.117593840790878,4.49520136670838,29.77,42,192404.98543031243,312313.6793541103,0.6988495794053247,182519.0633462804,5.284216320907738,-0.44135677895893205,141695.0541955828,192404.98543031243
658089,12.675887039352034,FAT_015,FAT_DON_11,3,Allogenic,0.915997639457472,4.117593840790878,4.49520136670838,27.62,42,65923.94749947697,12416.790547457416,-2.4085103145905378,163731.94423596223,4.8190432048466905,-1.4994113061247405,23317.147815912736,65923.94749947697
658659,5.2252805924500825,FAT_015,FAT_DON_11,3,Allogenic,0.915997639457472,4.117593840790878,4.49520136670838,27.88,42,4056.556601088316,7424.304656274938,0.872000294208235,4726.512319888596,3.6081575400621353,-0.2909115538593466,3315.7702931044987,4056.556601088316
665943,2.477256761620281,FAT_015,FAT_DON_11,3,Allogenic,0.915997639457472,4.117593840790878,4.49520136670838,23.67,42,3030.251412666151,3565.8395808601217,0.2348043052035957,653.0437110655629,3.4814786623650007,-0.2308797941329791,2582.12295720051,3030.251412666151
665951,8.672252921172124,FAT_015,FAT_DON_11,3,Allogenic,0.915997639457472,4.117593840790878,4.49520136670838,29.93,42,182388.15963163585,287681.1327501495,0.657458531692618,13789.277600283947,5.260996641154937,-0.22979766524142575,155532.32027841464,182388.15963163585
665953,5.919287011915568,FAT_015,FAT_DON_11,3,Allogenic,0.915997639457472,4.117593840790878,4.49520136670838,29.11,42,25415.03527818823,3724.183349796879,-2.7706862265379386,6578.819195894335,4.405090716876096,-0.7020603150849393,15622.46294625417,25415.03527818823
679935,7.090998466625629,FAT_015,FAT_DON_11,3,Allogenic,0.915997639457472,4.117593840790878,4.49520136670838,23.83,42,31868.482977502408,21908.10234431366,-0.5406658196370211,8213.165928083985,4.503361390421317,-0.21297849079116202,27494.667768796153,31868.482977502408
702443,6.25028849422806,FAT_015,FAT_DON_11,3,Allogenic,0.915997639457472,4.117593840790878,4.49520136670838,29.68,42,28178.723347506235,14781.080352268023,-0.93085453081777,14802.206120951718,4.449921313269688,0.25979498619827995,33738.62637263329,28178.723347506235
702444,4.302340895102743,FAT_015,FAT_DON_11,3,Allogenic,0.915997639457472,4.117593840790878,4.49520136670838,28.87,42,6772.306848441801,2726.77284448446,-1.3124528215610574,5215.4361954143615,3.8307366274590464,-0.11417159529784005,6257.020136274718,6772.306848441801
702447,5.051238071959632,FAT_015,FAT_DON_11,3,Allogenic,0.915997639457472,4.117593840790878,4.49520136670838,28.94,42,7386.782566350613,3001.54585528648,-1.2992404033166178,5754.917550942061,3.868455315533252,-0.6898981047935483,4579.0490120103,7386.782566350613
702459,1.378951892147863,FAT_015,FAT_DON_11,3,Allogenic,0.915997639457472,4.117593840790878,4.49520136670838,25.15,42,1052.4530913119015,3729.616714417258,1.8252714424496208,33.84069530093283,3.022202748081682,0.20566648356749925,1213.7088780619042,1052.4530913119015
709991,10.746181277340304,FAT_015,FAT_DON_11,3,Allogenic,0.915997639457472,4.117593840790878,4.49520136670838,26.74,42,57577.682163200174,9759.875248092114,-2.5605751008827853,68757.57712664026,4.760254178013527,-0.013572008185692477,57038.56573924376,57577.682163200174
717959,9.78802361879748,FAT_015,FAT_DON_11,3,Allogenic,0.915997639457472,4.117593840790878,4.49520136670838,24.46,42,61989.41444520742,88479.23806308798,0.5133170856054973,62213.63343670755,4.79231753400577,-1.1647548121513587,27649.762035691158,61989.41444520742
717960,7.814950187642428,FAT_015,FAT_DON_11,3,Allogenic,0.915997639457472,4.117593840790878,4.49520136670838,17.34,42,15794.059676036784,29173.287036706068,0.8852659013789231,11881.759263380123,4.198493774611862,-0.23948550601304408,13378.316119096355,15794.059676036784
717962,11.89659302514397,FAT_015,FAT_DON_11,3,Allogenic,0.915997639457472,4.117593840790878,4.49520136670838,28.91,42,43282.7689195083,54237.39803051412,0.3254951733487813,32462.21922396329,4.636315036017136,-0.7496127985330016,25742.996552167577,43282.7689195083
718252,11.339007937521584,FAT_015,FAT_DON_11,3,Allogenic,0.915997639457472,4.117593840790878,4.49520136670838,28.53,42,93042.95444931304,137577.4493576694,0.5642752004704206,297970.2936836156,4.9686834923551935,-0.6297540542940044,60132.41307066753,93042.95444931304
742725,3.144175606558097,FAT_015,FAT_DON_11,3,Allogenic,0.915997639457472,4.117593840790878,4.49520136670838,28.01,42,3355.647537516208,2616.553162185344,-0.3589236179737722,971.313345696536,3.525776338166633,-0.38817711761929874,2564.0316523070783,3355.647537516208
742726,8.31533295775637,FAT_015,FAT_DON_11,3,Allogenic,0.915997639457472,4.117593840790878,4.49520136670838,24.86,42,146321.485579059,47628.09806729602,-1.6192567839018657,33060.71176009365,5.1653081018144,-0.4018571129613474,110748.29703412211,146321.485579059
742727,6.272502488433805,FAT_015,FAT_DON_11,3,Allogenic,0.915997639457472,4.117593840790878,4.49520136670838,30.68,42,8571.42783338285,2646.048570124544,-1.69569600576247,10358.965449264986,3.9330531729743137,-0.8015693778525214,4917.640158117244,8571.42783338285
742729,4.183169498954083,FAT_015,FAT_DON_11,3,Allogenic,0.915997639457472,4.117593840790878,4.49520136670838,24.15,42,352.2703583756192,81.5004693056841,-2.11180281306293,5219.165123425135,2.546876101212771,-1.0809193256428216,166.5278830846051,352.2703583756192
742733,5.703001778650248,FAT_015,FAT_DON_11,3,Allogenic,0.915997639457472,4.117593840790878,4.49520136670838,31.17,42,8253.295014891053,9703.989211996788,0.233607736021908,7752.927169512234,3.916627369288353,-0.5494306612829205,5639.391685839236,8253.295014891053
742740,8.307959915369727,FAT_015,FAT_DON_11,3,Allogenic,0.915997639457472,4.117593840790878,4.49520136670838,28.76,42,12223.418270316071,19062.57167312663,0.6410949717122627,15595.156868738506,4.08719267303762,-0.4353717037449573,9039.256931677532,12223.418270316071
742741,6.180393144622904,FAT_015,FAT_DON_11,3,Allogenic,0.915997639457472,4.117593840790878,4.49520136670838,28.31,42,5393.004971008191,11248.617154075942,1.0605863862232343,6137.974246760215,3.7318308205997575,-0.5158450055961635,3771.7769384387725,5393.004971008191
742742,2.0608908306543587,FAT_015,FAT_DON_11,3,Allogenic,0.915997639457472,4.117593840790878,4.49520136670838,29.51,42,1746.8251791615755,5209.820475997636,1.576498428127857,243.23322005496064,3.242249443320358,0.6141527244151115,2673.79332826294,1746.8251791615755
742743,2.249094457256636,FAT_015,FAT_DON_11,3,Allogenic,0.915997639457472,4.117593840790878,4.49520136670838,25.2,42,3727.5288230591295,2634.4056459380176,-0.5007419992015817,154.92004296299675,3.571421010313398,-0.3390445555140139,2946.8527087218545,3727.5288230591295
742817,1.6205748560737705,FAT_015,FAT_DON_11,3,Allogenic,0.915997639457472,4.117593840790878,4.49520136670838,27.32,42,1770.0677595080083,1482.5323464176824,-0.2557410064547919,738.0840285970793,3.247989891795232,-0.7262214660996581,1069.9794753477183,1770.0677595080083
742818,0.833209683400335,FAT_015,FAT_DON_11,3,Allogenic,0.915997639457472,4.117593840790878,4.49520136670838,22.83,42,845.4488601014862,4224.052894871742,2.3208385046868325,124.87524056932592,2.927087342924377,0.2502635958515623,1005.5975164672033,845.4488601014862
742820,3.0603549247517847,FAT_015,FAT_DON_11,3,Allogenic,0.915997639457472,4.117593840790878,4.49520136670838,20.18,42,1372.03857107535,267.0110613443365,-2.3613496253408344,287.25189652167404,3.137366320532341,-0.9079716307781541,731.2057946931069,1372.03857107535
742821,1.8347606775667675,FAT_015,FAT_DON_11,3,Allogenic,0.915997639457472,4.117593840790878,4.49520136670838,24.75,42,2169.5496092123185,888.743212904841,-1.2875570329810466,23.36273972240359,3.336369585214636,-0.33000212484966956,1725.9533254007774,2169.5496092123185
748224,11.809255289612324,FAT_015,FAT_DON_11,3,Allogenic,0.915997639457472,4.117593840790878,4.49520136670838,29.49,42,91371.66765627736,109161.7285880333,0.2566483533919973,222926.0212631227,4.960811551444654,-0.7013550061924448,56193.05672299753,91371.66765627736
759350,4.13845748239032,FAT_015,FAT_DON_11,3,Allogenic,0.915997639457472,4.117593840790878,4.49520136670838,26.44,42,5623.978113200865,37497.20163512661,2.737120048260996,933.4671139285985,3.750043621874039,-0.5787286930159007,3765.554398274629,5623.978113200865
762966,7.638358032063244,FAT_015,FAT_DON_11,3,Allogenic,0.915997639457472,4.117593840790878,4.49520136670838,25.41,42,22988.364623893503,244.50140791705232,-6.55491725447035,20328.08411830151,4.361508076963881,-0.903480933021218,12289.471750488854,22988.364623893503
762967,1.4733213979787632,FAT_015,FAT_DON_11,3,Allogenic,0.915997639457472,4.117593840790878,4.49520136670838,19.55,42,1445.3979652937778,2383.694678454818,0.721732687890301,11.079324797314802,3.159987439020214,0.09889229564005858,1547.9502061125913,1445.3979652937778
762968,17.44751363514799,FAT_015,FAT_DON_11,3,Allogenic,0.915997639457472,4.117593840790878,4.49520136670838,29.47,42,196854.48690538263,11465.9517388911,-4.101701579371927,848456.7933166024,5.2941453181155325,-1.6462001366648826,62891.1734586557,196854.48690538263
762982,9.6108025077097,FAT_015,FAT_DON_11,3,Allogenic,0.915997639457472,4.117593840790878,4.49520136670838,29.47,42,22618.662330258056,5740.737818903235,-1.9782055367934104,70584.32660071221,4.354466917133835,-0.5032208853087323,15958.142403591857,22618.662330258056
762983,2.2611759636055613,FAT_015,FAT_DON_11,3,Allogenic,0.915997639457472,4.117593840790878,4.49520136670838,28.25,42,3597.515639246272,1003.6200648785672,-1.841787739478722,6.7738884822117695,3.556002690592964,-0.21025499614986068,3109.636533935265,3597.515639246272
762984,5.408680072559414,FAT_015,FAT_DON_11,3,Allogenic,0.915997639457472,4.117593840790878,4.49520136670838,30.29,42,6164.368106255422,4254.32449775671,-0.5350229364233265,2471.2735732922806,3.789888564787161,-0.014212258309329939,6103.939898155471,6164.368106255422
763034,6.110503500093398,FAT_015,FAT_DON_11,3,Allogenic,0.915997639457472,4.117593840790878,4.49520136670838,29.98,42,12984.612776661745,10967.634583707775,-0.2435505812680529,6210.142047255623,4.113429002754956,-0.32162434699128634,10389.877496629346,12984.612776661745
862962,5.3840923965769845,FAT_015,FAT_DON_11,3,Allogenic,0.915997639457472,4.117593840790878,4.49520136670838,30.19,42,23180.842242387396,157923.847471097,2.768224152814524,5509.412705810583,4.365129211376331,0.0357522136791175,23762.476485158895,23180.842242387396
862965,10.390537826334256,FAT_015,FAT_DON_11,3,Allogenic,0.915997639457472,4.117593840790878,4.49520136670838,25.23,42,3901.121845021548,7.761949457684201,-8.973254304922735,8568.217891100647,3.591189514986007,-0.5939366095252295,2584.620472461086,3901.121845021548
866771,0.9501542332840568,FAT_015,FAT_DON_11,3,Allogenic,0.915997639457472,4.117593840790878,4.49520136670838,18.53,42,1301.584499400226,7512.01468514677,2.5289309081646323,564.3970826593801,3.1144723679366138,0.46017248201364763,1790.5979716662127,1301.584499400226
866776,7.681397439808866,FAT_015,FAT_DON_11,3,Allogenic,0.915997639457472,4.117593840790878,4.49520136670838,27.84,42,1861.5854196220864,23.2858483730526,-6.320934561337621,11801.624419264355,3.2698829687947515,-0.9679234277467791,951.71953456914,1861.5854196220864
868129,4.276070986894184,FAT_015,FAT_DON_11,3,Allogenic,0.915997639457472,4.117593840790878,4.49520136670838,19.76,42,1777.3310658662683,1508.9229745738087,-0.2361932761281712,1571.4940933500554,3.2497683319622968,-0.9420111819450512,925.1128425697945,1777.3310658662683
873513,1.455351807580081,FAT_015,FAT_DON_11,3,Allogenic,0.915997639457472,4.117593840790878,4.49520136670838,28.44,42,2288.6678334877856,9749.008518851357,2.090747411106888,97.08528854235188,3.359582765784507,-0.0318709435408635,2238.662661670187,2288.6678334877856
883156,3.35765887173977,FAT_015,FAT_DON_11,3,Allogenic,0.915997639457472,4.117593840790878,4.49520136670838,27.18,42,561.4535814935126,1428.198700213893,1.346958053364966,815.7099680527994,2.749313856528832,-0.8959203116117459,301.7275518503494,561.4535814935126
888048,5.498768566403004,FAT_015,FAT_DON_11,3,Allogenic,0.915997639457472,4.117593840790878,4.49520136670838,23.96,42,911.544947961654,38.80974728842101,-4.553822852717972,4971.897310870196,2.9597780884275644,-1.2049312259473803,395.4191031105289,911.544947961654
888833,2.525258665864761,FAT_015,FAT_DON_11,3,Allogenic,0.915997639457472,4.117593840790878,4.49520136670838,23.16,42,201.91991675963328,31.047797830736805,-2.7012203714907077,1338.7800846493085,2.305179158528584,-0.14228624673001636,182.95603102601117,201.91991675963328
889204,2.6172408380600696,FAT_015,FAT_DON_11,3,Allogenic,0.915997639457472,4.117593840790878,4.49520136670838,21.06,42,94.42298265738248,7.761949457684201,-3.604647111795655,969.506076353878,1.975077714917344,0.05757060305326092,98.26711215134085,94.42298265738248
890402,5.2998073724459,FAT_015,FAT_DON_11,3,Allogenic,0.915997639457472,4.117593840790878,4.49520136670838,25.09,42,11008.267116579142,78284.69364536554,2.8301428742335504,2042.1151634260127,4.041718959213463,-0.8944702613022893,5921.838788644767,11008.267116579142
904306,5.813782664693089,FAT_015,FAT_DON_11,3,Allogenic,0.915997639457472,4.117593840790878,4.49520136670838,25.52,42,1068.4323653000738,156.01518409945243,-2.775737233730464,5642.349505660542,3.028747035338037,-0.9875076503183916,538.8620657285074,1068.4323653000738
908338,2.078360607739378,FAT_015,FAT_DON_11,3,Allogenic,0.915997639457472,4.117593840790878,4.49520136670838,15.72,42,1248.5623629849265,68.30515522762096,-4.192129604495326,41.00198277906406,3.09641023929756,-0.7143892487015415,760.9526728872775,1248.5623629849265
927666,3.3582518986692214,FAT_015,FAT_DON_11,3,Allogenic,0.915997639457472,4.117593840790878,4.49520136670838,23.14,42,73.35939421842792,12.41911913229472,-2.5624188764063573,540.9289764801246,1.86545573639315,-0.15762105862929354,65.76685433296409,73.35939421842792
981539,1.3771025133537318,FAT_015,FAT_DON_11,3,Allogenic,0.915997639457472,4.117593840790878,4.49520136670838,27.9,42,1151.960388420066,10.866729240757882,-6.7280295273009365,111.52597823727716,3.0614375455920926,-0.6323893819609507,743.1378346563763,1151.960388420066
997884,2.9621082559456924,FAT_015,FAT_DON_11,3,Allogenic,0.915997639457472,4.117593840790878,4.49520136670838,29.11,42,6342.319112032797,7816.28310388799,0.3014722542487936,2430.40049081263,3.802248089647609,-0.15704299679754835,5688.181388364207,6342.319112032797
999410,6.20680641968161,FAT_015,FAT_DON_11,3,Allogenic,0.915997639457472,4.117593840790878,4.49520136670838,31.57,42,10032.8050726648,19507.33137705193,0.9592914037283624,8886.565091102228,4.001422374422374,-0.40867736170107144,7557.84933418199,10032.8050726648
999412,6.973159982699701,FAT_015,FAT_DON_11,3,Allogenic,0.915997639457472,4.117593840790878,4.49520136670838,30.37,42,33854.99726648657,18603.840460177493,-0.863768329768972,3733.454194396773,4.529622783067726,-0.1272921324127953,30995.884434875203,33854.99726648657
999413,5.786495918162814,FAT_015,FAT_DON_11,3,Allogenic,0.915997639457472,4.117593840790878,4.49520136670838,27.68,42,5992.227745564657,16709.148597556778,1.4794738615889982,4059.304361351766,3.7775883111604327,-0.7841076003578128,3479.752885393932,5992.227745564657
1002367,4.184346093205399,FAT_015,FAT_DON_11,3,Allogenic,0.915997639457472,4.117593840790878,4.49520136670838,19.59,42,7174.694020689416,14053.009493137244,0.9698899093305332,2621.049418690854,3.8558033844360367,-0.11478926956269352,6625.95330742268,7174.694020689416
1035839,3.003814736301801,FAT_015,FAT_DON_11,3,Allogenic,0.915997639457472,4.117593840790878,4.49520136670838,26.73,42,266.563343348149,41.138332125726265,-2.695923191934576,405.3579451729556,2.425800426862597,-0.7154023790276657,162.34647070110228,266.563343348149
1042156,5.953819690468619,FAT_015,FAT_DON_11,3,Allogenic,0.915997639457472,4.117593840790878,4.49520136670838,29.17,42,2704.855287816095,3621.725616955448,0.4211258407708431,3283.7655858574917,3.4321440349198125,-0.5878852082071044,1799.5874393507502,2704.855287816095
1042403,4.183734122147132,FAT_015,FAT_DON_11,3,Allogenic,0.915997639457472,4.117593840790878,4.49520136670838,24.15,42,333.3857618441427,79.94807941414727,-2.0600572098851515,5233.014227717352,2.5229470481477687,-1.048882605235164,161.13946671968816,333.3857618441427
1077285,5.350370506582749,FAT_015,FAT_DON_11,3,Allogenic,0.915997639457472,4.117593840790878,4.49520136670838,29.25,42,8925.877183665947,2738.4157686709864,-1.70465245086415,7314.487538091893,3.950650906835328,-0.31722654469228667,7164.0102980396205,8925.877183665947
1121100,5.919313750389216,FAT_015,FAT_DON_11,3,Allogenic,0.915997639457472,4.117593840790878,4.49520136670838,30.12,42,36076.84268147836,8910.717977421464,-2.0174594984161125,6820.666624733963,4.5572285226057305,0.11894731689249237,39177.36591371031,36076.84268147836
1121101,9.53989303312392,FAT_015,FAT_DON_11,3,Allogenic,0.915997639457472,4.117593840790878,4.49520136670838,28.91,42,30807.313918560598,1935.0539998006711,-3.992827167638024,119016.79901234228,4.48865383394819,-0.3167649273393103,24734.212591428222,30807.313918560598
1121114,4.4864120393604665,FAT_015,FAT_DON_11,3,Allogenic,0.915997639457472,4.117593840790878,4.49520136670838,30.63,42,2766.5933918613064,3204.132736132038,0.2118232892053518,4910.213764952458,3.4419453352714537,-0.6970271901360369,1706.5508884748588,2766.5933918613064
1121115,11.456591605319494,FAT_015,FAT_DON_11,3,Allogenic,0.915997639457472,4.117593840790878,4.49520136670838,29.66,42,107344.40466872737,81217.9343454244,-0.4023767525329799,127202.36010563617,5.030779411745463,-0.4647753425231443,77780.02750713659,107344.40466872737
1121130,6.7264473131297216,FAT_015,FAT_DON_11,3,Allogenic,0.915997639457472,4.117593840790878,4.49520136670838,22.85,42,14003.654658725643,1953.6826784991133,-2.841535323610907,9047.186374688084,4.14624139217732,-0.3580038518296497,10926.25908149145,14003.654658725643
1121315,3.455254076268063,FAT_015,FAT_DON_11,3,Allogenic,0.915997639457472,4.117593840790878,4.49520136670838,27.76,42,443.7880184896976,412.1595162030311,-0.1066679126691379,745.0741279059262,2.6471755728530617,-1.3859453570840652,169.81046374465484,443.7880184896976
1121333,6.338962811190515,FAT_015,FAT_DON_11,3,Allogenic,0.915997639457472,4.117593840790878,4.49520136670838,27.95,42,4445.143491255236,1573.3471550725874,-1.4983929577676776,4339.8274648205,3.6478857847560686,-0.3769014475578752,3423.159565735532,4445.143491255236
1121344,3.042435363961133,FAT_015,FAT_DON_11,3,Allogenic,0.915997639457472,4.117593840790878,4.49520136670838,25.19,42,667.4978543241114,2055.364216394776,1.622558961863621,613.1462892648591,2.8244498739966186,-1.3113640567628466,268.96140060757523,667.4978543241114
1122949,1.1931068007966656,FAT_015,FAT_DON_11,3,Allogenic,0.915997639457472,4.117593840790878,4.49520136670838,16.35,42,573.801202302555,131.9531407806314,-2.120525300581326,67.90712293440858,2.758761453900949,-0.35143225651083787,449.7485825206414,573.801202302555
1122975,2.78940345311025,FAT_015,FAT_DON_11,3,Allogenic,0.915997639457472,4.117593840790878,4.49520136670838,18.97,42,1460.6509086461242,1272.9597110602087,-0.1984246604544685,776.042060811818,3.1645464332072493,-0.5014901689596961,1031.769890128783,1460.6509086461242
1122981,1.8407925870707569,FAT_015,FAT_DON_11,3,Allogenic,0.915997639457472,4.117593840790878,4.49520136670838,19.75,42,1920.418201123994,2179.5554077177235,0.1826133651423066,923.0496992035067,3.28339581342411,0.08501956196003349,2036.991664261974,1920.418201123994
1123075,2.278747927162844,FAT_015,FAT_DON_11,3,Allogenic,0.915997639457472,4.117593840790878,4.49520136670838,29.66,42,1187.550589575541,1976.9685268721655,0.7353009302341874,1633.5156791520974,3.0746521196068124,-0.17478265836242673,1052.0522189958601,1187.550589575541
1123263,4.032554522805119,FAT_015,FAT_DON_11,3,Allogenic,0.915997639457472,4.117593840790878,4.49520136670838,14.87,42,1471.5458681835146,2256.398707348797,0.6166895036805365,1305.1184748040766,3.167773803634769,-1.0212675082212608,725.0060823773034,1471.5458681835146
1123313,4.3408760344753965,FAT_015,FAT_DON_11,3,Allogenic,0.915997639457472,4.117593840790878,4.49520136670838,26.01,42,1691.624050838798,3544.106122378606,1.0670128263592733,1455.5590859509618,3.228303851145188,-0.19777934157340055,1474.9127733561388,1691.624050838798
1124991,3.74674937428502,FAT_015,FAT_DON_11,3,Allogenic,0.915997639457472,4.117593840790878,4.49520136670838,30.22,42,11685.207269168994,18.628678698442084,-9.292942259238758,8.723336634901905,4.067636420199193,-0.2493247445488061,9830.649076680966,11685.207269168994
1150460,2.117336366896624,FAT_015,FAT_DON_11,3,Allogenic,0.915997639457472,4.117593840790878,4.49520136670838,25.62,42,2800.730931745129,11607.995413966722,2.0512435601221903,95.23776639352415,3.4472713878413006,-0.43778161769534923,2067.692675671728,2800.730931745129
1156431,1.97413790533614,FAT_015,FAT_DON_11,3,Allogenic,0.915997639457472,4.117593840790878,4.49520136670838,21.31,42,80.6227005766881,7.761949457684201,-3.376695165117306,595.5078060885379,1.9064573413971648,-0.3306960401941745,64.10736313607912,80.6227005766881
1156433,1.8409374335496824,FAT_015,FAT_DON_11,3,Allogenic,0.915997639457472,4.117593840790878,4.49520136670838,24.16,42,101.68628901564269,32.60018772227364,-1.641172987820769,550.4504590589819,2.0072623982887454,-0.7310238846712913,61.263567276149246,101.68628901564269
1160721,14.961442038761277,FAT_015,FAT_DON_11,3,Allogenic,0.915997639457472,4.117593840790878,4.49520136670838,26.89,42,61919.68670416812,329383.75860144943,2.4112993427885985,936736.78252279,4.791828750275043,-1.950017785162613,16025.622374169421,61919.68670416812
1203465,6.862228016230692,FAT_015,FAT_DON_11,3,Allogenic,0.915997639457472,4.117593840790878,4.49520136670838,30.79,42,28664.63854287384,1730.1385341178084,-4.050312621169217,49986.84830535876,4.457346469751892,-0.1855341234138502,25205.489347263992,28664.63854287384
1203540,1.6245093109219952,FAT_015,FAT_DON_11,3,Allogenic,0.915997639457472,4.117593840790878,4.49520136670838,25.0,42,2079.4846103698924,12822.7405040943,2.624406717652892,307.3072417481573,3.317955710632106,-0.23080183221396575,1772.0559749684655,2079.4846103698924
1203606,6.296724787119145,FAT_015,FAT_DON_11,3,Allogenic,0.915997639457472,4.117593840790878,4.49520136670838,29.5,42,7364.992647275832,19581.846091845706,1.4107607923258776,5800.1769542158,3.867172317607825,-0.5053424682100214,5188.58668219541,7364.992647275832
1203610,4.079736333547973,FAT_015,FAT_DON_11,3,Allogenic,0.915997639457472,4.117593840790878,4.49520136670838,30.83,42,3462.4181409826324,2590.938728974986,-0.418305064361639,3438.698497449092,3.5393795145375493,-1.05156309799664,1670.4269176723737,3462.4181409826324
1203611,6.665698852527044,FAT_015,FAT_DON_11,3,Allogenic,0.915997639457472,4.117593840790878,4.49520136670838,24.03,42,37570.90479937248,30176.907101584635,-0.316170911612942,5860.459821674169,4.574851654063733,-0.318979064344212,30118.225992817926,37570.90479937248
1211844,1.3222483791847182,FAT_015,FAT_DON_11,3,Allogenic,0.915997639457472,4.117593840790878,4.49520136670838,26.51,42,1465.0088924610802,2049.154656828629,0.4841194519782918,626.5713707497102,3.165840260823273,-1.0117451672031976,726.565241372149,1465.0088924610802
1233170,3.959367755367682,FAT_015,FAT_DON_11,3,Allogenic,0.915997639457472,4.117593840790878,4.49520136670838,21.7,42,337.74374565909886,456.402628111831,0.434378045186408,698.951571148532,2.528587315500461,-1.572624426024081,113.54818360915205,337.74374565909886
1235789,5.936544895741457,FAT_015,FAT_DON_11,3,Allogenic,0.915997639457472,4.117593840790878,4.49520136670838,30.99,42,9373.296855334776,6304.255349531108,-0.5722306027115692,9152.908886458485,3.9718923714903953,-0.9729959707990696,4775.1981608824535,9373.296855334776
1235811,2.151872347342749,FAT_015,FAT_DON_11,3,Allogenic,0.915997639457472,4.117593840790878,4.49520136670838,17.8,42,1839.06916991148,1405.6890467866087,-0.3876982521327359,867.8948767604192,3.264598063955825,0.15526783789217494,2048.0395566604984,1839.06916991148
1256908,7.866879147540364,FAT_015,FAT_DON_11,3,Allogenic,0.915997639457472,4.117593840790878,4.49520136670838,29.47,42,35373.75462599877,16218.593391831138,-1.1250306543415936,60158.824628038994,4.548681158961257,-0.47303092973674205,25485.001309119987,35373.75462599877
1282887,5.116022623644152,FAT_015,FAT_DON_11,3,Allogenic,0.915997639457472,4.117593840790878,4.49520136670838,29.51,42,1160.6763560499785,120.31021659410511,-3.270134681308301,3810.69335639527,3.06471113758848,-0.6239723014688465,753.1418111082871,1160.6763560499785
1292036,4.840559625032269,FAT_015,FAT_DON_11,3,Allogenic,0.915997639457472,4.117593840790878,4.49520136670838,18.75,42,406.7451560625707,567.3985053567151,0.4802371853529082,765.1547700525003,2.609322389616708,-1.4347153209469077,150.46311295849165,406.7451560625707
1322347,5.411137618444307,FAT_015,FAT_DON_11,3,Allogenic,0.915997639457472,4.117593840790878,4.49520136670838,25.09,42,13129.15257319112,88273.54640245934,2.7492073595064586,2137.634983626727,4.118236695269672,-0.9777311053742482,6666.690673677031,13129.15257319112
1384484,4.204232481861407,FAT_015,FAT_DON_11,3,Allogenic,0.915997639457472,4.117593840790878,4.49520136670838,25.0,42,5265.170779102811,4380.844273916962,-0.2652713947026473,3784.148030704349,3.7214124623627423,-0.8479107520018617,2925.269562683841,5265.170779102811
1408437,8.283697299192687,FAT_015,FAT_DON_11,3,Allogenic,0.915997639457472,4.117593840790878,4.49520136670838,26.48,42,9302.842783659651,13993.24248231308,0.5889867485445397,5846.360628063958,3.968615681521751,-0.41566738299446465,6974.086521971421,9302.842783659651
1410647,4.390543527622363,FAT_015,FAT_DON_11,3,Allogenic,0.915997639457472,4.117593840790878,4.49520136670838,25.61,42,10668.344379012566,42185.41910756786,1.9834081329624893,45.09861849161691,4.028097026467675,-1.16661454233465,4752.378865527689,10668.344379012566
1410665,4.146997223595728,FAT_015,FAT_DON_11,3,Allogenic,0.915997639457472,4.117593840790878,4.49520136670838,29.3,42,25131.039999580255,25447.55129701765,0.018056463345378,227.44371335638004,4.400210461403284,-0.2076637419186601,21761.93185756669,25131.039999580255
1437612,4.112320760928161,FAT_015,FAT_DON_11,3,Allogenic,0.915997639457472,4.117593840790878,4.49520136670838,25.15,42,112532.5844004326,423954.574598928,1.91356689097264,117.22960074490788,5.051278292903608,-0.7512608178552739,66853.82376307291,112532.5844004326
1440052,1.396191534060561,FAT_015,FAT_DON_11,3,Allogenic,0.915997639457472,4.117593840790878,4.49520136670838,31.07,42,1558.7055444826367,3232.8519491254697,1.0524590258418256,81.47391333127597,3.19276408024044,-3.4497879917262746,142.65086716547367,1558.7055444826367
1899017,2.4099546785135733,FAT_015,FAT_DON_11,3,Allogenic,0.915997639457472,4.117593840790878,4.49520136670838,21.4,42,1047.3687768611194,10.090534294989462,-6.697623124754292,867.7985072762507,3.020099622993918,-1.557672130294653,355.7898778760903,1047.3687768611194
818,5.459546684554261,FAT_008,FAT_DON_11,3,Allogenic,1.1112764272428564,4.117593840790878,3.70528316793948,29.11,42,24616.263572553868,15221.60518551209,-0.6934912907377287,31828.58137034028,4.391222133365048,-0.5473240041519416,16844.61893908722,24616.263572553868
904,1.8082004677754848,FAT_008,FAT_DON_11,3,Allogenic,1.1112764272428564,4.117593840790878,3.70528316793948,23.81,42,1365.6510710566415,2470.639151283635,0.8552953967658936,531.3385560830724,3.1353397496586326,-0.16495757769553188,1218.0989554042746,1365.6510710566415
1547,2.0419723866982635,FAT_008,FAT_DON_11,3,Allogenic,1.1112764272428564,4.117593840790878,3.70528316793948,28.34,42,2648.395837630924,2075.494419861545,-0.3516637148900061,614.8686787921533,3.422982896647982,-0.2920113699315845,2163.1105487424647,2648.395837630924
205913,2.0622034642979403,FAT_008,FAT_DON_11,3,Allogenic,1.1112764272428564,4.117593840790878,3.70528316793948,24.89,42,707.0065410023423,10376.15932611363,3.875405164797859,2484.957418232842,2.8494234317715565,-0.5647908510076213,477.97418829143714,707.0065410023423
206672,1.938051765374132,FAT_008,FAT_DON_11,3,Allogenic,1.1112764272428564,4.117593840790878,3.70528316793948,25.09,42,165.81260896471872,8607.853833669924,5.698027956665076,2067.5904068101377,2.2196175527256385,-0.699771148712918,102.08582594227353,165.81260896471872
207244,3.301857517624279,FAT_008,FAT_DON_11,3,Allogenic,1.1112764272428564,4.117593840790878,3.70528316793948,29.93,42,1709.9425299486618,1472.9315237727092,-0.2152574764959745,991.1781272767964,3.23298151428362,-0.46371014143346606,1239.911969305113,1709.9425299486618
213810,3.7939842438035103,FAT_008,FAT_DON_11,3,Allogenic,1.1112764272428564,4.117593840790878,3.70528316793948,22.4,42,1980.5394959674736,10535.004882598923,2.4112256058909285,17090.864816563542,3.296783507537938,-1.150408993047645,892.2280927596076,1980.5394959674736
226186,6.612232211605899,FAT_008,FAT_DON_11,3,Allogenic,1.1112764272428564,4.117593840790878,3.70528316793948,29.11,42,20804.876519267626,14004.664434587576,-0.5710143103032291,31055.54262608152,4.318165142519746,-0.28936736363309895,17023.81481159883,20804.876519267626
246201,0.0,FAT_008,FAT_DON_11,3,Allogenic,1.1112764272428564,4.117593840790878,3.70528316793948,22.8,42,92.1181160915104,292.7484222828112,1.668104583616303,407.4128339795628,1.9643450476223323,1.2360353910410804,216.98453213679701,92.1181160915104
264199,8.405672634951303,FAT_008,FAT_DON_11,3,Allogenic,1.1112764272428564,4.117593840790878,3.70528316793948,24.34,42,2703.6667072858304,2105.688203325691,-0.3606254880717713,82988.82486059259,3.4319531532059657,-2.8088293339297876,385.8435733493694,2703.6667072858304
272559,3.3815603235462324,FAT_008,FAT_DON_11,3,Allogenic,1.1112764272428564,4.117593840790878,3.70528316793948,30.39,42,1827.3931279653375,1852.32297686568,0.0195486383454426,5153.241891717636,3.261831987385237,-0.6258152921483279,1184.248416536376,1827.3931279653375
272621,4.274017094600697,FAT_008,FAT_DON_11,3,Allogenic,1.1112764272428564,4.117593840790878,3.70528316793948,14.99,42,23.0295290228776,13.127731940933236,-0.8108672214166394,541.989745235143,1.36228505629437,-1.0825461429071623,10.874422327459822,23.0295290228776
295405,4.568736831723362,FAT_008,FAT_DON_11,3,Allogenic,1.1112764272428564,4.117593840790878,3.70528316793948,30.39,42,6511.599331218641,3209.7304595581763,-1.020559780454226,8720.847778857322,3.813687669891863,-0.37158553838294517,5033.027193296228,6511.599331218641
314315,3.156830548613596,FAT_008,FAT_DON_11,3,Allogenic,1.1112764272428564,4.117593840790878,3.70528316793948,15.29,42,8.06033515800716,56.44924734601292,2.8080426112278545,265.5678333656392,0.9063531006446456,-0.7528329084007193,4.783302132254349,8.06033515800716
321956,7.219959432017759,FAT_008,FAT_DON_11,3,Allogenic,1.1112764272428564,4.117593840790878,3.70528316793948,15.51,42,48902.05340362944,35.44487624051974,-10.430102237343691,82.86219439048818,4.689327095588694,-0.4661266293288069,35400.46758223755,48902.05340362944
321967,4.270814865622361,FAT_008,FAT_DON_11,3,Allogenic,1.1112764272428564,4.117593840790878,3.70528316793948,22.05,42,3.45442935343164,60.38756692829289,4.127732233919217,1051.179973055832,0.5383763153500514,-0.8304012235338349,1.9426771797373483,3.45442935343164
347253,7.852732660098983,FAT_008,FAT_DON_11,3,Allogenic,1.1112764272428564,4.117593840790878,3.70528316793948,25.68,42,1610.9155551502884,25424.4784500054,3.98026540490296,24999.847962886084,3.207072775122217,-2.9614057412550006,206.82394499297303,1610.9155551502884
349741,14.322742403970082,FAT_008,FAT_DON_11,3,Allogenic,1.1112764272428564,4.117593840790878,3.70528316793948,28.37,42,2453808.9836285706,1958.6576055872388,-10.290942010628475,31547.830856312212,6.389840752121677,-3.386533792020097,234634.84008384834,2453808.9836285706
354242,2.862728866699367,FAT_008,FAT_DON_11,3,Allogenic,1.1112764272428564,4.117593840790878,3.70528316793948,25.28,42,852.0925738464713,1159.1787303844048,0.4440209457155145,404.0819684209075,2.930486780361365,-0.38889064429201936,650.757274231118,852.0925738464713
367928,3.3303536810870944,FAT_008,FAT_DON_11,3,Allogenic,1.1112764272428564,4.117593840790878,3.70528316793948,25.27,42,3227.5884925562955,389.8936386457171,-3.0493041296483674,86.50858026445366,3.508878158390675,-1.199126524745823,1405.7403336860987,3227.5884925562955
390333,7.111729159866535,FAT_008,FAT_DON_11,3,Allogenic,1.1112764272428564,4.117593840790878,3.70528316793948,15.23,42,47831.18030406563,44.63428859917301,-10.065583245219294,100.74617828669386,4.679711097853316,-0.29855034105463674,38890.04896755065,47831.18030406563
391904,3.3940205441209192,FAT_008,FAT_DON_11,3,Allogenic,1.1112764272428564,4.117593840790878,3.70528316793948,26.99,42,191.14509088988407,2303.916955633784,3.5913486624283597,646.4086510515107,2.281363148670444,-0.8195848414354329,108.30375826548521,191.14509088988407
411459,7.602235398354293,FAT_008,FAT_DON_11,3,Allogenic,1.1112764272428564,4.117593840790878,3.70528316793948,29.69,42,57032.62862515638,188667.82513551015,1.7259889779337478,101602.94011973082,4.756123388612845,-0.6149502497503085,37239.592293878035,57032.62862515638
411460,6.662966940288325,FAT_008,FAT_DON_11,3,Allogenic,1.1112764272428564,4.117593840790878,3.70528316793948,29.93,42,19183.59767605704,87953.1784578645,2.19686240728392,6037.826826987191,4.282930057701158,0.10900462490712146,20689.201027247218,19183.59767605704
411461,12.959304162031913,FAT_008,FAT_DON_11,3,Allogenic,1.1112764272428564,4.117593840790878,3.70528316793948,31.07,42,91512.43947820872,184859.4700994455,1.0143891823168196,51566.3675839195,4.961480132640739,-1.2808448005713382,37662.35111723952,91512.43947820872
411462,9.4362694532535,FAT_008,FAT_DON_11,3,Allogenic,1.1112764272428564,4.117593840790878,3.70528316793948,28.31,42,28306.74559847,83701.10608219622,1.5641007942317828,119980.70770093064,4.451889941782265,-0.2279289837672886,24169.990560027803,28306.74559847
411463,5.571035926385577,FAT_008,FAT_DON_11,3,Allogenic,1.1112764272428564,4.117593840790878,3.70528316793948,26.73,42,28800.728996010726,44033.038476278256,0.6124810708859169,18442.8369130503,4.45940348063902,-0.5213758544296975,20065.67202731419,28800.728996010726
411464,2.2898980558020274,FAT_008,FAT_DON_11,3,Allogenic,1.1112764272428564,4.117593840790878,3.70528316793948,28.1,42,219.93200216848103,44458.3769911645,7.659253926585142,16980.582791488836,2.3422884278781164,-0.12813470162679738,201.240801890069,219.93200216848103
411466,4.527184316931969,FAT_008,FAT_DON_11,3,Allogenic,1.1112764272428564,4.117593840790878,3.70528316793948,23.67,42,2799.239252730772,4244.195736503715,0.6004563926807174,1524.1213405510653,3.4470400194737247,-2.8943443608512727,376.4918237363663,2799.239252730772
411467,5.100648363654844,FAT_008,FAT_DON_11,3,Allogenic,1.1112764272428564,4.117593840790878,3.70528316793948,27.37,42,24513.782168402064,80261.64031367171,1.7111175498098958,14859.398759475887,4.389410322600336,0.2868547042248851,29906.266080062313,24513.782168402064
411468,6.338170308707135,FAT_008,FAT_DON_11,3,Allogenic,1.1112764272428564,4.117593840790878,3.70528316793948,27.59,42,19398.923772420945,25795.993263933808,0.4111703821798641,3231.584578586118,4.287777636493938,0.24302650157458974,22958.09788408706,19398.923772420945
411469,12.134591924634334,FAT_008,FAT_DON_11,3,Allogenic,1.1112764272428564,4.117593840790878,3.70528316793948,29.85,42,80762.25533032946,82220.29791925896,0.0258134001285069,129418.6931376056,4.907208438352837,-1.3000745969667753,32797.97179561196,80762.25533032946
411470,8.499792289947095,FAT_008,FAT_DON_11,3,Allogenic,1.1112764272428564,4.117593840790878,3.70528316793948,31.06,42,19500.253700121608,24584.303605785677,0.3342445951349069,15430.29847983428,4.290040261611038,-1.3767426205984359,7509.2996812000565,19500.253700121608
411471,11.197298225908575,FAT_008,FAT_DON_11,3,Allogenic,1.1112764272428564,4.117593840790878,3.70528316793948,28.72,42,144045.0981322948,265511.00405176287,0.8822510881924905,27871.987037834664,5.158498483787431,-0.09849617331029516,134538.9956082619,144045.0981322948
411472,2.477461731972891,FAT_008,FAT_DON_11,3,Allogenic,1.1112764272428564,4.117593840790878,3.70528316793948,28.51,42,1941.3892966285816,1251.072853970937,-0.6339236384487799,1024.2889899834663,3.2881126309191124,0.4748596736938574,2698.1099059553985,1941.3892966285816
411473,6.749000541006111,FAT_008,FAT_DON_11,3,Allogenic,1.1112764272428564,4.117593840790878,3.70528316793948,29.04,42,9267.082478805947,23842.586751122948,1.3633536493265033,22321.57589840618,3.966943028342241,0.13382089569092398,10167.803205311639,9267.082478805947
411474,4.207927243679732,FAT_008,FAT_DON_11,3,Allogenic,1.1112764272428564,4.117593840790878,3.70528316793948,27.02,42,6509.296378316353,50627.09823020903,2.9593362873701183,14260.192040855203,3.813534046090508,0.4742411332664452,9042.631901705012,6509.296378316353
411475,9.357996587698551,FAT_008,FAT_DON_11,3,Allogenic,1.1112764272428564,4.117593840790878,3.70528316793948,28.82,42,41651.20619077643,49739.66355100194,0.2560384732420619,17829.542507480248,4.619627582799546,-0.013714615447999718,41257.1355695895,41651.20619077643
411476,5.205092758767422,FAT_008,FAT_DON_11,3,Allogenic,1.1112764272428564,4.117593840790878,3.70528316793948,29.68,42,7333.753517335372,1984.9130694691053,-1.8854759538221004,16152.685635077798,3.86532630951605,0.02572071842317013,7465.673920849313,7333.753517335372
411477,7.453563575878995,FAT_008,FAT_DON_11,3,Allogenic,1.1112764272428564,4.117593840790878,3.70528316793948,29.89,42,2199.320021684811,40382.21622350473,4.198590639406401,95667.60176324152,3.3422884278781164,-1.7124088315812056,671.1228176389102,2199.320021684811
411479,10.49574054676051,FAT_008,FAT_DON_11,3,Allogenic,1.1112764272428564,4.117593840790878,3.70528316793948,30.29,42,95812.05254677996,31464.54791602878,-1.6064799348818777,56702.2985170426,4.981420143998392,-0.9571870167580296,49348.97544121632,95812.05254677996
411483,14.624537745111434,FAT_008,FAT_DON_11,3,Allogenic,1.1112764272428564,4.117593840790878,3.70528316793948,28.13,42,823129.4866708491,311030.1017837548,-1.4040651866703266,363790.8903020438,5.915468159541797,-3.9289044909583195,54044.320107070096,823129.4866708491
411484,10.69671040771518,FAT_008,FAT_DON_11,3,Allogenic,1.1112764272428564,4.117593840790878,3.70528316793948,27.82,42,21405.94722676473,85607.25276001974,1.999721351722553,174205.77825472775,4.330534450402287,-0.9069304271573314,11416.189992231579,21405.94722676473
411485,10.519585129309824,FAT_008,FAT_DON_11,3,Allogenic,1.1112764272428564,4.117593840790878,3.70528316793948,29.4,42,96841.4724941026,263675.74712642044,1.4450679572484078,393027.3180631168,4.986061384355007,-0.9713430410809906,49392.15703447469,96841.4724941026
411486,10.477769936738229,FAT_008,FAT_DON_11,3,Allogenic,1.1112764272428564,4.117593840790878,3.70528316793948,26.21,42,54383.081311074304,94524.92106749568,0.797536843629378,34355.536903921515,4.73546381079994,-0.9122627670762838,28896.507360863245,54383.081311074304
411487,8.348393342026153,FAT_008,FAT_DON_11,3,Allogenic,1.1112764272428564,4.117593840790878,3.70528316793948,31.0,42,32703.08268893734,36180.029229212,0.145766938668779,23195.374967399013,4.514588692467428,-0.27892813573356373,26953.983425540766,32703.08268893734
411489,8.338351773936767,FAT_008,FAT_DON_11,3,Allogenic,1.1112764272428564,4.117593840790878,3.70528316793948,27.23,42,24839.65000407578,37362.83787709008,0.5889591926214123,21159.962145713784,4.395145472246513,-0.20410014198897397,21562.802614341897,24839.65000407578
411490,5.858185688560291,FAT_008,FAT_DON_11,3,Allogenic,1.1112764272428564,4.117593840790878,3.70528316793948,30.71,42,9731.12748861693,8494.955338977898,-0.196000608631116,2949.8480311255494,3.988163162335825,-0.33570426930848163,7710.918405840489,9731.12748861693
411901,1.349610191865988,FAT_008,FAT_DON_11,3,Allogenic,1.1112764272428564,4.117593840790878,3.70528316793948,29.11,42,1453.1632813435767,469.9728034854099,-1.628547639134932,1948.4553350298104,3.1623144155385043,0.25693202759507483,1736.4355265461836,1453.1632813435767
411902,6.286832361910864,FAT_008,FAT_DON_11,3,Allogenic,1.1112764272428564,4.117593840790878,3.70528316793948,31.82,42,29741.48525659528,31594.51246224402,0.0871973078538824,7561.77860594908,4.473362652909439,-0.06005435281365445,28528.864831141513,29741.48525659528
411903,12.822851109393028,FAT_008,FAT_DON_11,3,Allogenic,1.1112764272428564,4.117593840790878,3.70528316793948,26.62,42,123964.50030079667,374100.9771207745,1.5935006987439513,78558.74118886735,5.0932973341074685,-1.4744275297273672,44611.86930564592,123964.50030079667
428125,5.044795410801947,FAT_008,FAT_DON_11,3,Allogenic,1.1112764272428564,4.117593840790878,3.70528316793948,26.43,42,15313.48532376246,25776.301666022413,0.7512426082506994,5957.150111264262,4.185074046649386,0.39475243128848014,20132.90152634718,15313.48532376246
428126,3.111829989829135,FAT_008,FAT_DON_11,3,Allogenic,1.1112764272428564,4.117593840790878,3.70528316793948,27.15,42,5680.233333492761,6448.341929386405,0.1829780519590473,855.41375454433,3.75436617609253,0.5114628379303721,8097.143424226605,5680.233333492761
428127,6.475241054234599,FAT_008,FAT_DON_11,3,Allogenic,1.1112764272428564,4.117593840790878,3.70528316793948,17.97,42,14943.861382945275,21566.23803256512,0.5292215598792814,4871.297505540306,4.174462830453124,-0.39746435354480636,11345.251764368168,14943.861382945275
428128,4.02120489210571,FAT_008,FAT_DON_11,3,Allogenic,1.1112764272428564,4.117593840790878,3.70528316793948,26.14,42,2076.112041412416,8015.793123133833,1.9489609713577989,1179.6121588105975,3.317250787352791,-0.7386062758824421,1244.2514150500447,2076.112041412416
435590,14.651433303032965,FAT_008,FAT_DON_11,3,Allogenic,1.1112764272428564,4.117593840790878,3.70528316793948,30.99,42,206107.37589604768,108788.20182131964,-0.9218740315556936,563916.722966483,5.314093534009364,-1.912835717718999,54735.94320362068,206107.37589604768
435591,6.860298765361055,FAT_008,FAT_DON_11,3,Allogenic,1.1112764272428564,4.117593840790878,3.70528316793948,30.59,42,16437.326340078886,9961.32299678014,-0.7225663831427309,12234.390987313918,4.215831177548274,-0.7191343820976474,9985.048015559809,16437.326340078886
435830,2.504223551327824,FAT_008,FAT_DON_11,3,Allogenic,1.1112764272428564,4.117593840790878,3.70528316793948,21.31,42,1815.8783634538988,1324.5881528401635,-0.4551237071007924,363.4601023098284,3.259086753959292,-0.7816824896508058,1056.2746996124858,1815.8783634538988
442563,2.446290213474541,FAT_008,FAT_DON_11,3,Allogenic,1.1112764272428564,4.117593840790878,3.70528316793948,24.15,42,188.84213798759637,69.57697928694616,-1.440498771471524,5163.893686555394,2.2760989086780867,-1.5371483347392014,65.06855347538692,188.84213798759637
445970,8.401617464581532,FAT_008,FAT_DON_11,3,Allogenic,1.1112764272428564,4.117593840790878,3.70528316793948,17.81,42,2294.892567129753,124137.14600665878,5.757364455655776,229264.18822724267,3.3607623593308764,-1.8870854340882652,620.430357084903,2294.892567129753
445972,9.940855510921784,FAT_008,FAT_DON_11,3,Allogenic,1.1112764272428564,4.117593840790878,3.70528316793948,25.15,42,48636.06234341521,84096.25081361832,0.7900150530411002,17485.78535471571,4.686958406483615,-1.4669195853176753,17594.28449320829,48636.06234341521
445973,6.352518337654938,FAT_008,FAT_DON_11,3,Allogenic,1.1112764272428564,4.117593840790878,3.70528316793948,29.52,42,3827.5077236022576,5744.695497352384,0.5858251346055725,6072.800315415098,3.582916075742462,-0.35699261481491557,2988.4816289978344,3827.5077236022576
449673,5.240201845269879,FAT_008,FAT_DON_11,3,Allogenic,1.1112764272428564,4.117593840790878,3.70528316793948,29.11,42,6336.574910644771,5911.417693002237,-0.1001990724041554,6490.531528462775,3.8018545734415454,-0.09380109582978809,5937.69150579232,6336.574910644771
450749,2.2559097166390605,FAT_008,FAT_DON_11,3,Allogenic,1.1112764272428564,4.117593840790878,3.70528316793948,27.8,42,50.66496385033072,192.97765953171856,1.929373504782428,5222.961504645643,1.7047077371165762,-0.8919128985081811,27.30330378106352,50.66496385033072
451640,2.145238951102559,FAT_008,FAT_DON_11,3,Allogenic,1.1112764272428564,4.117593840790878,3.70528316793948,25.98,42,2548.2173863814064,1365.2841218570566,-0.9002871441891965,901.6039978203448,3.4062364745576468,-0.3617818814096524,1983.0299632224398,2548.2173863814064
457387,4.888928273133783,FAT_008,FAT_DON_11,3,Allogenic,1.1112764272428564,4.117593840790878,3.70528316793948,29.03,42,18140.360011320685,7264.886856112454,-1.3201908531902833,12211.717026591074,4.258645901763686,-0.3145212846665278,14586.985820893553,18140.360011320685
457388,5.733871520527956,FAT_008,FAT_DON_11,3,Allogenic,1.1112764272428564,4.117593840790878,3.70528316793948,30.59,42,21238.98314134887,12996.454621523904,-0.7085965801444861,18207.428740201027,4.327133720193211,-0.08457876417383162,20029.632231075244,21238.98314134887
457390,4.27615795756362,FAT_008,FAT_DON_11,3,Allogenic,1.1112764272428564,4.117593840790878,3.70528316793948,29.68,42,8296.387830491654,2293.4147700810367,-1.8549860435619892,18205.570996970026,3.918889045780397,0.1828323242898977,9417.314179887404,8296.387830491654
457391,6.113055080491759,FAT_008,FAT_DON_11,3,Allogenic,1.1112764272428564,4.117593840790878,3.70528316793948,30.88,42,21627.030705384357,10281.63965613891,-1.072765247817928,32338.12601285365,4.334996896841437,-0.33407688483492626,17156.541046875685,21627.030705384357
457392,3.453969567694377,FAT_008,FAT_DON_11,3,Allogenic,1.1112764272428564,4.117593840790878,3.70528316793948,30.19,42,3935.7465100097816,1475.5570701608958,-1.4153775828718524,2948.334263825396,3.595027119015107,-0.06338132029908114,3766.582119718763,3935.7465100097816
457393,10.578787578774074,FAT_008,FAT_DON_11,3,Allogenic,1.1112764272428564,4.117593840790878,3.70528316793948,29.75,42,225013.467747379,75136.57376393139,-1.58242411821842,136695.4978520379,5.352208512748374,-0.9850265682710914,113680.49845441506,225013.467747379
457394,10.266122167699509,FAT_008,FAT_DON_11,3,Allogenic,1.1112764272428564,4.117593840790878,3.70528316793948,30.99,42,161896.43755437838,82682.3940835798,-0.9694191722721952,313772.04370756634,5.209237292437762,-1.9147587050703267,42937.572504282536,161896.43755437838
457395,6.391736932966922,FAT_008,FAT_DON_11,3,Allogenic,1.1112764272428564,4.117593840790878,3.70528316793948,30.99,42,26334.26643766053,13637.087940241448,-0.9494056680372668,40373.24926884402,4.420521225237137,-0.6453465941035839,16836.528227979117,26334.26643766053
457412,11.46699251127981,FAT_008,FAT_DON_11,3,Allogenic,1.1112764272428564,4.117593840790878,3.70528316793948,30.36,42,466779.7663824504,383269.3851083222,-0.2843832627723228,153809.98131154486,5.669112022311418,-1.4705596206406846,168433.88505165337,466779.7663824504
457416,2.267066000187174,FAT_008,FAT_DON_11,3,Allogenic,1.1112764272428564,4.117593840790878,3.70528316793948,27.37,42,72.54301642206444,182.475473978972,1.3307939278069516,5225.9245387266965,1.860595610083971,-0.9920558463533666,36.47178700780831,72.54301642206444
457421,4.846209127021427,FAT_008,FAT_DON_11,3,Allogenic,1.1112764272428564,4.117593840790878,3.70528316793948,31.17,42,10149.113440382158,11497.267633869327,0.1799373317585757,5129.022240006748,4.006428106804289,-0.10633709925820126,9427.953899871629,10149.113440382158
457424,6.599571033751502,FAT_008,FAT_DON_11,3,Allogenic,1.1112764272428564,4.117593840790878,3.70528316793948,30.39,42,31506.698656198845,19053.5901390705,-0.7255957327982758,5543.067798841458,4.498402899190846,-0.08148855575275156,29776.41437785048,31506.698656198845
469585,5.25822553867797,FAT_008,FAT_DON_11,3,Allogenic,1.1112764272428564,4.117593840790878,3.70528316793948,29.25,42,32306.97478974384,20203.57945709625,-0.6772347465164151,13639.749313862774,4.509296292786067,-0.45559924392289497,23558.479357251144,32306.97478974384
469588,3.704096610010991,FAT_008,FAT_DON_11,3,Allogenic,1.1112764272428564,4.117593840790878,3.70528316793948,28.94,42,6673.957510829929,3467.034005600468,-0.9448405148064756,5529.155410142373,3.824383437429526,0.3564497792625954,8544.477547977283,6673.957510829929
469589,4.607239567317553,FAT_008,FAT_DON_11,3,Allogenic,1.1112764272428564,4.117593840790878,3.70528316793948,30.59,42,6067.129421077104,4657.719292643113,-0.3813903914890528,18111.36574022049,3.782983259203178,-0.9212644261035288,3203.7235451600927,6067.129421077104
469590,4.586388820791778,FAT_008,FAT_DON_11,3,Allogenic,1.1112764272428564,4.117593840790878,3.70528316793948,29.52,42,14491.331137645731,6053.197197964315,-1.259420867053054,15940.244929533905,4.16110828051477,-0.20508213615962262,12571.074667817244,14491.331137645731
469591,5.504459353083242,FAT_008,FAT_DON_11,3,Allogenic,1.1112764272428564,4.117593840790878,3.70528316793948,30.59,42,9787.54983472298,9402.081616096384,-0.0579675440085414,30495.17409202205,3.9906739863446816,-0.18682688260749764,8598.713732130924,9787.54983472298
469592,5.31340942426947,FAT_008,FAT_DON_11,3,Allogenic,1.1112764272428564,4.117593840790878,3.70528316793948,30.59,42,11419.191965993858,7610.146206158998,-0.5854644915269497,22275.24775491371,4.057635373863799,0.20926657831267445,13201.73135732446,11419.191965993858
469593,10.182728986460104,FAT_008,FAT_DON_11,3,Allogenic,1.1112764272428564,4.117593840790878,3.70528316793948,30.99,42,164276.53937889278,83588.2075875042,-0.974755131171969,303602.17727782746,5.21557554550569,-1.8768815590785144,44727.83713844648,164276.53937889278
469596,4.307860733821741,FAT_008,FAT_DON_11,3,Allogenic,1.1112764272428564,4.117593840790878,3.70528316793948,28.15,42,5536.298777099775,7225.503660289653,0.3841763525742731,3915.337702933807,3.743219519625072,1.6158223211417624,16967.994156794375,5536.298777099775
469610,2.50154152326027,FAT_008,FAT_DON_11,3,Allogenic,1.1112764272428564,4.117593840790878,3.70528316793948,25.27,42,50.66496385033072,305.8761542237444,2.593887304600344,17957.000732996283,1.7047077371165762,-0.677401974228301,31.6803100824407,50.66496385033072
470145,4.439772407141209,FAT_008,FAT_DON_11,3,Allogenic,1.1112764272428564,4.117593840790878,3.70528316793948,28.33,42,9132.359734022111,6349.883939829406,-0.5242574668488963,5666.253192519181,3.960583010508043,0.67950896117377,14626.337489091315,9132.359734022111
470146,9.53863489902429,FAT_008,FAT_DON_11,3,Allogenic,1.1112764272428564,4.117593840790878,3.70528316793948,28.01,42,41232.068762560055,125695.40778804757,1.6080931892570205,103128.49854916388,4.615235125478645,-0.03859024404761236,40143.78374986063,41232.068762560055
471870,5.829622308491839,FAT_008,FAT_DON_11,3,Allogenic,1.1112764272428564,4.117593840790878,3.70528316793948,30.58,42,8395.41480529003,41419.30704683845,2.302629903679166,29621.812047722564,3.924042158865733,-0.39244268708525426,6395.951155508258,8395.41480529003
471872,1.7968319507530868,FAT_008,FAT_DON_11,3,Allogenic,1.1112764272428564,4.117593840790878,3.70528316793948,26.78,42,102.48140415180532,353.13598921110406,1.7848617101735869,350.7328536544383,2.0106450672753016,-1.0605870950217942,49.13336838852354,102.48140415180532
471875,8.516499067517232,FAT_008,FAT_DON_11,3,Allogenic,1.1112764272428564,4.117593840790878,3.70528316793948,29.18,42,51627.59816348701,28997.847084327423,-0.8321966893259957,46435.08186811378,4.712881921123003,-0.7519705292030804,30656.052840783963,51627.59816348701
473819,2.6210608058177947,FAT_008,FAT_DON_11,3,Allogenic,1.1112764272428564,4.117593840790878,3.70528316793948,25.41,42,2559.7321508928453,555.3030611014759,-2.2046456013236795,137.12281374083014,3.4081945233293798,-0.611724487201149,1675.1245502605393,2559.7321508928453
476272,7.306303687217023,FAT_008,FAT_DON_11,3,Allogenic,1.1112764272428564,4.117593840790878,3.70528316793948,29.6,42,28527.829077089624,41565.02487138281,0.5430001105364213,4393.313817911821,4.455268723787702,-0.8401698080483997,15935.012559723253,28527.829077089624
478749,5.446498045604002,FAT_008,FAT_DON_11,3,Allogenic,1.1112764272428564,4.117593840790878,3.70528316793948,29.95,42,11224.592445750544,15167.781484554263,0.4343470222001457,4099.600314750284,4.050170581143076,0.014377349198884289,11337.011691475594,11224.592445750544
479436,2.810657719840154,FAT_008,FAT_DON_11,3,Allogenic,1.1112764272428564,4.117593840790878,3.70528316793948,27.57,42,46.0590580457552,216.6075770253984,2.233526897941814,4627.338991359046,1.6633150519583513,-0.46982481037629725,33.25704754631567,46.0590580457552
479437,9.194231137903415,FAT_008,FAT_DON_11,3,Allogenic,1.1112764272428564,4.117593840790878,3.70528316793948,24.48,42,13509.12172482,16410.97769936064,0.28072730825011,1595.632843615993,4.130627114938903,-1.0088841633412486,6713.093863869708,13509.12172482
483215,7.006728702385842,FAT_008,FAT_DON_11,3,Allogenic,1.1112764272428564,4.117593840790878,3.70528316793948,28.86,42,7528.353037578687,2566.471594452448,-1.5525479909891906,94747.7517113,3.876699976874739,-0.5598614623735171,5106.988539731837,7528.353037578687
483216,6.088072584411814,FAT_008,FAT_DON_11,3,Allogenic,1.1112764272428564,4.117593840790878,3.70528316793948,29.11,42,16025.097770569377,7688.912597804598,-1.059481673878114,5978.573349139432,4.204800687868811,-0.4662411378499934,11599.73640043756,16025.097770569377
483217,7.100868081143652,FAT_008,FAT_DON_11,3,Allogenic,1.1112764272428564,4.117593840790878,3.70528316793948,30.63,42,23056.01298125391,11868.78244779774,-0.9579711083760688,42227.66784886001,4.362784207991313,-0.9709811405031339,11762.23249391946,23056.01298125391
483218,5.1602406333969215,FAT_008,FAT_DON_11,3,Allogenic,1.1112764272428564,4.117593840790878,3.70528316793948,28.19,42,26566.8646807916,44605.40758890295,0.7475906445512761,32520.4631725012,4.424340303669724,-0.5092848628857151,18665.098390994077,26566.8646807916
484018,3.952134511700978,FAT_008,FAT_DON_11,3,Allogenic,1.1112764272428564,4.117593840790878,3.70528316793948,30.12,42,2411.191688695285,2331.485192709743,-0.0484970819973417,6440.687144611086,3.3822317379732123,-0.8015610038793508,1383.368341054337,2411.191688695285
484020,2.2029042848908853,FAT_008,FAT_DON_11,3,Allogenic,1.1112764272428564,4.117593840790878,3.70528316793948,25.15,42,571.1323197673645,3085.0170061193103,2.433381509648848,2482.221462138088,2.7567367371205864,-0.8673721476658978,313.06297160842144,571.1323197673645
500632,6.363442433075004,FAT_008,FAT_DON_11,3,Allogenic,1.1112764272428564,4.117593840790878,3.70528316793948,27.33,42,25235.757903269277,35734.999116414365,0.5018683369825109,30847.019941550203,4.402016352393061,0.44322702928302343,34311.601009861915,25235.757903269277
502558,2.4339790491557216,FAT_008,FAT_DON_11,3,Allogenic,1.1112764272428564,4.117593840790878,3.70528316793948,24.43,42,1290.8051017322894,3380.3909747903085,1.3889189327358773,237.33707789886887,3.110860673225362,0.1442736567921061,1426.5643656044115,1290.8051017322894
511680,5.257086437370911,FAT_008,FAT_DON_11,3,Allogenic,1.1112764272428564,4.117593840790878,3.70528316793948,26.86,42,12593.697946160615,30491.78297920563,1.275718542564919,293081.259722548,4.1001532727449215,0.5624321707811619,18597.82799176619,12593.697946160615
515619,11.725545033523847,FAT_008,FAT_DON_11,3,Allogenic,1.1112764272428564,4.117593840790878,3.70528316793948,29.62,42,320755.2802306392,725296.6875510085,1.1770982451325895,185464.4033797794,5.5061738144036445,-0.7329913315952219,192984.0591908637,320755.2802306392
515620,11.11214582638357,FAT_008,FAT_DON_11,3,Allogenic,1.1112764272428564,4.117593840790878,3.70528316793948,31.6,42,9525.013203862176,16791.681925647703,0.8179537463020454,161536.9565484789,3.978865586380256,-1.2948012126977866,3882.322268018061,9525.013203862176
518635,3.1385711581302984,FAT_008,FAT_DON_11,3,Allogenic,1.1112764272428564,4.117593840790878,3.70528316793948,25.8,42,1703.0336712417984,477.8494426499698,-1.8334789183170104,97.07622668101988,3.231223234627281,-0.7292581955163834,1027.2937436019436,1703.0336712417984
518636,5.926316699480481,FAT_008,FAT_DON_11,3,Allogenic,1.1112764272428564,4.117593840790878,3.70528316793948,28.81,42,8710.919352903453,15070.636268191356,0.7908434330423112,7037.160319256812,3.9400639929895935,0.40590970185081704,11541.306875575032,8710.919352903453
518637,5.9636679517143305,FAT_008,FAT_DON_11,3,Allogenic,1.1112764272428564,4.117593840790878,3.70528316793948,18.67,42,9195.690938835023,10378.784872501818,0.1746076617699267,6348.937318481098,3.963584366488708,-0.22855377131688415,7848.43066030978,9195.690938835023
525259,6.25334185939099,FAT_008,FAT_DON_11,3,Allogenic,1.1112764272428564,4.117593840790878,3.70528316793948,27.86,42,7570.957666271011,9777.534749607074,0.3689949570751272,2176.9059784761776,3.879150817792184,0.13045714421508722,8287.47690878985,7570.957666271011
525306,4.087294067966058,FAT_008,FAT_DON_11,3,Allogenic,1.1112764272428564,4.117593840790878,3.70528316793948,14.99,42,4.60590580457552,5.251092776373294,0.1891327785833606,473.4735949564337,0.6633150519583513,-0.946033662293688,2.3907300627024752,4.60590580457552
525337,4.019938861083316,FAT_008,FAT_DON_11,3,Allogenic,1.1112764272428564,4.117593840790878,3.70528316793948,21.8,42,9.21181160915104,49.885381375546295,2.437060292026946,987.9172951544188,0.9643450476223324,-0.5781473476201294,6.170286845583269,9.21181160915104
525362,1.5608326876604082,FAT_008,FAT_DON_11,3,Allogenic,1.1112764272428564,4.117593840790878,3.70528316793948,22.5,42,811.7908980564354,1300.9582353464837,0.6803945784836929,509.9702535149042,2.909444177621788,-0.7367718919551254,487.1399398690627,811.7908980564354
536231,7.606621188362593,FAT_008,FAT_DON_11,3,Allogenic,1.1112764272428564,4.117593840790878,3.70528316793948,31.15,42,65228.83800439851,81250.15852882399,0.3168606995227965,152393.5277624048,4.814439642009033,-0.23115397050439232,55571.915064402565,65228.83800439851
537006,2.5405795799294384,FAT_008,FAT_DON_11,3,Allogenic,1.1112764272428564,4.117593840790878,3.70528316793948,29.51,42,758.822981303817,3679.7032630435865,2.2777541526078027,14271.58476918703,2.880140475224399,0.22194167294256206,885.0169247438175,758.822981303817
537007,6.404023536835832,FAT_008,FAT_DON_11,3,Allogenic,1.1112764272428564,4.117593840790878,3.70528316793948,29.22,42,14393.4556392985,19216.37401513807,0.4169231343678705,10360.514663822842,4.158165073638445,-0.20897927748567352,12452.485440997349,14393.4556392985
537011,3.1434084157545192,FAT_008,FAT_DON_11,3,Allogenic,1.1112764272428564,4.117593840790878,3.70528316793948,28.14,42,5613.447699326414,1216.940750924511,-2.205628196315444,769.2164152531886,3.749229680664945,1.8686540318212133,20499.845868916087,5613.447699326414
537012,9.73187589575831,FAT_008,FAT_DON_11,3,Allogenic,1.1112764272428564,4.117593840790878,3.70528316793948,29.72,42,136177.05954162867,61486.358091749,-1.1471454246984834,522703.86442582513,5.1341039522638825,-0.6401507389920758,87377.4523852896,136177.05954162867
537013,3.5539295231209613,FAT_008,FAT_DON_11,3,Allogenic,1.1112764272428564,4.117593840790878,3.70528316793948,26.93,42,2575.8528212088595,9803.79021348894,1.928289449750444,2866.977588619135,3.410921044727018,-1.857026116353882,711.0505570172528,2575.8528212088595
537937,2.07181652442377,FAT_008,FAT_DON_11,3,Allogenic,1.1112764272428564,4.117593840790878,3.70528316793948,25.23,42,240.6585782890709,9969.1996359447,5.372417930121567,2512.953107117009,2.381401346741443,-1.0067221117808856,119.76992946688097,240.6585782890709
537973,3.994987268708706,FAT_008,FAT_DON_11,3,Allogenic,1.1112764272428564,4.117593840790878,3.70528316793948,21.8,42,14.96919386487044,34.132103046426415,1.1891327785833607,1000.0382019375284,1.1751984129372255,-0.6091875497795919,9.813291226225857,14.96919386487044
543734,2.42946379115554,FAT_008,FAT_DON_11,3,Allogenic,1.1112764272428564,4.117593840790878,3.70528316793948,21.72,42,11.5147645114388,43.32151540507968,1.911598803054452,7930.072473828994,1.061255060630389,-0.851203635371294,6.382888146935606,11.5147645114388
545696,9.406598185886018,FAT_008,FAT_DON_11,3,Allogenic,1.1112764272428564,4.117593840790878,3.70528316793948,17.82,42,37751.15545075211,32710.369677223345,-0.2067727375499855,5257.8822800244025,4.576930248632923,-0.6532546605797471,24003.855349878642,37751.15545075211
545697,4.869751131400788,FAT_008,FAT_DON_11,3,Allogenic,1.1112764272428564,4.117593840790878,3.70528316793948,30.0,42,52.96791675261848,267.805731595038,2.337996164497844,917.7836509711282,1.7240128923119629,0.2906829351211285,64.79137177569845,52.96791675261848
546273,5.560387997786463,FAT_008,FAT_DON_11,3,Allogenic,1.1112764272428564,4.117593840790878,3.70528316793948,27.7,42,113.99616866324412,567.1180198483158,2.31466366066722,28818.91979489324,2.056890255227939,-1.2765004915772427,47.057117173558616,113.99616866324412
547042,4.4996425015748445,FAT_008,FAT_DON_11,3,Allogenic,1.1112764272428564,4.117593840790878,3.70528316793948,28.24,42,5263.398858178675,3121.774655553924,-0.7536283252750184,5342.210700344842,3.72126628191972,0.46326552363541423,7256.431509541902,5263.398858178675
547043,7.90905355943642,FAT_008,FAT_DON_11,3,Allogenic,1.1112764272428564,4.117593840790878,3.70528316793948,24.99,42,33241.97366807267,1100.1039366502052,-4.917294301857344,230.05219583520275,4.521686801144167,-1.1255007745622005,15236.22255842043,33241.97366807267
548480,4.462324109655498,FAT_008,FAT_DON_11,3,Allogenic,1.1112764272428564,4.117593840790878,3.70528316793948,25.09,42,2228.106932963408,11217.646943527452,2.33187970411509,3266.13069107294,3.347936029985319,-2.592565734639288,369.3992234463545,2228.106932963408
552396,6.419796691257889,FAT_008,FAT_DON_11,3,Allogenic,1.1112764272428564,4.117593840790878,3.70528316793948,23.33,42,9265.931002354802,17616.10349153831,0.9268870049537586,4997.079092035077,3.966889061957344,-0.15264849292694438,8335.608076684688,9265.931002354802
552398,7.03498496196318,FAT_008,FAT_DON_11,3,Allogenic,1.1112764272428564,4.117593840790878,3.70528316793948,29.38,42,40336.22008357012,94106.14641857993,1.2222130587489202,16932.18483825863,4.605695197948081,-0.1537791323123031,36257.93502893725,40336.22008357012
552531,2.465987944127719,FAT_008,FAT_DON_11,3,Allogenic,1.1112764272428564,4.117593840790878,3.70528316793948,24.15,42,239.50710183792705,60.38756692829289,-1.9877449835007188,5266.721722336428,2.3793183955931507,-1.5245758902710034,83.24829009816892,239.50710183792705
555970,2.4672700292971226,FAT_008,FAT_DON_11,3,Allogenic,1.1112764272428564,4.117593840790878,3.70528316793948,24.15,42,215.32609636390555,77.45361845150609,-1.475118631942435,5212.409419879709,2.333096667166888,-1.5191884366883937,75.12342478404796,215.32609636390555
556258,3.738106511329767,FAT_008,FAT_DON_11,3,Allogenic,1.1112764272428564,4.117593840790878,3.70528316793948,29.11,42,7159.880573212646,3625.87956208576,-0.9816045184996526,5774.13905663811,3.854905778337562,0.21034903357189091,8283.75311674585,7159.880573212646
556259,3.857672220495907,FAT_008,FAT_DON_11,3,Allogenic,1.1112764272428564,4.117593840790878,3.70528316793948,30.68,42,5360.122880074761,896.6240915657401,-2.5796909055727046,13936.3297297566,3.7291747459477502,-0.08752177090873715,5044.6154729417585,5360.122880074761
556270,3.054919083051018,FAT_008,FAT_DON_11,3,Allogenic,1.1112764272428564,4.117593840790878,3.70528316793948,28.34,42,2015.08378950179,2260.5954402287034,0.1658629992605135,1234.385119731998,3.304293109316683,-0.13959091917714667,1829.2457535327414,2015.08378950179
563192,3.0738639676623336,FAT_008,FAT_DON_11,3,Allogenic,1.1112764272428564,4.117593840790878,3.70528316793948,28.15,42,3171.1661464502454,11088.995170506303,1.8060432701380045,4846.553157104427,3.5012189965512936,0.23860025476137348,3741.4920796827723,3171.1661464502454
563193,5.980772070990739,FAT_008,FAT_DON_11,3,Allogenic,1.1112764272428564,4.117593840790878,3.70528316793948,30.59,42,17770.736070503503,10338.088903484924,-0.7815339255118323,20490.549756878085,4.249705416816974,-0.44816336216667957,13025.511955617005,17770.736070503503
565040,1.9776379744583537,FAT_008,FAT_DON_11,3,Allogenic,1.1112764272428564,4.117593840790878,3.70528316793948,25.09,42,232.59824313106373,9411.271028455038,5.338477472690485,2295.2480011883185,2.3666064300770127,-0.7955632559469622,134.00408158310756,232.59824313106373
565042,1.932123425878487,FAT_008,FAT_DON_11,3,Allogenic,1.1112764272428564,4.117593840790878,3.70528316793948,25.09,42,202.6598554013229,9054.196719661652,5.4814544113854,2158.5542164770395,2.3067677284445387,-0.6975838641419443,124.96087594651037,202.6598554013229
566550,5.409045223523154,FAT_008,FAT_DON_11,3,Allogenic,1.1112764272428564,4.117593840790878,3.70528316793948,29.11,42,11715.121413937835,15611.498824157805,0.4142371476283761,4913.763495314279,4.068746793925725,-0.1955614751263842,10230.03039138051,11715.121413937835
566552,2.8031410579011635,FAT_008,FAT_DON_11,3,Allogenic,1.1112764272428564,4.117593840790878,3.70528316793948,25.62,42,2639.1840260217728,548.7391951310093,-2.265899418092661,152.23092467480896,3.421469673925741,-0.8512396312151825,1462.921462320734,2639.1840260217728
568703,1.978539786447058,FAT_008,FAT_DON_11,3,Allogenic,1.1112764272428564,4.117593840790878,3.70528316793948,22.45,42,4.60590580457552,9.189412358653266,0.9964877006409648,4485.81363267381,0.6633150519583513,-0.7586109067710645,2.7223904586116103,4.60590580457552
568816,1.3524216976026586,FAT_008,FAT_DON_11,3,Allogenic,1.1112764272428564,4.117593840790878,3.70528316793948,23.68,42,873.970626418205,1651.468678169401,0.9180929100471832,425.1544797968335,2.9414968365258694,-0.7919231166576806,504.7824232281101,873.970626418205
573236,2.464538416858564,FAT_008,FAT_DON_11,3,Allogenic,1.1112764272428564,4.117593840790878,3.70528316793948,24.15,42,244.11300764250257,76.14084525741276,-1.6808066808522666,5254.15315270334,2.3875909215591404,-1.5245758902710034,84.84921875390295,244.11300764250257
580050,2.455053433464095,FAT_008,FAT_DON_11,3,Allogenic,1.1112764272428564,4.117593840790878,3.70528316793948,24.15,42,211.8716670104739,72.2025256751328,-1.5530694639489924,5223.879231590808,2.326072883639925,-1.5899712426197792,70.37912245134345,211.8716670104739
585394,8.154829841226691,FAT_008,FAT_DON_11,3,Allogenic,1.1112764272428564,4.117593840790878,3.70528316793948,30.74,42,98340.69483349191,413681.08892268816,2.072658553733805,72622.74643567212,4.992733272504939,-0.30406514305799,79652.70771669853,98340.69483349191
585543,10.610833576380854,FAT_008,FAT_DON_11,3,Allogenic,1.1112764272428564,4.117593840790878,3.70528316793948,30.29,42,229364.89725625172,75557.97395923534,-1.6019886911705323,137912.54966946598,5.36052695282237,-1.1304693314923302,104766.3406553753,229364.89725625172
585544,4.687269498786981,FAT_008,FAT_DON_11,3,Allogenic,1.1112764272428564,4.117593840790878,3.70528316793948,29.11,42,17935.397203017073,6769.97136193927,-1.4055880599377168,9139.69404214552,4.253710999142364,-0.2360434080595154,15228.42024136276,17935.397203017073
592028,2.1679170097512936,FAT_008,FAT_DON_11,3,Allogenic,1.1112764272428564,4.117593840790878,3.70528316793948,21.11,42,1607.4611257968563,698.3953392576482,-1.202668012125102,466.473535021155,3.2061404789175314,-0.35848355846406016,1253.7939643892987,1607.4611257968563
622312,8.259506080192887,FAT_008,FAT_DON_11,3,Allogenic,1.1112764272428564,4.117593840790878,3.70528316793948,28.89,42,100657.4654531934,144294.77840196175,0.5195649174785127,304813.5976166208,5.002845990699007,-0.29094562352436837,82274.00351384781,100657.4654531934
626522,0.0,FAT_008,FAT_DON_11,3,Allogenic,1.1112764272428564,4.117593840790878,3.70528316793948,18.56,42,143.934556392985,203.47984508446515,0.4994728991955112,555.3030347853959,2.158165073638445,1.1368882775913212,316.5210129489812,143.934556392985
626939,6.0769077170022525,FAT_008,FAT_DON_11,3,Allogenic,1.1112764272428564,4.117593840790878,3.70528316793948,26.95,42,5545.510588708926,5532.026239909266,-0.003512299359035,2272.698837856759,3.743941538880157,-0.332789023180935,4403.135603796404,5545.510588708926
641112,3.4661658915858777,FAT_008,FAT_DON_11,3,Allogenic,1.1112764272428564,4.117593840790878,3.70528316793948,29.68,42,1039.7832353829235,8270.47112278794,2.991686714377144,11205.563844718388,3.016942810943895,-0.3371104930963578,823.1186476153601,1039.7832353829235
645463,6.793993464332938,FAT_008,FAT_DON_11,3,Allogenic,1.1112764272428564,4.117593840790878,3.70528316793948,28.02,42,8161.665085707821,9352.19623472084,0.1964416911299616,5050.20432113978,3.9117787695093833,0.4133804726379374,10869.728370302575,8161.665085707821
649757,8.207764010268301,FAT_008,FAT_DON_11,3,Allogenic,1.1112764272428564,4.117593840790878,3.70528316793948,27.82,42,16212.78843210583,51019.61741524293,1.653919839694566,141978.2781086601,4.209857715436482,-0.9715806870528394,8267.663370860813,16212.78843210583
657308,4.960635949778251,FAT_008,FAT_DON_11,3,Allogenic,1.1112764272428564,4.117593840790878,3.70528316793948,20.15,42,2824.5717346559377,111744.5670544178,5.30602873926965,5387.258129318531,3.450952608836775,-2.344520413450253,556.1368068047758,2824.5717346559377
657309,4.917231446561648,FAT_008,FAT_DON_11,3,Allogenic,1.1112764272428564,4.117593840790878,3.70528316793948,28.38,42,4068.166301891328,1820.81642020744,-1.159793182983689,12023.553474325425,3.609398698065234,0.15305604550548954,4523.485044343591,4068.166301891328
657313,9.57130559861623,FAT_008,FAT_DON_11,3,Allogenic,1.1112764272428564,4.117593840790878,3.70528316793948,30.1,42,48428.79658220931,90905.60537138038,0.9085041022899556,34147.27533909825,4.685103677301765,-0.23960103328771593,41018.19820233931,48428.79658220931
657314,9.65793075747692,FAT_008,FAT_DON_11,3,Allogenic,1.1112764272428564,4.117593840790878,3.70528316793948,30.01,42,126681.98472549624,163725.13444773704,0.3700644404162401,102810.8627652686,5.102714858840852,-0.3956476535938796,96297.06428110167,126681.98472549624
657317,11.413644496119517,FAT_008,FAT_DON_11,3,Allogenic,1.1112764272428564,4.117593840790878,3.70528316793948,31.02,42,320712.6756019469,734511.0426003495,1.1955028054666077,187407.656054418,5.506116124989845,-1.33566968262855,127068.96315417536,320712.6756019469
657319,6.4480316276523775,FAT_008,FAT_DON_11,3,Allogenic,1.1112764272428564,4.117593840790878,3.70528316793948,26.02,42,9576.82964416365,32786.51052248076,1.7754823194698977,16860.217863254235,3.981221762113776,0.45759159993727644,13151.356769758808,9576.82964416365
657321,4.463620685868276,FAT_008,FAT_DON_11,3,Allogenic,1.1112764272428564,4.117593840790878,3.70528316793948,25.04,42,11148.594999975046,114644.48304016996,3.3622331194537893,7288.5484902157905,4.04722013893526,-0.6198740635779554,7254.699904495937,11148.594999975046
657322,10.211215713084494,FAT_008,FAT_DON_11,3,Allogenic,1.1112764272428564,4.117593840790878,3.70528316793948,29.23,42,74229.92942299023,219280.3832485724,1.562703852500846,357084.9359335178,4.87057904763041,-0.8700718921515259,40612.64825280157,74229.92942299023
657323,12.4225527253302,FAT_008,FAT_DON_11,3,Allogenic,1.1112764272428564,4.117593840790878,3.70528316793948,29.77,42,568716.5221728646,479332.8763592952,-0.2466818230752453,182519.0633462804,5.75489584542163,-2.9024862586764875,76060.71778946911,568716.5221728646
658089,8.549659027085228,FAT_008,FAT_DON_11,3,Allogenic,1.1112764272428564,4.117593840790878,3.70528316793948,27.62,42,18026.363842657443,58669.146817224726,1.7024935967573551,163731.94423596223,4.255908132583323,-0.46957942276427206,13018.191055758718,18026.363842657443
658659,5.339440692683307,FAT_008,FAT_DON_11,3,Allogenic,1.1112764272428564,4.117593840790878,3.70528316793948,27.88,42,8267.600919213059,13583.26423928362,0.7162895640549568,4726.512319888596,3.91737950487269,0.33367329670934553,10418.97931778761,8267.600919213059
665943,8.013403009569004,FAT_008,FAT_DON_11,3,Allogenic,1.1112764272428564,4.117593840790878,3.70528316793948,23.67,42,21044.38362110555,22200.307485312194,0.07714440423728,653.0437110655629,4.323136210014057,-0.36363082348116615,16355.823856902916,21044.38362110555
665951,7.602872594993333,FAT_008,FAT_DON_11,3,Allogenic,1.1112764272428564,4.117593840790878,3.70528316793948,29.93,42,26604.86340367935,113655.96482501768,2.0949114993299367,13789.277600283947,4.424961033485113,0.19894071264488872,30538.531918792632,26604.86340367935
665953,4.8059204068729775,FAT_008,FAT_DON_11,3,Allogenic,1.1112764272428564,4.117593840790878,3.70528316793948,29.11,42,6649.776505355907,5705.312301529585,-0.2209999934261386,6578.819195894335,3.8228070491945703,0.38166340336643073,8663.615744123235,6649.776505355907
679935,7.851649133389067,FAT_008,FAT_DON_11,3,Allogenic,1.1112764272428564,4.117593840790878,3.70528316793948,23.83,42,33243.125144523816,86381.78894453478,1.3776711802599255,8213.165928083985,4.521701844511109,-0.6020618968199959,21900.96011763728,33243.125144523816
680646,2.2645056725711354,FAT_008,FAT_DON_11,3,Allogenic,1.1112764272428564,4.117593840790878,3.70528316793948,21.93,42,925.7870667196796,4233.6935509509685,2.1931645326024105,438.28162774140833,2.9665111093788403,-1.9974830066877474,231.85091198781726,925.7870667196796
702443,5.427417438867983,FAT_008,FAT_DON_11,3,Allogenic,1.1112764272428564,4.117593840790878,3.70528316793948,29.68,42,9831.305939866448,2836.9028724356726,-1.7930663118047707,14802.206120951718,3.9926112110983167,-0.15801576151487468,8811.37586193703,9831.305939866448
702444,4.239888081206657,FAT_008,FAT_DON_11,3,Allogenic,1.1112764272428564,4.117593840790878,3.70528316793948,28.87,42,4702.629826471606,1425.6716887853495,-1.7218259844900794,5215.4361954143615,3.6723407940452617,0.34311350530499835,5965.2445285237,4702.629826471606
702447,4.661390997264488,FAT_008,FAT_DON_11,3,Allogenic,1.1112764272428564,4.117593840790878,3.70528316793948,28.94,42,4838.504047706584,1556.9490081946817,-1.6358393735436818,5754.917550942061,3.6847111087003226,-0.1525160034023255,4353.105742540921,4838.504047706584
709991,8.039727453201385,FAT_008,FAT_DON_11,3,Allogenic,1.1112764272428564,4.117593840790878,3.70528316793948,26.74,42,3720.420413645876,35595.84515784047,3.258171293220568,68757.57712664026,3.570592018648033,-1.9680899949811876,950.9066750063618,3720.420413645876
717959,7.7634485802274495,FAT_008,FAT_DON_11,3,Allogenic,1.1112764272428564,4.117593840790878,3.70528316793948,24.46,42,26686.618231710567,70132.28234804762,1.3939621824991753,62213.63343670755,4.426293542826095,-0.8349506317306659,14960.577483719,26686.618231710567
717960,10.518003422947867,FAT_008,FAT_DON_11,3,Allogenic,1.1112764272428564,4.117593840790878,3.70528316793948,17.34,42,27955.54528087112,35136.3745399078,0.3298308526791816,11881.759263380123,4.446467967714844,-1.0395175158103458,13600.097267343364,27955.54528087112
717962,12.566289973950978,FAT_008,FAT_DON_11,3,Allogenic,1.1112764272428564,4.117593840790878,3.70528316793948,28.91,42,50017.83408478786,67930.76170155313,0.4416224450357154,32462.21922396329,4.69912488160898,-1.1464215569718978,22595.273643299763,50017.83408478786
718252,11.718490532686614,FAT_008,FAT_DON_11,3,Allogenic,1.1112764272428564,4.117593840790878,3.70528316793948,28.53,42,200222.1797542513,199906.47645014315,-0.002276586186366,297970.2936836156,5.301512185088033,-0.685765977604205,124473.25764840262,200222.1797542513
742725,4.123241265111079,FAT_008,FAT_DON_11,3,Allogenic,1.1112764272428564,4.117593840790878,3.70528316793948,28.01,42,5396.970126511366,4475.24381866414,-0.2701834167557176,971.313345696536,3.732150014150599,1.0776259422101555,11390.63004958805,5396.970126511366
742726,7.9611620978128785,FAT_008,FAT_DON_11,3,Allogenic,1.1112764272428564,4.117593840790878,3.70528316793948,24.86,42,40306.28169584038,24643.37839951987,-0.7098046480077103,33060.71176009365,4.6053727357997465,-0.8568938620693554,22254.712092293394,40306.28169584038
742727,4.857537616480414,FAT_008,FAT_DON_11,3,Allogenic,1.1112764272428564,4.117593840790878,3.70528316793948,30.68,42,4961.712027978979,4443.7372620059,-0.1590644860646629,10358.965449264986,3.695631554718757,-0.7286462816139749,2994.243860416401,4961.712027978979
742729,2.4576451746563035,FAT_008,FAT_DON_11,3,Allogenic,1.1112764272428564,4.117593840790878,3.70528316793948,24.15,42,221.08347861962497,78.76639164559941,-1.4889391265292773,5219.165123425135,2.3445562893339384,-1.5899712426197792,73.43908429705404,221.08347861962497
742733,5.573025120664885,FAT_008,FAT_DON_11,3,Allogenic,1.1112764272428564,4.117593840790878,3.70528316793948,31.17,42,10889.512798467673,12441.151560422428,0.1921806196681013,7752.927169512234,4.0370084496666765,-0.32031307292406574,8721.367893313329,10889.512798467673
742740,9.94994879213264,FAT_008,FAT_DON_11,3,Allogenic,1.1112764272428564,4.117593840790878,3.70528316793948,28.76,42,32249.400967186648,56018.65773835031,0.7966350527310808,15595.156868738506,4.508521652023643,-0.6828432580848672,20089.325197789123,32249.400967186648
742741,5.879866065538827,FAT_008,FAT_DON_11,3,Allogenic,1.1112764272428564,4.117593840790878,3.70528316793948,28.31,42,7740.224704589162,11551.091334827155,0.5775818077534708,6137.974246760215,3.888753568763848,0.24091254694556885,9146.932447674146,7740.224704589162
742743,2.4601142601517147,FAT_008,FAT_DON_11,3,Allogenic,1.1112764272428564,4.117593840790878,3.70528316793948,25.2,42,939.6047841334062,1407.292864068043,0.5827966270696373,154.92004296299675,2.97294521938425,-0.651454770640425,598.1881322571397,939.6047841334062
742817,2.8730219920219504,FAT_008,FAT_DON_11,3,Allogenic,1.1112764272428564,4.117593840790878,3.70528316793948,27.32,42,1925.2686263125672,1252.3856271650309,-0.6203808974920106,738.0840285970793,3.2844913337333863,-0.4675380803935952,1392.3497700149221,1925.2686263125672
742820,3.871162412031487,FAT_008,FAT_DON_11,3,Allogenic,1.1112764272428564,4.117593840790878,3.70528316793948,20.18,42,19.57509966944596,82.70471122787939,2.078949860832937,287.25189652167404,1.2917039820086629,-0.7715932351341586,11.466510518683219,19.57509966944596
748224,12.188465413097822,FAT_008,FAT_DON_11,3,Allogenic,1.1112764272428564,4.117593840790878,3.70528316793948,29.49,42,111918.90514538056,192665.2195115244,0.783642401195632,222926.0212631227,5.048903452988011,-1.4167472561318564,41919.880178877014,111918.90514538056
759350,2.1591679301549687,FAT_008,FAT_DON_11,3,Allogenic,1.1112764272428564,4.117593840790878,3.70528316793948,26.44,42,300.53535374855267,3808.355036064732,3.6635613622114738,933.4671139285985,2.4778955679686696,-0.8929633822940752,161.84034846791457,300.53535374855267
762966,2.6326855348184632,FAT_008,FAT_DON_11,3,Allogenic,1.1112764272428564,4.117593840790878,3.70528316793948,25.41,42,150.84341509984827,468.66003029131656,1.6354900410750102,20328.08411830151,2.178526356286153,-0.8214308933468254,85.35933401853826,150.84341509984827
762968,9.42748210638606,FAT_008,FAT_DON_11,3,Allogenic,1.1112764272428564,4.117593840790878,3.70528316793948,29.47,42,3488.9736469659565,17475.636759770325,2.32447041836414,848456.7933166024,3.542697689132694,-1.5511150858052083,1190.5990222942391,3488.9736469659565
762982,3.693710620331737,FAT_008,FAT_DON_11,3,Allogenic,1.1112764272428564,4.117593840790878,3.70528316793948,29.47,42,1048.9950469920743,3124.40020194211,1.574571392976616,70584.32660071221,3.020773437603387,-0.301171250504529,851.3572864960553,1048.9950469920743
762984,5.430131513290302,FAT_008,FAT_DON_11,3,Allogenic,1.1112764272428564,4.117593840790878,3.70528316793948,30.29,42,4991.650415708719,1052.8441016628456,-2.245225073070916,2471.2735732922806,3.698244162442618,0.175831602731686,5638.644949130969,4991.650415708719
763034,5.692506035390001,FAT_008,FAT_DON_11,3,Allogenic,1.1112764272428564,4.117593840790878,3.70528316793948,29.98,42,7603.199006903039,5314.105889689774,-0.5167795773350425,6210.142047255623,3.880996357903399,-0.011284048866563156,7543.962496621854,7603.199006903039
862962,3.954083564811763,FAT_008,FAT_DON_11,3,Allogenic,1.1112764272428564,4.117593840790878,3.70528316793948,30.19,42,2980.0210555603617,3503.791655035081,0.2335944667328196,5509.412705810583,3.474219332627052,-0.7538943860230971,1767.1544507966935,2980.0210555603617
862965,4.093891731278119,FAT_008,FAT_DON_11,3,Allogenic,1.1112764272428564,4.117593840790878,3.70528316793948,25.23,42,24.18100547402148,640.6333187175419,4.727552693367486,8568.217891100647,1.3834743553643083,-0.5084826154720684,16.99831354539498,24.18100547402148
866771,2.449268901580131,FAT_008,FAT_DON_11,3,Allogenic,1.1112764272428564,4.117593840790878,3.70528316793948,18.53,42,2277.620420362595,479.1622158440632,-2.248941278408371,564.3970826593801,3.3574813478915497,-0.12986171272215435,2081.56068699543,2277.620420362595
866776,3.6966767470478783,FAT_008,FAT_DON_11,3,Allogenic,1.1112764272428564,4.117593840790878,3.70528316793948,27.84,42,26.48395837630924,145.71782454435893,2.459986688876454,11801.624419264355,1.4229828966479818,-0.4736061999768292,19.072745964651045,26.48395837630924
868129,1.6253009615388665,FAT_008,FAT_DON_11,3,Allogenic,1.1112764272428564,4.117593840790878,3.70528316793948,19.76,42,641.3723832871411,620.941720806142,-0.0467043654172759,1571.4940933500554,2.8071102558041177,-1.1644080497598417,286.1465444270555,641.3723832871411
883156,4.503451671686906,FAT_008,FAT_DON_11,3,Allogenic,1.1112764272428564,4.117593840790878,3.70528316793948,27.18,42,3159.6513819388065,2675.431769562193,-0.2399936514236377,815.7099680527994,3.499639167665103,-1.162482636256899,1411.552464819289,3159.6513819388065
888048,5.790811644282106,FAT_008,FAT_DON_11,3,Allogenic,1.1112764272428564,4.117593840790878,3.70528316793948,23.96,42,2374.344442258681,63073.50088340783,4.7314328672814,4971.897310870196,3.3755437215778867,-2.568583874724431,400.24224778535324,2374.344442258681
888833,4.522798576387456,FAT_008,FAT_DON_11,3,Allogenic,1.1112764272428564,4.117593840790878,3.70528316793948,23.16,42,1443.9514697344257,14734.566330503463,3.351110439401221,1338.7800846493085,3.1595525971250864,-2.172616182768912,320.28010118967336,1443.9514697344257
889204,1.7497475860800475,FAT_008,FAT_DON_11,3,Allogenic,1.1112764272428564,4.117593840790878,3.70528316793948,21.06,42,168.11556186700648,1341.6542043633767,2.996487700640965,969.506076353878,2.225607916414826,-1.193266437328085,73.51888738968408,168.11556186700648
890402,1.9162367882784133,FAT_008,FAT_DON_11,3,Allogenic,1.1112764272428564,4.117593840790878,3.70528316793948,25.09,42,617.1913778131197,8726.003421138323,3.82153122668328,2042.1151634260127,2.790419850323159,-0.5873140495652285,410.79079610240404,617.1913778131197
903814,3.0999618421842645,FAT_008,FAT_DON_11,3,Allogenic,1.1112764272428564,4.117593840790878,3.70528316793948,28.07,42,2277.620420362595,3800.478396900173,0.7386537007008488,787.8114486190489,3.3574813478915497,0.0009953466245479481,2279.1923423189246,2277.620420362595
904306,3.4338803480657867,FAT_008,FAT_DON_11,3,Allogenic,1.1112764272428564,4.117593840790878,3.70528316793948,25.52,42,436.4095749835305,5961.303074377784,3.771873061836603,5642.349505660542,2.6398942705984614,-1.106470244212417,202.68123306902118,436.4095749835305
927666,4.030291808524113,FAT_008,FAT_DON_11,3,Allogenic,1.1112764272428564,4.117593840790878,3.70528316793948,23.14,42,70.24006351977668,556.6158342955692,2.9863158955836737,540.9289764801246,1.846584895641156,-1.4875341965838982,25.049120554321192,70.24006351977668
997884,2.0692592952466966,FAT_008,FAT_DON_11,3,Allogenic,1.1112764272428564,4.117593840790878,3.70528316793948,29.11,42,2213.137739098537,1877.2656675534529,-0.2374604105246378,2430.40049081263,3.3450084439629157,0.6198157949185444,3400.882207436747,2213.137739098537
999410,7.613441094273227,FAT_008,FAT_DON_11,3,Allogenic,1.1112764272428564,4.117593840790878,3.70528316793948,31.57,42,26827.09835875012,40289.0093267241,0.586695311307574,8886.565091102228,4.42857370156008,-0.7330035958822586,16140.524087021764,26827.09835875012
999412,4.3468797822669005,FAT_008,FAT_DON_11,3,Allogenic,1.1112764272428564,4.117593840790878,3.70528316793948,30.37,42,6127.006196536586,8831.025276665789,0.5273986332317575,3733.454194396773,3.787248319555111,-0.20704418317735823,5307.88872850882,6127.006196536586
999413,5.975435331348417,FAT_008,FAT_DON_11,3,Allogenic,1.1112764272428564,4.117593840790878,3.70528316793948,27.68,42,7361.388952162825,16831.065121470503,1.193076571911381,4059.304361351766,3.866959765064253,-0.06838825971312654,7020.577656191044,7361.388952162825
1002367,4.35355901629012,FAT_008,FAT_DON_11,3,Allogenic,1.1112764272428564,4.117593840790878,3.70528316793948,19.59,42,4645.056003914412,1979.661976692732,-1.2304418767609366,2621.049418690854,3.666990954507136,-0.01687098436331441,4591.052743998268,4645.056003914412
1035839,3.7132372176755055,FAT_008,FAT_DON_11,3,Allogenic,1.1112764272428564,4.117593840790878,3.70528316793948,26.73,42,3.45442935343164,36.75764943461306,3.4115251999198084,405.3579451729556,0.5383763153500514,-0.2511347470812768,2.9025333838070337,3.45442935343164
1042156,5.893207813236455,FAT_008,FAT_DON_11,3,Allogenic,1.1112764272428564,4.117593840790878,3.70528316793948,29.17,42,5216.188323681777,15075.88736096773,1.531175058856945,3283.7655858574917,3.7173532626432206,-0.24200553449642798,4410.647371998753,5216.188323681777
1042403,2.458468335319196,FAT_008,FAT_DON_11,3,Allogenic,1.1112764272428564,4.117593840790878,3.70528316793948,24.15,42,214.1746199127617,69.57697928694616,-1.6221055779614717,5233.014227717352,2.3307680048483053,-1.5899712426197792,71.14411291277109,214.1746199127617
1064535,2.556654966366409,FAT_008,FAT_DON_11,3,Allogenic,1.1112764272428564,4.117593840790878,3.70528316793948,28.96,42,1105.4173930981249,191.66488633762523,-2.527933258145141,127.81499127212054,3.043526293669957,0.2625539519352493,1326.0591869633774,1105.4173930981249
1077285,4.098012542751246,FAT_008,FAT_DON_11,3,Allogenic,1.1112764272428564,4.117593840790878,3.70528316793948,29.25,42,3495.88250567282,1823.4419665956264,-0.9389924128507132,7314.487538091893,3.543556827853832,-0.028617914598363114,3427.219949524375,3495.88250567282
1121100,5.374326754553391,FAT_008,FAT_DON_11,3,Allogenic,1.1112764272428564,4.117593840790878,3.70528316793948,30.12,42,6855.890790110661,4727.2962719300585,-0.536328843464395,6820.666624733963,3.836063890941095,0.7272909188274833,11350.115293616294,6855.890790110661
1121101,5.633582549098584,FAT_008,FAT_DON_11,3,Allogenic,1.1112764272428564,4.117593840790878,3.70528316793948,28.91,42,2951.2341442817647,16828.439575082317,2.511511117694051,119016.79901234228,3.470003666814633,-0.42441019581109224,2199.092348196253,2951.2341442817647
1121114,4.992508982238049,FAT_008,FAT_DON_11,3,Allogenic,1.1112764272428564,4.117593840790878,3.70528316793948,30.63,42,5114.858395981115,8991.183606345174,0.8138167459822379,4910.213764952458,3.708833614842844,-0.6319254306412729,3300.692795197178,5114.858395981115
1121115,12.693604353100616,FAT_008,FAT_DON_11,3,Allogenic,1.1112764272428564,4.117593840790878,3.70528316793948,29.66,42,405590.30776866456,350971.22621404415,-0.2086704187894323,127202.36010563617,5.608087568285636,-3.046013771420509,49107.29992291896,405590.30776866456
1121130,5.120498616671728,FAT_008,FAT_DON_11,3,Allogenic,1.1112764272428564,4.117593840790878,3.70528316793948,22.85,42,3219.5281573982884,10542.881521763482,1.7113480575698583,9047.186374688084,3.5077922277040328,-2.239526954448168,681.7535974966847,3219.5281573982884
1121315,3.961596739956661,FAT_008,FAT_DON_11,3,Allogenic,1.1112764272428564,4.117593840790878,3.70528316793948,27.76,42,44.90758159461132,208.73093786083845,2.216613515005468,745.0741279059262,1.652319667656888,-0.9031274108609267,24.013265746540846,44.90758159461132
1121333,8.085999854431767,FAT_008,FAT_DON_11,3,Allogenic,1.1112764272428564,4.117593840790878,3.70528316793948,27.95,42,10099.599952982971,8656.426441851376,-0.2224546711257166,4339.8274648205,4.004304171638796,-0.5775689769915089,6767.660824512567,10099.599952982971
1121344,0.0,FAT_008,FAT_DON_11,3,Allogenic,1.1112764272428564,4.117593840790878,3.70528316793948,25.19,42,589.5559429856665,2800.1452230010595,2.247801028923932,613.1462892648591,2.77052502160622,-0.31754497107421964,473.0798607884184,589.5559429856665
1121864,2.1218734761850744,FAT_008,FAT_DON_11,3,Allogenic,1.1112764272428564,4.117593840790878,3.70528316793948,26.71,42,780.7010338755507,836.2365246374471,0.099140877703317,392.3154386523347,2.892484754497452,-0.9577196266553671,401.95961301501575,780.7010338755507
1122975,0.0,FAT_008,FAT_DON_11,3,Allogenic,1.1112764272428564,4.117593840790878,3.70528316793948,18.97,42,718.521305513781,746.9679474391012,0.0560154020276943,776.042060811818,2.856439650312813,1.2906027921252416,1757.7204407864735,718.521305513781
1122981,1.7275889517066068,FAT_008,FAT_DON_11,3,Allogenic,1.1112764272428564,4.117593840790878,3.70528316793948,19.75,42,1419.770464260404,1151.302091219845,-0.3023912733747451,923.0496992035067,3.1522181372261207,-0.21608036481871074,1222.2821401403642,1419.770464260404
1123075,3.3420560176214544,FAT_008,FAT_DON_11,3,Allogenic,1.1112764272428564,4.117593840790878,3.70528316793948,29.66,42,1686.9130009257842,4048.59253058381,1.2630348791887849,1633.5156791520974,3.227092685320517,-0.3889715539094927,1288.2512725474128,1686.9130009257842
1123263,4.082122761678117,FAT_008,FAT_DON_11,3,Allogenic,1.1112764272428564,4.117593840790878,3.70528316793948,14.87,42,1542.9784445327991,2184.4545949712906,0.5015552113793181,1305.1184748040766,3.1883598589951965,-0.9168970166930386,817.2338634224066,1542.9784445327991
1123313,4.658804191514502,FAT_008,FAT_DON_11,3,Allogenic,1.1112764272428564,4.117593840790878,3.70528316793948,26.01,42,2555.12624508827,6675.45169196455,1.3854708851312114,1455.5590859509618,3.4074123628623973,-1.612252554340266,835.7492266966287,2555.12624508827
1130798,3.2571154603535555,FAT_008,FAT_DON_11,3,Allogenic,1.1112764272428564,4.117593840790878,3.70528316793948,22.12,42,1191.778126933916,1814.2525542369733,0.6062596265849315,42.19507796486096,3.0761954104233253,-2.4997386470251395,210.71676797198296,1191.778126933916
1150460,4.478660736303471,FAT_008,FAT_DON_11,3,Allogenic,1.1112764272428564,4.117593840790878,3.70528316793948,25.62,42,4077.3781135004792,229.73530896633164,-4.149597237975227,95.23776639352415,3.6103809873885,-1.6467318996423486,1302.1628193505874,4077.3781135004792
1156431,2.355416251995232,FAT_008,FAT_DON_11,3,Allogenic,1.1112764272428564,4.117593840790878,3.70528316793948,21.31,42,569.9808433162206,5306.229250525214,3.218701669996124,595.5078060885379,2.7558602595639576,-2.2628894355867892,118.75794190171808,569.9808433162206
1156433,2.232409597443952,FAT_008,FAT_DON_11,3,Allogenic,1.1112764272428564,4.117593840790878,3.70528316793948,24.16,42,497.43782689415616,4959.657127284577,3.317652262808262,550.4504590589819,2.696738807445301,-1.4253001090031836,185.21694722404817,497.43782689415616
1160721,15.132201153471357,FAT_008,FAT_DON_11,3,Allogenic,1.1112764272428564,4.117593840790878,3.70528316793948,26.89,42,311072.5147529703,286428.7321264459,-0.1190747102463888,936736.78252279,5.492861640107595,-2.434348822739323,57550.56935989265,311072.5147529703
1203465,6.7966898847713,FAT_008,FAT_DON_11,3,Allogenic,1.1112764272428564,4.117593840790878,3.70528316793948,30.79,42,17952.66934978423,8375.492978315406,-1.099952357153466,49986.84830535876,4.25412903217291,-1.4786736269425589,6441.750749539557,17952.66934978423
1203606,7.387262853181958,FAT_008,FAT_DON_11,3,Allogenic,1.1112764272428564,4.117593840790878,3.70528316793948,29.5,42,15722.259463918535,26296.159850883367,0.7420435676572672,5800.1769542158,4.196514959146048,-1.0774544115981053,7450.215967466436,15722.259463918535
1203610,4.3399994736933465,FAT_008,FAT_DON_11,3,Allogenic,1.1112764272428564,4.117593840790878,3.70528316793948,30.83,42,5318.669727833581,1507.0636268191354,-1.8193251255899885,3438.698497449092,3.725803022876936,-0.5580130205029206,3612.6373340035466,5318.669727833581
1203611,12.186118608258374,FAT_008,FAT_DON_11,3,Allogenic,1.1112764272428564,4.117593840790878,3.70528316793948,24.03,42,544713.9955487704,714191.9391021731,0.3908129153139052,5860.459821674169,5.736168533913699,-3.165678869834167,60702.17290828473,544713.9955487704
1211844,3.0676802313360483,FAT_008,FAT_DON_11,3,Allogenic,1.1112764272428564,4.117593840790878,3.70528316793948,26.51,42,2254.590891339717,1686.9135544099208,-0.418479626939094,626.5713707497102,3.353067748097508,-1.1710341416978134,1001.2703261105672,2254.590891339717
1233170,4.734990819600442,FAT_008,FAT_DON_11,3,Allogenic,1.1112764272428564,4.117593840790878,3.70528316793948,21.7,42,34.5442935343164,59.07479373419957,0.7740952793045168,698.951571148532,1.5383763153500514,-1.3129338305618614,13.904130972144788,34.5442935343164
1235789,1.7242414371992971,FAT_008,FAT_DON_11,3,Allogenic,1.1112764272428564,4.117593840790878,3.70528316793948,30.99,42,1504.9797216450513,5231.401178461895,1.7974533616657615,9152.908886458485,3.1775306482109333,-0.3130724462656256,1211.3968807887288,1504.9797216450513
1235811,0.0,FAT_008,FAT_DON_11,3,Allogenic,1.1112764272428564,4.117593840790878,3.70528316793948,17.8,42,181.93327928073305,565.8052466542225,1.636896089495356,867.8948767604192,2.2599121475848114,1.1772343216040317,411.42908543010515,181.93327928073305
1256908,6.847711399093992,FAT_008,FAT_DON_11,3,Allogenic,1.1112764272428564,4.117593840790878,3.70528316793948,29.47,42,22119.862626473936,46564.06519449019,1.0738745898530222,60158.824628038994,4.344782425492083,0.36086274576534394,28406.18664495968,22119.862626473936
1282887,2.408054978320249,FAT_008,FAT_DON_11,3,Allogenic,1.1112764272428564,4.117593840790878,3.70528316793948,29.51,42,320.1104534179986,543.488102354636,0.7636786633591787,3810.69335639527,2.505299856548465,0.3888623164423848,419.13997000838316,320.1104534179986
1292036,5.610218403932796,FAT_008,FAT_DON_11,3,Allogenic,1.1112764272428564,4.117593840790878,3.70528316793948,18.75,42,42.60462869232356,126.02622663295908,1.5646419136755672,765.1547700525003,1.6294567846973838,-1.1976749956101524,18.57465200219627,42.60462869232356
1322347,1.9264943628752305,FAT_008,FAT_DON_11,3,Allogenic,1.1112764272428564,4.117593840790878,3.70528316793948,25.09,42,191.14509088988407,9052.88394646756,5.565637406325534,2137.634983626727,2.281363148670444,-0.6788120941135055,119.40440447395858,191.14509088988407
1384484,8.655551300570515,FAT_008,FAT_DON_11,3,Allogenic,1.1112764272428564,4.117593840790878,3.70528316793948,25.0,42,119790.39816540013,85924.94387299032,-0.4793633637875868,3784.148030704349,5.078422008446421,-0.7016119774352885,73657.2936764401,119790.39816540013
1408437,9.042500503827338,FAT_008,FAT_DON_11,3,Allogenic,1.1112764272428564,4.117593840790878,3.70528316793948,26.48,42,13535.60568319631,31093.03310210037,1.1998319115117324,5846.360628063958,4.131477694091347,-0.4814430225513045,9695.024325693967,13535.60568319631
1410645,2.19774109025012,FAT_008,FAT_DON_11,3,Allogenic,1.1112764272428564,4.117593840790878,3.70528316793948,25.07,42,778.3980809732628,1533.319090701002,0.9780779011811936,189.21066053611344,2.8912017565720247,-0.13348357782929354,709.6091318317206,778.3980809732628
1437612,3.8839862923186703,FAT_008,FAT_DON_11,3,Allogenic,1.1112764272428564,4.117593840790878,3.70528316793948,25.15,42,3863.203493587717,544.8008755487293,-2.825996746269898,117.22960074490788,3.5869475851354,-0.8636157411538913,2123.114137909897,3863.203493587717
1899017,0.0,FAT_008,FAT_DON_11,3,Allogenic,1.1112764272428564,4.117593840790878,3.70528316793948,21.4,42,9.21181160915104,2.625546388186647,-1.8108672214166397,867.7985072762507,0.9643450476223324,1.8704356648685578,33.68234250208811,9.21181160915104
818,6.7503501273141255,FAT_020,FAT_DON_19,1,Allogenic,1.5296409503708683,4.082450931084729,2.6688948998749806,29.11,42,1661.4327508603449,1893.9694526274984,0.1889851632869789,36784.8928105449,3.2204827672088703,2.736232550758889,11070.59186486489,1661.4327508603449
904,7.438221651788292,FAT_020,FAT_DON_19,1,Allogenic,1.5296409503708683,4.082450931084729,2.6688948998749806,23.81,42,527.7874964798648,28018.607069062444,5.730284251486022,26047.79456226045,2.722459097376792,2.35197266088107,2694.470401554464,527.7874964798648
205913,5.08809734592729,FAT_020,FAT_DON_19,1,Allogenic,1.5296409503708683,4.082450931084729,2.6688948998749806,24.89,42,5226.641355741281,21353.291495392597,2.0305023984466244,3922.165700251794,3.718222700486823,0.09775672729300655,5593.071969259408,5226.641355741281
206672,5.276918427071724,FAT_020,FAT_DON_19,1,Allogenic,1.5296409503708683,4.082450931084729,2.6688948998749806,25.09,42,4994.870267148428,20945.35961328821,2.068111542029222,3913.344220303131,3.698524212683473,-0.0013229262075497383,4990.292157513953,4994.870267148428
213810,2.834168557381383,FAT_020,FAT_DON_19,1,Allogenic,1.5296409503708683,4.082450931084729,2.6688948998749806,22.4,42,498.5111484470834,1034.398701050403,1.0530946948056523,2051.3333757545283,2.697674875094838,1.1269400232037377,1088.7235706043193,498.5111484470834
226186,7.931575096244151,FAT_020,FAT_DON_19,1,Allogenic,1.5296409503708683,4.082450931084729,2.6688948998749806,29.11,42,2773.1207442162386,1070.821190524009,-1.3727928400834184,29046.419169425277,3.442968779568921,2.264279998706185,13322.476957554893,2773.1207442162386
246198,0.0,FAT_020,FAT_DON_19,1,Allogenic,1.5296409503708683,4.082450931084729,2.6688948998749806,18.6,42,1480.08203943506,373.9375585956856,-1.9848078561205615,6.107178425997604,3.1702857885614977,0.37236771191835594,1915.9300067128468,1480.08203943506
264199,7.73309649546357,FAT_020,FAT_DON_19,1,Allogenic,1.5296409503708683,4.082450931084729,2.6688948998749806,24.34,42,234.21078426225128,174.82794947330757,-0.4218716617294043,6135.678591985593,2.369606888335654,2.4251503887604597,1257.910954968011,234.21078426225128
272559,4.193650793511077,FAT_020,FAT_DON_19,1,Allogenic,1.5296409503708683,4.082450931084729,2.6688948998749806,30.39,42,1043.3765146127373,2216.915525960136,1.0872939331651352,2784.194786874241,3.018441056951352,1.887890349522739,3861.4701383098754,1043.3765146127373
272623,5.754630640334567,FAT_020,FAT_DON_19,1,Allogenic,1.5296409503708683,4.082450931084729,2.6688948998749806,26.74,42,54.4865366165654,26.709825613977543,-1.0285292335498797,1845.725035412609,1.7362892032772492,2.9086959038353424,409.1607053325573,54.4865366165654
295405,4.81374968276914,FAT_020,FAT_DON_19,1,Allogenic,1.5296409503708683,4.082450931084729,2.6688948998749806,30.39,42,616.4297724680085,1862.403295083707,1.5951570676024374,3831.9151746231632,2.7898836062084764,2.200289235435254,2832.935360096942,616.4297724680085
347253,8.399835719270202,FAT_020,FAT_DON_19,1,Allogenic,1.5296409503708683,4.082450931084729,2.6688948998749806,25.68,42,36.59543504097676,2474.301118240284,6.079213578106734,2803.8734729135663,1.5634269143517665,2.9088757097259275,274.84368112305475,36.59543504097676
349741,4.128959225611949,FAT_020,FAT_DON_19,1,Allogenic,1.5296409503708683,4.082450931084729,2.6688948998749806,28.37,42,76265.69985728536,3943.341527009048,-4.27354378689467,1970.5829054552269,4.882329259947119,-0.646665559734628,48715.0922511065,76265.69985728536
354242,4.388812676904097,FAT_020,FAT_DON_19,1,Allogenic,1.5296409503708683,4.082450931084729,2.6688948998749806,25.28,42,130.93033425771685,301.09257964847416,1.201407770542854,783.0759892890261,2.1170402766082725,2.913894238515681,986.7561608128453,130.93033425771685
367928,12.867602879224783,FAT_020,FAT_DON_19,1,Allogenic,1.5296409503708683,4.082450931084729,2.6688948998749806,25.27,42,41041.373782510535,105010.89348433516,1.3553880677290862,64243.44558921079,4.613221889535,0.2744259594215504,49640.06424631753,41041.373782510535
391904,3.647548014630626,FAT_020,FAT_DON_19,1,Allogenic,1.5296409503708683,4.082450931084729,2.6688948998749806,26.99,42,956.3607024041928,4118.169476482355,2.1063764479974303,1904.7610935305856,2.9806217223165428,2.217338279045902,4447.408838697208,956.3607024041928
411459,8.953509438544241,FAT_020,FAT_DON_19,1,Allogenic,1.5296409503708683,4.082450931084729,2.6688948998749806,29.69,42,7351.616283787331,26459.72451959212,1.847664668837126,143087.79764422053,3.866382831051786,0.48707662046933203,10304.039242228202,7351.616283787331
411460,5.975812474281382,FAT_020,FAT_DON_19,1,Allogenic,1.5296409503708683,4.082450931084729,2.6688948998749806,29.93,42,5636.510228200221,27040.0561852049,2.262224031011003,6460.037623944131,3.7510102994235166,0.6126638248698736,8618.6746760545,5636.510228200221
411461,12.635599393962158,FAT_020,FAT_DON_19,1,Allogenic,1.5296409503708683,4.082450931084729,2.6688948998749806,31.07,42,22367.9431289348,88188.55967945913,1.979158915589582,31119.46695736112,4.349626049862208,0.20881204880524026,25851.44002653412,22367.9431289348
411462,14.052543835027349,FAT_020,FAT_DON_19,1,Allogenic,1.5296409503708683,4.082450931084729,2.6688948998749806,28.31,42,9199.27913741176,85629.2727524471,3.2185113527227367,86468.82503217741,3.963753797029247,-0.4214187885893572,6869.009245532598,9199.27913741176
411463,8.670332516614316,FAT_020,FAT_DON_19,1,Allogenic,1.5296409503708683,4.082450931084729,2.6688948998749806,26.73,42,5461.665371893331,12723.589656112938,1.220092919758378,43981.18472251207,3.737325088042434,0.9140361661517615,10291.46949704806,5461.665371893331
411464,0.0,FAT_020,FAT_DON_19,1,Allogenic,1.5296409503708683,4.082450931084729,2.6688948998749806,28.1,42,50942.47204081925,5798.460324198034,-3.13512719496771,53.60745507264563,4.707080015767717,0.27683793608910484,61718.66712359275,50942.47204081925
411467,5.903761954904237,FAT_020,FAT_DON_19,1,Allogenic,1.5296409503708683,4.082450931084729,2.6688948998749806,27.37,42,13010.897004901935,14165.920239267729,0.1227038957646232,16662.418472263464,4.114307238978962,0.910610651598449,24458.417806484158,13010.897004901935
411468,4.674264674903188,FAT_020,FAT_DON_19,1,Allogenic,1.5296409503708683,4.082450931084729,2.6688948998749806,27.59,42,1616.704996921373,2416.025135082514,0.5795790121393207,2619.3009693723056,3.208630780637717,1.7498315209851436,5437.290737745382,1616.704996921373
411469,15.553278425207438,FAT_020,FAT_DON_19,1,Allogenic,1.5296409503708683,4.082450931084729,2.6688948998749806,29.85,42,5715.39372151077,31138.800333968,2.445788572416768,135858.93411398138,3.75704615339968,-0.7168120777329396,3477.476603595103,5715.39372151077
411470,6.885737385088085,FAT_020,FAT_DON_19,1,Allogenic,1.5296409503708683,4.082450931084729,2.6688948998749806,31.06,42,5335.614428974412,30558.468668355217,2.517845928549688,10884.34910588906,3.7271844383337225,-0.1614532155763595,4770.700771602739,5335.614428974412
411471,11.538517774491584,FAT_020,FAT_DON_19,1,Allogenic,1.5296409503708683,4.082450931084729,2.6688948998749806,28.72,42,63582.53530397263,46246.84896761967,-0.4592754731144329,50397.793522093554,4.803337841077541,0.6643096433525391,100766.2206429986,63582.53530397263
411473,8.544451004054656,FAT_020,FAT_DON_19,1,Allogenic,1.5296409503708683,4.082450931084729,2.6688948998749806,29.04,42,3474.126633223394,17982.997136101607,2.371911240754672,11719.6753994894,3.540845644596923,1.8249594002632432,12308.727723750158,3474.126633223394
411474,4.328089788472415,FAT_020,FAT_DON_19,1,Allogenic,1.5296409503708683,4.082450931084729,2.6688948998749806,27.02,42,21705.972370638014,943119.0860976172,5.441275991029573,8120.511580434813,4.336579245864351,1.2290777537361137,50882.50884229635,21705.972370638014
411475,10.32107826802842,FAT_020,FAT_DON_19,1,Allogenic,1.5296409503708683,4.082450931084729,2.6688948998749806,28.82,42,10136.122274460764,12653.172843130636,0.3199933596404752,29967.924536370243,4.005871840904912,0.6532870666057278,15941.560941660093,10136.122274460764
411476,10.094436621874134,FAT_020,FAT_DON_19,1,Allogenic,1.5296409503708683,4.082450931084729,2.6688948998749806,29.68,42,952.2945429551952,410.3600480692914,-1.2145175859484352,49123.428957202064,2.978771295648786,2.3664950731997876,4910.857104539544,952.2945429551952
411477,5.154547277669392,FAT_020,FAT_DON_19,1,Allogenic,1.5296409503708683,4.082450931084729,2.6688948998749806,29.89,42,3555.449822203342,2088.222729820063,-0.7677564978118485,2978.267345744832,3.550894553854088,0.1628477178866751,3980.307286700983,3555.449822203342
411479,13.562825074764245,FAT_020,FAT_DON_19,1,Allogenic,1.5296409503708683,4.082450931084729,2.6688948998749806,30.29,42,3258.6201824265304,3037.6356220987186,-0.1013123819943824,101803.27148447672,3.5130337430091227,0.37278365026380267,4219.420452115786,3258.6201824265304
411483,12.438788827525247,FAT_020,FAT_DON_19,1,Allogenic,1.5296409503708683,4.082450931084729,2.6688948998749806,28.13,42,180657.02462328583,517840.386339937,1.519254132063514,281455.42494052555,5.256854853232119,0.22236196221880344,210762.07893386783,180657.02462328583
411484,9.436095420187574,FAT_020,FAT_DON_19,1,Allogenic,1.5296409503708683,4.082450931084729,2.6688948998749806,27.82,42,3760.384258432812,16645.077689437825,2.1461436064365054,27753.733069255777,3.575232225988896,1.7599489913080233,12735.900668811557,3760.384258432812
411485,11.873903275079249,FAT_020,FAT_DON_19,1,Allogenic,1.5296409503708683,4.082450931084729,2.6688948998749806,29.4,42,801947.4840966259,923601.4880716944,0.2037627333106516,125602.26723520872,5.904145929239517,-0.6327564486372829,517210.4109758942,801947.4840966259
411486,11.623102907931536,FAT_020,FAT_DON_19,1,Allogenic,1.5296409503708683,4.082450931084729,2.6688948998749806,26.21,42,50970.12192507243,68314.02125669493,0.422529913619159,55441.64432658692,4.707315672461041,0.8506429225714597,91914.64364189215,50970.12192507243
411487,9.400569167755808,FAT_020,FAT_DON_19,1,Allogenic,1.5296409503708683,4.082450931084729,2.6688948998749806,31.0,42,6484.711089261082,16428.970918561095,1.3411279100672533,28605.34517199211,3.8118906319027994,0.1070316006233708,6984.098473882551,6484.711089261082
411489,7.923823559485539,FAT_020,FAT_DON_19,1,Allogenic,1.5296409503708683,4.082450931084729,2.6688948998749806,27.23,42,10200.367593754923,38428.15456061896,1.913542551391466,15739.555954557158,4.0086158228465,0.5367542460960161,14797.724968051743,10200.367593754923
411490,6.108174540945088,FAT_020,FAT_DON_19,1,Allogenic,1.5296409503708683,4.082450931084729,2.6688948998749806,30.71,42,763.624744521715,1872.115958943335,1.2937340405318556,4760.206295374799,2.882879992842534,2.1900922971104793,3484.6845315998416,763.624744521715
411901,11.758317947870626,FAT_020,FAT_DON_19,1,Allogenic,1.5296409503708683,4.082450931084729,2.6688948998749806,29.11,42,1069.3999350863207,2539.861599292774,1.2479483903378723,99593.83004502692,3.0291401534021998,2.157569148109684,4771.261115257759,1069.3999350863207
411902,6.790311691680593,FAT_020,FAT_DON_19,1,Allogenic,1.5296409503708683,4.082450931084729,2.6688948998749806,31.82,42,3309.853791483898,4751.920793323096,0.5217432997437901,10688.240820876472,3.519808809801643,1.0207452701872002,6715.5835103767895,3309.853791483898
411903,13.011706939499035,FAT_020,FAT_DON_19,1,Allogenic,1.5296409503708683,4.082450931084729,2.6688948998749806,26.62,42,176246.05485301343,197805.68399922297,0.1664929187859979,106551.26342299952,5.246119404388301,0.528318563299725,254190.39687716425,176246.05485301343
428125,5.348543181610078,FAT_020,FAT_DON_19,1,Allogenic,1.5296409503708683,4.082450931084729,2.6688948998749806,26.43,42,12283.8676954212,21528.1194448659,0.8094574218205571,5814.712436930385,4.089335130185722,1.1560485721469669,27374.13639472526,12283.8676954212
428126,3.1082684343153404,FAT_020,FAT_DON_19,1,Allogenic,1.5296409503708683,4.082450931084729,2.6688948998749806,27.15,42,177.28455197628742,599.7569933320412,1.758311245078347,1622.4737351733634,2.248670894181028,2.4169928813371357,946.8000032979799,177.28455197628742
428127,7.339646065394445,FAT_020,FAT_DON_19,1,Allogenic,1.5296409503708683,4.082450931084729,2.6688948998749806,17.97,42,5852.016678997084,9477.131761032211,0.6955166144580649,9056.26703037378,3.7673055552499366,-0.16754501149399537,5210.3809961741135,5852.016678997084
428128,5.697455573907922,FAT_020,FAT_DON_19,1,Allogenic,1.5296409503708683,4.082450931084729,2.6688948998749806,26.14,42,735.9748602685326,828.0045940333038,0.1699822853242005,4614.991163912189,2.8668629797816263,2.982542052049853,5816.980404134845,735.9748602685326
435590,16.93033721461943,FAT_020,FAT_DON_19,1,Allogenic,1.5296409503708683,4.082450931084729,2.6688948998749806,30.99,42,6369.232160909555,8549.57236243772,0.4247328005300317,186479.3003609335,3.804087079371505,-0.9872164652458237,3212.9599431641373,6369.232160909555
435591,11.533295372526457,FAT_020,FAT_DON_19,1,Allogenic,1.5296409503708683,4.082450931084729,2.6688948998749806,30.59,42,2982.1213398947066,2202.3465301706938,-0.4372974719125479,37937.113806916444,3.4745253105370257,1.1984959969817472,6843.977219655639,2982.1213398947066
445970,14.384404692076725,FAT_020,FAT_DON_19,1,Allogenic,1.5296409503708683,4.082450931084729,2.6688948998749806,17.81,42,56850.6017202125,38962.35107289851,-0.5450948836242786,87351.65160242439,4.754735065723577,-1.6616482978809406,17969.21420588601,56850.6017202125
445972,6.794732247357933,FAT_020,FAT_DON_19,1,Allogenic,1.5296409503708683,4.082450931084729,2.6688948998749806,25.15,42,6977.529614479569,8552.000528402628,0.2935455997148959,9038.624070476451,3.843701688425128,0.14210858539486423,7699.821109069802,6977.529614479569
445973,8.051912552595569,FAT_020,FAT_DON_19,1,Allogenic,1.5296409503708683,4.082450931084729,2.6688948998749806,29.52,42,461.91571340610665,1629.29936245263,1.818550174966097,5659.31867475778,2.664562736287442,2.809991395877522,3239.3243379612686,461.91571340610665
445975,2.117223105997773,FAT_020,FAT_DON_19,1,Allogenic,1.5296409503708683,4.082450931084729,2.6688948998749806,20.24,42,1077.5322539843155,980.979049822448,-0.1354368233155334,784.4331400503589,3.0324302788492496,0.5585994240461407,1587.0311863412828,1077.5322539843155
449673,6.028334198304239,FAT_020,FAT_DON_19,1,Allogenic,1.5296409503708683,4.082450931084729,2.6688948998749806,29.11,42,1933.865433943172,1566.1670473650468,-0.304249311164444,6196.750376245569,3.286426250859096,2.4552106251408956,10605.186118862623,1933.865433943172
451640,2.508803311911616,FAT_020,FAT_DON_19,1,Allogenic,1.5296409503708683,4.082450931084729,2.6688948998749806,25.98,42,154.5140590619019,1231.080144207874,2.994114666942988,889.6123240536509,2.188968001529252,2.011161150757563,622.856260501993,154.5140590619019
457387,6.582911498291762,FAT_020,FAT_DON_19,1,Allogenic,1.5296409503708683,4.082450931084729,2.6688948998749806,29.03,42,1932.238970163573,1282.071629470922,-0.5917966631717169,34029.19818965865,3.2860608368855786,2.661362195617082,12223.925294704202,1932.238970163573
457388,9.424511178213956,FAT_020,FAT_DON_19,1,Allogenic,1.5296409503708683,4.082450931084729,2.6688948998749806,30.59,42,3458.6752273172037,3926.3443652546985,0.1829671621184937,65802.81181398219,3.538909783290446,1.2681882064921854,8330.526947842207,3458.6752273172037
457390,7.811856906674025,FAT_020,FAT_DON_19,1,Allogenic,1.5296409503708683,4.082450931084729,2.6688948998749806,29.68,42,498.5111484470834,254.95742631524016,-0.9673694077540632,62997.58119030728,2.697674875094838,2.8704530907174957,3645.5860736475374,498.5111484470834
457391,10.253731410759524,FAT_020,FAT_DON_19,1,Allogenic,1.5296409503708683,4.082450931084729,2.6688948998749806,30.88,42,4049.894811201428,7605.015802088879,0.9090668086061934,257748.71544156416,3.60744374333614,0.037931077834553545,4157.786028418629,4049.894811201428
457392,2.859543068502808,FAT_020,FAT_DON_19,1,Allogenic,1.5296409503708683,4.082450931084729,2.6688948998749806,30.19,42,185.41687087428224,1403.4799277162745,2.920164006606533,1744.6173036933155,2.2681492475768765,2.0136056691291717,748.6950355634111,185.41687087428224
457393,10.637311981323668,FAT_020,FAT_DON_19,1,Allogenic,1.5296409503708683,4.082450931084729,2.6688948998749806,29.75,42,5337.24089275401,4849.047431919377,-0.1383927620486028,241952.15915503103,3.727316804833346,0.16098772301738024,5967.314650996181,5337.24089275401
457394,10.282309842168187,FAT_020,FAT_DON_19,1,Allogenic,1.5296409503708683,4.082450931084729,2.6688948998749806,30.99,42,7171.078804251845,8598.135681735861,0.2618337050457642,132020.23318555154,3.855584495066727,-0.2218985603267564,6148.743442664557,7171.078804251845
457395,9.49523564303796,FAT_020,FAT_DON_19,1,Allogenic,1.5296409503708683,4.082450931084729,2.6688948998749806,30.99,42,3730.2946785102313,3904.490871570536,0.0658448373675632,223720.19582728625,3.571743140708405,1.0528671566305958,7739.051492777274,3730.2946785102313
457412,9.680893797386233,FAT_020,FAT_DON_19,1,Allogenic,1.5296409503708683,4.082450931084729,2.6688948998749806,30.36,42,17811.404850388288,135622.78180391833,2.928726324909709,149571.58540648798,4.250698175202141,-0.19115202564449785,15601.116565746739,17811.404850388288
457421,5.242748316997428,FAT_020,FAT_DON_19,1,Allogenic,1.5296409503708683,4.082450931084729,2.6688948998749806,31.17,42,2388.462060341083,2547.146097187495,0.0927997505230121,7512.508039357719,3.3781183470992238,1.6372711177168568,7429.952966363294,2388.462060341083
457424,7.962028292479135,FAT_020,FAT_DON_19,1,Allogenic,1.5296409503708683,4.082450931084729,2.6688948998749806,30.39,42,2198.979030017804,2073.6537340306204,-0.0846588383910979,16280.380532948278,3.342221087846021,2.6485090614989866,13788.01537905174,2198.979030017804
469585,6.957588340288727,FAT_020,FAT_DON_19,1,Allogenic,1.5296409503708683,4.082450931084729,2.6688948998749806,29.25,42,662.7839901865791,488.06135894631694,-0.4414762196689155,41849.10087645824,2.8213720093163994,2.654950123391304,4174.376659392287,662.7839901865791
469588,6.654914384599597,FAT_020,FAT_DON_19,1,Allogenic,1.5296409503708683,4.082450931084729,2.6688948998749806,28.94,42,728.6557732603374,650.7484785950892,-0.1631373933292362,13565.40043490201,2.8625224102385483,2.6498888919258707,4573.18164661626,728.6557732603374
469589,6.581055262862296,FAT_020,FAT_DON_19,1,Allogenic,1.5296409503708683,4.082450931084729,2.6688948998749806,30.59,42,680.6750917621677,1146.0943354361273,0.7516875750820932,20218.832042336067,2.832939858569683,2.3305204537963604,3423.7056589590406,680.6750917621677
469590,7.759125384262191,FAT_020,FAT_DON_19,1,Allogenic,1.5296409503708683,4.082450931084729,2.6688948998749806,29.52,42,1715.1060555871109,1765.2766564874248,0.0415965123964984,59491.38219840399,3.234290980315909,3.140475644980272,15124.05855426645,1715.1060555871109
469591,6.4571768483353225,FAT_020,FAT_DON_19,1,Allogenic,1.5296409503708683,4.082450931084729,2.6688948998749806,30.59,42,3069.9503839930503,3812.220564904068,0.3124162529497816,28052.98481212966,3.4871313565416298,1.187631834608692,6992.688181272756,3069.9503839930503
469592,7.643167211040835,FAT_020,FAT_DON_19,1,Allogenic,1.5296409503708683,4.082450931084729,2.6688948998749806,30.59,42,1684.2032437747305,2491.2982799946326,0.5648315156571376,41710.6714988023,3.226394499469876,2.531674005187131,9738.774597626454,1684.2032437747305
469593,10.165666269957043,FAT_020,FAT_DON_19,1,Allogenic,1.5296409503708683,4.082450931084729,2.6688948998749806,30.99,42,5902.437056164652,7459.325844194455,0.3377344975124174,134236.460378808,3.7710313644409608,-0.25709878662254537,4938.976022997795,5902.437056164652
469596,6.532690268067118,FAT_020,FAT_DON_19,1,Allogenic,1.5296409503708683,4.082450931084729,2.6688948998749806,28.15,42,1264.575588638197,5283.68913963774,2.0628923145029705,6947.254747262608,3.1019447939392792,2.898880940724182,9431.80712172027,1264.575588638197
470145,5.7741677920906165,FAT_020,FAT_DON_19,1,Allogenic,1.5296409503708683,4.082450931084729,2.6688948998749806,28.33,42,2822.7278894940077,1881.8286228029635,-0.5849548113964504,8879.158856019849,3.450669014247835,2.2517712842040467,13443.727911390612,2822.7278894940077
470146,12.473595754807334,FAT_020,FAT_DON_19,1,Allogenic,1.5296409503708683,4.082450931084729,2.6688948998749806,28.01,42,29177.13374222587,191405.038515728,2.7137187374949487,132759.20177509723,4.465042626108653,0.9019084026458204,54518.52640251932,29177.13374222587
471870,17.49995890023805,FAT_020,FAT_DON_19,1,Allogenic,1.5296409503708683,4.082450931084729,2.6688948998749806,30.58,42,740.04101971753,1889.1131206976845,1.352031948170729,389227.4454733439,2.8692557928975164,1.1105519791475853,1597.957595391965,740.04101971753
471875,8.393294502245643,FAT_020,FAT_DON_19,1,Allogenic,1.5296409503708683,4.082450931084729,2.6688948998749806,29.18,42,13491.517051773431,50204.75949041815,1.8957715593734743,39356.69350327056,4.130060786600784,0.3570286111026171,17279.736191592125,13491.517051773431
476272,5.790171095630694,FAT_020,FAT_DON_19,1,Allogenic,1.5296409503708683,4.082450931084729,2.6688948998749806,29.6,42,7589.89322749858,10649.93592208232,0.4886932546886511,3705.0215784385455,3.880235666404789,0.45234845150947445,10384.990863818131,7589.89322749858
478749,3.769839434575036,FAT_020,FAT_DON_19,1,Allogenic,1.5296409503708683,4.082450931084729,2.6688948998749806,29.95,42,2430.7501186106565,4620.799831218114,0.9267410028665228,2537.871923692337,3.3857403156157035,0.5515834437275212,3562.7346474152077,2430.7501186106565
483215,6.367507453514936,FAT_020,FAT_DON_19,1,Allogenic,1.5296409503708683,4.082450931084729,2.6688948998749806,28.86,42,16729.806436954976,4232.2932768329865,-1.9829092459561768,7528.793848493712,4.223490916225475,-0.012556892423660563,16584.825827489112,16729.806436954976
483216,7.225779538908886,FAT_020,FAT_DON_19,1,Allogenic,1.5296409503708683,4.082450931084729,2.6688948998749806,29.11,42,3235.036457622346,3018.210294379462,-0.1000886415106637,10811.741540157758,3.50987917936484,1.7675854431567584,11014.769609388311,3235.036457622346
483217,14.136235817525556,FAT_020,FAT_DON_19,1,Allogenic,1.5296409503708683,4.082450931084729,2.6688948998749806,30.63,42,1533.755344161826,2195.062032275973,0.5171933400106871,209588.86352490843,3.1857560889777323,0.9455381921600373,2953.870467905613,1533.755344161826
483218,7.873874294408518,FAT_020,FAT_DON_19,1,Allogenic,1.5296409503708683,4.082450931084729,2.6688948998749806,28.19,42,26074.65408264084,57899.617433208594,1.150905702290318,40315.52051615218,4.416218555603006,0.7627074561818402,44240.12830430201,26074.65408264084
484018,4.993434904761882,FAT_020,FAT_DON_19,1,Allogenic,1.5296409503708683,4.082450931084729,2.6688948998749806,30.12,42,128434.52558792222,72327.77959668628,-0.8284113099380633,3717.914510671208,5.108681785857203,-0.4486287475456662,94108.9820771826,128434.52558792222
484020,7.882742374348735,FAT_020,FAT_DON_19,1,Allogenic,1.5296409503708683,4.082450931084729,2.6688948998749806,25.15,42,171.59192874769104,563.3345038584355,1.7150101446909825,3686.021467779887,2.234496855874116,3.2216306480809105,1600.6792528982194,171.59192874769104
500632,6.24014656880682,FAT_020,FAT_DON_19,1,Allogenic,1.5296409503708683,4.082450931084729,2.6688948998749806,27.33,42,15228.58036838513,21559.68560240969,0.5015546820614118,29917.70995820093,4.182659419625399,0.6328412796928271,23613.677482061714,15228.58036838513
511680,5.685077488792728,FAT_020,FAT_DON_19,1,Allogenic,1.5296409503708683,4.082450931084729,2.6688948998749806,26.86,42,12682.351321422946,17788.74385890904,0.4881423917176404,18200.07028485353,4.103199779669586,1.002143121891739,25402.409880736974,12682.351321422946
515619,13.168211166203424,FAT_020,FAT_DON_19,1,Allogenic,1.5296409503708683,4.082450931084729,2.6688948998749806,29.62,42,880125.9053587196,1115429.0274653162,0.3418168940414263,925385.4609716224,5.944544804072051,-1.8660156548516336,241444.94629884206,880125.9053587196
515620,15.630000884982232,FAT_020,FAT_DON_19,1,Allogenic,1.5296409503708683,4.082450931084729,2.6688948998749806,31.6,42,5692.623228596384,15139.614791195452,1.411162976267937,98856.8971816232,3.75531244059068,-0.759027237311365,3363.740425729934,5692.623228596384
518635,6.221188263929004,FAT_020,FAT_DON_19,1,Allogenic,1.5296409503708683,4.082450931084729,2.6688948998749806,25.8,42,964.4930213021876,1932.8201080660112,1.0028646642682406,3088.8751327934547,2.984299089604667,3.0565279557046767,8024.272836020344,964.4930213021876
518636,7.31220168715366,FAT_020,FAT_DON_19,1,Allogenic,1.5296409503708683,4.082450931084729,2.6688948998749806,28.81,42,7277.612181815579,6910.560336125463,-0.0746624782592907,9932.307846814105,3.861988908658148,0.1091540438880063,7849.600424570062,7277.612181815579
518637,7.347189797962595,FAT_020,FAT_DON_19,1,Allogenic,1.5296409503708683,4.082450931084729,2.6688948998749806,18.67,42,4135.284159630374,143344.34957232277,5.1153547576733365,4830.099559583438,3.6165053578351865,0.15949402164343163,4618.6796680866155,4135.284159630374
525259,5.444794074083761,FAT_020,FAT_DON_19,1,Allogenic,1.5296409503708683,4.082450931084729,2.6688948998749806,27.86,42,3082.1488623400423,3938.485195079234,0.3537043094294146,2759.766073170251,3.488853610544495,1.584298396829639,9242.19122613104,3082.1488623400423
525362,3.210714090163516,FAT_020,FAT_DON_19,1,Allogenic,1.5296409503708683,4.082450931084729,2.6688948998749806,22.5,42,48101.85304974965,292526.01012428204,2.604400530706161,1177.3282854562046,4.682161807221639,-0.45104933370182065,35187.0151710941,48101.85304974965
536231,13.56520310922896,FAT_020,FAT_DON_19,1,Allogenic,1.5296409503708683,4.082450931084729,2.6688948998749806,31.15,42,31526.560671856576,44530.13563043038,0.4982142153386806,806736.5556621021,4.498676594829532,0.10299016098302076,33859.43621806492,31526.560671856576
537006,4.288248743412675,FAT_020,FAT_DON_19,1,Allogenic,1.5296409503708683,4.082450931084729,2.6688948998749806,29.51,42,694.5000338887589,594.9006614022271,-0.223325982347324,1832.1535277992807,2.841672271265428,2.199051548228947,3188.987003388135,694.5000338887589
537007,6.324445801648578,FAT_020,FAT_DON_19,1,Allogenic,1.5296409503708683,4.082450931084729,2.6688948998749806,29.22,42,2916.249556820948,6861.997016827322,1.2345143157361604,4703.205963398821,3.464824685802587,2.184041597091216,13252.16145270279,2916.249556820948
537011,0.0,FAT_020,FAT_DON_19,1,Allogenic,1.5296409503708683,4.082450931084729,2.6688948998749806,28.14,42,4291385.647341165,920095.2164183686,-2.221588483487871,786.4688661923581,6.6325975443593945,-1.044819194583487,2080058.8708087301,4291385.647341165
537012,10.022659873344598,FAT_020,FAT_DON_19,1,Allogenic,1.5296409503708683,4.082450931084729,2.6688948998749806,29.72,42,180.53747953548532,271.95458806958953,0.5910673939780938,74211.03935581955,2.2565673750270614,2.354720219244216,923.4402333939339,180.53747953548532
537013,0.0,FAT_020,FAT_DON_19,1,Allogenic,1.5296409503708683,4.082450931084729,2.6688948998749806,26.93,42,4322.327494284255,4526.10135858674,0.0664605065064087,836.0048689810053,3.6357176694357385,-0.013928620826137944,4280.798016816966,4322.327494284255
537937,5.333305979138298,FAT_020,FAT_DON_19,1,Allogenic,1.5296409503708683,4.082450931084729,2.6688948998749806,25.23,42,5270.555877790453,22703.35177188091,2.106878269214476,4308.953667231643,3.721856422029574,-0.09039561580402417,4950.449449897359,5270.555877790453
545696,5.849316134145343,FAT_020,FAT_DON_19,1,Allogenic,1.5296409503708683,4.082450931084729,2.6688948998749806,17.82,42,9294.427268518297,12524.48004699056,0.4303128385183008,6745.0392838240205,3.968222633291825,0.08893178573518394,9885.389101414574,9294.427268518297
547042,5.853854642122757,FAT_020,FAT_DON_19,1,Allogenic,1.5296409503708683,4.082450931084729,2.6688948998749806,28.24,42,6479.831697922285,2481.5856161350043,-1.384694112859864,4927.8144143994,3.811563725992065,0.5490166474536131,9480.56466912724,6479.831697922285
547043,15.925104462203308,FAT_020,FAT_DON_19,1,Allogenic,1.5296409503708683,4.082450931084729,2.6688948998749806,24.99,42,883.1698323222392,3052.204617888161,1.7890888848867417,150134.12439706043,2.946044225829251,1.5626789230321279,2608.900135076486,883.1698323222392
548480,5.358982418629484,FAT_020,FAT_DON_19,1,Allogenic,1.5296409503708683,4.082450931084729,2.6688948998749806,25.09,42,5425.069936852355,20318.89279434219,1.9051081485499912,4487.418992346906,3.734405341229006,0.24579228707915107,6432.742873577745,5425.069936852355
552396,6.421039360530126,FAT_020,FAT_DON_19,1,Allogenic,1.5296409503708683,4.082450931084729,2.6688948998749806,23.33,42,6518.86682863266,9511.126084540912,0.5449949580261336,5368.209836451893,3.8141721090995935,0.49672605138454523,9198.172505089053,6518.86682863266
552398,9.584712928154437,FAT_020,FAT_DON_19,1,Allogenic,1.5296409503708683,4.082450931084729,2.6688948998749806,29.38,42,37016.68915989289,30565.75316624994,-0.2762597469282873,31610.7555329636,4.568397572064364,1.0289748989362433,75535.28660997232,37016.68915989289
553174,0.0,FAT_020,FAT_DON_19,1,Allogenic,1.5296409503708683,4.082450931084729,2.6688948998749806,19.47,42,3156.9661962015957,709.0244617528584,-2.1546315055630507,9.500055329329603,3.499269931628767,-0.29586047934776305,2571.621528404468,3156.9661962015957
556258,6.665298006816807,FAT_020,FAT_DON_19,1,Allogenic,1.5296409503708683,4.082450931084729,2.6688948998749806,29.11,42,714.0175992439466,614.3259891214835,-0.2169552165704524,14015.9744876645,2.8537089164825256,2.6607350030990937,4515.1269211477,714.0175992439466
556259,6.811593567715474,FAT_020,FAT_DON_19,1,Allogenic,1.5296409503708683,4.082450931084729,2.6688948998749806,30.68,42,422.88058269573145,67.98864701739738,-2.6368845527002547,38003.61419422175,2.626217744211222,2.249760346557995,2011.2362664733587,422.88058269573145
556268,0.0,FAT_020,FAT_DON_19,1,Allogenic,1.5296409503708683,4.082450931084729,2.6688948998749806,28.57,42,875.8507453140438,845.0017557876531,-0.0517307004248838,131.64362384928168,2.9424301038744045,1.5295067781892848,2528.4683554827475,875.8507453140438
563192,7.995599841219932,FAT_020,FAT_DON_19,1,Allogenic,1.5296409503708683,4.082450931084729,2.6688948998749806,28.15,42,42411.669516822665,31639.00252273885,-0.4227571581763464,10591.883116821844,4.6274853686085535,0.357126844270924,54323.940014973334,42411.669516822665
563193,7.748589246599986,FAT_020,FAT_DON_19,1,Allogenic,1.5296409503708683,4.082450931084729,2.6688948998749806,30.59,42,2107.083826470462,3661.6742750798303,0.7972557513591654,36368.24752681573,3.323681813562248,2.541367499016024,12266.189244835,2107.083826470462
565040,5.170662731258152,FAT_020,FAT_DON_19,1,Allogenic,1.5296409503708683,4.082450931084729,2.6688948998749806,25.09,42,4854.181150213118,23286.111603458605,2.2621698997262856,4053.1307487204094,3.686115979468097,-0.33431138598082955,3850.1550944712503,4854.181150213118
565042,5.146159556705333,FAT_020,FAT_DON_19,1,Allogenic,1.5296409503708683,4.082450931084729,2.6688948998749806,25.09,42,5847.950519548087,23667.33365994901,2.0168941729509458,3985.2732106537696,3.7670036893297394,0.3099036764987211,7249.265264709342,5847.950519548087
566550,6.271845548661514,FAT_020,FAT_DON_19,1,Allogenic,1.5296409503708683,4.082450931084729,2.6688948998749806,29.11,42,5736.537750645557,7226.22191156338,0.3330612889523754,6486.502063790122,3.7586498559078936,0.23640450809633806,6757.94579417867,5736.537750645557
566552,8.088058531203336,FAT_020,FAT_DON_19,1,Allogenic,1.5296409503708683,4.082450931084729,2.6688948998749806,25.62,42,978.3179634287789,3576.688466308084,1.870249126130368,11474.031111688166,2.990480027916268,3.1738331811776366,8828.74588186729,978.3179634287789
568816,9.281419415499409,FAT_020,FAT_DON_19,1,Allogenic,1.5296409503708683,4.082450931084729,2.6688948998749806,23.68,42,10315.033290216648,40475.098469035605,1.9722861130510445,27626.160897690494,4.013470633931474,0.41703142192462217,13772.399155714835,10315.033290216648
585394,8.410826495081636,FAT_020,FAT_DON_19,1,Allogenic,1.5296409503708683,4.082450931084729,2.6688948998749806,30.74,42,36155.47658859525,66633.73040897925,0.8820384699303854,36086.638743839176,4.558174090622569,0.15659091720763965,40300.70594806213,36155.47658859525
585543,10.824629344715676,FAT_020,FAT_DON_19,1,Allogenic,1.5296409503708683,4.082450931084729,2.6688948998749806,30.29,42,5248.598616765867,4841.762934024657,-0.1163998298181503,253345.4397964199,3.720043361644309,-0.47874412693040275,3766.4050129169364,5248.598616765867
585544,6.559401599233093,FAT_020,FAT_DON_19,1,Allogenic,1.5296409503708683,4.082450931084729,2.6688948998749806,29.11,42,2554.361365860178,2003.236921048316,-0.350629580248191,25807.57887750454,3.407282336974928,2.1648475000746,11454.242424248025,2554.361365860178
591001,0.0,FAT_020,FAT_DON_19,1,Allogenic,1.5296409503708683,4.082450931084729,2.6688948998749806,27.06,42,7084.062992043301,6820.718195423902,-0.0546533832108071,197.4654357739225,3.850282414315776,0.5148748545407211,10122.206420179491,7084.062992043301
622312,9.930343376448093,FAT_020,FAT_DON_19,1,Allogenic,1.5296409503708683,4.082450931084729,2.6688948998749806,28.89,42,78159.71692862836,135596.07197830436,0.7948182388812703,226114.888345658,4.892982977827435,0.7692202966461322,133211.39012331338,78159.71692862836
626939,9.72974448574774,FAT_020,FAT_DON_19,1,Allogenic,1.5296409503708683,4.082450931084729,2.6688948998749806,26.95,42,3857.97208520875,5667.339362093053,0.55482888943194,7281.113834550476,3.586359080932629,1.1230103440790198,8402.70041897197,3857.97208520875
645463,6.4900705255148905,FAT_020,FAT_DON_19,1,Allogenic,1.5296409503708683,4.082450931084729,2.6688948998749806,28.02,42,2118.4690729276545,3023.0666263092767,0.5129907080601687,4156.952781962369,3.326022128211966,2.9118639332686524,15943.384334581058,2118.4690729276545
649757,10.534129428536088,FAT_020,FAT_DON_19,1,Allogenic,1.5296409503708683,4.082450931084729,2.6688948998749806,27.82,42,2941.459745404732,13784.698182777318,2.2284634818896984,24257.71270806248,3.4685629093380426,1.7975152567419013,10225.131908125575,2941.459745404732
657308,5.907503873055102,FAT_020,FAT_DON_19,1,Allogenic,1.5296409503708683,4.082450931084729,2.6688948998749806,20.15,42,4463.016611219566,3914.203535430164,-0.1893003993742492,3393.5554787126684,3.6496285032751183,0.20795364110130835,5155.001392741715,4463.016611219566
657309,9.003693377331237,FAT_020,FAT_DON_19,1,Allogenic,1.5296409503708683,4.082450931084729,2.6688948998749806,28.38,42,1166.1745299724594,1000.4043775417044,-0.2212004432480907,23343.67167030484,3.0667635519082044,2.823351965031587,8254.241699963215,1166.1745299724594
657313,13.79815957318057,FAT_020,FAT_DON_19,1,Allogenic,1.5296409503708683,4.082450931084729,2.6688948998749806,30.1,42,27146.49371339656,124642.61531060866,2.198959635875976,71558.4881927946,4.433713743344358,-0.5538124508250472,18492.668462211706,27146.49371339656
657314,7.641640280320333,FAT_020,FAT_DON_19,1,Allogenic,1.5296409503708683,4.082450931084729,2.6688948998749806,30.01,42,9740.078344128417,26241.189582750485,1.4298278408765202,31605.32692991827,3.98856245013178,0.7335288411124904,16194.838967767024,9740.078344128417
657317,13.01825909812625,FAT_020,FAT_DON_19,1,Allogenic,1.5296409503708683,4.082450931084729,2.6688948998749806,31.02,42,954154.4042871668,1181263.891271841,0.3080366433337622,972986.8453499896,5.979618659299403,-1.6464071421426878,304790.00737726357,954154.4042871668
657319,8.150150818973879,FAT_020,FAT_DON_19,1,Allogenic,1.5296409503708683,4.082450931084729,2.6688948998749806,26.02,42,8417.763291314455,34460.53137396085,2.033436101205825,19070.00392286785,3.925196709161905,0.9633975472402382,16413.767169451476,8417.763291314455
657321,17.892676212725938,FAT_020,FAT_DON_19,1,Allogenic,1.5296409503708683,4.082450931084729,2.6688948998749806,25.04,42,29259.270163095614,281101.4892593944,3.2641254082883053,416911.2852783911,4.466263488976805,-0.9025182519290518,15652.309381158757,29259.270163095614
657322,11.153045478062005,FAT_020,FAT_DON_19,1,Allogenic,1.5296409503708683,4.082450931084729,2.6688948998749806,29.23,42,760201.8514975491,875385.396506535,0.2035357776839243,95479.62751204651,5.880928923007403,-0.7830818794188612,441771.5950461592,760201.8514975491
657323,13.911358132554076,FAT_020,FAT_DON_19,1,Allogenic,1.5296409503708683,4.082450931084729,2.6688948998749806,29.77,42,16995.733264919407,121614.69235236956,2.83907302020893,276315.2164319776,4.230339906550058,-0.6605323350120916,10752.26255279648,16995.733264919407
658089,8.302372696364774,FAT_020,FAT_DON_19,1,Allogenic,1.5296409503708683,4.082450931084729,2.6688948998749806,27.62,42,2259.971421752765,14224.196222425497,2.653970696949401,22728.203800040417,3.3541029473537947,3.1853481892414406,20558.352055594492,2259.971421752765
658659,6.294278885791609,FAT_020,FAT_DON_19,1,Allogenic,1.5296409503708683,4.082450931084729,2.6688948998749806,27.88,42,3246.4217040795384,4732.49546560384,0.5437507081912252,6743.003557682022,3.5114049331917565,1.7614381140961306,11006.535559816539,3246.4217040795384
665951,7.904836307744252,FAT_020,FAT_DON_19,1,Allogenic,1.5296409503708683,4.082450931084729,2.6688948998749806,29.93,42,9644.116981132076,32850.65733922747,1.7682011833078282,20506.548003738622,3.984262469639056,0.7898733329739333,16673.93236949846,9644.116981132076
665953,5.886545826004515,FAT_020,FAT_DON_19,1,Allogenic,1.5296409503708683,4.082450931084729,2.6688948998749806,29.11,42,3144.7677178546032,2561.715092976937,-0.2958434272176642,5777.390790993733,3.4975885726494886,1.9189940980495876,11892.231578325644,3144.7677178546032
679189,0.0,FAT_020,FAT_DON_19,1,Allogenic,1.5296409503708683,4.082450931084729,2.6688948998749806,18.98,42,2517.765930819201,626.4668189460187,-2.006834162450561,384.752240837849,3.4010153525872777,-0.11530623765449677,2324.3670824968526,2517.765930819201
679935,5.779659272475183,FAT_020,FAT_DON_19,1,Allogenic,1.5296409503708683,4.082450931084729,2.6688948998749806,23.83,42,3248.0481678591373,2331.039326310768,-0.4785996835648582,4244.489006068335,3.5116224611111067,1.844673378792618,11666.067376337673,3248.0481678591373
702443,11.989460297303175,FAT_020,FAT_DON_19,1,Allogenic,1.5296409503708683,4.082450931084729,2.6688948998749806,29.68,42,38641.52647571226,13401.047960322005,-1.527806263137976,90733.67129966574,4.587054274236318,0.5648320738430407,57159.13803607098,38641.52647571226
702444,6.636278920552593,FAT_020,FAT_DON_19,1,Allogenic,1.5296409503708683,4.082450931084729,2.6688948998749806,28.87,42,554.6241488432478,390.934720350035,-0.5045827126389596,12426.072370763124,2.743998775232902,2.5853601068518266,3328.6621445071632,554.6241488432478
702447,7.118095818929687,FAT_020,FAT_DON_19,1,Allogenic,1.5296409503708683,4.082450931084729,2.6688948998749806,28.94,42,612.363613019011,466.2078652621535,-0.3934152156801763,13471.078456989382,2.787009376777124,2.5853891541748864,3675.2684179151897,612.363613019011
709991,6.891091632981235,FAT_020,FAT_DON_19,1,Allogenic,1.5296409503708683,4.082450931084729,2.6688948998749806,26.74,42,3201.693950140567,1981.383427364152,-0.6923273169169499,6565.216807947424,3.5053798153666524,2.027738732702116,13055.394430105533,3201.693950140567
717959,11.037912024703171,FAT_020,FAT_DON_19,1,Allogenic,1.5296409503708683,4.082450931084729,2.6688948998749806,24.46,42,17214.49264327547,12560.902536464167,-0.4546835318043261,24053.46151848189,4.235894227419848,0.1107828755664861,18588.450786861566,17214.49264327547
717960,10.411581818363029,FAT_020,FAT_DON_19,1,Allogenic,1.5296409503708683,4.082450931084729,2.6688948998749806,17.34,42,13770.455589974654,17293.398002068006,0.3286450825961298,17411.56569251917,4.13894830895256,-0.8929406196897227,7415.601746843104,13770.455589974654
717962,14.792452715786728,FAT_020,FAT_DON_19,1,Allogenic,1.5296409503708683,4.082450931084729,2.6688948998749806,28.91,42,15474.989630994372,61347.61310337661,1.9870687702218848,45005.15497193767,4.1896303666935495,-0.5633838565924846,10472.127635021137,15474.989630994372
718252,12.809426160362907,FAT_020,FAT_DON_19,1,Allogenic,1.5296409503708683,4.082450931084729,2.6688948998749806,28.53,42,203312.0386093199,166258.95178315058,-0.2902636223708121,325661.8966894189,5.308163095051241,0.04736885804330477,210098.30185514325,203312.0386093199
742725,4.049967195029417,FAT_020,FAT_DON_19,1,Allogenic,1.5296409503708683,4.082450931084729,2.6688948998749806,28.01,42,13039.36012104492,5783.891328408592,-1.1727607227615853,1257.40018037484,4.1152562798377925,0.14859437157415362,14453.986437318179,13039.36012104492
742726,10.36751303567448,FAT_020,FAT_DON_19,1,Allogenic,1.5296409503708683,4.082450931084729,2.6688948998749806,24.86,42,1626.463779598967,1160.6633312255697,-0.4867891384107426,32795.54814760713,3.2112443962404043,2.5483952844335787,9514.54046867172,1626.463779598967
742727,8.232600738923214,FAT_020,FAT_DON_19,1,Allogenic,1.5296409503708683,4.082450931084729,2.6688948998749806,30.68,42,792.9010925544965,757.5877810509994,-0.0657278515041289,14716.264280512223,2.89921901627496,2.395451079519068,4171.78236919477,792.9010925544965
742733,5.985741488599585,FAT_020,FAT_DON_19,1,Allogenic,1.5296409503708683,4.082450931084729,2.6688948998749806,31.17,42,5116.85505061835,6046.133252618553,0.2407554098103525,7287.221012976474,3.709003114527672,0.006050171626955711,5138.358455389256,5116.85505061835
742740,8.468086967391613,FAT_020,FAT_DON_19,1,Allogenic,1.5296409503708683,4.082450931084729,2.6688948998749806,28.76,42,9801.883967753176,14214.483558565866,0.5362307101894904,12311.393131430505,3.9913095571377633,0.6140604757350191,15002.380616212537,9801.883967753176
742741,6.8730490299228695,FAT_020,FAT_DON_19,1,Allogenic,1.5296409503708683,4.082450931084729,2.6688948998749806,28.31,42,2918.6892524903465,4072.034323149122,0.4804291040188644,5631.497084150457,3.4651878589096627,2.1143600334858137,12637.86321859534,2918.6892524903465
742742,0.0,FAT_020,FAT_DON_19,1,Allogenic,1.5296409503708683,4.082450931084729,2.6688948998749806,29.51,42,2150.1851166298347,1915.8229463116616,-0.1664966332236377,411.21668068383866,3.3324758513900257,0.5195941727667962,3082.4020366966197,2150.1851166298347
742817,6.233759951809192,FAT_020,FAT_DON_19,1,Allogenic,1.5296409503708683,4.082450931084729,2.6688948998749806,27.32,42,119.54508780052409,157.83078771895822,0.4008238064626859,3786.450624118514,2.077531735324599,2.7184154720270612,786.7854738325327,119.54508780052409
742818,2.028827210443872,FAT_020,FAT_DON_19,1,Allogenic,1.5296409503708683,4.082450931084729,2.6688948998749806,22.83,42,343.1838574953821,531.7683463146438,0.6318162091645839,638.5394332070828,2.535526851538097,2.4217798048606025,1838.8877330462628,343.1838574953821
742821,9.841989298552765,FAT_020,FAT_DON_19,1,Allogenic,1.5296409503708683,4.082450931084729,2.6688948998749806,24.75,42,1289.7857772219809,1432.6179192951593,0.1515224268158209,22500.202472136505,3.110517583558008,2.6308659241644436,7988.902875763359,1289.7857772219809
748224,15.443676682706847,FAT_020,FAT_DON_19,1,Allogenic,1.5296409503708683,4.082450931084729,2.6688948998749806,29.49,42,324206.2781150213,372577.7856553377,0.2006296302033808,463240.3408180089,5.510821420519624,-1.3241987844318717,129478.56162382622,324206.2781150213
752555,0.0,FAT_020,FAT_DON_19,1,Allogenic,1.5296409503708683,4.082450931084729,2.6688948998749806,29.44,42,3330.184588728885,932.4157305243068,-1.836556897536619,43.42882436264963,3.5224683066728604,0.13625784637695285,3660.0414648830697,3330.184588728885
759350,3.6225321435498814,FAT_020,FAT_DON_19,1,Allogenic,1.5296409503708683,4.082450931084729,2.6688948998749806,26.44,42,2041.212043396704,8250.907948754153,2.0151268266166817,1730.367220699321,3.309888122057461,1.4834110947688246,5707.413753899814,2041.212043396704
762967,0.0,FAT_020,FAT_DON_19,1,Allogenic,1.5296409503708683,4.082450931084729,2.6688948998749806,19.55,42,3018.716774935683,944.5565603488424,-1.6762263118707843,10.178630709996003,3.4798223681232474,-0.2645948350621776,2512.877895417437,3018.716774935683
762968,5.56150541361753,FAT_020,FAT_DON_19,1,Allogenic,1.5296409503708683,4.082450931084729,2.6688948998749806,29.47,42,25266.301584180157,54716.29185321546,1.1147559596976584,4688.955880404827,4.402541675670116,-0.051206562564297835,24385.236074065706,25266.301584180157
762982,3.351861081009777,FAT_020,FAT_DON_19,1,Allogenic,1.5296409503708683,4.082450931084729,2.6688948998749806,29.47,42,9606.7083142013,11766.89226593956,0.2926192536744004,1807.7248140952904,3.982574604539912,-1.0249089778394278,4721.133262888557,9606.7083142013
762984,12.314946933428295,FAT_020,FAT_DON_19,1,Allogenic,1.5296409503708683,4.082450931084729,2.6688948998749806,30.29,42,705.8852803459516,466.2078652621535,-0.5984603934527275,25403.826526008037,2.848734125752914,1.7390165908828388,2356.298368614296,705.8852803459516
763034,6.0988059220238,FAT_020,FAT_DON_19,1,Allogenic,1.5296409503708683,4.082450931084729,2.6688948998749806,29.98,42,984.0105866573753,910.5622368401434,-0.1119162085081182,3967.6302507564433,2.9929997708928733,2.6389656999688653,6129.2537877435825,984.0105866573753
767031,0.0,FAT_020,FAT_DON_19,1,Allogenic,1.5296409503708683,4.082450931084729,2.6688948998749806,19.45,42,1678.510620546134,349.65589894661514,-2.263173915710346,8.142904567996805,3.224924093531597,-0.0349765747154916,1638.3062776946686,1678.510620546134
862962,3.3341207579296244,FAT_020,FAT_DON_19,1,Allogenic,1.5296409503708683,4.082450931084729,2.6688948998749806,30.19,42,266.7400598542306,1507.8910642072776,2.499025791872993,1900.0110658659212,2.4260882442881018,1.9022905378776231,997.0909091685195,266.7400598542306
866771,5.769190940309301,FAT_020,FAT_DON_19,1,Allogenic,1.5296409503708683,4.082450931084729,2.6688948998749806,18.53,42,3437.531198182417,760.0159470159065,-2.1772712118275788,3753.879005846527,3.5362466484054416,1.372686942451689,8901.569617795049,3437.531198182417
868129,0.0,FAT_020,FAT_DON_19,1,Allogenic,1.5296409503708683,4.082450931084729,2.6688948998749806,19.76,42,3518.8543871623656,895.9932410507013,-1.9735460610908997,443.1097235751595,3.5464012957751474,-0.6074151203203538,2309.6763358473,3518.8543871623656
873513,0.0,FAT_020,FAT_DON_19,1,Allogenic,1.5296409503708683,4.082450931084729,2.6688948998749806,28.44,42,1473.576184316664,524.4838484199227,-1.490351399612171,23.07156294265761,3.168372593917217,0.6687036530224197,2342.4614460812304,1473.576184316664
890402,5.676362060017476,FAT_020,FAT_DON_19,1,Allogenic,1.5296409503708683,4.082450931084729,2.6688948998749806,25.09,42,5174.594514794114,20044.51004030769,1.9536894318195048,5286.780790771925,3.7138763238126473,0.5485184601168767,7568.27376840554,5174.594514794114
903814,5.038447539059424,FAT_020,FAT_DON_19,1,Allogenic,1.5296409503708683,4.082450931084729,2.6688948998749806,28.07,42,313.9075094626006,1694.8598435051204,2.432754527212168,2116.476612298503,2.4968017052481777,2.7385055052332232,2094.9516567790433,313.9075094626006
904306,4.072842259641281,FAT_020,FAT_DON_19,1,Allogenic,1.5296409503708683,4.082450931084729,2.6688948998749806,25.52,42,19.517565355187603,492.91769087613096,4.658501754734616,671.1110514790699,1.290425642288029,3.3058001451161783,193.0059268752625,19.517565355187603
997884,4.277700017984412,FAT_020,FAT_DON_19,1,Allogenic,1.5296409503708683,4.082450931084729,2.6688948998749806,29.11,42,548.1182937248519,279.2390859643107,-0.9729863919668876,3061.0535421861323,2.738874297111743,2.222825040663732,2558.652515919646,548.1182937248519
999410,8.096367905808961,FAT_020,FAT_DON_19,1,Allogenic,1.5296409503708683,4.082450931084729,2.6688948998749806,31.57,42,5088.3919344753685,8634.558171209466,0.7629125584010271,13939.974045029863,3.706580555553944,0.5046545521287547,7219.326992196229,5088.3919344753685
999412,3.930814740792729,FAT_020,FAT_DON_19,1,Allogenic,1.5296409503708683,4.082450931084729,2.6688948998749806,30.37,42,4139.350319079371,3926.3443652546985,-0.0762176392188003,2723.123002614265,3.6169321829131817,-1.0767868830741392,1962.3977270225794,4139.350319079371
999413,7.8117734336629905,FAT_020,FAT_DON_19,1,Allogenic,1.5296409503708683,4.082450931084729,2.6688948998749806,27.68,42,3000.012441470295,11511.934839624322,1.9400899423021725,7975.296448972204,3.4771230558032262,2.2370187585874537,14142.715433716885,3000.012441470295
1002367,3.118643338166014,FAT_020,FAT_DON_19,1,Allogenic,1.5296409503708683,4.082450931084729,2.6688948998749806,19.59,42,16538.696942852097,4159.448297885776,-1.9913814818172892,1603.4736245147042,4.218501289205528,-0.26031182060313857,13808.28120913668,16538.696942852097
1042156,6.212568049699588,FAT_020,FAT_DON_19,1,Allogenic,1.5296409503708683,4.082450931084729,2.6688948998749806,29.17,42,1129.5790949314826,1954.6736017501744,0.7911424272911823,3694.8429477285504,3.0529166463140385,2.638808928602257,7035.213580950318,1129.5790949314826
1064535,0.0,FAT_020,FAT_DON_19,1,Allogenic,1.5296409503708683,4.082450931084729,2.6688948998749806,28.96,42,1510.1716193576408,794.0102705246052,-0.9274829361667426,82.10762106063444,3.1790263043162037,0.5254049893328808,2173.6467490971727,1510.1716193576408
1077285,5.114104170171548,FAT_020,FAT_DON_19,1,Allogenic,1.5296409503708683,4.082450931084729,2.6688948998749806,29.25,42,799.4069476728923,271.95458806958953,-1.555564346012381,4895.921371508079,2.9027679184085584,2.1889974976827973,3645.2038948929508,799.4069476728923
1121100,4.458765005383081,FAT_020,FAT_DON_19,1,Allogenic,1.5296409503708683,4.082450931084729,2.6688948998749806,30.12,42,8611.312481086732,10479.964304538826,0.2833287571377514,3103.803791168116,3.935069348881441,-0.6439032812095382,5511.060096819718,8611.312481086732
1121101,6.612514308149544,FAT_020,FAT_DON_19,1,Allogenic,1.5296409503708683,4.082450931084729,2.6688948998749806,28.91,42,822.1774405872779,718.7371256124867,-0.1939855780034691,8912.409049672504,2.914965556167424,2.7112882012841677,5384.490705600939,822.1774405872779
1121114,3.708278797054244,FAT_020,FAT_DON_19,1,Allogenic,1.5296409503708683,4.082450931084729,2.6688948998749806,30.63,42,1771.2190559832752,3688.384100693808,1.0582462540557722,2275.941826755107,3.248272275996179,0.7726720445415195,3026.0056753221365,1771.2190559832752
1121115,11.94523901873335,FAT_020,FAT_DON_19,1,Allogenic,1.5296409503708683,4.082450931084729,2.6688948998749806,29.66,42,15314.782948703874,109782.23960537752,2.8416478509707157,131625.3023140037,4.185110846075783,0.5419557366262203,22297.479798299897,15314.782948703874
1121130,6.016048184509463,FAT_020,FAT_DON_19,1,Allogenic,1.5296409503708683,4.082450931084729,2.6688948998749806,22.85,42,210.62705945806624,271.95458806958953,0.3686749726416458,4072.8094347597353,2.323514164657675,2.5121073104231866,1201.5277828563578,210.62705945806624
1121333,10.67579031821189,FAT_020,FAT_DON_19,1,Allogenic,1.5296409503708683,4.082450931084729,2.6688948998749806,27.95,42,455.4098582877108,2377.174479644001,2.384010370929324,21959.377893745383,2.6584024275826232,2.537990337106375,2644.926742693376,455.4098582877108
1122975,0.0,FAT_020,FAT_DON_19,1,Allogenic,1.5296409503708683,4.082450931084729,2.6688948998749806,18.97,42,4018.178767499248,1124.240841751964,-1.8375906189166784,624.2893502130884,3.60402925446584,-0.772685052390456,2351.948871612457,4018.178767499248
1122978,0.0,FAT_020,FAT_DON_19,1,Allogenic,1.5296409503708683,4.082450931084729,2.6688948998749806,28.87,42,9115.516252762412,2372.318147714187,-1.9420268645641303,9.500055329329603,3.9597812697410735,0.14987853480069355,10113.44703627761,9115.516252762412
1122988,0.0,FAT_020,FAT_DON_19,1,Allogenic,1.5296409503708683,4.082450931084729,2.6688948998749806,17.65,42,879.9169047630412,225.8194347363556,-1.962197634448188,111.28636242928968,2.944441661346973,0.7733906044831322,1504.0263037874033,879.9169047630412
1122992,0.0,FAT_020,FAT_DON_19,1,Allogenic,1.5296409503708683,4.082450931084729,2.6688948998749806,18.17,42,1067.7734713067218,432.2135417534548,-1.3047894316558937,165.5723928826017,3.028479126665902,0.8675327292531424,1948.1953408715706,1067.7734713067218
1122993,0.0,FAT_020,FAT_DON_19,1,Allogenic,1.5296409503708683,4.082450931084729,2.6688948998749806,18.4,42,1251.5638784014052,274.3827540344966,-2.1894702156424266,8.142904567996805,3.097453020407902,0.6413908153509423,1952.229606503551,1251.5638784014052
1123263,8.214917519617345,FAT_020,FAT_DON_19,1,Allogenic,1.5296409503708683,4.082450931084729,2.6688948998749806,14.87,42,459.4760177367082,1143.6661694712202,1.3156045305808288,5479.496198881184,2.662262848395861,-0.9603726997619537,236.13581321410402,459.4760177367082
1123313,3.0964519914788995,FAT_020,FAT_DON_19,1,Allogenic,1.5296409503708683,4.082450931084729,2.6688948998749806,26.01,42,940.096064608203,1653.581022101701,0.814713643781988,893.005200956983,2.9731722346609333,0.8221042905069392,1662.0737314618925,940.096064608203
1150460,11.848614208324904,FAT_020,FAT_DON_19,1,Allogenic,1.5296409503708683,4.082450931084729,2.6688948998749806,25.62,42,979.9444272083776,3127.47776280028,1.6742277852678888,16213.880145642972,2.99120144748731,2.6412045795905112,6113.406165632183,979.9444272083776
1160721,14.763434867431004,FAT_020,FAT_DON_19,1,Allogenic,1.5296409503708683,4.082450931084729,2.6688948998749806,26.89,42,2007.0563040251252,9003.639397875339,2.1654271877467086,137442.05047707606,3.302559555937627,1.4942339223860837,5654.169025308111,2007.0563040251252
1203465,9.791572004924468,FAT_020,FAT_DON_19,1,Allogenic,1.5296409503708683,4.082450931084729,2.6688948998749806,30.79,42,175.65808819668845,267.0982561397754,0.6046005496317866,27286.873207357294,2.2446681517273537,2.1302824137983207,769.0366854824886,175.65808819668845
1203606,6.175682172452197,FAT_020,FAT_DON_19,1,Allogenic,1.5296409503708683,4.082450931084729,2.6688948998749806,29.5,42,5773.946417576333,7347.630209808732,0.347721301207926,4225.488895409675,3.761472749295498,0.412739352519269,7686.341478205333,5773.946417576333
1203610,8.969851649056526,FAT_020,FAT_DON_19,1,Allogenic,1.5296409503708683,4.082450931084729,2.6688948998749806,30.83,42,357.0087996219733,378.7938905254997,0.0854534275974855,16269.523326857616,2.5526789208185443,2.263842731949367,1714.6026420533174,357.0087996219733
1203611,9.157134361700091,FAT_020,FAT_DON_19,1,Allogenic,1.5296409503708683,4.082450931084729,2.6688948998749806,24.03,42,3505.8426769255734,2219.343691925043,-0.6596281538498273,15098.980795208076,3.544792423430311,1.1408641421424799,7730.841177176526,3505.8426769255734
1235789,8.677207188000331,FAT_020,FAT_DON_19,1,Allogenic,1.5296409503708683,4.082450931084729,2.6688948998749806,30.99,42,474.9274236428984,458.9233673674323,-0.0494537963883489,14199.868415825094,2.676627247688822,2.2907604384474887,2323.8861763033383,474.9274236428984
1235815,0.0,FAT_020,FAT_DON_19,1,Allogenic,1.5296409503708683,4.082450931084729,2.6688948998749806,18.82,42,2190.033479230009,492.91769087613096,-2.1515342590459,4.7500276646648025,3.340450753987933,0.04501097601998691,2259.4378923604445,2190.033479230009
1256908,9.928232329020242,FAT_020,FAT_DON_19,1,Allogenic,1.5296409503708683,4.082450931084729,2.6688948998749806,29.47,42,18982.458771699545,68236.3199458179,1.8458729679812207,39276.62160835192,4.27835246529997,0.9833522468129068,37529.34527311704,18982.458771699545
1280705,0.0,FAT_020,FAT_DON_19,1,Allogenic,1.5296409503708683,4.082450931084729,2.6688948998749806,29.52,42,1471.949720537065,189.39694526274985,-2.958243424837724,6.107178425997604,3.167892975445608,0.6120702874074422,2249.802999264074,1471.949720537065
1322347,5.25218407342008,FAT_020,FAT_DON_19,1,Allogenic,1.5296409503708683,4.082450931084729,2.6688948998749806,25.09,42,6826.268482976865,30682.30513256548,2.1682378121315597,4076.202311663067,3.834183365451894,0.4992430239488641,9648.737488431392,6826.268482976865
1384484,5.668197655336412,FAT_020,FAT_DON_19,1,Allogenic,1.5296409503708683,4.082450931084729,2.6688948998749806,25.0,42,816.4848173586815,1515.1755621019988,0.8919870031820718,6170.2859363995785,2.9119481133854235,2.9200738853205617,6179.850122222438,816.4848173586815
1408437,8.354667050830532,FAT_020,FAT_DON_19,1,Allogenic,1.5296409503708683,4.082450931084729,2.6688948998749806,26.48,42,5526.72392307729,10798.05404594165,0.9662748904378834,3715.8787845292086,3.742467770773431,0.8882226272163339,10229.382646439804,5526.72392307729
1410647,9.468389166886087,FAT_020,FAT_DON_19,1,Allogenic,1.5296409503708683,4.082450931084729,2.6688948998749806,25.61,42,4554.911814766907,11451.230690501645,1.3300076283030002,5518.174995579168,3.658479973245164,0.2723104258848938,5501.1511721717725,4554.911814766907
1410665,0.0,FAT_020,FAT_DON_19,1,Allogenic,1.5296409503708683,4.082450931084729,2.6688948998749806,29.3,42,814.8583535790825,709.0244617528584,-0.2007138960445955,127.57217156528328,2.9110821221076497,1.4845135814585686,2280.159560869952,814.8583535790825
1437612,12.001327264900093,FAT_020,FAT_DON_19,1,Allogenic,1.5296409503708683,4.082450931084729,2.6688948998749806,25.15,42,52281.0517314292,128017.76600182948,1.2919839688589831,64692.66249121195,4.718344315644578,0.3112364697926495,64868.79473525715,52281.0517314292
1899017,0.0,FAT_020,FAT_DON_19,1,Allogenic,1.5296409503708683,4.082450931084729,2.6688948998749806,21.4,42,705104.5777317442,169.9716175434935,-12.018327671457827,107.21491014529126,5.848253534244739,-0.8829016197948651,382361.065773151,705104.5777317442
561,3.0742279095181977,FAT_012,FAT_DON_8,1,Allogenic,1.0569544491509806,4.465054673442375,4.224453264782619,31.07,42,1928.9643458317876,8.463296698257997,-7.832391017954666,149.37973240393328,3.2853242004009533,0.19065154962263428,2201.4865453324105,1928.9643458317876
818,3.6688592131262014,FAT_012,FAT_DON_8,1,Allogenic,1.0569544491509806,4.465054673442375,4.224453264782619,29.11,42,8877.545796067418,20973.459767733028,1.2403320643403437,36728.96138089416,3.948292921348541,-0.9070172231439438,4734.275538443235,8877.545796067418
904,2.302682706828116,FAT_012,FAT_DON_8,1,Allogenic,1.0569544491509806,4.465054673442375,4.224453264782619,23.81,42,1608.34095591865,1703.9437352492769,0.0833044189150855,876.0681953336557,3.206378121264126,0.33281411989841575,2025.6534794492563,1608.34095591865
195103,4.183426498012577,FAT_012,FAT_DON_8,1,Allogenic,1.0569544491509806,4.465054673442375,4.224453264782619,25.08,42,2408.2669287161925,221.4562636044176,-3.4429015994487435,246.03720631236064,3.3817046218066142,1.900339814999587,8990.087279731542,2408.2669287161925
205913,4.345067091155451,FAT_012,FAT_DON_8,1,Allogenic,1.0569544491509806,4.465054673442375,4.224453264782619,24.89,42,4537.049517548835,283.5204393916429,-4.000229755442496,34802.84153719168,3.656773519200084,0.9166835691677193,8564.909335171318,4537.049517548835
206672,4.570584714063623,FAT_012,FAT_DON_8,1,Allogenic,1.0569544491509806,4.465054673442375,4.224453264782619,25.09,42,4922.972986874017,80.40131863345098,-5.936166850348102,33153.5135505906,3.692227452737261,1.3336252740182557,12407.625114930623,4922.972986874017
213810,3.182802922508217,FAT_012,FAT_DON_8,1,Allogenic,1.0569544491509806,4.465054673442375,4.224453264782619,22.4,42,6751.375210411256,12971.412739530091,0.9420823099847544,8587.577204609644,3.829392244751229,-0.0731869412754602,6417.424679829623,6751.375210411256
218495,3.0081767987563004,FAT_012,FAT_DON_8,1,Allogenic,1.0569544491509806,4.465054673442375,4.224453264782619,21.99,42,660.1838028557675,11.28439559767733,-5.870466689814047,12.301860315618033,2.819664865016024,1.3678388005613962,1703.8265179550772,660.1838028557675
226185,3.163985376528648,FAT_012,FAT_DON_8,1,Allogenic,1.0569544491509806,4.465054673442375,4.224453264782619,20.24,42,1520.8388495065108,77.58021973403164,-4.293034618597239,217.91866844809087,3.1820831979597037,-0.2629046467530571,1267.4797026336355,1520.8388495065108
226186,3.110136968402626,FAT_012,FAT_DON_8,1,Allogenic,1.0569544491509806,4.465054673442375,4.224453264782619,29.11,42,4695.075709725982,17844.86108827699,1.9262883437625973,26445.484861345736,3.671642599807905,-1.1332652523538511,2140.4040586020933,4695.075709725982
264199,14.657343511600654,FAT_012,FAT_DON_8,1,Allogenic,1.0569544491509806,4.465054673442375,4.224453264782619,24.34,42,396246.1058786375,152.33934056864396,-11.34489248601363,2476.1887406722585,5.597965007203777,-0.32457452310491086,316415.92995207617,396246.1058786375
272559,0.0,FAT_012,FAT_DON_8,1,Allogenic,1.0569544491509806,4.465054673442375,4.224453264782619,30.39,42,1296.2065763290786,10304.063730129112,2.990845857749508,6927.704766309469,3.1126742205241564,-0.7174109849206026,788.3371534225644,1296.2065763290786
272623,0.0,FAT_012,FAT_DON_8,1,Allogenic,1.0569544491509806,4.465054673442375,4.224453264782619,26.74,42,515.2176265610292,1424.6549442067628,1.467358679714666,1782.8910414563566,2.7119907126344427,1.5881128268222715,1549.0317163420236,515.2176265610292
295405,2.728325838279285,FAT_012,FAT_DON_8,1,Allogenic,1.0569544491509806,4.465054673442375,4.224453264782619,30.39,42,2252.1997389214066,9157.287027515153,2.023585463176085,13143.65904292961,3.352606903792413,-0.022640038876299295,2217.1321163191046,2252.1997389214066
326426,0.0,FAT_012,FAT_DON_8,1,Allogenic,1.0569544491509806,4.465054673442375,4.224453264782619,25.0,42,160.6381953536289,80.40131863345098,-0.9985238990855309,2513.0943216191126,2.205848816528402,2.6842587131209346,1032.5027220813336,160.6381953536289
334413,2.580878885982132,FAT_012,FAT_DON_8,1,Allogenic,1.0569544491509806,4.465054673442375,4.224453264782619,14.89,42,820.8219982093963,241.20395590035287,-1.7668158274456425,189.80013058382107,2.91424898711098,-1.2510349850525868,344.86564359444935,820.8219982093963
339860,0.0,FAT_012,FAT_DON_8,1,Allogenic,1.0569544491509806,4.465054673442375,4.224453264782619,18.53,42,0.6530007941204427,2.8210988994193325,2.111100592088967,1295.2101503729273,-0.1850862905749773,0.703837104081702,1.0636280690780036,0.6530007941204427
347253,8.884321283988312,FAT_012,FAT_DON_8,1,Allogenic,1.0569544491509806,4.465054673442375,4.224453264782619,25.68,42,45604.92246057759,433.03868106086753,-6.7185498437642766,6032.305076194128,4.6590117216576,0.727026448100907,75486.36108722237,45604.92246057759
349741,0.0,FAT_012,FAT_DON_8,1,Allogenic,1.0569544491509806,4.465054673442375,4.224453264782619,28.37,42,374.82245582513406,223306.9044824367,9.21860475530206,16505.581726326367,2.573825601822996,1.142800620528324,827.6426596702904,374.82245582513406
367928,12.01006064921572,FAT_012,FAT_DON_8,1,Allogenic,1.0569544491509806,4.465054673442375,4.224453264782619,25.27,42,102598.1787706157,32982.877782561125,-1.6372159360843714,88892.36393634764,5.011139651644297,0.7884041895715047,177203.77170272215,102598.1787706157
391904,2.36858941689178,FAT_012,FAT_DON_8,1,Allogenic,1.0569544491509806,4.465054673442375,4.224453264782619,26.99,42,1219.1524826228665,293.3942855396106,-2.0549659019961424,7161.4401123062125,3.0860580273741007,0.779618441103585,2092.8907730809347,1219.1524826228665
398513,0.0,FAT_012,FAT_DON_8,1,Allogenic,1.0569544491509806,4.465054673442375,4.224453264782619,25.15,42,170.43320726543553,117.0756043259023,-0.5417659731339922,19717.245973010933,2.231554216763304,2.4972955279431948,962.3101769379277,170.43320726543553
409438,3.912420704065733,FAT_012,FAT_DON_8,1,Allogenic,1.0569544491509806,4.465054673442375,4.224453264782619,31.07,42,2588.4951478934345,31.032087893612665,-6.382209036460223,83.47690928455094,3.4130473552382603,0.08899970134112278,2753.20744297085,2588.4951478934345
411459,7.241694130836384,FAT_012,FAT_DON_8,1,Allogenic,1.0569544491509806,4.465054673442375,4.224453264782619,29.69,42,159237.50865024052,40526.49623960842,-1.9742428488510664,55291.5898928535,5.202045374212757,-0.2367566990849906,135137.07238379598,159237.50865024052
411460,3.891974939320538,FAT_012,FAT_DON_8,1,Allogenic,1.0569544491509806,4.465054673442375,4.224453264782619,29.93,42,5295.83644031679,14201.41185967692,1.4231038941453116,14591.763742939504,3.7239345636361785,-1.1496319972993907,2387.0463310825994,5295.83644031679
411461,12.635273570136174,FAT_012,FAT_DON_8,1,Allogenic,1.0569544491509806,4.465054673442375,4.224453264782619,31.07,42,124915.78691127009,157839.07287306193,0.3374985700965511,52014.90152735782,5.096617328167489,0.5649553147858535,184793.13109873328,124915.78691127009
411462,10.70104029492556,FAT_012,FAT_DON_8,1,Allogenic,1.0569544491509806,4.465054673442375,4.224453264782619,28.31,42,181877.6991831904,130025.85882368677,-0.4841700917128871,136704.42275730538,5.259779451590006,0.25789187928962,217476.65418871256,181877.6991831904
411463,7.264157390543469,FAT_012,FAT_DON_8,1,Allogenic,1.0569544491509806,4.465054673442375,4.224453264782619,26.73,42,66199.26150554811,18479.60834064634,-1.8408809425491008,13832.56322060422,4.820853144638275,-0.30962889271116567,53412.826479703705,66199.26150554811
411464,6.55977311966666,FAT_012,FAT_DON_8,1,Allogenic,1.0569544491509806,4.465054673442375,4.224453264782619,28.1,42,19595.247829966243,97123.38235975908,2.3093148454147454,695.0551078324188,4.292150760567689,0.3577004911748626,25108.99544325384,19595.247829966243
411466,3.974181278953394,FAT_012,FAT_DON_8,1,Allogenic,1.0569544491509806,4.465054673442375,4.224453264782619,23.67,42,3898.4147408990425,2214.562636044176,-0.8158657802842105,1585.1825720982094,3.5908880405543915,-0.40761375693248963,2938.895020786185,3898.4147408990425
411467,4.717332776118759,FAT_012,FAT_DON_8,1,Allogenic,1.0569544491509806,4.465054673442375,4.224453264782619,27.37,42,38056.88628133939,71637.57490240483,0.9125589708237564,46368.34764248915,4.580433252522975,0.38206946378706536,49596.1107983791,38056.88628133939
411468,4.211043162312111,FAT_012,FAT_DON_8,1,Allogenic,1.0569544491509806,4.465054673442375,4.224453264782619,27.59,42,7794.870479415723,8519.718676246384,0.1282807418865152,5483.114883532609,3.891808903291073,1.1323240478646752,17087.25916577228,7794.870479415723
411469,12.669452248863328,FAT_012,FAT_DON_8,1,Allogenic,1.0569544491509806,4.465054673442375,4.224453264782619,29.85,42,215388.39393586328,45244.78414888726,-2.2511171213115184,148561.65869294465,5.333222297915493,-0.3368111205227805,170542.27330244088,215388.39393586328
411470,6.302823673204743,FAT_012,FAT_DON_8,1,Allogenic,1.0569544491509806,4.465054673442375,4.224453264782619,31.06,42,21038.37958497242,15444.105924871135,-0.445967235572992,10885.388970705442,4.323012286603101,-0.40931134888627424,15841.536160737176,21038.37958497242
411471,6.598243069029875,FAT_012,FAT_DON_8,1,Allogenic,1.0569544491509806,4.465054673442375,4.224453264782619,28.72,42,63143.87078985856,149127.51947165505,1.2398319048006363,47437.73078563965,4.800331201109407,-0.6753181803073666,39540.319315384375,63143.87078985856
411473,5.526972886051985,FAT_012,FAT_DON_8,1,Allogenic,1.0569544491509806,4.465054673442375,4.224453264782619,29.04,42,14691.21186612172,16452.648781413547,0.1633664606832065,12434.544666165057,4.167057621866605,-0.20806975942496536,12718.104323952537,14691.21186612172
411474,3.074898645104068,FAT_012,FAT_DON_8,1,Allogenic,1.0569544491509806,4.465054673442375,4.224453264782619,27.02,42,14769.571961416172,110873.41839552888,2.908213603773289,15086.474268489,4.169367909158348,0.26554648371929085,17754.37407548577,14769.571961416172
411475,6.420988400137088,FAT_012,FAT_DON_8,1,Allogenic,1.0569544491509806,4.465054673442375,4.224453264782619,28.82,42,21543.149198827523,45632.68524755741,1.082838391540372,30012.145648566708,4.333309189198915,-0.39179321723957417,16419.793035167993,21543.149198827523
411476,3.619937054337636,FAT_012,FAT_DON_8,1,Allogenic,1.0569544491509806,4.465054673442375,4.224453264782619,29.68,42,6763.782225499545,12615.954278203257,0.8993472218013091,61401.22094817438,3.830189616106898,-0.8267457797417523,3813.417345251809,6763.782225499545
411477,6.90084903862621,FAT_012,FAT_DON_8,1,Allogenic,1.0569544491509806,4.465054673442375,4.224453264782619,29.89,42,26103.706744964693,149044.29705412217,2.513414583747169,113355.49187826236,4.416702181843295,1.014716090796209,52742.676180068636,26103.706744964693
411479,8.30837203251793,FAT_012,FAT_DON_8,1,Allogenic,1.0569544491509806,4.465054673442375,4.224453264782619,30.29,42,46141.03611255047,34352.521298229214,-0.4256344112701975,12013.645302509269,4.66408734252385,0.22378433266985134,53883.17017892897,46141.03611255047
411483,11.049668995107297,FAT_012,FAT_DON_8,1,Allogenic,1.0569544491509806,4.465054673442375,4.224453264782619,28.13,42,292446.4056468402,192286.10098442173,-0.60491777341794,300473.8169132787,5.466046287975504,0.5712706244795713,434526.11393706774,292446.4056468402
411484,10.257856835093351,FAT_012,FAT_DON_8,1,Allogenic,1.0569544491509806,4.465054673442375,4.224453264782619,27.82,42,94086.31341925576,11168.73054280114,-3.074519655819939,35408.268805581734,4.973526451920298,1.0083217197542225,189261.17623298272,94086.31341925576
411485,8.5942366868474,FAT_012,FAT_DON_8,1,Allogenic,1.0569544491509806,4.465054673442375,4.224453264782619,29.4,42,152303.29321747556,165654.92737390322,0.1212339795329,221408.88196049337,5.182709294082691,0.037664292271887764,156331.81708123244,152303.29321747556
411486,8.153340581860274,FAT_012,FAT_DON_8,1,Allogenic,1.0569544491509806,4.465054673442375,4.224453264782619,26.21,42,65217.14831119096,64061.513808014206,-0.025793468923619,63984.61161445417,4.814361804899404,0.4133553390592231,86854.86724601671,65217.14831119096
411487,10.57157870896478,FAT_012,FAT_DON_8,1,Allogenic,1.0569544491509806,4.465054673442375,4.224453264782619,31.0,42,141155.91666104548,22194.9955911816,-2.668983274551627,43336.81777899755,5.149699086658565,-0.561327894668177,95658.27675341452,141155.91666104548
411489,5.8805191189933606,FAT_012,FAT_DON_8,1,Allogenic,1.0569544491509806,4.465054673442375,4.224453264782619,27.23,42,19615.49085458397,46202.54722524012,1.2359789544594806,298649.6267693342,4.29259918031006,0.5855494273181918,29435.20886979791,19615.49085458397
411490,3.709095392326722,FAT_012,FAT_DON_8,1,Allogenic,1.0569544491509806,4.465054673442375,4.224453264782619,30.71,42,4123.047014076475,2972.027690538267,-0.4722633544067113,6849.50008287447,3.615218286981221,-0.8629284468075236,2266.996973750379,4123.047014076475
411901,0.0,FAT_012,FAT_DON_8,1,Allogenic,1.0569544491509806,4.465054673442375,4.224453264782619,29.11,42,1377.831675594134,13647.065925941022,3.308119254413555,5006.857148456539,3.139196164722715,-1.2085949318413183,596.1737333097956,1377.831675594134
411902,4.757210062271478,FAT_012,FAT_DON_8,1,Allogenic,1.0569544491509806,4.465054673442375,4.224453264782619,31.82,42,11450.36892490196,23358.698887192077,1.0285658343354802,13396.725883708035,4.058819479642544,-0.2884389896370821,9375.419125396611,11450.36892490196
411903,13.965962979599109,FAT_012,FAT_DON_8,1,Allogenic,1.0569544491509806,4.465054673442375,4.224453264782619,26.62,42,247157.53557061692,242479.09260289048,-0.0275705349468647,27790.781157289395,5.392973856175903,-0.0019768952027176055,246819.092640515,247157.53557061692
420247,4.0295819045008665,FAT_012,FAT_DON_8,1,Allogenic,1.0569544491509806,4.465054673442375,4.224453264782619,18.18,42,9223.636216951252,13847.363947799791,0.5862038450110858,55844.29490274806,3.9649021659164982,-0.1613801268334168,8247.492077483419,9223.636216951252
428125,3.436784601650995,FAT_012,FAT_DON_8,1,Allogenic,1.0569544491509806,4.465054673442375,4.224453264782619,26.43,42,10017.68518260171,34568.33536403479,1.786901953333478,53981.44176924019,4.000767379359164,0.8399846979738165,17931.968584741247,10017.68518260171
428126,2.5086618330753554,FAT_012,FAT_DON_8,1,Allogenic,1.0569544491509806,4.465054673442375,4.224453264782619,27.15,42,2186.899659509362,425.9859338123192,-2.3600093292926694,236.3714589215179,3.339828856964889,-0.27977697973850973,1801.3893630485393,2186.899659509362
428127,4.529732399830797,FAT_012,FAT_DON_8,1,Allogenic,1.0569544491509806,4.465054673442375,4.224453264782619,17.97,42,7158.194705148291,13168.889662489446,0.8794660184476712,6889.920481054357,3.854803507161204,0.13974054408737963,7886.232969421891,7158.194705148291
428128,7.270023578487769,FAT_012,FAT_DON_8,1,Allogenic,1.0569544491509806,4.465054673442375,4.224453264782619,26.14,42,39747.50533731722,92804.27994474808,1.223327025317528,24269.81299409786,4.59930987633247,-0.10188316937006019,37037.35688094098,39747.50533731722
435590,10.566972517249484,FAT_012,FAT_DON_8,1,Allogenic,1.0569544491509806,4.465054673442375,4.224453264782619,30.99,42,130714.4339630596,297788.14707545616,1.187867873605709,144553.88834297794,5.116323546604231,-0.5169538109357571,91349.24097685615,130714.4339630596
435591,5.159881249301004,FAT_012,FAT_DON_8,1,Allogenic,1.0569544491509806,4.465054673442375,4.224453264782619,30.59,42,13892.591894912415,17067.64834148696,0.2969485076775993,30083.32069753564,4.142783278181648,-0.3888341425000559,10610.41908904528,13892.591894912415
442563,0.0,FAT_012,FAT_DON_8,1,Allogenic,1.0569544491509806,4.465054673442375,4.224453264782619,24.15,42,105.7861286475117,128.35999992357964,0.2790452294030391,1118.5905844129825,2.0244287239676537,0.27151025235556725,127.69134280961477,105.7861286475117
445970,9.442469466038393,FAT_012,FAT_DON_8,1,Allogenic,1.0569544491509806,4.465054673442375,4.224453264782619,17.81,42,108340.01475331676,638638.9583010988,2.559434370600165,148502.78550429133,5.034788890391701,-0.5969009825818441,71631.45787367964,108340.01475331676
445972,4.857827250573544,FAT_012,FAT_DON_8,1,Allogenic,1.0569544491509806,4.465054673442375,4.224453264782619,25.15,42,13273.547142086238,55775.94634041963,2.071089127335296,19847.29421063318,4.122986996593053,0.6703190921681561,21123.853652346865,13273.547142086238
445973,7.321775306528968,FAT_012,FAT_DON_8,1,Allogenic,1.0569544491509806,4.465054673442375,4.224453264782619,29.52,42,16321.754849040462,2381.007471109917,-2.7771521257747325,1293.4527417564104,4.212766850513631,0.7566031991517927,27575.73572253844,16321.754849040462
445975,2.9178105276418345,FAT_012,FAT_DON_8,1,Allogenic,1.0569544491509806,4.465054673442375,4.224453264782619,20.24,42,2052.381495920551,2998.8281300827502,0.547099916821321,884.85523841624,3.3122580904426027,-0.438256030278798,1514.711349565321,2052.381495920551
449673,4.603373271205311,FAT_012,FAT_DON_8,1,Allogenic,1.0569544491509806,4.465054673442375,4.224453264782619,29.11,42,7376.94997117864,10112.229004968598,0.4550046839923945,98298.0148519459,3.8678768381805257,-0.7803503308853168,4295.04760179555,7376.94997117864
451640,3.8434294138497984,FAT_012,FAT_DON_8,1,Allogenic,1.0569544491509806,4.465054673442375,4.224453264782619,25.98,42,6925.073421647295,50973.02546415821,2.8798327135942654,123176.76993166684,3.8404243822776034,0.578434687214975,10340.715117641108,6925.073421647295
457387,4.424926944187535,FAT_012,FAT_DON_8,1,Allogenic,1.0569544491509806,4.465054673442375,4.224453264782619,29.03,42,20865.334374530503,18868.919988766203,-0.1450961915613499,18968.589902374748,4.319425348829655,-1.0640474131274802,9979.646562750604,20865.334374530503
457388,4.435623643509803,FAT_012,FAT_DON_8,1,Allogenic,1.0569544491509806,4.465054673442375,4.224453264782619,30.59,42,16572.507153982715,18717.991197647272,0.1756337385141748,28173.01753138181,4.2193882151648765,-0.5581731935506136,11255.410557009985,16572.507153982715
457390,3.8369563078882414,FAT_012,FAT_DON_8,1,Allogenic,1.0569544491509806,4.465054673442375,4.224453264782619,29.68,42,9521.404579070171,5726.830765821245,-0.7334374419367448,49025.54947066264,3.978701019387026,-1.0837603325275607,4492.174840883962,9521.404579070171
457391,5.647835035403059,FAT_012,FAT_DON_8,1,Allogenic,1.0569544491509806,4.465054673442375,4.224453264782619,30.88,42,36594.16450250961,22207.690536228987,-0.7205542378899731,97449.18649016824,4.563411836038759,-0.5359250792252943,25239.590927123274,36594.16450250961
457392,0.0,FAT_012,FAT_DON_8,1,Allogenic,1.0569544491509806,4.465054673442375,4.224453264782619,30.19,42,619.0447528261797,7234.708127560879,3.546819199168026,9781.736359532852,2.791722046763089,1.0334035777489463,1267.0901688017047,619.0447528261797
457393,8.152525168339924,FAT_012,FAT_DON_8,1,Allogenic,1.0569544491509806,4.465054673442375,4.224453264782619,29.75,42,90997.61966306604,92953.7981864173,0.0306850088789987,9140.282214504196,4.959030032093444,0.6710436770495661,144888.63044430522,90997.61966306604
457394,7.38047871614571,FAT_012,FAT_DON_8,1,Allogenic,1.0569544491509806,4.465054673442375,4.224453264782619,30.99,42,78582.11556445407,166392.64473610136,1.0823187483794372,100798.80731324936,4.89532371658066,0.31658034318275746,97864.21028548726,78582.11556445407
457395,5.47471716423803,FAT_012,FAT_DON_8,1,Allogenic,1.0569544491509806,4.465054673442375,4.224453264782619,30.99,42,36907.60488368742,20304.859328570645,-0.8620930846815376,101468.37999614232,4.567115862601543,-0.6139321594939537,24115.921820524567,36907.60488368742
457400,5.569843316724684,FAT_012,FAT_DON_8,1,Allogenic,1.0569544491509806,4.465054673442375,4.224453264782619,31.07,42,5778.404027171798,14.105494497096664,-8.678270027281933,57.11578003679801,3.7618079045273496,0.39286777047803106,7587.048980111548,5778.404027171798
457401,6.063110609336263,FAT_012,FAT_DON_8,1,Allogenic,1.0569544491509806,4.465054673442375,4.224453264782619,31.07,42,7141.869685295281,29.621538443902992,-7.913511428345875,47.45003264595527,3.853811921539555,0.41168666455333564,9500.401430604566,7141.869685295281
457412,10.939946571837565,FAT_012,FAT_DON_8,1,Allogenic,1.0569544491509806,4.465054673442375,4.224453264782619,30.36,42,366595.2988200106,61896.32040270986,-2.566262732905221,95827.97704143144,5.564186891314635,-0.38741518657945945,280261.4079081694,366595.2988200106
457421,3.230973819695663,FAT_012,FAT_DON_8,1,Allogenic,1.0569544491509806,4.465054673442375,4.224453264782619,31.17,42,4815.880856638264,17163.56570406722,1.833477695789536,17081.13304823564,3.682675734075224,-0.8193679814723501,2729.1122207126505,4815.880856638264
457424,4.696282280742958,FAT_012,FAT_DON_8,1,Allogenic,1.0569544491509806,4.465054673442375,4.224453264782619,30.39,42,10681.13398942808,3622.290986854423,-1.5600904714784452,14459.07939239248,4.028617363105202,-0.5116506738038362,7491.955049036243,10681.13398942808
469585,0.0,FAT_012,FAT_DON_8,1,Allogenic,1.0569544491509806,4.465054673442375,4.224453264782619,29.25,42,2061.5235070382373,16712.189880160127,3.0191179720648305,32510.301996945425,3.31418829131724,-0.7182415219708649,1253.0720673039125,2061.5235070382373
469588,3.693548093339736,FAT_012,FAT_DON_8,1,Allogenic,1.0569544491509806,4.465054673442375,4.224453264782619,28.94,42,7880.413583445502,6303.745490752499,-0.3220620596627246,6392.573842580085,3.8965490109279735,-1.047375709419355,3812.918352551834,7880.413583445502
469589,3.3633014039789906,FAT_012,FAT_DON_8,1,Allogenic,1.0569544491509806,4.465054673442375,4.224453264782619,30.59,42,5013.087096462638,10308.29537847824,1.0400345779558533,43474.77435539413,3.7001052500318714,-0.7500766486764822,2980.6410594896497,5013.087096462638
469590,3.9854810197865502,FAT_012,FAT_DON_8,1,Allogenic,1.0569544491509806,4.465054673442375,4.224453264782619,29.52,42,11165.007577871327,9333.605708728865,-0.258477802224388,41253.40986411682,4.0478590221702495,-0.9007524215199499,5980.059768526331,11165.007577871327
469591,4.511584863329791,FAT_012,FAT_DON_8,1,Allogenic,1.0569544491509806,4.465054673442375,4.224453264782619,30.59,42,17706.769533369923,16125.401309080906,-0.1349659622659441,65440.62465323839,4.248139334662428,-0.7639883804040803,10426.916983769122,17706.769533369923
469592,4.948200299662957,FAT_012,FAT_DON_8,1,Allogenic,1.0569544491509806,4.465054673442375,4.224453264782619,30.59,42,13710.404673352812,22211.922184578118,0.6960630928101238,30473.465410402383,4.137050273521125,-0.3229608730529037,10960.474684447325,13710.404673352812
469593,7.31653403748046,FAT_012,FAT_DON_8,1,Allogenic,1.0569544491509806,4.465054673442375,4.224453264782619,30.99,42,87530.83844708062,170524.14407430097,0.9621127261410112,95292.84611770208,4.942161088540568,-0.15545938098212492,78589.2513685202,87530.83844708062
469596,4.699176017694132,FAT_012,FAT_DON_8,1,Allogenic,1.0569544491509806,4.465054673442375,4.224453264782619,28.15,42,26195.779856935675,6808.722193748559,-1.9438784368049893,14242.918132560906,4.418231332065216,0.02819749928632829,26712.81307538916,26195.779856935675
469610,2.9461191850281883,FAT_012,FAT_DON_8,1,Allogenic,1.0569544491509806,4.465054673442375,4.224453264782619,25.27,42,2395.859913627904,1173.5771421584425,-1.029630879018483,1919.968913544672,3.3794614211809706,-1.0317382627385796,1171.8641176770166,2395.859913627904
470145,3.95018056852538,FAT_012,FAT_DON_8,1,Allogenic,1.0569544491509806,4.465054673442375,4.224453264782619,28.33,42,6554.168970586883,5330.466370452829,-0.2981511048958019,18075.82632518418,3.81651763357482,-0.9745919200657801,3335.3102037045396,6554.168970586883
470146,9.662781101322702,FAT_012,FAT_DON_8,1,Allogenic,1.0569544491509806,4.465054673442375,4.224453264782619,28.01,42,217237.6921848124,86760.07555274216,-1.324171227591447,127704.73323212254,5.336935180436531,0.29769175219841093,267023.40359661746,217237.6921848124
471870,3.653580804003929,FAT_012,FAT_DON_8,1,Allogenic,1.0569544491509806,4.465054673442375,4.224453264782619,30.58,42,5082.958181433525,2950.8694487926223,-0.7845282664452025,18730.461034836717,3.706116536685318,-0.7286220882267602,3067.463704135061,5082.958181433525
471872,3.425127618501413,FAT_012,FAT_DON_8,1,Allogenic,1.0569544491509806,4.465054673442375,4.224453264782619,26.78,42,6284.47964261514,53.60087908896732,-6.873392821643524,62.3880058863486,3.798269323756811,1.0180928468707076,12727.579224341931,6284.47964261514
471875,6.966814656759508,FAT_012,FAT_DON_8,1,Allogenic,1.0569544491509806,4.465054673442375,4.224453264782619,29.18,42,32461.975477315445,16140.917353027711,-1.0080282228454274,12494.29655912663,4.5113749453359215,0.22452177328549222,37928.2437861335,32461.975477315445
473819,0.0,FAT_012,FAT_DON_8,1,Allogenic,1.0569544491509806,4.465054673442375,4.224453264782619,25.41,42,853.4720379154185,327.2474723326426,-1.382961838578893,1885.699445522593,2.931189297005566,-0.05178950905550701,823.3777014018415,853.4720379154185
476272,5.26577166764416,FAT_012,FAT_DON_8,1,Allogenic,1.0569544491509806,4.465054673442375,4.224453264782619,29.6,42,11104.278504018126,11809.119992969325,0.0887858027494723,14460.836801008998,4.045490345693763,-0.6400751237479472,7125.388261350832,11104.278504018126
478749,3.220257082785018,FAT_012,FAT_DON_8,1,Allogenic,1.0569544491509806,4.465054673442375,4.224453264782619,29.95,42,3860.540694840057,5479.9846121220535,0.5053689212378889,2905.875147410631,3.586648134811792,-0.8698833843229672,2112.4534294828745,3860.540694840057
479437,3.003981139744368,FAT_012,FAT_DON_8,1,Allogenic,1.0569544491509806,4.465054673442375,4.224453264782619,24.48,42,1478.393797888682,4060.971865714129,1.45779442282052,4129.910248814625,3.1697901319412565,0.3577690779172228,1894.4770822182197,1478.393797888682
483215,3.757103651809635,FAT_012,FAT_DON_8,1,Allogenic,1.0569544491509806,4.465054673442375,4.224453264782619,28.86,42,6812.104284264457,19921.189878249617,1.5481313950678044,8939.058927913016,3.833281287812868,-1.149502212531752,3070.7654228435113,6812.104284264457
483216,4.279510844288956,FAT_012,FAT_DON_8,1,Allogenic,1.0569544491509806,4.465054673442375,4.224453264782619,29.11,42,4360.086302342195,6820.006589346236,0.6454164415601916,117346.56684637217,3.639495085658505,-1.1373466581587603,1982.0729110947514,4360.086302342195
483217,6.362813681743174,FAT_012,FAT_DON_8,1,Allogenic,1.0569544491509806,4.465054673442375,4.224453264782619,30.63,42,37558.64667542549,21077.840427011542,-0.833418020008172,96733.9211832459,4.574709935245201,-0.7416350033735176,22462.36879653033,37558.64667542549
483218,5.230759403560846,FAT_012,FAT_DON_8,1,Allogenic,1.0569544491509806,4.465054673442375,4.224453264782619,28.19,42,55246.47918576593,34854.67690232585,-0.6645302715085059,43205.01213275879,4.74230460599668,-0.48785940259030425,39395.28912530101,55246.47918576593
484018,3.433745221477173,FAT_012,FAT_DON_8,1,Allogenic,1.0569544491509806,4.465054673442375,4.224453264782619,30.12,42,5882.884154231067,99376.0298309454,4.078302373879778,3775.792412586477,3.769590296343666,-0.9317828972853203,3083.867391546269,5882.884154231067
484020,0.0,FAT_012,FAT_DON_8,1,Allogenic,1.0569544491509806,4.465054673442375,4.224453264782619,25.15,42,255.9763112952135,300.44703278815894,0.2311003681995976,17924.68918416373,2.40819977644548,2.4768425374695453,1424.963285390956,255.9763112952135
500632,4.366743398365109,FAT_012,FAT_DON_8,1,Allogenic,1.0569544491509806,4.465054673442375,4.224453264782619,27.33,42,33314.79451443674,34561.282616786244,0.0529937637999892,34556.80433087931,4.522637138885216,0.6059868521956988,50705.76722458365,33314.79451443674
502558,0.0,FAT_012,FAT_DON_8,1,Allogenic,1.0569544491509806,4.465054673442375,4.224453264782619,24.43,42,320.6233899131373,1689.83824075218,2.39793357056306,2473.552627747483,2.505995201547991,1.4985760674482316,905.9652683968586,320.6233899131373
511145,7.29897127801524,FAT_012,FAT_DON_8,1,Allogenic,1.0569544491509806,4.465054673442375,4.224453264782619,31.07,42,7563.055197502966,22.56879119535466,-8.388496189400787,35.14817233033724,3.8786972700223776,0.9284033039479701,14393.768469716408,7563.055197502966
511680,4.115433044506302,FAT_012,FAT_DON_8,1,Allogenic,1.0569544491509806,4.465054673442375,4.224453264782619,26.86,42,25659.013204168677,12242.158674030195,-1.06760771569338,26608.923862681808,4.409239950237468,1.6157173566480332,78635.62430682746,25659.013204168677
515619,10.974514167395997,FAT_012,FAT_DON_8,1,Allogenic,1.0569544491509806,4.465054673442375,4.224453264782619,29.62,42,613507.3060920383,429643.4885354164,-0.5139404942756144,939036.1460634548,5.787819738988961,0.0021517247342233634,614423.0115848073,613507.3060920383
515620,13.484802690409968,FAT_012,FAT_DON_8,1,Allogenic,1.0569544491509806,4.465054673442375,4.224453264782619,31.6,42,144949.85127488527,31019.39294856527,-2.2243114949976905,75208.3017438391,5.161217774085429,0.2255594334389699,169479.79474314128,144949.85127488527
518635,3.00920416965335,FAT_012,FAT_DON_8,1,Allogenic,1.0569544491509806,4.465054673442375,4.224453264782619,25.8,42,1507.1258328299814,641.7999996178982,-1.2316041814704564,1984.9930323557955,3.1781495139087164,-0.5378352728321375,1038.1137994138328,1507.1258328299814
518636,6.086816238189283,FAT_012,FAT_DON_8,1,Allogenic,1.0569544491509806,4.465054673442375,4.224453264782619,28.81,42,13730.647697970548,21139.904602798768,0.6225691848777493,9036.595106129704,4.137691024128229,-0.19720516588616646,11976.401690729846,13730.647697970548
518637,12.259908537110288,FAT_012,FAT_DON_8,1,Allogenic,1.0569544491509806,4.465054673442375,4.224453264782619,18.67,42,119452.78226765843,3692.8184593399055,-5.015574306159975,192465.2407507689,5.077196269694261,-0.45630145422409496,87063.44444170884,119452.78226765843
521003,2.661462795813048,FAT_012,FAT_DON_8,1,Allogenic,1.0569544491509806,4.465054673442375,4.224453264782619,19.03,42,1343.2226335057503,1988.8747240906296,0.5662539608501894,1217.0054669379267,3.1281480011197464,-0.27073263466532405,1113.3952323247522,1343.2226335057503
525259,3.7365526668495055,FAT_012,FAT_DON_8,1,Allogenic,1.0569544491509806,4.465054673442375,4.224453264782619,27.86,42,2451.3649811281416,2990.364833384492,0.2867362067086546,6364.455304715815,3.3894079777103503,1.0317266840377446,5011.741436007027,2451.3649811281416
525362,2.7265217173444447,FAT_012,FAT_DON_8,1,Allogenic,1.0569544491509806,4.465054673442375,4.224453264782619,22.5,42,1877.3772830962723,843.5085709263805,-1.1542439744320274,1167.7980256754547,3.273551558450672,-0.07962443235723898,1776.5695573461587,1877.3772830962723
536231,8.977389681500876,FAT_012,FAT_DON_8,1,Allogenic,1.0569544491509806,4.465054673442375,4.224453264782619,31.15,42,210298.2527456944,52321.51073808065,-2.006960760434019,91078.58025529464,5.322835664383631,-0.3988162981065919,159507.0914424397,210298.2527456944
537006,0.0,FAT_012,FAT_DON_8,1,Allogenic,1.0569544491509806,4.465054673442375,4.224453264782619,29.51,42,1592.0159360656392,4832.542414705317,1.6019276175527546,5071.002562959405,3.201947410707385,-0.565004000102407,1076.1288114171452,1592.0159360656392
537007,6.534665125692834,FAT_012,FAT_DON_8,1,Allogenic,1.0569544491509806,4.465054673442375,4.224453264782619,29.22,42,20130.05548035089,12490.415377179095,-0.6885296929304328,8832.735706613747,4.303844971847275,0.0754399752142609,21210.683679215344,20130.05548035089
537011,4.139884929922928,FAT_012,FAT_DON_8,1,Allogenic,1.0569544491509806,4.465054673442375,4.224453264782619,28.14,42,5730.081968406884,1983201.4942038967,8.435059771392087,1427.89450091995,3.758160834562884,-0.5101171144762539,4023.4655006382313,5730.081968406884
537012,4.5335713730399565,FAT_012,FAT_DON_8,1,Allogenic,1.0569544491509806,4.465054673442375,4.224453264782619,29.72,42,26580.397324672616,2221.6153832927243,-3.580681693054576,288364.39284116926,4.424561468503747,-0.9609871103972223,13654.49122934653,26580.397324672616
537013,2.474513513917779,FAT_012,FAT_DON_8,1,Allogenic,1.0569544491509806,4.465054673442375,4.224453264782619,26.93,42,2099.397553097223,9051.495818786929,2.1081808377598583,20214.592611485205,3.322094686685264,-0.34656760037800205,1651.07744045327,2099.397553097223
537937,4.702945573875301,FAT_012,FAT_DON_8,1,Allogenic,1.0569544491509806,4.465054673442375,4.224453264782619,25.23,42,6264.889618791526,148.10769221951497,-5.402570614446398,39559.26795779456,3.796913423554901,0.8242298719454412,11092.54855292944,6264.889618791526
545696,5.735849146030608,FAT_012,FAT_DON_8,1,Allogenic,1.0569544491509806,4.465054673442375,4.224453264782619,17.82,42,21375.327994738567,28065.70240087323,0.3928616084370299,40455.54635221816,4.329912787503703,0.1667537053452396,23994.442000026636,21375.327994738567
545697,3.4934034226129413,FAT_012,FAT_DON_8,1,Allogenic,1.0569544491509806,4.465054673442375,4.224453264782619,30.0,42,1517.5738455359087,964.8158236014116,-0.6534412464296636,393.659530099777,3.181149833143316,1.0158482330732483,3068.673071897424,1517.5738455359087
547042,4.308653365607138,FAT_012,FAT_DON_8,1,Allogenic,1.0569544491509806,4.465054673442375,4.224453264782619,28.24,42,8813.551718243614,25624.041303425794,1.539702604597888,8914.455207281782,3.945150957310252,-0.48176279875034567,6311.402886128274,8813.551718243614
547043,3.087155009159515,FAT_012,FAT_DON_8,1,Allogenic,1.0569544491509806,4.465054673442375,4.224453264782619,24.99,42,2712.5652987763187,1794.2189000306953,-0.5963019534713249,44563.48899332632,3.433380201624103,-0.5703512345845805,1826.7847268257242,2712.5652987763187
548480,4.752339534806139,FAT_012,FAT_DON_8,1,Allogenic,1.0569544491509806,4.465054673442375,4.224453264782619,25.09,42,6255.74760767384,1891.546812060663,-1.7256158266301012,33640.31573736577,3.796279218503567,1.8388868752254164,22378.9304503258,6255.74760767384
552396,5.252239650565317,FAT_012,FAT_DON_8,1,Allogenic,1.0569544491509806,4.465054673442375,4.224453264782619,23.33,42,10963.88333328223,17983.094934348537,0.7138824519083444,11009.286278169882,4.039964405563072,1.3186764512042453,27348.000045545672,10963.88333328223
552398,5.932063176444112,FAT_012,FAT_DON_8,1,Allogenic,1.0569544491509806,4.465054673442375,4.224453264782619,29.38,42,59643.13353257887,111644.9889445201,0.9044905378479304,61386.28297493398,4.775560452355712,-0.25766848668357795,49887.81797721873,59643.13353257887
552531,0.0,FAT_012,FAT_DON_8,1,Allogenic,1.0569544491509806,4.465054673442375,4.224453264782619,24.15,42,105.7861286475117,117.0756043259023,0.1462900205512675,1167.7980256754547,2.0244287239676537,0.27151025235556725,127.69134280961477,105.7861286475117
555970,0.0,FAT_012,FAT_DON_8,1,Allogenic,1.0569544491509806,4.465054673442375,4.224453264782619,24.15,42,124.72315167700457,125.5389010241603,0.0094051950196165,1096.6229767065215,2.09594707667275,0.2674960380491785,150.13135622224326,124.72315167700457
556258,3.721995580662354,FAT_012,FAT_DON_8,1,Allogenic,1.0569544491509806,4.465054673442375,4.224453264782619,29.11,42,8143.572903476041,6487.116919214755,-0.3280844588766275,6639.489753200704,3.9108149886509,-0.9774227843590411,4136.0083999906565,8143.572903476041
556259,2.77638559850863,FAT_012,FAT_DON_8,1,Allogenic,1.0569544491509806,4.465054673442375,4.224453264782619,30.68,42,3240.8429412197565,3254.1375804802,0.00590614147483,39038.196302997305,3.510657984622346,-0.47119533198768004,2337.8360747719357,3240.8429412197565
556268,3.285073151937832,FAT_012,FAT_DON_8,1,Allogenic,1.0569544491509806,4.465054673442375,4.224453264782619,28.57,42,2017.772453832168,1750.491867089696,-0.2050031305724127,886.6126470327569,3.304872188849857,-0.16545189292119605,1799.1451658157446,2017.772453832168
556270,2.4347967642798283,FAT_012,FAT_DON_8,1,Allogenic,1.0569544491509806,4.465054673442375,4.224453264782619,28.34,42,1568.5079074773032,438.68087885970624,-1.838149073486064,1208.2184238553425,3.1954867124919097,-0.18399755493452635,1380.6955633893544,1568.5079074773032
563192,5.26721925280304,FAT_012,FAT_DON_8,1,Allogenic,1.0569544491509806,4.465054673442375,4.224453264782619,28.15,42,11885.920454580297,31414.346794483976,1.402169951125479,52291.69338445923,4.075032819456396,0.3887674863652387,15561.931316211963,11885.920454580297
563193,4.466803268807643,FAT_012,FAT_DON_8,1,Allogenic,1.0569544491509806,4.465054673442375,4.224453264782619,30.59,42,11691.979218726525,22004.571415470797,0.9122841025180538,26540.38492663765,4.0678880347729445,-0.47035308839738355,8439.12940958668,11691.979218726525
565040,4.57915528369203,FAT_012,FAT_DON_8,1,Allogenic,1.0569544491509806,4.465054673442375,4.224453264782619,25.09,42,5357.218514964111,64.88527468664465,-6.367449228333872,35598.06893616555,3.728939361121351,1.4692564841582674,14833.021771698659,5357.218514964111
565042,4.595795299785354,FAT_012,FAT_DON_8,1,Allogenic,1.0569544491509806,4.465054673442375,4.224453264782619,25.09,42,5475.411658699912,308.9103294864169,-4.147707416761568,34608.64788506656,3.738416776367127,1.6167806818766357,16792.534840231157,5475.411658699912
566550,4.414044898071756,FAT_012,FAT_DON_8,1,Allogenic,1.0569544491509806,4.465054673442375,4.224453264782619,29.11,42,6718.725170705235,15004.01449656172,1.159089138834528,20696.122572410823,3.827286876647512,-0.6018520578046264,4427.018677847612,6718.725170705235
566552,3.516195485628019,FAT_012,FAT_DON_8,1,Allogenic,1.0569544491509806,4.465054673442375,4.224453264782619,25.62,42,3641.132428015588,719.3802193519298,-2.339560816920598,9122.708128339027,3.561236474514976,-1.6559047682685042,1155.4721154977049,3641.132428015588
568816,2.237391611045418,FAT_012,FAT_DON_8,1,Allogenic,1.0569544491509806,4.465054673442375,4.224453264782619,23.68,42,1575.690916212628,1438.7604387038596,-0.1311581712679259,6526.136897435366,3.1974710313338086,0.31445773476421873,1959.4412289060222,1575.690916212628
573236,0.0,FAT_012,FAT_DON_8,1,Allogenic,1.0569544491509806,4.465054673442375,4.224453264782619,24.15,42,127.33515485348632,134.00219772241832,0.0736258866703049,1098.3803853230386,2.104948320787541,0.2674960380491785,153.2754683944368,127.33515485348632
580050,0.0,FAT_012,FAT_DON_8,1,Allogenic,1.0569544491509806,4.465054673442375,4.224453264782619,24.15,42,109.70413341223436,134.00219772241832,0.288638777641155,1087.8359336239375,2.0402229911508853,0.27151025235556725,132.42065180256347,109.70413341223436
585394,6.331199504978484,FAT_012,FAT_DON_8,1,Allogenic,1.0569544491509806,4.465054673442375,4.224453264782619,30.74,42,75208.06046123373,225692.1436018957,1.5853970019810046,60075.2561470124,4.876264388812902,-0.7831646825475823,43702.70592102697,75208.06046123373
585543,9.692286629688017,FAT_012,FAT_DON_8,1,Allogenic,1.0569544491509806,4.465054673442375,4.224453264782619,30.29,42,124054.4788638252,81064.27687481452,-0.6138356255076778,11200.84381737022,5.0936124486624825,-0.21613459926604775,106794.63879252912,124054.4788638252
585544,4.306401285832626,FAT_012,FAT_DON_8,1,Allogenic,1.0569544491509806,4.465054673442375,4.224453264782619,29.11,42,12909.172698967031,15714.931419215392,0.2837394295241225,20277.85932167981,4.1108984108345,-0.9353822500580291,6750.256817817581,12909.172698967031
586220,0.0,FAT_012,FAT_DON_8,1,Allogenic,1.0569544491509806,4.465054673442375,4.224453264782619,23.29,42,81.62509926505533,2366.90197661282,4.857843307866704,1090.4720465487128,1.911823722433079,0.8605401618444138,148.20816275265582,81.62509926505533
591001,0.0,FAT_012,FAT_DON_8,1,Allogenic,1.0569544491509806,4.465054673442375,4.224453264782619,27.06,42,171.73920885367642,595.2518677774792,1.7932807915038504,849.7070660859027,2.2348694579147805,2.1462664810466667,760.2563344997856,171.73920885367642
592028,0.0,FAT_012,FAT_DON_8,1,Allogenic,1.0569544491509806,4.465054673442375,4.224453264782619,21.11,42,116.88714214755922,177.72923066341795,0.6045647383246278,1702.9289494048392,2.067766740404916,0.6948503589537858,189.20714864976637,116.88714214755922
622312,6.003789592139532,FAT_012,FAT_DON_8,1,Allogenic,1.0569544491509806,4.465054673442375,4.224453264782619,28.89,42,130440.82663032314,109335.91949534536,-0.254628049770019,130470.01569021185,5.115413542356016,-0.6933940475197133,80664.25651196335,130440.82663032314
626939,9.352329263074846,FAT_012,FAT_DON_8,1,Allogenic,1.0569544491509806,4.465054673442375,4.224453264782619,26.95,42,83980.47312944777,480735.0001533502,2.517116022269068,5280.134188324912,4.9241783170384,0.7292694620922662,139222.77953446886,83980.47312944777
633147,2.5960735055308266,FAT_012,FAT_DON_8,1,Allogenic,1.0569544491509806,4.465054673442375,4.224453264782619,21.08,42,831.2700109153234,1289.242197034635,0.6331342432456794,869.0385608675882,2.919742113078678,0.21505139090033373,964.8927258524429,831.2700109153234
641112,5.8564691147250025,FAT_012,FAT_DON_8,1,Allogenic,1.0569544491509806,4.465054673442375,4.224453264782619,29.68,42,7566.320201473569,6805.90109484914,-0.1528056457121553,1320.6925753124217,3.8788847163897846,0.5191917272366203,10843.687661373242,7566.320201473569
645463,4.066257430746909,FAT_012,FAT_DON_8,1,Allogenic,1.0569544491509806,4.465054673442375,4.224453264782619,28.02,42,3480.494232661959,4224.595601880451,0.2795210621185774,3928.686962223445,3.541640918451595,-0.5017084674182323,2458.1683389062414,3480.494232661959
645464,0.0,FAT_012,FAT_DON_8,1,Allogenic,1.0569544491509806,4.465054673442375,4.224453264782619,25.28,42,250.75230494225,433.03868106086753,0.7882329367379908,869.9172651758466,2.399244933792553,2.5754114270865243,1494.5863946627044,250.75230494225
649757,7.700214353234702,FAT_012,FAT_DON_8,1,Allogenic,1.0569544491509806,4.465054673442375,4.224453264782619,27.82,42,85363.52881139486,10952.91647699556,-2.9623047432579344,29379.478546620638,4.931272359926716,0.3899948122997224,111859.40285530686,85363.52881139486
657308,4.369964931560804,FAT_012,FAT_DON_8,1,Allogenic,1.0569544491509806,4.465054673442375,4.224453264782619,20.15,42,4405.143357136506,7616.967028432198,0.7900276810090342,5040.24791217036,3.643960046278205,0.22406557078153624,5145.2976592374725,4405.143357136506
657309,4.9657544720315485,FAT_012,FAT_DON_8,1,Allogenic,1.0569544491509806,4.465054673442375,4.224453264782619,28.38,42,14973.961209975869,17985.916033247955,0.264411716382445,15843.038677899507,4.175336703754272,-0.6641644168156878,9449.379522632415,14973.961209975869
657313,13.055588631200555,FAT_012,FAT_DON_8,1,Allogenic,1.0569544491509806,4.465054673442375,4.224453264782619,30.1,42,235156.68697627145,285300.5527971765,0.2788601846544046,116846.5840949731,5.371357332967719,-0.5098847696498315,165145.49191632407,235156.68697627145
657314,6.0074732645535,FAT_012,FAT_DON_8,1,Allogenic,1.0569544491509806,4.465054673442375,4.224453264782619,30.01,42,88181.22723802457,43996.4478858942,-1.0030845049345478,59908.30232844331,4.945376138706602,-0.5902275130343563,58573.33510599661,88181.22723802457
657317,11.04332235521905,FAT_012,FAT_DON_8,1,Allogenic,1.0569544491509806,4.465054673442375,4.224453264782619,31.02,42,594886.3354468996,438927.7250134054,-0.4386306385493452,732753.2800653221,5.774433993285083,0.02602712218854266,605715.8494443933,594886.3354468996
657319,7.034909868467447,FAT_012,FAT_DON_8,1,Allogenic,1.0569544491509806,4.465054673442375,4.224453264782619,26.02,42,38934.51934863728,247668.50402837232,2.669288691662137,266048.81822863815,4.590334817647217,-0.1711904517002601,34578.11837336885,38934.51934863728
657321,15.556725067152929,FAT_012,FAT_DON_8,1,Allogenic,1.0569544491509806,4.465054673442375,4.224453264782619,25.04,42,566358.0367533658,133250.37486572305,-2.087574783929438,247226.0932414343,5.753091067630881,-0.25955825962206425,473103.59249695024,566358.0367533658
657322,8.984052049837558,FAT_012,FAT_DON_8,1,Allogenic,1.0569544491509806,4.465054673442375,4.224453264782619,29.23,42,132296.0018864193,150295.45441601466,0.1840319139510046,185920.6510628601,5.121546719585059,0.13978033342878715,145755.44669040048,132296.0018864193
657323,14.25532373080842,FAT_012,FAT_DON_8,1,Allogenic,1.0569544491509806,4.465054673442375,4.224453264782619,29.77,42,787269.5114058998,75534.92303195263,-3.381641884503855,293568.958458984,5.896123432841018,-0.9576045934032906,405373.84682904504,787269.5114058998
657324,2.4322609127499244,FAT_012,FAT_DON_8,1,Allogenic,1.0569544491509806,4.465054673442375,4.224453264782619,29.9,42,1175.4014294167969,746.1806588964134,-0.6555566870140441,535.1309237293844,3.0701862145283285,1.1425537341435543,2594.9509916784054,1175.4014294167969
658089,11.51777685693159,FAT_012,FAT_DON_8,1,Allogenic,1.0569544491509806,4.465054673442375,4.224453264782619,27.62,42,87532.79744946297,10172.882631306113,-3.1050951327794007,29658.02781233856,4.942170808251008,1.048256156283319,181020.33089768156,87532.79744946297
658659,4.906130762118411,FAT_012,FAT_DON_8,1,Allogenic,1.0569544491509806,4.465054673442375,4.224453264782619,27.88,42,9288.283295569176,13123.752080098737,0.4986963647324159,7721.174756666833,3.967935453051161,0.615832592643003,14233.756623261232,9288.283295569176
665943,2.9188850924857115,FAT_012,FAT_DON_8,1,Allogenic,1.0569544491509806,4.465054673442375,4.224453264782619,23.67,42,1499.9428240946568,2970.617141088557,0.9858551717367604,1907.6670532290532,3.176074704620049,0.2574662215177861,1792.9978143754524,1499.9428240946568
665951,5.313366163740794,FAT_012,FAT_DON_8,1,Allogenic,1.0569544491509806,4.465054673442375,4.224453264782619,29.93,42,16825.218461307326,25078.15866638816,0.5758061867432474,23906.029410478877,4.225960711881116,-0.6091036256498558,11030.679090799898,16825.218461307326
665953,4.54554564796116,FAT_012,FAT_DON_8,1,Allogenic,1.0569544491509806,4.465054673442375,4.224453264782619,29.11,42,5737.264977142209,8418.159115867289,0.5531416282514438,124424.53004939384,3.758704908354324,-0.6694535821176766,3607.2753944159767,5737.264977142209
679935,5.076778282975017,FAT_012,FAT_DON_8,1,Allogenic,1.0569544491509806,4.465054673442375,4.224453264782619,23.83,42,6789.902257264363,77814.37094268345,3.518573908469287,27825.92932961973,3.831863522522583,1.5207168549595536,19482.510132376283,6789.902257264363
697329,2.452190445403587,FAT_012,FAT_DON_8,1,Allogenic,1.0569544491509806,4.465054673442375,4.224453264782619,30.23,42,2189.5116626858444,3031.270767426073,0.4693135917229665,1519.279748978827,3.340347262853842,-0.03785954120351421,2132.801341966219,2189.5116626858444
702443,4.494341467250001,FAT_012,FAT_DON_8,1,Allogenic,1.0569544491509806,4.465054673442375,4.224453264782619,29.68,42,12800.121566348917,29944.55426788651,1.2261361456325357,45733.92313192655,4.107214094284104,-0.9639474068972734,6562.011853697114,12800.121566348917
702444,3.685671728662125,FAT_012,FAT_DON_8,1,Allogenic,1.0569544491509806,4.465054673442375,4.224453264782619,28.87,42,6793.820262029085,5715.546370223568,-0.2493316330528854,9265.936930585154,3.8321140529488575,-1.078129149179847,3217.8429184099878,6793.820262029085
702447,3.804374400798944,FAT_012,FAT_DON_8,1,Allogenic,1.0569544491509806,4.465054673442375,4.224453264782619,28.94,42,7875.842577886658,6492.759117013594,-0.2786025889696983,9726.377988112572,3.896297026887308,-1.1791310956220107,3478.1090809465372,7875.842577886658
702459,3.2164191230917005,FAT_012,FAT_DON_8,1,Allogenic,1.0569544491509806,4.465054673442375,4.224453264782619,25.15,42,1347.7936390645937,579.7358238306728,-1.2171320796526042,17310.47487269109,3.1296234023801963,0.44000550510330333,1828.429660255691,1347.7936390645937
709991,5.157973057702168,FAT_012,FAT_DON_8,1,Allogenic,1.0569544491509806,4.465054673442375,4.224453264782619,26.74,42,6292.315652144585,22161.142404388567,1.816369304021004,36320.36387755399,3.798810500751328,1.43545281443191,17018.64014206837,6292.315652144585
717959,7.650235053346324,FAT_012,FAT_DON_8,1,Allogenic,1.0569544491509806,4.465054673442375,4.224453264782619,24.46,42,39291.71078302115,63335.08084141373,0.6887798344391662,166664.72485168485,4.594300938647658,-0.32651723105243535,31333.539612825647,39291.71078302115
717960,12.227397040690834,FAT_012,FAT_DON_8,1,Allogenic,1.0569544491509806,4.465054673442375,4.224453264782619,17.34,42,55910.58099338642,12747.135377026256,-2.1329482655092398,17209.42387724137,4.747494005242231,-0.9538554804169523,28863.89221551192,55910.58099338642
717962,14.071858652743476,FAT_012,FAT_DON_8,1,Allogenic,1.0569544491509806,4.465054673442375,4.224453264782619,28.91,42,119223.57898892216,43293.99425993879,-1.461430774148773,54531.51066620997,5.076362154834589,0.3519009478419371,152158.0366031815,119223.57898892216
718252,8.744103996052214,FAT_012,FAT_DON_8,1,Allogenic,1.0569544491509806,4.465054673442375,4.224453264782619,28.53,42,152566.4525375061,223524.129097692,0.5509928102254508,155335.5902053089,5.183459048169655,-0.11383242078959745,140991.22211712375,152566.4525375061
720554,0.0,FAT_012,FAT_DON_8,1,Allogenic,1.0569544491509806,4.465054673442375,4.224453264782619,29.55,42,170.43320726543553,873.1301093702834,2.356990194733348,1797.8290146967497,2.231554216763304,2.0945888411545104,727.9277679358696,170.43320726543553
742725,5.111213590925769,FAT_012,FAT_DON_8,1,Allogenic,1.0569544491509806,4.465054673442375,4.224453264782619,28.01,42,5088.83518858061,3186.431206894136,-0.675393953521416,11685.009891220614,3.706618385664205,0.4424807877067507,6915.417032714292,5088.83518858061
742726,4.77851353557026,FAT_012,FAT_DON_8,1,Allogenic,1.0569544491509806,4.465054673442375,4.224453264782619,24.86,42,5959.93824793728,13443.94680518283,1.1735874514970364,109730.83660669634,3.7752417599551658,1.5192162190717702,17083.28600401301,5959.93824793728
742727,3.866954691852556,FAT_012,FAT_DON_8,1,Allogenic,1.0569544491509806,4.465054673442375,4.224453264782619,30.68,42,4955.62302658004,4259.859338123192,-0.2182606530806774,9874.000311899988,3.695098262251456,-1.0793128526476996,2345.2693015982804,4955.62302658004
742729,0.0,FAT_012,FAT_DON_8,1,Allogenic,1.0569544491509806,4.465054673442375,4.224453264782619,24.15,42,114.27513897107744,141.05494497096663,0.3037456700313634,1108.92483702214,2.057951758111317,0.27151025235556725,137.9381789610036,114.27513897107744
742733,4.423995882775524,FAT_012,FAT_DON_8,1,Allogenic,1.0569544491509806,4.465054673442375,4.224453264782619,31.17,42,8517.742358507054,15408.842188628394,0.8552154651057883,17034.56171989794,3.930324499558942,-0.5504558053599172,5815.951695949215,8517.742358507054
742740,7.264109106807974,FAT_012,FAT_DON_8,1,Allogenic,1.0569544491509806,4.465054673442375,4.224453264782619,28.76,42,22845.885783097805,21836.716030955344,-0.0651784706796259,23618.693101678364,4.35880800122971,0.2066868739413179,26364.949875471404,22845.885783097805
742741,5.4343789132229015,FAT_012,FAT_DON_8,1,Allogenic,1.0569544491509806,4.465054673442375,4.224453264782619,28.31,42,13063.933887173574,11769.624608377457,-0.1505210885446874,9871.364198975214,4.116073973894231,-0.28960048259086557,10687.977770869908,13063.933887173574
742742,3.0514103169561104,FAT_012,FAT_DON_8,1,Allogenic,1.0569544491509806,4.465054673442375,4.224453264782619,29.51,42,1405.2577089471924,6254.37626001266,2.1540312843996507,886.6126470327569,3.1477559764193743,0.6298507930155072,2174.502733349564,1405.2577089471924
742743,0.0,FAT_012,FAT_DON_8,1,Allogenic,1.0569544491509806,4.465054673442375,4.224453264782619,25.2,42,607.943739326132,368.15340637422287,-0.7236307688999417,324449.26396411,2.783863390406365,1.5197901272622294,1743.2746137046672,607.943739326132
742818,0.0,FAT_012,FAT_DON_8,1,Allogenic,1.0569544491509806,4.465054673442375,4.224453264782619,22.83,42,700.0168512971145,1868.978020865308,1.416788045969119,711.750489689329,2.845108494781774,0.5595913823033157,1031.721037442148,700.0168512971145
742821,4.962924441877947,FAT_012,FAT_DON_8,1,Allogenic,1.0569544491509806,4.465054673442375,4.224453264782619,24.75,42,9017.287966009191,5132.989447493475,-0.8128943000144087,22066.02258898572,3.955075939038659,1.5831289242254436,27017.504484967205,9017.287966009191
748224,8.679869253016587,FAT_012,FAT_DON_8,1,Allogenic,1.0569544491509806,4.465054673442375,4.224453264782619,29.49,42,185599.80370967693,153117.9638648837,-0.277551634307025,96150.46152256228,5.268577512573311,-0.07253626058665735,176498.86720288944,185599.80370967693
759350,3.553490483471616,FAT_012,FAT_DON_8,1,Allogenic,1.0569544491509806,4.465054673442375,4.224453264782619,26.44,42,2509.482051804861,495.10285684809287,-2.3415894486692745,15031.99460137698,3.3995840938893718,1.195183565871403,5746.060542274802,2509.482051804861
762966,2.68224017792528,FAT_012,FAT_DON_8,1,Allogenic,1.0569544491509806,4.465054673442375,4.224453264782619,25.41,42,2988.131633895145,1379.5173618160538,-1.1150800897371878,2282.873792855404,3.47539972520999,-1.9427966507002694,777.2480799547532,2988.131633895145
762967,1.8674232101920465,FAT_012,FAT_DON_8,1,Allogenic,1.0569544491509806,4.465054673442375,4.224453264782619,19.55,42,912.8951101803788,528.9560436411249,-0.7873012679032256,21.96760770646077,2.960420880834685,0.1576975588249871,1018.3394683431272,912.8951101803788
762968,10.682267083366105,FAT_012,FAT_DON_8,1,Allogenic,1.0569544491509806,4.465054673442375,4.224453264782619,29.47,42,71298.54470683465,22774.731415012277,-1.6464385894838764,4341.677987104908,4.853080665444552,0.8797520127700494,131193.527683383,71298.54470683465
762982,5.414088381090561,FAT_012,FAT_DON_8,1,Allogenic,1.0569544491509806,4.465054673442375,4.224453264782619,29.47,42,13771.786748000137,9728.559554647569,-0.5014176311527501,2737.163920225012,4.138990289164509,-0.5909535977828941,9143.143377699662,13771.786748000137
762984,7.601528337184936,FAT_012,FAT_DON_8,1,Allogenic,1.0569544491509806,4.465054673442375,4.224453264782619,30.29,42,29829.729276215938,37386.61316455471,0.3257708997035872,1873.3975852069743,4.474649311881034,0.9629023068892324,58144.92158344577,29829.729276215938
763034,3.9420904463141824,FAT_012,FAT_DON_8,1,Allogenic,1.0569544491509806,4.465054673442375,4.224453264782619,29.98,42,4062.3179402232736,4244.343294176386,0.063238192507065,6418.056267519579,3.608773910767692,-0.9427187375467787,2113.427203692926,4062.3179402232736
862962,0.0,FAT_012,FAT_DON_8,1,Allogenic,1.0569544491509806,4.465054673442375,4.224453264782619,30.19,42,1526.715856653595,7705.831643763908,2.3355190852553056,7787.077579786214,3.183758216250844,-0.5435158350584769,1047.474952458254,1526.715856653595
866771,0.0,FAT_012,FAT_DON_8,1,Allogenic,1.0569544491509806,4.465054673442375,4.224453264782619,18.53,42,863.2670498272252,2520.6518666311736,1.5459180496227662,1232.8221444865785,2.936145164574644,-0.3838083005648343,661.6180630477379,863.2670498272252
883062,0.0,FAT_012,FAT_DON_8,1,Allogenic,1.0569544491509806,4.465054673442375,4.224453264782619,25.15,42,160.6381953536289,112.8439559767733,-0.5094858183629102,18311.31907979744,2.205848816528402,2.4298792236806093,865.5962149472556,160.6381953536289
883156,2.5193819080617863,FAT_012,FAT_DON_8,1,Allogenic,1.0569544491509806,4.465054673442375,4.224453264782619,27.18,42,809.0679839152284,2276.626811831401,1.4925649832261465,951.6367658438808,2.907985015801086,0.2778867493263113,980.9282966990746,809.0679839152284
888048,5.982996057495092,FAT_012,FAT_DON_8,1,Allogenic,1.0569544491509806,4.465054673442375,4.224453264782619,23.96,42,5128.668237021956,928.1415379089603,-2.466167516842188,3049.982653965014,3.710004606359422,1.0973744852101097,10973.55242757252,5128.668237021956
888833,5.9599530855809935,FAT_012,FAT_DON_8,1,Allogenic,1.0569544491509806,4.465054673442375,4.224453264782619,23.16,42,6493.439896733682,174.9081317639986,-5.214313678576643,476.2577350760696,3.812474825058611,0.9101627808987268,12202.845790366839,6493.439896733682
890402,4.554184501047134,FAT_012,FAT_DON_8,1,Allogenic,1.0569544491509806,4.465054673442375,4.224453264782619,25.09,42,4662.42567001996,547.2931864873505,-3.090694924640367,30536.73212059699,3.668611921201197,1.2789760899887057,11314.154059422799,4662.42567001996
903814,0.0,FAT_012,FAT_DON_8,1,Allogenic,1.0569544491509806,4.465054673442375,4.224453264782619,28.07,42,923.9961236804264,2093.2553833691445,1.1797896309905258,3166.8503269633848,2.965670149285332,-0.4423511899389677,680.000406768061,923.9961236804264
904306,7.622526907267835,FAT_012,FAT_DON_8,1,Allogenic,1.0569544491509806,4.465054673442375,4.224453264782619,25.52,42,16832.40147004265,136.8232966218376,-6.942783313822791,1451.619517242928,4.2261460809660925,1.1162108210656858,36488.75282775801,16832.40147004265
997884,3.10647165392891,FAT_012,FAT_DON_8,1,Allogenic,1.0569544491509806,4.465054673442375,4.224453264782619,29.11,42,3123.302798278077,5161.200436487668,0.7246342164417492,6593.797129171266,3.4946140902969867,-0.14650340846575896,2821.708652434341,3123.302798278077
999410,5.673686952277523,FAT_012,FAT_DON_8,1,Allogenic,1.0569544491509806,4.465054673442375,4.224453264782619,31.57,42,19990.96631120323,19331.580208270974,-0.0483886382726355,12743.848582672024,4.300833787288726,-0.2878542251511379,16374.989536000301,19990.96631120323
999412,4.231738994621013,FAT_012,FAT_DON_8,1,Allogenic,1.0569544491509806,4.465054673442375,4.224453264782619,30.37,42,5818.237075613144,5705.6725240756,-0.0281851370029768,13070.72658534416,3.7647914134618974,-0.8593133346219924,3207.0986875321205,5818.237075613144
999413,5.609731383670277,FAT_012,FAT_DON_8,1,Allogenic,1.0569544491509806,4.465054673442375,4.224453264782619,27.68,42,14942.617171858088,9573.399115179503,-0.6423296939491875,6556.891548224411,4.174426670019648,0.7323623942406663,24825.026363833633,14942.617171858088
1002367,3.91846785633802,FAT_012,FAT_DON_8,1,Allogenic,1.0569544491509806,4.465054673442375,4.224453264782619,19.59,42,3618.930401015493,20921.26943809377,2.531335125233081,6105.2375337795775,3.5585802308712355,-0.7857933380557068,2099.0987292710606,3618.930401015493
1042156,4.223924826603976,FAT_012,FAT_DON_8,1,Allogenic,1.0569544491509806,4.465054673442375,4.224453264782619,29.17,42,3193.173883248965,3218.8738442374583,0.0115649185380529,3832.029488315017,3.504222568548643,-0.407375100359509,2407.6338678397315,3193.173883248965
1042403,0.0,FAT_012,FAT_DON_8,1,Allogenic,1.0569544491509806,4.465054673442375,4.224453264782619,24.15,42,125.37615247112498,126.94945047386996,0.017991187697486,1112.4396542551735,2.098214938128572,0.2674960380491785,150.91738426529162,125.37615247112498
1077285,3.224660682221578,FAT_012,FAT_DON_8,1,Allogenic,1.0569544491509806,4.465054673442375,4.224453264782619,29.25,42,4764.29379390275,4519.400436869771,-0.0761309896670642,9004.083046724141,3.6779985347453823,-1.0430785848723942,2312.0679464234795,4764.29379390275
1121100,4.492752505846116,FAT_012,FAT_DON_8,1,Allogenic,1.0569544491509806,4.465054673442375,4.224453264782619,30.12,42,8262.41904800596,4565.94856871019,-0.8556496227236309,8821.312550606388,3.9171072174647663,-0.6897752592452754,5122.290137086773,8262.41904800596
1121101,4.998432782684969,FAT_012,FAT_DON_8,1,Allogenic,1.0569544491509806,4.465054673442375,4.224453264782619,28.91,42,13137.722976909186,12034.807904922873,-0.1265021359564748,4010.406462891479,4.118520100059665,-0.6642004941961167,8290.406548134908,13137.722976909186
1121111,2.55579714942552,FAT_012,FAT_DON_8,1,Allogenic,1.0569544491509806,4.465054673442375,4.224453264782619,25.13,42,893.958087150886,330.0685712320619,-1.4374414195855274,698.5699250654526,2.9513171575590125,0.43364142087987223,1207.4140706235435,893.958087150886
1121114,3.72728410733308,FAT_012,FAT_DON_8,1,Allogenic,1.0569544491509806,4.465054673442375,4.224453264782619,30.63,42,5377.4615395818455,4295.123074365934,-0.3242258297310548,8070.02036704543,3.730577312930796,-0.9065620504746874,2868.6326875015625,5377.4615395818455
1121115,10.551687266859163,FAT_012,FAT_DON_8,1,Allogenic,1.0569544491509806,4.465054673442375,4.224453264782619,29.66,42,322564.7612740574,64978.37095032549,-2.3115573593241443,77131.7854746168,5.508616920957032,-0.5588626882256951,218968.9260495627,322564.7612740574
1121130,3.838612160143262,FAT_012,FAT_DON_8,1,Allogenic,1.0569544491509806,4.465054673442375,4.224453264782619,22.85,42,4032.9329044878536,7877.918676628486,0.965985120191564,3601.8089595513084,3.605620996752702,-0.38325739093004657,3092.067927193122,4032.9329044878536
1121315,3.944929771940287,FAT_012,FAT_DON_8,1,Allogenic,1.0569544491509806,4.465054673442375,4.224453264782619,27.76,42,2803.3324091590603,201.70857130848228,-3.7967985285804673,262.73258816927085,3.447674597904461,0.9067773232438395,5255.835592088732,2803.3324091590603
1121333,4.735807903437298,FAT_012,FAT_DON_8,1,Allogenic,1.0569544491509806,4.465054673442375,4.224453264782619,27.95,42,4652.6306581081535,6138.711205136468,0.3998891345124781,5483.993587840867,3.66769857810557,-0.011693435899245135,4615.072236759484,4652.6306581081535
1121334,0.0,FAT_012,FAT_DON_8,1,Allogenic,1.0569544491509806,4.465054673442375,4.224453264782619,27.58,42,1033.7002570926606,5893.275600886986,2.5112518290188945,3950.654569929906,3.0143946242873785,-0.4359916913001404,764.0962131754229,1033.7002570926606
1121344,3.111325256097744,FAT_012,FAT_DON_8,1,Allogenic,1.0569544491509806,4.465054673442375,4.224453264782619,25.19,42,1411.1347160942764,4317.691865561288,1.6134045647564517,2924.327937884058,3.149568476308264,0.08291319975985172,1494.6098375791526,1411.1347160942764
1121864,4.098587155853516,FAT_012,FAT_DON_8,1,Allogenic,1.0569544491509806,4.465054673442375,4.224453264782619,26.71,42,1635.1139884775882,757.4650544940907,-1.1101399768582385,359.39006207769825,3.2135480339634146,1.6238259986725845,5039.278576941884,1635.1139884775882
1122981,4.375167826970863,FAT_012,FAT_DON_8,1,Allogenic,1.0569544491509806,4.465054673442375,4.224453264782619,19.75,42,5950.796236819593,1667.2694495568255,-1.8355954398852152,769.7449740343855,3.774575079698518,0.016466214817162615,6019.104790064166,5950.796236819593
1123075,3.101621282381319,FAT_012,FAT_DON_8,1,Allogenic,1.0569544491509806,4.465054673442375,4.224453264782619,29.66,42,2391.288908069061,2428.9661524000453,0.0225539436884742,1608.907588421187,3.3786320493907005,0.4638112074576959,3298.0188622420515,2391.288908069061
1123263,5.4841595828701495,FAT_012,FAT_DON_8,1,Allogenic,1.0569544491509806,4.465054673442375,4.224453264782619,14.87,42,7741.977415091967,2760.445273081817,-1.4878010995900623,2908.511260335406,3.888851900060276,-1.5645285204179902,2617.4710463235,7741.977415091967
1123313,2.885713083679461,FAT_012,FAT_DON_8,1,Allogenic,1.0569544491509806,4.465054673442375,4.224453264782619,26.01,42,1298.8185795055604,5838.264172348308,2.168339564485514,2738.921328841529,3.1135484925494583,0.12442504804349187,1415.8073553277075,1298.8185795055604
1150460,4.035493370465027,FAT_012,FAT_DON_8,1,Allogenic,1.0569544491509806,4.465054673442375,4.224453264782619,25.62,42,2455.935986686985,805.4237357842194,-1.6084530635884964,8264.214019170542,3.390217042847422,0.2932154524806767,3009.4261419697636,2455.935986686985
1156431,4.789752866987564,FAT_012,FAT_DON_8,1,Allogenic,1.0569544491509806,4.465054673442375,4.224453264782619,21.31,42,3046.901705365985,59.243076887805984,-5.684552577116471,230.2205287637089,3.4838584438827565,1.503570506621894,8639.29426719151,3046.901705365985
1156433,4.648138994807193,FAT_012,FAT_DON_8,1,Allogenic,1.0569544491509806,4.465054673442375,4.224453264782619,24.16,42,2688.4042693938623,53.60087908896732,-5.648349627788717,214.40385121505716,3.429494576422509,1.4380189428918209,7284.192469016214,2688.4042693938623
1160721,12.570177455508516,FAT_012,FAT_DON_8,1,Allogenic,1.0569544491509806,4.465054673442375,4.224453264782619,26.89,42,605331.7361496503,12199.842190538904,-5.632791598982587,216999.5437416525,5.78199344356952,0.21417038305026004,702206.9977434855,605331.7361496503
1203465,3.083915524392986,FAT_012,FAT_DON_8,1,Allogenic,1.0569544491509806,4.465054673442375,4.224453264782619,30.79,42,4012.68987987012,961.9947247019924,-2.060468774146884,41039.00601290176,3.603435596647496,-0.9027144610478017,2146.3051435948705,4012.68987987012
1203540,0.0,FAT_012,FAT_DON_8,1,Allogenic,1.0569544491509806,4.465054673442375,4.224453264782619,25.0,42,437.51053206069656,270.8254943442559,-0.6919541925350113,3841.69523570586,2.640988512125849,1.8509030676176215,1578.2138653551215,437.51053206069656
1203606,8.682220285713637,FAT_012,FAT_DON_8,1,Allogenic,1.0569544491509806,4.465054673442375,4.224453264782619,29.5,42,46208.295194344886,20255.490097830807,-1.189838871184555,29500.7397411603,4.664719945983616,0.4068648076496714,61263.027820828924,46208.295194344886
1203610,0.0,FAT_012,FAT_DON_8,1,Allogenic,1.0569544491509806,4.465054673442375,4.224453264782619,30.83,42,1208.0514691228188,3613.827690156165,1.5808457970269394,6140.385706109915,3.082085437828036,-0.7262069731229422,730.2563731283191,1208.0514691228188
1203611,4.912214241327392,FAT_012,FAT_DON_8,1,Allogenic,1.0569544491509806,4.465054673442375,4.224453264782619,24.03,42,7555.872188767641,15358.062408438847,1.0233260122430443,310923.36854708794,3.878284603010727,1.5430178404385437,22018.07044239154,7555.872188767641
1233170,2.8901969462778454,FAT_012,FAT_DON_8,1,Allogenic,1.0569544491509806,4.465054673442375,4.224453264782619,21.7,42,1253.108523917129,165.03428561603096,-2.924673684523008,216.161259831574,3.097988684160494,0.6305832724988182,1940.051076595902,1253.108523917129
1235789,0.0,FAT_012,FAT_DON_8,1,Allogenic,1.0569544491509806,4.465054673442375,4.224453264782619,30.99,42,1213.9284762699028,20190.604823144164,4.055928801486221,2818.8834208930466,3.0841930991969213,-0.6182233559798,790.8412703000687,1213.9284762699028
1256908,8.63172248493621,FAT_012,FAT_DON_8,1,Allogenic,1.0569544491509806,4.465054673442375,4.224453264782619,29.47,42,107703.33897904932,68980.09973915182,-0.6428108565501367,32214.178645062333,5.032229167343463,0.4999701796219773,152312.3743812858,107703.33897904932
1282887,2.7430382121568875,FAT_012,FAT_DON_8,1,Allogenic,1.0569544491509806,4.465054673442375,4.224453264782619,29.51,42,1342.56963271163,2239.95252613895,0.7384712400380471,1776.7401112985474,3.127936819748261,0.5376835044837291,1948.9274958950223,1342.56963271163
1292036,3.486308834584813,FAT_012,FAT_DON_8,1,Allogenic,1.0569544491509806,4.465054673442375,4.224453264782619,18.75,42,1439.8667510355758,207.35076910732096,-2.795790003519551,209.13162536550652,3.15832230322888,0.8431647553275272,2583.093852665659,1439.8667510355758
1295400,0.0,FAT_012,FAT_DON_8,1,Allogenic,1.0569544491509806,4.465054673442375,4.224453264782619,25.13,42,267.077324795261,225.6879119535466,-0.2429283459654188,950.7580615356222,2.4266370174323644,2.4398777274187453,1449.1501934426644,267.077324795261
1322347,4.710694832611563,FAT_012,FAT_DON_8,1,Allogenic,1.0569544491509806,4.465054673442375,4.224453264782619,25.09,42,6082.702397231924,77.58021973403164,-6.292879748215373,32733.49289124307,3.784096568657284,1.7136969811549452,19951.279992039443,6082.702397231924
1336236,4.807609515227244,FAT_012,FAT_DON_8,1,Allogenic,1.0569544491509806,4.465054673442375,4.224453264782619,28.58,42,3767.8145820749537,4238.701096377547,0.1698942641546706,1192.4017463066907,3.576089522580754,-0.9357693255704773,1969.676423543815,3767.8145820749537
1384484,2.378120722691132,FAT_012,FAT_DON_8,1,Allogenic,1.0569544491509806,4.465054673442375,4.224453264782619,25.0,42,3802.4236241633375,4461.567909431675,0.2306315291715411,13790.385413807817,3.580060499533048,-0.7237331963692571,2302.4759288034284,3802.4236241633375
1401079,2.2922472283932795,FAT_012,FAT_DON_8,1,Allogenic,1.0569544491509806,4.465054673442375,4.224453264782619,14.02,42,638.6347766497929,341.3529668297392,-0.9037268255886718,193.3149478168548,2.805252564212624,-0.3692722943664258,494.41373491785833,638.6347766497929
1408437,8.626255039808331,FAT_012,FAT_DON_8,1,Allogenic,1.0569544491509806,4.465054673442375,4.224453264782619,26.48,42,14182.524247501897,15090.05801299401,0.0894840216961165,14701.601781471809,4.151753534739632,1.17777568503561,32084.80056368297,14182.524247501897
1410645,2.973108434209203,FAT_012,FAT_DON_8,1,Allogenic,1.0569544491509806,4.465054673442375,4.224453264782619,25.07,42,820.168997415276,843.5085709263805,0.0404815173954454,497.3466384742719,2.9139033488262,0.8419642229518103,1470.143862608083,820.168997415276
1410647,7.786553559516574,FAT_012,FAT_DON_8,1,Allogenic,1.0569544491509806,4.465054673442375,4.224453264782619,25.61,42,11622.10813375564,4045.455821767323,-1.5224976102764027,10516.333161236902,4.065284911859501,1.344823070044411,29520.0436146557,11622.10813375564
1410657,0.0,FAT_012,FAT_DON_8,1,Allogenic,1.0569544491509806,4.465054673442375,4.224453264782619,28.33,42,216.79626364798693,1551.604394680633,2.8393489691540648,795.2273989738799,2.3360517931290588,2.6231025209591365,1335.6243668739373,216.79626364798693
1410665,0.0,FAT_012,FAT_DON_8,1,Allogenic,1.0569544491509806,4.465054673442375,4.224453264782619,29.3,42,546.5616646788105,2643.3696687559145,2.2739220171978105,1722.2604441865246,2.7376391674182825,0.9457249332912734,1052.7633078421393,546.5616646788105
1437612,7.741171052338608,FAT_012,FAT_DON_8,1,Allogenic,1.0569544491509806,4.465054673442375,4.224453264782619,25.15,42,120506.07254857472,43820.129204680496,-1.4594402053869098,114106.78406182332,5.08100893245352,0.07812089185138898,127211.29220783256,120506.07254857472
561,3.231353370355388,FAT_010,FAT_010,1,Autologous,1.0,3.625441984244107,3.625441984244107,31.07,42,10505.525923364296,559.4346428857425,-4.231034982004465,10505.525923364296,4.021417798759844,-0.9291710153445838,5517.082166996485,10505.525923364296
904,2.485867102273088,FAT_010,FAT_010,1,Autologous,1.0,3.625441984244107,3.625441984244107,23.81,42,3710.484919663381,4875.073316575756,0.3938161722406835,3710.484919663381,3.569430670847378,0.09307441934729216,3957.7546051133468,3710.484919663381
213810,3.4884444595640445,FAT_010,FAT_010,1,Autologous,1.0,3.625441984244107,3.625441984244107,22.4,42,10581.114786988606,10565.666565714597,-0.0021078457109339,10581.114786988606,4.024531425764653,0.18423721290653425,12022.43265952515,10581.114786988606
300269,1.907366007583775,FAT_010,FAT_010,1,Autologous,1.0,3.625441984244107,3.625441984244107,31.07,42,2149.641191842152,166.71324227317055,-3.688655262595895,2149.641191842152,3.3323659755400845,-1.670063801155214,675.5020583549498,2149.641191842152
347253,3.3429308693116084,FAT_010,FAT_010,1,Autologous,1.0,3.625441984244107,3.625441984244107,25.68,42,2835.2454461187667,1946.420070869749,-0.542650532052374,2835.2454461187667,3.452590661564329,-1.108260256507055,1315.1372573844578,2835.2454461187667
349741,9.865522435197056,FAT_010,FAT_010,1,Autologous,1.0,3.625441984244107,3.625441984244107,28.37,42,272283.02185848623,294.7558871118428,-9.851370682742049,272283.02185848623,5.435020561857576,-1.7156938196468838,82898.23018128995,272283.02185848623
354242,3.9926384640907058,FAT_010,FAT_010,1,Autologous,1.0,3.625441984244107,3.625441984244107,25.28,42,4071.18967239692,7624.982467473414,0.9052835836302244,4071.18967239692,3.609721336168756,-0.02815242562252124,3992.515506857732,4071.18967239692
364106,4.17859716336767,FAT_010,FAT_010,1,Autologous,1.0,3.625441984244107,3.625441984244107,31.07,42,10875.513518999069,659.9781962154381,-4.0425213506296735,10875.513518999069,4.036449772587809,-1.6164833038334505,3546.8254058181888,10875.513518999069
367928,9.467782168916733,FAT_010,FAT_010,1,Autologous,1.0,3.625441984244107,3.625441984244107,25.27,42,160445.98282528695,218073.8110924519,0.4427288558123596,160445.98282528695,5.205328847896769,-0.08336752924151142,151437.2522327163,160445.98282528695
398513,1.5721750862589787,FAT_010,FAT_010,1,Autologous,1.0,3.625441984244107,3.625441984244107,25.15,42,826.1730182095378,1386.9854279840067,0.7474367809882976,826.1730182095378,2.917071007350739,-0.23517437564474392,701.901977659704,826.1730182095378
409438,1.7769109360897215,FAT_010,FAT_010,1,Autologous,1.0,3.625441984244107,3.625441984244107,31.07,42,2620.4139389759976,213.97730580422407,-3.6142650287820777,2620.4139389759976,3.418369900943179,-1.064770909278631,1252.6851201324657,2620.4139389759976
411459,7.241281083305127,FAT_010,FAT_010,1,Autologous,1.0,3.625441984244107,3.625441984244107,29.69,42,248064.0847291752,162138.0809233646,-0.6134899012939015,248064.0847291752,5.394563890700975,-0.9254237116182812,130612.15492982301,248064.0847291752
411460,5.285914213906241,FAT_010,FAT_010,1,Autologous,1.0,3.625441984244107,3.625441984244107,29.93,42,29931.86387481136,116776.61078608838,1.9639973212174853,29931.86387481136,4.476133761455691,-0.2936867522977442,24418.851832476943,29931.86387481136
411461,7.239315101389105,FAT_010,FAT_010,1,Autologous,1.0,3.625441984244107,3.625441984244107,31.07,42,103947.9486875676,169344.56159193575,0.7041003679299563,103947.9486875676,5.01681592336965,-2.0244751951966204,25549.83878384577,103947.9486875676
411462,9.154052910470856,FAT_010,FAT_010,1,Autologous,1.0,3.625441984244107,3.625441984244107,28.31,42,327801.0530099185,433427.79016534414,0.4029711690488308,327801.0530099185,5.515610344340223,-1.5871015727984994,109105.12840670896,327801.0530099185
411463,3.604607770022896,FAT_010,FAT_010,1,Autologous,1.0,3.625441984244107,3.625441984244107,26.73,42,35216.45372644058,30462.97796567847,-0.2091926559635228,35216.45372644058,4.546745620666452,-0.6724259368045103,22096.589306013666,35216.45372644058
411466,3.4024897283690647,FAT_010,FAT_010,1,Autologous,1.0,3.625441984244107,3.625441984244107,23.67,42,4254.194289592611,3860.184970572588,-0.1402159433198,4254.194289592611,3.6288173203036953,0.6688725422400594,6763.445873334919,4254.194289592611
411467,3.602998199831172,FAT_010,FAT_010,1,Autologous,1.0,3.625441984244107,3.625441984244107,27.37,42,32447.514301044896,35589.839838883294,0.1333574781933543,32447.514301044896,4.511181432517335,-0.37581989791209636,25006.238573754203,32447.514301044896
411468,3.0191539240233025,FAT_010,FAT_010,1,Autologous,1.0,3.625441984244107,3.625441984244107,27.59,42,6495.3377900326095,7259.760158369819,0.1605173315289943,6495.3377900326095,3.812601741480265,0.11496694634914008,7034.127577807875,6495.3377900326095
411469,6.616380902006232,FAT_010,FAT_010,1,Autologous,1.0,3.625441984244107,3.625441984244107,29.85,42,63334.18487426856,41963.61364269827,-0.593845491084276,63334.18487426856,4.801638185449637,0.4146926273106393,84425.39577966364,63334.18487426856
411470,4.978666519546978,FAT_010,FAT_010,1,Autologous,1.0,3.625441984244107,3.625441984244107,31.06,42,19934.24207018583,29633.70848736089,0.5719904295976935,19934.24207018583,4.299599727784039,0.043949135286831,20550.84746504275,19934.24207018583
411471,9.321561355768852,FAT_010,FAT_010,1,Autologous,1.0,3.625441984244107,3.625441984244107,28.72,42,247344.00134412252,216135.12514106903,-0.1945853608341529,247344.00134412252,5.393301382196715,-1.3082401253457845,99880.76567280795,247344.00134412252
411473,5.027383232874369,FAT_010,FAT_010,1,Autologous,1.0,3.625441984244107,3.625441984244107,29.04,42,46074.727680051656,55516.36902357545,0.2689375744153508,46074.727680051656,4.663462777045742,-0.8549146703338905,25474.626047728616,46074.727680051656
411474,2.792036482310213,FAT_010,FAT_010,1,Autologous,1.0,3.625441984244107,3.625441984244107,27.02,42,14593.95516114922,10958.387966327173,-0.4133353400539287,14593.95516114922,4.164173007580937,0.00210365424927617,14615.250742505154,14593.95516114922
411475,3.8271306276463455,FAT_010,FAT_010,1,Autologous,1.0,3.625441984244107,3.625441984244107,28.82,42,13267.83474668768,13686.81345198344,0.044853650786303,13267.83474668768,4.122800053663799,0.7625541263130979,22508.767695393075,13267.83474668768
411479,2.026167223636185,FAT_010,FAT_010,1,Autologous,1.0,3.625441984244107,3.625441984244107,30.29,42,3687.940872617535,1820.096119250388,-1.018800884619831,3687.940872617535,3.566783949555729,0.7415878075103285,6166.292532120688,3687.940872617535
411483,5.169992070677845,FAT_010,FAT_010,1,Autologous,1.0,3.625441984244107,3.625441984244107,28.13,42,259725.98765394997,109455.83701843304,-1.2466414823174468,259725.98765394997,5.414515406425789,-0.04059282613310509,252519.98110037713,259725.98765394997
411484,4.54705734671683,FAT_010,FAT_010,1,Autologous,1.0,3.625441984244107,3.625441984244107,27.82,42,23506.81046674521,20042.540976995653,-0.2300133756481643,23506.81046674521,4.3711937056598735,0.11822081960638947,25514.1860726794,23506.81046674521
411485,5.554212034797905,FAT_010,FAT_010,1,Autologous,1.0,3.625441984244107,3.625441984244107,29.4,42,345580.3494066043,94407.81853675524,-1.872042935679054,345580.3494066043,5.538549039400287,-0.39686668486487986,262470.3576153323,345580.3494066043
411486,6.56384013633406,FAT_010,FAT_010,1,Autologous,1.0,3.625441984244107,3.625441984244107,26.21,42,75875.30563383132,95500.0480776274,0.3318710367354439,75875.30563383132,4.880100453471375,-0.16153656104766775,67838.01056441235,75875.30563383132
411487,5.737144121589144,FAT_010,FAT_010,1,Autologous,1.0,3.625441984244107,3.625441984244107,31.0,42,52090.00988004919,57382.86985974723,0.1396134119422979,52090.00988004919,4.716754439806482,-0.27160224756856555,43151.3131506152,52090.00988004919
411489,9.83677975820132,FAT_010,FAT_010,1,Autologous,1.0,3.625441984244107,3.625441984244107,27.23,42,281992.8755331736,22789.872088064345,-3.629193981446361,281992.8755331736,5.450238136135975,-1.2657566810486092,117275.53097478043,281992.8755331736
411490,4.478135764635922,FAT_010,FAT_010,1,Autologous,1.0,3.625441984244107,3.625441984244107,30.71,42,12822.258287428604,15050.596521506746,0.2311702931772417,12822.258287428604,4.107964520923567,-0.32359173414865877,10245.984689928368,12822.258287428604
411902,2.6415172284691386,FAT_010,FAT_010,1,Autologous,1.0,3.625441984244107,3.625441984244107,31.82,42,10334.45638989876,11005.652029858224,0.0907821176998464,10334.45638989876,4.014287636930752,0.7027607991899378,16820.53160158504,10334.45638989876
411903,3.12563353339398,FAT_010,FAT_010,1,Autologous,1.0,3.625441984244107,3.625441984244107,26.62,42,4799.229779936303,3353.1704708758325,-0.5172770590289931,4799.229779936303,3.6811715437997687,-0.3986764802817049,3640.474259606771,4799.229779936303
428125,3.7620204825066734,FAT_010,FAT_010,1,Autologous,1.0,3.625441984244107,3.625441984244107,26.43,42,32825.458619166435,42761.94664306824,0.38151236225829,32825.458619166435,4.516210802526388,-0.0636042845416527,31409.71566796803,32825.458619166435
428127,4.063836250161679,FAT_010,FAT_010,1,Autologous,1.0,3.625441984244107,3.625441984244107,17.97,42,13350.054212384295,13565.645580022014,0.0231121056748465,13350.054212384295,4.125483029302957,0.1053059721315881,14360.953819283366,13350.054212384295
428128,2.099223444217512,FAT_010,FAT_010,1,Autologous,1.0,3.625441984244107,3.625441984244107,26.14,42,2662.849792238767,3076.460862566755,0.2083005889353655,2662.849792238767,3.4253466691645515,-0.2755904264702377,2199.8125950677927,2662.849792238767
435590,1.796372264191616,FAT_010,FAT_010,1,Autologous,1.0,3.625441984244107,3.625441984244107,30.99,42,2902.877587256305,7170.388110965644,1.3045674740733386,2902.877587256305,3.462828722259501,0.5149602134530779,4148.080663507729,2902.877587256305
435830,2.0148180995864133,FAT_010,FAT_010,1,Autologous,1.0,3.625441984244107,3.625441984244107,21.31,42,1930.8313234559985,1698.0689006793043,-0.1853271378794993,1930.8313234559985,3.285744335668588,-0.2521113823493843,1621.2546971035151,1930.8313234559985
445970,3.734028777028514,FAT_010,FAT_010,1,Autologous,1.0,3.625441984244107,3.625441984244107,17.81,42,5439.745940121225,3143.489898119886,-0.7911721459966162,5439.745940121225,3.735578616723917,1.4221848131394166,14578.032189665006,5439.745940121225
445972,3.134636118310026,FAT_010,FAT_010,1,Autologous,1.0,3.625441984244107,3.625441984244107,25.15,42,11602.22750612399,12502.633823878135,0.1078302329602551,11602.22750612399,4.064541377222383,0.06003362144196542,12095.206795388349,11602.22750612399
445973,4.843902732003,FAT_010,FAT_010,1,Autologous,1.0,3.625441984244107,3.625441984244107,29.52,42,22212.516942230748,12337.639274824276,-0.8483065058478843,22212.516942230748,4.346597772064434,-0.27979008225950464,18296.691470633927,22212.516942230748
445975,3.838664721166922,FAT_010,FAT_010,1,Autologous,1.0,3.625441984244107,3.625441984244107,20.24,42,7544.299037871686,14468.81886676996,0.9394883879171072,7544.299037871686,3.877618894459341,0.5848398005656312,11315.486142081269,7544.299037871686
457391,1.366847802215689,FAT_010,FAT_010,1,Autologous,1.0,3.625441984244107,3.625441984244107,30.88,42,2693.350561771382,808.6451596858427,-1.7358233408330972,2693.350561771382,3.430292884096376,0.6181185788113045,4133.949025766542,2693.350561771382
457393,3.674168993660788,FAT_010,FAT_010,1,Autologous,1.0,3.625441984244107,3.625441984244107,29.75,42,10428.610939325528,5692.311942358153,-0.8734603781067364,10428.610939325528,4.0182264655156485,0.7279055598958094,17272.208545658807,10428.610939325528
457394,1.313021990879638,FAT_010,FAT_010,1,Autologous,1.0,3.625441984244107,3.625441984244107,30.99,42,2483.82353628646,5889.961662578922,1.245695563010648,2483.82353628646,3.395120738066807,0.4585481170550954,3413.1665105727484,2483.82353628646
457395,1.312967550527684,FAT_010,FAT_010,1,Autologous,1.0,3.625441984244107,3.625441984244107,30.99,42,2568.695242811998,1111.9945128942409,-1.207886065876227,2568.695242811998,3.4097125814106803,0.5217330301899182,3687.82134121488,2568.695242811998
457400,1.9641464569215643,FAT_010,FAT_010,1,Autologous,1.0,3.625441984244107,3.625441984244107,31.07,42,3772.812579143074,290.4591540635652,-3.699233230177241,3772.812579143074,3.5766652314226595,-0.5091933285315371,2650.8354262125545,3772.812579143074
457401,2.0358186372815323,FAT_010,FAT_010,1,Autologous,1.0,3.625441984244107,3.625441984244107,31.07,42,4583.0721523790735,262.1007159449331,-4.128121798978701,4583.0721523790735,3.6611566944984255,-0.24455412295487036,3868.464073629538,4583.0721523790735
457412,4.786340893997432,FAT_010,FAT_010,1,Autologous,1.0,3.625441984244107,3.625441984244107,30.36,42,135373.02414906266,173183.26289726695,0.3553592281700894,135373.02414906266,5.131532130889728,-0.6010925372941256,89245.27805768873,135373.02414906266
457421,1.996010647948812,FAT_010,FAT_010,1,Autologous,1.0,3.625441984244107,3.625441984244107,31.17,42,5008.756805421226,5608.955321221568,0.1632795262583796,5008.756805421226,3.699729945519095,1.0279748596193257,10213.655682466702,5008.756805421226
469593,1.441408042260948,FAT_010,FAT_010,1,Autologous,1.0,3.625441984244107,3.625441984244107,30.99,42,2905.5298280852285,6033.472546391394,1.0541873144140814,2905.5298280852285,3.463225338252275,0.6713574591119874,4627.261796418413,2905.5298280852285
469596,3.302206990702876,FAT_010,FAT_010,1,Autologous,1.0,3.625441984244107,3.625441984244107,28.15,42,9868.988124422762,12986.445965114191,0.3960325819971161,9868.988124422762,3.994272626377085,0.801522558817453,17201.05002063527,9868.988124422762
470145,2.0990938240033232,FAT_010,FAT_010,1,Autologous,1.0,3.625441984244107,3.625441984244107,28.33,42,2381.7122643729213,2944.980831289461,0.3062591125125462,2381.7122643729213,3.376889293022855,-0.3494890524472438,1869.3154914149484,2381.7122643729213
470146,9.671268545021205,FAT_010,FAT_010,1,Autologous,1.0,3.625441984244107,3.625441984244107,28.01,42,333328.3228973942,737065.0244879767,1.144847992278344,333328.3228973942,5.522872217217234,-1.516221847530275,116531.66750834444,333328.3228973942
471870,2.266674975214909,FAT_010,FAT_010,1,Autologous,1.0,3.625441984244107,3.625441984244107,30.58,42,4104.342682758458,161.55716261523744,-4.667034571689471,4104.342682758458,3.613243614047706,0.13618814658676062,4510.662479245284,4104.342682758458
471875,8.641093447823389,FAT_010,FAT_010,1,Autologous,1.0,3.625441984244107,3.625441984244107,29.18,42,131744.7586950959,55176.92711276152,-1.255608548984089,131744.7586950959,5.119733346350796,-0.472411760431933,94956.18024640204,131744.7586950959
476272,4.732113154272069,FAT_010,FAT_010,1,Autologous,1.0,3.625441984244107,3.625441984244107,29.6,42,20126.52953028275,10624.961481780829,-0.9216408149356844,20126.52953028275,4.303768894819799,-0.28615603729755124,16505.449043832486,20126.52953028275
478749,2.1994546299734807,FAT_010,FAT_010,1,Autologous,1.0,3.625441984244107,3.625441984244107,29.95,42,4141.474054363381,5628.720293243645,0.442662608026121,4141.474054363381,3.617154944921768,-0.11585299254505003,3821.9035159144933,4141.474054363381
479437,2.289198103201206,FAT_010,FAT_010,1,Autologous,1.0,3.625441984244107,3.625441984244107,24.48,42,2416.191395148921,3666.8319834000968,0.6017994221335798,2416.191395148921,3.383131333328549,-0.34553529787572884,1901.581064362527,2416.191395148921
483217,1.7014772178112605,FAT_010,FAT_010,1,Autologous,1.0,3.625441984244107,3.625441984244107,30.63,42,2505.041462917844,1177.3048552280602,-1.0893465378059617,2505.041462917844,3.398814918613404,0.5629959193201949,3700.7826362992764,2505.041462917844
483218,4.38738913503546,FAT_010,FAT_010,1,Autologous,1.0,3.625441984244107,3.625441984244107,28.19,42,47944.55746444242,42906.31687349037,-0.1601769898910566,47944.55746444242,4.680739314378143,0.16898433009320663,53902.469999520494,47944.55746444242
500632,4.248238675907318,FAT_010,FAT_010,1,Autologous,1.0,3.625441984244107,3.625441984244107,27.33,42,45244.576300598725,57570.20742065214,0.3475775508663351,45244.576300598725,4.655566525554532,-0.13597075920716248,41175.1555493587,45244.576300598725
502558,1.8629776007603984,FAT_010,FAT_010,1,Autologous,1.0,3.625441984244107,3.625441984244107,24.43,42,1136.4851951935375,956.4527765465918,-0.2488132460360214,1136.4851951935375,3.055563782614768,-0.6967278883403063,701.1772058125174,1136.4851951935375
511145,2.324768602650877,FAT_010,FAT_010,1,Autologous,1.0,3.625441984244107,3.625441984244107,31.07,42,4539.310178701842,219.9927320718127,-4.366945306275318,4539.310178701842,3.656989859829447,-0.5215696586784841,3162.144760703267,4539.310178701842
511680,2.58628353601263,FAT_010,FAT_010,1,Autologous,1.0,3.625441984244107,3.625441984244107,26.86,42,8613.152091927685,6877.350917073112,-0.3246883457124463,8613.152091927685,3.935162116100616,0.4080142554462201,11428.431923574775,8613.152091927685
515619,7.177103514696181,FAT_010,FAT_010,1,Autologous,1.0,3.625441984244107,3.625441984244107,29.62,42,1370387.6400166778,1436098.8054190387,0.0675709673787708,1370387.6400166778,6.136843432928294,-0.7444514117256712,817977.2550186061,1370387.6400166778
515620,6.842637130533667,FAT_010,FAT_010,1,Autologous,1.0,3.625441984244107,3.625441984244107,31.6,42,39588.67273292028,37006.04305159558,-0.0973268190505941,39588.67273292028,4.5975709416503765,0.03913180814982769,40677.17554545433,39588.67273292028
518635,3.481318740456646,FAT_010,FAT_010,1,Autologous,1.0,3.625441984244107,3.625441984244107,25.8,42,2776.896147882459,4531.334672713549,0.7064628251835433,2776.896147882459,3.443559638034393,-0.8655108113446707,1524.1051207627731,2776.896147882459
518636,4.110624072519338,FAT_010,FAT_010,1,Autologous,1.0,3.625441984244107,3.625441984244107,28.81,42,22814.57561039629,15232.77800275372,-0.582776747259596,22814.57561039629,4.358212394573624,0.03453219578063717,23367.250878874376,22814.57561039629
518637,4.568222476845585,FAT_010,FAT_010,1,Autologous,1.0,3.625441984244107,3.625441984244107,18.67,42,7858.58957609907,9970.99871183298,0.3434676072232028,7858.58957609907,3.895344607835602,-0.281187122183296,6466.940268989781,7858.58957609907
521003,8.817013043353937,FAT_010,FAT_010,1,Autologous,1.0,3.625441984244107,3.625441984244107,19.03,42,164576.84791633463,1236895.3865280123,2.9098901840335314,164576.84791633463,5.216368740175246,-0.3267504639095429,131222.1198740224,164576.84791633463
525259,3.899480332388035,FAT_010,FAT_010,1,Autologous,1.0,3.625441984244107,3.625441984244107,27.86,42,8995.074771292608,8950.95428617188,-0.0070937735725303,8995.074771292608,3.954004777756592,0.056140862085002484,9352.007818332155,8995.074771292608
525362,2.327821342857562,FAT_010,FAT_010,1,Autologous,1.0,3.625441984244107,3.625441984244107,22.5,42,2190.75092469046,2285.861981683679,0.0613128297036257,2190.75092469046,3.340593003675933,-0.21933843155852384,1881.7657365511855,2190.75092469046
536231,5.800232214262948,FAT_010,FAT_010,1,Autologous,1.0,3.625441984244107,3.625441984244107,31.15,42,125118.13498403158,91082.1471573884,-0.4580507061750106,125118.13498403158,5.09732026215295,-0.48345820759720765,89492.12900660074,125118.13498403158
537007,4.240364900870354,FAT_010,FAT_010,1,Autologous,1.0,3.625441984244107,3.625441984244107,29.22,42,18940.97787975414,17739.492063118865,-0.0945461144236344,18940.97787975414,4.277402396885742,-0.12242954682064773,17399.927188243324,18940.97787975414
537013,2.1241447000693605,FAT_010,FAT_010,1,Autologous,1.0,3.625441984244107,3.625441984244107,26.93,42,3583.177359875074,3537.929991951769,-0.0183339552698964,3583.177359875074,3.554268305377581,0.0690774756220458,3758.916665273566,3583.177359875074
545696,3.2584584768695706,FAT_010,FAT_010,1,Autologous,1.0,3.625441984244107,3.625441984244107,17.82,42,12126.045069836297,23091.50274805343,0.9292529740865804,12126.045069836297,4.083719178078795,0.4336528257578481,16378.03090701687,12126.045069836297
547043,3.029996067792732,FAT_010,FAT_010,1,Autologous,1.0,3.625441984244107,3.625441984244107,24.99,42,5764.645441664303,5880.508849872712,0.028709122489727,5764.645441664303,3.760772600882407,0.3958696913545813,7584.749680784044,5764.645441664303
548480,1.957600131850788,FAT_010,FAT_010,1,Autologous,1.0,3.625441984244107,3.625441984244107,25.09,42,1340.707739020614,57713.718304464615,5.427847598655897,1340.707739020614,3.1273341162825705,-0.49010438874038803,954.5484884596558,1340.707739020614
552396,4.806963854675691,FAT_010,FAT_010,1,Autologous,1.0,3.625441984244107,3.625441984244107,23.33,42,19223.441528034444,24082.329388986247,0.3251083034903471,19223.441528034444,4.283831141024307,-0.011631994577427997,19069.07214094723,19223.441528034444
552398,5.3330664584967336,FAT_010,FAT_010,1,Autologous,1.0,3.625441984244107,3.625441984244107,29.38,42,39713.32805187966,42951.00289719246,0.1130685518960489,39713.32805187966,4.598936283286583,-0.4536209297074157,28998.983628329308,39713.32805187966
562973,2.3362773388550666,FAT_010,FAT_010,1,Autologous,1.0,3.625441984244107,3.625441984244107,26.24,42,2095.270254849229,357.48818961669565,-2.551168854188854,2095.270254849229,3.3212400476459925,-0.04214267675582857,2034.9504453278287,2095.270254849229
563192,2.961045349916489,FAT_010,FAT_010,1,Autologous,1.0,3.625441984244107,3.625441984244107,28.15,42,3954.491075924304,1149.8057637190836,-1.7821018709074623,3954.491075924304,3.5970905998085456,-0.04880168168859017,3822.9606672772516,3954.491075924304
566550,3.496762408544838,FAT_010,FAT_010,1,Autologous,1.0,3.625441984244107,3.625441984244107,29.11,42,10726.988032579377,10360.282726006928,-0.050181673302232,10726.988032579377,4.030477796107853,0.39690904191285964,14124.05250259035,10726.988032579377
566552,3.1851521438063912,FAT_010,FAT_010,1,Autologous,1.0,3.625441984244107,3.625441984244107,25.62,42,5504.725840429842,7951.534179142511,0.5305625296568388,5504.725840429842,3.740735694070089,0.053830780863873634,5714.001812417879,5504.725840429842
568816,2.1895041620006186,FAT_010,FAT_010,1,Autologous,1.0,3.625441984244107,3.625441984244107,23.68,42,2304.797280334152,3722.689513027705,0.691705431528446,2304.797280334152,3.3626327328042174,-0.20117847301454145,2004.80426675549,2304.797280334152
585394,4.369803462583014,FAT_010,FAT_010,1,Autologous,1.0,3.625441984244107,3.625441984244107,30.74,42,75468.18666659163,116840.20243520288,0.6305962478991112,75468.18666659163,4.877763914982067,0.09311740172448606,80499.84534690731,75468.18666659163
585543,3.5388161576504387,FAT_010,FAT_010,1,Autologous,1.0,3.625441984244107,3.625441984244107,30.29,42,9159.513702685836,4186.736682241685,-1.1294448196707858,9159.513702685836,3.961872416697717,0.6345718703918021,14219.934111781973,9159.513702685836
622312,4.326500123999301,FAT_010,FAT_010,1,Autologous,1.0,3.625441984244107,3.625441984244107,28.89,42,103417.500521783,116366.7024532827,0.1701979577172663,103417.500521783,5.014594037180831,0.38501256070785705,135049.9310088424,103417.500521783
626939,4.195774901081674,FAT_010,FAT_010,1,Autologous,1.0,3.625441984244107,3.625441984244107,26.95,42,5223.588312563996,7244.291919396019,0.4718034849499204,5223.588312563996,3.717968941500712,-0.020504138027241478,5149.873732782977,5223.588312563996
633147,2.0155864548783007,FAT_010,FAT_010,1,Autologous,1.0,3.625441984244107,3.625441984244107,21.08,42,1060.89633156923,812.9418927341204,-0.3840595457008104,1060.89633156923,3.025672947683513,-0.4013980214341589,803.2303373039988,1060.89633156923
645463,3.8264826491935886,FAT_010,FAT_010,1,Autologous,1.0,3.625441984244107,3.625441984244107,28.02,42,8924.790389326146,6875.632223853802,-0.3763259084910781,8924.790389326146,3.9505980249155455,0.5687539148933612,13237.623151859698,8924.790389326146
645464,2.598336433110352,FAT_010,FAT_010,1,Autologous,1.0,3.625441984244107,3.625441984244107,25.28,42,1572.7788115513831,1920.6396725800832,0.2882710922591953,1572.7788115513831,3.1966676497198137,-0.5286972430884711,1090.2194378444517,1572.7788115513831
649757,4.096968159707376,FAT_010,FAT_010,1,Autologous,1.0,3.625441984244107,3.625441984244107,27.82,42,13972.004686766755,12176.941458818694,-0.1983872217166145,13972.004686766755,4.145258722645297,-0.2296100136398962,11916.23944192104,13972.004686766755
649764,1.922110722708472,FAT_010,FAT_010,1,Autologous,1.0,3.625441984244107,3.625441984244107,24.04,42,791.6938874335377,763.0997893741003,-0.0530709841801799,791.6938874335377,2.898557291820939,-0.6328116906320086,510.5778748240737,791.6938874335377
657308,2.605899211585628,FAT_010,FAT_010,1,Autologous,1.0,3.625441984244107,3.625441984244107,20.15,42,2276.94875163046,2587.492641672766,0.1844529394570622,2276.94875163046,3.357353255852486,-0.12824837422456664,2083.275221171889,2276.94875163046
657313,9.05061865901784,FAT_010,FAT_010,1,Autologous,1.0,3.625441984244107,3.625441984244107,30.1,42,250744.1740868019,350121.8704787285,0.4816410020629992,250744.1740868019,5.399230851198548,-0.436305106554993,185306.19002346016,250744.1740868019
657314,4.5748369232692285,FAT_010,FAT_010,1,Autologous,1.0,3.625441984244107,3.625441984244107,30.01,42,64010.50628564395,64144.20898451685,0.0030103034476064,64010.50628564395,4.806251262224565,-0.7093379845937254,39148.8718729053,64010.50628564395
657317,7.109581730990212,FAT_010,FAT_010,1,Autologous,1.0,3.625441984244107,3.625441984244107,31.02,42,1353248.859780177,1419042.4939105962,0.0684906197751137,1353248.859780177,6.131377669835602,-0.6876875965416929,840162.0790284128,1353248.859780177
657319,6.772795371409222,FAT_010,FAT_010,1,Autologous,1.0,3.625441984244107,3.625441984244107,26.02,42,76850.00413846056,67628.85948666999,-0.18440631368186,76850.00413846056,4.885643895223019,-0.11604385715150112,70910.6087021349,76850.00413846056
657321,10.812765822528176,FAT_010,FAT_010,1,Autologous,1.0,3.625441984244107,3.625441984244107,25.04,42,1103048.3950633043,238785.7830783692,-2.207707240483899,1103048.3950633043,6.042594567062015,-1.4638175452310767,399890.9519480837,1103048.3950633043
657322,5.200973144002417,FAT_010,FAT_010,1,Autologous,1.0,3.625441984244107,3.625441984244107,29.23,42,311472.5323466536,76714.73119055777,-2.0215293989296885,311472.5323466536,5.493419753800152,-0.10814998483405844,288977.05734502774,311472.5323466536
657323,6.077986448319897,FAT_010,FAT_010,1,Autologous,1.0,3.625441984244107,3.625441984244107,29.77,42,250358.2730461936,139373.12988698026,-0.8450416827839619,250358.2730461936,5.398561947158718,0.22567665893516412,292750.32832859096,250358.2730461936
658089,3.095511049550876,FAT_010,FAT_010,1,Autologous,1.0,3.625441984244107,3.625441984244107,27.62,42,13563.559599112605,12146.864327480753,-0.1591519117885922,13563.559599112605,4.132373680045868,0.5387111745914211,19703.433052321874,13563.559599112605
658659,3.17594889918006,FAT_010,FAT_010,1,Autologous,1.0,3.625441984244107,3.625441984244107,27.88,42,8554.802793691377,10203.022296439967,0.2541900615358731,8554.802793691377,3.9322100025856193,0.48240938035644737,11951.700354839943,8554.802793691377
665943,2.5095874171714074,FAT_010,FAT_010,1,Autologous,1.0,3.625441984244107,3.625441984244107,23.67,42,2734.4602946196896,3784.562468922903,0.4688704069307798,2734.4602946196896,3.436871621639068,-0.29443061820706523,2229.6627272713145,2734.4602946196896
665951,4.468319783331523,FAT_010,FAT_010,1,Autologous,1.0,3.625441984244107,3.625441984244107,29.93,42,40186.75303984243,129978.75275022612,1.69348388724522,40186.75303984243,4.604082918014749,-0.36354090238263487,31235.337417812403,40186.75303984243
697329,2.353893103463163,FAT_010,FAT_010,1,Autologous,1.0,3.625441984244107,3.625441984244107,30.23,42,2186.772563447075,1622.4463990296188,-0.4306323633411065,2186.772563447075,3.339803616336088,0.08582367022741509,2320.8074793454825,2186.772563447075
702459,1.6599392059286326,FAT_010,FAT_010,1,Autologous,1.0,3.625441984244107,3.625441984244107,25.15,42,990.6119496027684,4827.809253044702,2.2849767470716804,990.6119496027684,2.9959035625069683,-0.5894200786188106,658.3706149821126,990.6119496027684
717959,3.268371185439738,FAT_010,FAT_010,1,Autologous,1.0,3.625441984244107,3.625441984244107,24.46,42,3410.781705995074,1936.9672581635384,-0.8163028564212071,3410.781705995074,3.532853924943754,-0.4833174418556235,2439.8373620381726,3410.781705995074
717960,6.028674200514926,FAT_010,FAT_010,1,Autologous,1.0,3.625441984244107,3.625441984244107,17.34,42,25222.81028305844,29100.91358937447,0.2063354183050136,25222.81028305844,4.401793473292964,-0.23613180534124215,21414.63699485433,25222.81028305844
717962,9.77899538366528,FAT_010,FAT_010,1,Autologous,1.0,3.625441984244107,3.625441984244107,28.91,42,144399.92581030235,270919.33085321804,0.9077933365470422,144399.92581030235,5.159566970102148,-0.6294795637591275,93341.49226820114,144399.92581030235
718252,5.395733529970897,FAT_010,FAT_010,1,Autologous,1.0,3.625441984244107,3.625441984244107,28.53,42,125181.78876392574,75525.39548279454,-0.7289909580428948,125181.78876392574,5.09754115303891,-0.434552474692213,92624.91521800806,125181.78876392574
742733,2.863130524083432,FAT_010,FAT_010,1,Autologous,1.0,3.625441984244107,3.625441984244107,31.17,42,10325.17354699753,8962.1257920974,-0.2042531495091978,10325.17354699753,4.013897360073713,0.5534534835297094,15153.16875470957,10325.17354699753
742740,5.321244948079701,FAT_010,FAT_010,1,Autologous,1.0,3.625441984244107,3.625441984244107,28.76,42,28673.37560148736,26964.577917770854,-0.088646306061261,28673.37560148736,4.457478823703451,-1.0969505909921644,13404.906591153447,28673.37560148736
742741,4.224619831978578,FAT_010,FAT_010,1,Autologous,1.0,3.625441984244107,3.625441984244107,28.31,42,16349.738589896291,19567.32230185615,0.2591787741104356,16349.738589896291,4.213510813273177,0.34758879467684667,20803.933967034594,16349.738589896291
742742,3.141532237407867,FAT_010,FAT_010,1,Autologous,1.0,3.625441984244107,3.625441984244107,29.51,42,4061.9068294956887,6474.317357144675,0.672570937082954,4061.9068294956887,3.6087299574981424,-0.3612430365722011,3162.168206146524,4061.9068294956887
742818,5.72993059032431,FAT_010,FAT_010,1,Autologous,1.0,3.625441984244107,3.625441984244107,22.83,42,26133.85500779352,47020.00909391134,0.8473548655578151,26133.85500779352,4.41720347727899,-0.3673063072262912,20259.711711279033,26133.85500779352
748224,7.968234173178414,FAT_010,FAT_010,1,Autologous,1.0,3.625441984244107,3.625441984244107,29.49,42,172760.3369939768,70721.6479348202,-1.288548238360559,172760.3369939768,5.2374440425303685,-0.5313611061961367,119533.1628331132,172760.3369939768
762984,2.75954031027213,FAT_010,FAT_010,1,Autologous,1.0,3.625441984244107,3.625441984244107,30.29,42,2888.290262697228,3563.710390241434,0.3031643639235735,2888.290262697228,3.4606408361113257,0.49101509593874043,4059.299621920834,2888.290262697228
871541,1.8439610154047696,FAT_010,FAT_010,1,Autologous,1.0,3.625441984244107,3.625441984244107,22.79,42,1197.4867342587684,244.9137837518227,-2.289663797694236,1197.4867342587684,3.0782707110050755,-0.6916746186246399,741.4056709007954,1197.4867342587684
883077,2.224978886205242,FAT_010,FAT_010,1,Autologous,1.0,3.625441984244107,3.625441984244107,22.77,42,1515.755633729537,515.607965793311,-1.555690726984078,1515.755633729537,3.1806291910868514,-0.3129992526080633,1220.1325901534349,1515.755633729537
883156,2.1936587215952894,FAT_010,FAT_010,1,Autologous,1.0,3.625441984244107,3.625441984244107,27.18,42,1304.9024878301527,1184.1796281053043,-0.1400540619004293,1304.9024878301527,3.115578059122911,-1.3351174208623398,517.2108986105532,1304.9024878301527
888048,3.426443666303772,FAT_010,FAT_010,1,Autologous,1.0,3.625441984244107,3.625441984244107,23.96,42,2914.812670986459,7038.048733078696,1.271772336313659,2914.812670986459,3.4646106487790416,-0.7122843995736354,1779.0644399625928,2914.812670986459
999410,2.889834883623866,FAT_010,FAT_010,1,Autologous,1.0,3.625441984244107,3.625441984244107,31.57,42,13400.446788133837,14216.170963531238,0.0852518336263834,13400.446788133837,4.127119278542892,0.5731567873331946,19936.85561870624,13400.446788133837
999412,3.2837541786175835,FAT_010,FAT_010,1,Autologous,1.0,3.625441984244107,3.625441984244107,30.37,42,9481.760963399993,8778.22561763112,-0.1112256721980051,9481.760963399993,3.97688900249265,0.5900946172658241,14273.325916588377,9481.760963399993
999413,3.50585761300642,FAT_010,FAT_010,1,Autologous,1.0,3.625441984244107,3.625441984244107,27.68,42,7646.410309785224,10943.779073963027,0.5172564884011697,7646.410309785224,3.8834575987437594,-0.1774895069696502,6761.264615277177,7646.410309785224
1042156,2.904541189119918,FAT_010,FAT_010,1,Autologous,1.0,3.625441984244107,3.625441984244107,29.17,42,3462.5004021590744,4613.831947240478,0.4141512179822145,3462.5004021590744,3.539389832514514,0.26850493205766635,4170.785653929889,3462.5004021590744
1121111,1.846801294113136,FAT_010,FAT_010,1,Autologous,1.0,3.625441984244107,3.625441984244107,25.13,42,807.6073324070762,1090.5108476528528,0.4332782066692926,807.6073324070762,2.907200253324445,-0.5113409809578746,566.593098288147,807.6073324070762
1121114,2.4184465289226464,FAT_010,FAT_010,1,Autologous,1.0,3.625441984244107,3.625441984244107,30.63,42,5441.072060535687,6827.508813713093,0.3274683360778656,5441.072060535687,3.735684477658482,0.3543646407795935,6955.988637786789,5441.072060535687
1121115,5.298598073987657,FAT_010,FAT_010,1,Autologous,1.0,3.625441984244107,3.625441984244107,29.66,42,110660.7702255719,146458.44268359,0.4043474901909775,110660.7702255719,5.043993688682685,-1.0251310128683246,54374.90413976377,110660.7702255719
1121315,1.610294472596601,FAT_010,FAT_010,1,Autologous,1.0,3.625441984244107,3.625441984244107,27.76,42,1473.3197804667682,280.146994747699,-2.394814676423495,1473.3197804667682,3.1682970196324374,-1.4390104656252385,543.3900795337127,1473.3197804667682
1121333,5.334769297406214,FAT_010,FAT_010,1,Autologous,1.0,3.625441984244107,3.625441984244107,27.95,42,23778.66515170983,26113.82477421189,0.1351460484935862,23778.66515170983,4.376187471244914,-0.03394587098745458,23225.696458220064,23778.66515170983
1121334,3.0184934687084817,FAT_010,FAT_010,1,Autologous,1.0,3.625441984244107,3.625441984244107,27.58,42,2987.749293781844,4136.894578881665,0.4694890989735878,2987.749293781844,3.4753441524154005,-0.566242270113656,2017.847050314131,2987.749293781844
1121344,2.421647344656738,FAT_010,FAT_010,1,Autologous,1.0,3.625441984244107,3.625441984244107,25.19,42,1464.0369375655373,2414.7639731320064,0.7219302290646383,1464.0369375655373,3.1655520340847496,-0.8156009930320925,831.8244292347565,1464.0369375655373
1123075,1.871896962056231,FAT_010,FAT_010,1,Autologous,1.0,3.625441984244107,3.625441984244107,29.66,42,2087.31353236246,2799.7512542576787,0.4236513337525505,2087.31353236246,3.3195876887146154,0.2110673664122772,2416.1578129660124,2087.31353236246
1123263,3.0272120082943794,FAT_010,FAT_010,1,Autologous,1.0,3.625441984244107,3.625441984244107,14.87,42,2849.832770677844,4078.45900942509,0.5171468885006837,2849.832770677844,3.454819376183013,-0.4000540526086217,2159.688453854345,2849.832770677844
1123313,3.336103583164692,FAT_010,FAT_010,1,Autologous,1.0,3.625441984244107,3.625441984244107,26.01,42,3115.056853570151,2568.587016260344,-0.2782835455995832,3115.056853570151,3.4934659774691754,-0.745417967287984,1858.1159444232,3115.056853570151
1125712,1.8996133022739208,FAT_010,FAT_010,1,Autologous,1.0,3.625441984244107,3.625441984244107,27.64,42,1083.440378615076,703.8048733078695,-0.6223723557701559,1083.440378615076,3.0348050172239853,-1.5942941405714928,358.8183617363511,1083.440378615076
1150460,3.4221028826113966,FAT_010,FAT_010,1,Autologous,1.0,3.625441984244107,3.625441984244107,25.62,42,3316.6271565683046,5501.536995014629,0.7301178900991304,3316.6271565683046,3.520696652422072,-0.6822787892619498,2066.856245162692,3316.6271565683046
1160721,8.389983317490021,FAT_010,FAT_010,1,Autologous,1.0,3.625441984244107,3.625441984244107,26.89,42,605729.3694727675,45854.73509121846,-3.723530740339824,605729.3694727675,5.782278631432385,-0.6127436193121333,396117.85838565615,605729.3694727675
1203606,4.146970472588917,FAT_010,FAT_010,1,Autologous,1.0,3.625441984244107,3.625441984244107,29.5,42,16454.502102638755,15197.54479175784,-0.1146441017132906,16454.502102638755,4.216284745497118,0.2825212365128296,20013.917816413028,16454.502102638755
1203611,2.8524320244541936,FAT_010,FAT_010,1,Autologous,1.0,3.625441984244107,3.625441984244107,24.03,42,3730.376725880305,745.9128571809899,-2.322242334135701,3730.376725880305,3.5717526928567707,0.25449469584826306,4450.03298426868,3730.376725880305
1256908,6.935194524770398,FAT_010,FAT_010,1,Autologous,1.0,3.625441984244107,3.625441984244107,29.47,42,91471.80782831344,169312.7657673785,0.8882916834382787,91471.80782831344,4.96128726246869,-0.4034328170509863,69157.91369144284,91471.80782831344
1295400,2.328329126686312,FAT_010,FAT_010,1,Autologous,1.0,3.625441984244107,3.625441984244107,25.13,42,1140.463556436922,1331.1278983563975,0.223028849934627,1140.463556436922,3.0570814119351373,0.1362903817498121,1253.455455713532,1140.463556436922
1384484,6.86885791313308,FAT_010,FAT_010,1,Autologous,1.0,3.625441984244107,3.625441984244107,25.0,42,78226.51712867162,72198.86475681803,-0.1156815808424003,78226.51712867162,4.893353994627067,-0.49195267877396637,55623.90592494432,78226.51712867162
1401079,2.2405302527376527,FAT_010,FAT_010,1,Autologous,1.0,3.625441984244107,3.625441984244107,14.02,42,953.4805779978454,450.2976234594916,-1.0823246881673283,953.4805779978454,2.9793118510744523,-1.1349493303973544,434.16824801820866,953.4805779978454
1408437,4.5563574077560745,FAT_010,FAT_010,1,Autologous,1.0,3.625441984244107,3.625441984244107,26.48,42,11506.74683628276,8307.303675539895,-0.4700278167752133,11506.74683628276,4.060952558143376,-0.24873339497712216,9684.480863593953,11506.74683628276
1410645,2.5959262088065067,FAT_010,FAT_010,1,Autologous,1.0,3.625441984244107,3.625441984244107,25.07,42,1981.2238992055368,2394.139654500274,0.2731153805465349,1981.2238992055368,3.2969335581709496,-0.30118590120000344,1607.9315901503187,1981.2238992055368
1410647,7.15366109843678,FAT_010,FAT_010,1,Autologous,1.0,3.625441984244107,3.625441984244107,25.61,42,19887.82785567968,27105.51076175436,0.4467004786228717,19887.82785567968,4.298587352163822,-1.7035119490679298,6106.31434609307,19887.82785567968
1437612,8.524043380002318,FAT_010,FAT_010,1,Autologous,1.0,3.625441984244107,3.625441984244107,25.15,42,200607.53957725465,277292.2453104234,0.4670314420590088,200607.53957725465,5.302347251392598,-0.4499808026472813,146855.2687269349,200607.53957725465
818,3.559071562764283,FAT_014,FAT_014,1,Autologous,1.0000000000000002,4.236540720070927,4.236540720070926,29.11,42,34262.5183214216,65501.755269960806,0.934902372981884,34262.5183214216,4.534819280780759,-2.09033369252676,8045.7426723860835,34262.5183214216
213810,1.9378401286733964,FAT_014,FAT_014,1,Autologous,1.0000000000000002,4.236540720070927,4.236540720070926,22.4,42,916.6583561896864,1038.0959439659075,0.1794837496758775,916.6583561896864,2.962207501789885,-0.7587624074042684,541.7479262678079,916.6583561896864
226186,4.439766968344591,FAT_014,FAT_014,1,Autologous,1.0000000000000002,4.236540720070927,4.236540720070926,29.11,42,21362.964216883847,35045.02123743072,0.7140976565675523,21362.964216883847,4.3296615130437415,-0.592064038181242,14172.043548963915,21362.964216883847
264199,3.2298054696130647,FAT_014,FAT_014,1,Autologous,1.0000000000000002,4.236540720070927,4.236540720070926,24.34,42,1890.004794933208,546.2246672500758,-1.79082352244232,1890.004794933208,3.2764629059776844,-0.3080873155642834,1526.5793475898104,1890.004794933208
272559,2.211330540408309,FAT_014,FAT_014,1,Autologous,1.0000000000000002,4.236540720070927,4.236540720070926,30.39,42,3151.616164110066,2625.1073170895265,-0.2637154365661151,3151.616164110066,3.49853331923642,-0.6156398596795799,2056.871946657581,3151.616164110066
295405,2.935848120618328,FAT_014,FAT_014,1,Autologous,1.0000000000000002,4.236540720070927,4.236540720070926,30.39,42,6578.229835077038,8035.153208582149,0.2886261174406342,6578.229835077038,3.818109043114705,0.591189825593423,9910.028734715486,6578.229835077038
347253,7.0834312499456,FAT_014,FAT_014,1,Autologous,1.0000000000000002,4.236540720070927,4.236540720070926,25.68,42,23866.88888458093,9913.305020111964,-1.2675724931417909,23866.88888458093,4.377795811201238,-1.2017572814162967,10376.0205208054,23866.88888458093
354242,3.700772518247591,FAT_014,FAT_014,1,Autologous,1.0000000000000002,4.236540720070927,4.236540720070926,25.28,42,1833.3167123793728,3571.179203814288,0.9619444925826368,1833.3167123793728,3.2632374974538667,-0.3543206521695238,1434.0898204154907,1833.3167123793728
367928,5.957602260307556,FAT_014,FAT_014,1,Autologous,1.0000000000000002,4.236540720070927,4.236540720070926,25.27,42,8442.905912273427,87493.35234106853,3.3733618646362613,8442.905912273427,3.926491949523351,-1.4646200259693876,3059.126171027512,8442.905912273427
411459,7.6884500964930655,FAT_014,FAT_014,1,Autologous,1.0000000000000002,4.236540720070927,4.236540720070926,29.69,42,196653.3706380887,103830.04418708876,-0.9214309529738104,196653.3706380887,5.293701394615469,-1.1893857505564982,86230.44102106424,196653.3706380887
411460,3.5345081050378475,FAT_014,FAT_014,1,Autologous,1.0000000000000002,4.236540720070927,4.236540720070926,29.93,42,8009.905451915403,2216.1115071288787,-1.85375473863454,8009.905451915403,3.903627389747938,0.5598129858846006,11807.226391200147,8009.905451915403
411461,10.150119772034463,FAT_014,FAT_014,1,Autologous,1.0000000000000002,4.236540720070927,4.236540720070926,31.07,42,81001.23932235125,42446.23094057386,-0.9323075276765308,81001.23932235125,4.908491663653229,-1.8804914324382613,21999.222687981113,81001.23932235125
411462,9.556532333990312,FAT_014,FAT_014,1,Autologous,1.0000000000000002,4.236540720070927,4.236540720070926,28.31,42,129532.26863551492,240897.45576205853,0.8951076146991537,129532.26863551492,5.11237797185068,0.15220223895994905,143944.61126124352,129532.26863551492
411463,5.257644557444949,FAT_014,FAT_014,1,Autologous,1.0000000000000002,4.236540720070927,4.236540720070926,26.73,42,38526.18580711968,16215.069407795105,-1.248504163304322,38526.18580711968,4.585756014854781,-0.4523339196390866,28157.23055994968,38526.18580711968
411467,3.022213223364001,FAT_014,FAT_014,1,Autologous,1.0000000000000002,4.236540720070927,4.236540720070926,27.37,42,7283.815543459887,15206.033692431663,1.0618775999636922,7283.815543459887,3.862358939117411,0.3443142691769166,9247.149139897443,7283.815543459887
411468,3.29745593198437,FAT_014,FAT_014,1,Autologous,1.0000000000000002,4.236540720070927,4.236540720070926,27.59,42,4496.450462993619,3001.275831777017,-0.5832106590559208,4496.450462993619,3.652869813191038,0.03199020049182104,4597.2680127831045,4496.450462993619
411469,10.673423700156786,FAT_014,FAT_014,1,Autologous,1.0000000000000002,4.236540720070927,4.236540720070926,29.85,42,318643.7120351114,357399.37407696754,0.1655929161846838,318643.7120351114,5.503305352737749,-2.009095433887137,79160.28752682378,318643.7120351114
411470,4.55167779787902,FAT_014,FAT_014,1,Autologous,1.0000000000000002,4.236540720070927,4.236540720070926,31.06,42,17283.834531839744,8698.15694262362,-0.990641679360067,17283.834531839744,4.237640099906439,0.16756896349792297,19412.585622113642,17283.834531839744
411471,3.632216375223536,FAT_014,FAT_014,1,Autologous,1.0000000000000002,4.236540720070927,4.236540720070926,28.72,42,13582.223354015863,21596.593223066782,0.6690840887657207,13582.223354015863,4.1329708679816335,0.33685416844664884,17154.34249952212,13582.223354015863
411473,5.673117322304847,FAT_014,FAT_014,1,Autologous,1.0000000000000002,4.236540720070927,4.236540720070926,29.04,42,19370.43842158732,8705.152923583473,-1.1539150605439403,19370.43842158732,4.287139450451757,-1.6028402567323234,6377.294235443595,19370.43842158732
411474,7.374443328599748,FAT_014,FAT_014,1,Autologous,1.0000000000000002,4.236540720070927,4.236540720070926,27.02,42,89436.90845812844,25902.888580047187,-1.7877573296840008,89436.90845812844,4.95151677865974,-0.8781311648168082,48660.09561016743,89436.90845812844
411475,4.148024118852371,FAT_014,FAT_014,1,Autologous,1.0000000000000002,4.236540720070927,4.236540720070926,28.82,42,9474.146562986823,14688.331101402528,0.6326025897889734,9474.146562986823,3.9765400988850863,0.17448415467435854,10692.15050156543,9474.146562986823
411476,2.696865943778931,FAT_014,FAT_014,1,Autologous,1.0000000000000002,4.236540720070927,4.236540720070926,29.68,42,9835.98538779854,19046.289087009536,0.953368438593182,9835.98538779854,3.9928178748853886,0.6616827693725071,15559.808084680797,9835.98538779854
411477,8.234237070268295,FAT_014,FAT_014,1,Autologous,1.0000000000000002,4.236540720070927,4.236540720070926,29.89,42,153406.3942965921,126772.55651635502,-0.2751161512361477,153406.3942965921,5.185843462284729,-0.31128438773400674,123633.88725366088,153406.3942965921
411479,8.23517945185014,FAT_014,FAT_014,1,Autologous,1.0000000000000002,4.236540720070927,4.236540720070926,30.29,42,116995.75948520494,252662.00497462397,1.110752489520122,116995.75948520494,5.06817012101496,-0.3755819684476924,90179.67850284267,116995.75948520494
411483,7.83127252658028,FAT_014,FAT_014,1,Autologous,1.0000000000000002,4.236540720070927,4.236540720070926,28.13,42,124407.42474676495,85031.84334796327,-0.5489974708086427,124407.42474676495,5.094846300212729,0.0839111089173449,131857.87151487838,124407.42474676495
411484,5.368840503936359,FAT_014,FAT_014,1,Autologous,1.0000000000000002,4.236540720070927,4.236540720070926,27.82,42,26160.947033887227,26229.00892325265,0.0037485278889486,26160.947033887227,4.417653461523288,-0.18084815281415895,23078.77445366807,26160.947033887227
411485,5.456816278083163,FAT_014,FAT_014,1,Autologous,1.0000000000000002,4.236540720070927,4.236540720070926,29.4,42,39587.57969323405,28997.264773828407,-0.4491310450223625,39587.57969323405,4.597558950653337,0.12852976328599322,43276.31414889369,39587.57969323405
411486,6.418740482478276,FAT_014,FAT_014,1,Autologous,1.0000000000000002,4.236540720070927,4.236540720070926,26.21,42,53122.7640000244,70393.02226566123,0.4061022155961962,53122.7640000244,4.7252806634746,-0.6149939646762013,34685.58574557803,53122.7640000244
411487,6.4460243871204455,FAT_014,FAT_014,1,Autologous,1.0000000000000002,4.236540720070927,4.236540720070926,31.0,42,48440.56960696076,40329.67762402752,-0.2643739560310594,48440.56960696076,4.685209241318774,-0.2966777513976129,39436.679330682826,48440.56960696076
411489,9.9086069168265,FAT_014,FAT_014,1,Autologous,1.0000000000000002,4.236540720070927,4.236540720070926,27.23,42,229364.80653048403,63914.74389683719,-1.843423366328518,229364.80653048403,5.360526781036239,-0.3850420358375235,175637.6342146703,229364.80653048403
411490,4.611168980025723,FAT_014,FAT_014,1,Autologous,1.0000000000000002,4.236540720070927,4.236540720070926,30.71,42,11990.132524844304,6256.559587634858,-0.938406146305874,11990.132524844304,4.078823983306566,-0.36320440426328765,9321.559221455449,11990.132524844304
411901,2.313975401623788,FAT_014,FAT_014,1,Autologous,1.0000000000000002,4.236540720070927,4.236540720070926,29.11,42,2130.0245487249817,2438.906593081126,0.1953644481297711,2130.0245487249817,3.328384608750644,0.8329839040154553,3794.353153931686,2130.0245487249817
411902,4.032388805853558,FAT_014,FAT_014,1,Autologous,1.0000000000000002,4.236540720070927,4.236540720070926,31.82,42,11388.273946240812,20822.19194604919,0.87057284591065,11388.273946240812,4.05645790560433,-0.11438532684090856,10520.211987641593,11388.273946240812
411903,8.755511181580996,FAT_014,FAT_014,1,Autologous,1.0000000000000002,4.236540720070927,4.236540720070926,26.62,42,105252.88349064864,479510.9928169158,2.187704131820154,105252.88349064864,5.022234002530732,-0.13062890212899267,96141.47586577245,105252.88349064864
428125,3.132168851699282,FAT_014,FAT_014,1,Autologous,1.0000000000000002,4.236540720070927,4.236540720070926,26.43,42,6978.664801202006,7306.494883994363,0.0662284357067219,6978.664801202006,3.8437723388210574,0.2236628940594683,8148.948607069157,6978.664801202006
428126,1.9504416606697124,FAT_014,FAT_014,1,Autologous,1.0000000000000002,4.236540720070927,4.236540720070926,27.15,42,1409.965287349662,300.2890288921599,-2.231235972744747,1409.965287349662,3.1492084206709343,-0.8117733170106396,803.2307063534931,1409.965287349662
428127,4.272168296100814,FAT_014,FAT_014,1,Autologous,1.0000000000000002,4.236540720070927,4.236540720070926,17.97,42,11700.66146499493,14183.006015148516,0.277573245831292,11700.66146499493,4.06821041409463,-0.017857451657464277,11556.725171031154,11700.66146499493
428128,2.1675608365460923,FAT_014,FAT_014,1,Autologous,1.0000000000000002,4.236540720070927,4.236540720070926,26.14,42,1151.853592317303,1246.3609156169214,0.1137645450238472,1151.853592317303,3.0613972810928405,-0.12686634034104677,1054.8888628188693,1151.853592317303
435590,11.44060043880153,FAT_014,FAT_014,1,Autologous,1.0000000000000002,4.236540720070927,4.236540720070926,30.99,42,570242.3082208595,602218.3462432146,0.0787115779148737,570242.3082208595,5.756059435956987,-2.0322697615893444,139407.22374611924,570242.3082208595
435591,6.15805335346385,FAT_014,FAT_014,1,Autologous,1.0000000000000002,4.236540720070927,4.236540720070926,30.59,42,36007.787586430124,25800.1014751755,-0.4809322192895954,36007.787586430124,4.5563964379910376,-1.3853633813313468,13783.531570584217,36007.787586430124
445970,10.90675117851998,FAT_014,FAT_014,1,Autologous,1.0000000000000002,4.236540720070927,4.236540720070926,17.81,42,260385.24898159265,179590.598306102,-0.5359358951115313,260385.24898159265,5.415616377486962,-2.9244136211027416,34298.897298910066,260385.24898159265
445972,3.5222335391224298,FAT_014,FAT_014,1,Autologous,1.0000000000000002,4.236540720070927,4.236540720070926,25.15,42,6979.870930618045,7951.20143706391,0.1879725111397189,6979.870930618045,3.843847391872641,-0.10967926269684586,6468.903072605601,6979.870930618045
445973,2.1798032635956024,FAT_014,FAT_014,1,Autologous,1.0000000000000002,4.236540720070927,4.236540720070926,29.52,42,1144.6168158210687,935.8469914757454,-0.2905201297568006,1144.6168158210687,3.058660121936387,-0.42263657287003903,853.9527397787105,1144.6168158210687
445975,1.859123800418076,FAT_014,FAT_014,1,Autologous,1.0000000000000002,4.236540720070927,4.236540720070926,20.24,42,718.8531319592803,2628.8743837602165,1.8706762563513075,718.8531319592803,2.8566401692493306,-1.6026637008454785,236.6956749659251,718.8531319592803
449673,5.8246235902377865,FAT_014,FAT_014,1,Autologous,1.0000000000000002,4.236540720070927,4.236540720070926,29.11,42,45126.12597168542,38831.46139385588,-0.2167369270344403,45126.12597168542,4.6544280514165175,-1.2609892221551235,18829.22613868856,45126.12597168542
451640,1.5729698515790715,FAT_014,FAT_014,1,Autologous,1.0000000000000002,4.236540720070927,4.236540720070926,25.98,42,850.3212383075379,323.96773367935526,-1.392157840568732,850.3212383075379,2.929583026500493,0.4029821466027817,1124.3272595308342,850.3212383075379
457387,2.5041810478635056,FAT_014,FAT_014,1,Autologous,1.0000000000000002,4.236540720070927,4.236540720070926,29.03,42,21423.2706876858,43520.38309410209,1.0225125032142186,21423.2706876858,4.330885775234359,-1.4154834867309316,8031.243386109809,21423.2706876858
457388,3.5770108857652154,FAT_014,FAT_014,1,Autologous,1.0000000000000002,4.236540720070927,4.236540720070926,30.59,42,47601.10353339758,40235.50095726026,-0.2425260245649969,47601.10353339758,4.677617021058935,-1.9106060092993076,12660.97940561593,47601.10353339758
457390,2.072012767868389,FAT_014,FAT_014,1,Autologous,1.0000000000000002,4.236540720070927,4.236540720070926,29.68,42,17784.378239495953,31999.616910368477,0.8474440965613871,17784.378239495953,4.250038686396911,-0.5848849300873684,11856.889662181009,17784.378239495953
457391,3.845929977923018,FAT_014,FAT_014,1,Autologous,1.0000000000000002,4.236540720070927,4.236540720070926,30.88,42,58243.98950052624,56795.52604161428,-0.0363318895842707,58243.98950052624,4.76525111490944,-0.6638772526375385,36762.42473980951,58243.98950052624
457392,2.2310382037098178,FAT_014,FAT_014,1,Autologous,1.0000000000000002,4.236540720070927,4.236540720070926,30.19,42,2529.253385433911,2792.472707744476,0.1428316043998777,2529.253385433911,3.402992339974438,-0.29430393734112076,2062.5193277647404,2529.253385433911
457393,6.91754401076542,FAT_014,FAT_014,1,Autologous,1.0000000000000002,4.236540720070927,4.236540720070926,29.75,42,543059.7695715871,1113958.747037411,1.036512910698444,543059.7695715871,5.734847631000665,-1.4640215747009018,196849.0044493125,543059.7695715871
457394,5.286617308272303,FAT_014,FAT_014,1,Autologous,1.0000000000000002,4.236540720070927,4.236540720070926,30.99,42,428683.7231780191,475964.0304702702,0.1509389103054546,428683.7231780191,5.632136993965102,-1.5913585905350016,142262.46331406402,428683.7231780191
457395,4.358633583627727,FAT_014,FAT_014,1,Autologous,1.0000000000000002,4.236540720070927,4.236540720070926,30.99,42,70501.88275573122,73955.05287898956,0.068986935622406,70501.88275573122,4.848200714998587,-0.22627089350811466,60267.945782914234,70501.88275573122
457412,7.018244053246039,FAT_014,FAT_014,1,Autologous,1.0000000000000002,4.236540720070927,4.236540720070926,30.36,42,278372.2569629832,207025.606716357,-0.4272062132369165,278372.2569629832,5.444625950592757,-1.183145143524744,122592.46374626805,278372.2569629832
457421,3.479350576052981,FAT_014,FAT_014,1,Autologous,1.0000000000000002,4.236540720070927,4.236540720070926,31.17,42,8600.908865774543,7618.62326528012,-0.1749588018478702,8600.908865774543,3.9345443459569367,0.03076651321656355,8786.299221817937,8600.908865774543
457424,5.160713538669952,FAT_014,FAT_014,1,Autologous,1.0000000000000002,4.236540720070927,4.236540720070926,30.39,42,28087.13571130161,43798.607875351634,0.6409755071114357,28087.13571130161,4.448507452686731,-0.47472408544006733,20211.626462466138,28087.13571130161
469585,1.8682027139450703,FAT_014,FAT_014,1,Autologous,1.0000000000000002,4.236540720070927,4.236540720070926,29.25,42,13348.234247304288,25832.928770448656,0.952562306547399,13348.234247304288,4.12542381945556,0.1030994011824452,14337.051053598716,13348.234247304288
469588,1.7372670547479914,FAT_014,FAT_014,1,Autologous,1.0000000000000002,4.236540720070927,4.236540720070926,28.94,42,10306.375860053777,19968.14411656557,0.9541631399828712,10306.375860053777,4.01310597656585,0.21168787909890713,11935.218603808438,10306.375860053777
469589,3.549964547083532,FAT_014,FAT_014,1,Autologous,1.0000000000000002,4.236540720070927,4.236540720070926,30.59,42,24083.99217946797,15246.395121046204,-0.6596063838981843,24083.99217946797,4.381728477511424,-0.9945269957730027,12087.76533553936,24083.99217946797
469590,2.366455643093208,FAT_014,FAT_014,1,Autologous,1.0000000000000002,4.236540720070927,4.236540720070926,29.52,42,21880.393736364604,46593.77134500376,1.0904984087328868,21880.393736364604,4.340055132834698,-1.5210850857413722,7623.649058051034,21880.393736364604
469591,4.18694013433993,FAT_014,FAT_014,1,Autologous,1.0000000000000002,4.236540720070927,4.236540720070926,30.59,42,67976.24775854543,73103.15765903205,0.1049029957894712,67976.24775854543,4.832357188156228,-1.448040514478994,24914.579308992103,67976.24775854543
469592,3.6108014430465145,FAT_014,FAT_014,1,Autologous,1.0000000000000002,4.236540720070927,4.236540720070926,30.59,42,38435.72610091675,28128.148677662022,-0.4504333218057051,38435.72610091675,4.584735089871081,-1.5392585553752816,13224.281752908846,38435.72610091675
469593,5.3925254439328825,FAT_014,FAT_014,1,Autologous,1.0000000000000002,4.236540720070927,4.236540720070926,30.99,42,459500.3297578171,489115.3983700311,0.0901089875745167,459500.3297578171,5.662285827391225,-1.499414436713908,162523.85161064667,459500.3297578171
469596,3.684263319997456,FAT_014,FAT_014,1,Autologous,1.0000000000000002,4.236540720070927,4.236540720070926,28.15,42,8474.26527709044,9566.734886408469,0.1749383275537042,8474.26527709044,3.928102054965101,0.25674910027863757,10124.911492867612,8474.26527709044
469610,1.9665904770116227,FAT_014,FAT_014,1,Autologous,1.0000000000000002,4.236540720070927,4.236540720070926,25.27,42,850.3212383075379,324.5058860608824,-1.3897633254283497,850.3212383075379,2.929583026500493,0.46744290951369755,1175.7022884280634,850.3212383075379
470145,4.67339576975874,FAT_014,FAT_014,1,Autologous,1.0000000000000002,4.236540720070927,4.236540720070926,28.33,42,29225.72188004248,29614.525555440065,0.0190663133788288,29225.72188004248,4.465765247110085,-0.6113401589668751,19130.81719024515,29225.72188004248
470146,8.973928217492169,FAT_014,FAT_014,1,Autologous,1.0000000000000002,4.236540720070927,4.236540720070926,28.01,42,209592.7270133557,98754.72907690603,-1.0856669139910713,209592.7270133557,5.3213762083080205,-0.2780875591275325,172847.6628341035,209592.7270133557
471870,3.1932208383632017,FAT_014,FAT_014,1,Autologous,1.0000000000000002,4.236540720070927,4.236540720070926,30.58,42,7730.083427394341,7907.611094160209,0.0327579347238523,7730.083427394341,3.8881841810931608,-0.5578728188135195,5251.069046330231,7730.083427394341
471875,2.8845659746922343,FAT_014,FAT_014,1,Autologous,1.0000000000000002,4.236540720070927,4.236540720070926,29.18,42,15837.685362008908,7559.426503312131,-1.0670128110624606,15837.685362008908,4.19969171084187,0.551809415622547,23216.828688466834,15837.685362008908
476272,3.48617360611635,FAT_014,FAT_014,1,Autologous,1.0000000000000002,4.236540720070927,4.236540720070926,29.6,42,4355.333321317048,5346.005758090889,0.2956782564463202,4355.333321317048,3.6390213979359207,-0.2818560458883106,3582.4016285517323,4355.333321317048
478749,2.443539609695645,FAT_014,FAT_014,1,Autologous,1.0000000000000002,4.236540720070927,4.236540720070926,29.95,42,3081.6606579798004,2208.039221405971,-0.4809422069747269,3081.6606579798004,3.4887848139798256,0.5135821324778089,4399.349255304632,3081.6606579798004
479436,1.8608665897420604,FAT_014,FAT_014,1,Autologous,1.0000000000000002,4.236540720070927,4.236540720070926,27.57,42,623.5689080921944,232.48182881973668,-1.423431038193744,623.5689080921944,2.7948844526030365,-0.6626869988154747,393.90889530978257,623.5689080921944
483215,6.572667137843446,FAT_014,FAT_014,1,Autologous,1.0000000000000002,4.236540720070927,4.236540720070926,28.86,42,171924.0992210398,35116.057351792304,-2.291569005972283,171924.0992210398,5.23533675757793,0.5518554172721091,252035.5432931135,171924.0992210398
483216,6.196927882317212,FAT_014,FAT_014,1,Autologous,1.0000000000000002,4.236540720070927,4.236540720070926,29.11,42,80539.29175600829,98861.82140082995,0.2957207008960448,80539.29175600829,4.9060078062025045,-0.41174183836746214,60542.61318774088,80539.29175600829
483217,6.456476203895198,FAT_014,FAT_014,1,Autologous,1.0000000000000002,4.236540720070927,4.236540720070926,30.63,42,81080.84386380982,87799.02289377597,0.1148437802492287,81080.84386380982,4.908918260044269,-1.5025608001924247,28615.56919199764,81080.84386380982
483218,5.007934286654986,FAT_014,FAT_014,1,Autologous,1.0000000000000002,4.236540720070927,4.236540720070926,28.19,42,37488.91450932609,20041.33284045327,-0.9034855954747903,37488.91450932609,4.573902865616675,-0.46144894987465107,27226.567355492956,37488.91450932609
484018,8.633746472408504,FAT_014,FAT_014,1,Autologous,1.0000000000000002,4.236540720070927,4.236540720070926,30.12,42,402034.293730636,109263.7687833686,-1.879503478074389,402034.293730636,5.6042631002057295,-1.5814744739353757,134335.8248036939,402034.293730636
500632,3.858759259142109,FAT_014,FAT_014,1,Autologous,1.0000000000000002,4.236540720070927,4.236540720070926,27.33,42,28702.26171348153,23311.68486299387,-0.3001111448077737,28702.26171348153,4.457916120113207,-0.15830067679089682,25719.520528130102,28702.26171348153
511680,3.596242895085406,FAT_014,FAT_014,1,Autologous,1.0000000000000002,4.236540720070927,4.236540720070926,26.86,42,20244.88224821564,9125.449933556192,-1.1495896534477588,20244.88224821564,4.306315255093126,-0.4344288741932874,14980.942357597225,20244.88224821564
515619,6.9304106855581935,FAT_014,FAT_014,1,Autologous,1.0000000000000002,4.236540720070927,4.236540720070926,29.62,42,209111.48137635613,70457.06239906297,-1.5694560458296278,209111.48137635613,5.320377878640273,-0.11669440150658227,192863.19783751277,209111.48137635613
515620,10.55332244997308,FAT_014,FAT_014,1,Autologous,1.0000000000000002,4.236540720070927,4.236540720070926,31.6,42,133099.9994481585,8543.707209125323,-3.961504547996572,133099.9994481585,5.124178053674061,-1.2609008190562896,55540.41053552181,133099.9994481585
518636,3.9171153896044464,FAT_014,FAT_014,1,Autologous,1.0000000000000002,4.236540720070927,4.236540720070926,28.81,42,7012.4364248511,10881.979306860869,0.6339532987506901,7012.4364248511,3.845868936943503,0.4088608268637094,9309.970607685998,7012.4364248511
518637,9.33782774537138,FAT_014,FAT_014,1,Autologous,1.0000000000000002,4.236540720070927,4.236540720070926,18.67,42,91366.71552379092,17310.209504202892,-2.4000455081488465,91366.71552379092,4.96078801305304,-0.2055504665170914,79233.92262157249,91366.71552379092
525259,1.980950287902188,FAT_014,FAT_014,1,Autologous,1.0000000000000002,4.236540720070927,4.236540720070926,27.86,42,1238.6949102721155,1127.9673916809445,-0.1350955348230232,1238.6949102721155,3.0929643531063724,-1.318365308428076,496.70307658245923,1238.6949102721155
525362,1.7202258337514005,FAT_014,FAT_014,1,Autologous,1.0000000000000002,4.236540720070927,4.236540720070926,22.5,42,963.6974034152096,489.7186671897231,-0.9766270278841964,963.6974034152096,2.9839406888230857,-0.819840564680895,545.9389588653138,963.6974034152096
536231,9.737471059770918,FAT_014,FAT_014,1,Autologous,1.0000000000000002,4.236540720070927,4.236540720070926,31.15,42,705408.4073586928,147603.35890050864,-2.256733218406075,705408.4073586928,5.848440631469448,-1.4691449370140404,254790.91442126018,705408.4073586928
537006,4.3751732951889055,FAT_014,FAT_014,1,Autologous,1.0000000000000002,4.236540720070927,4.236540720070926,29.51,42,9033.909326132569,6750.045321495271,-0.4204532446230979,9033.909326132569,3.9558757272085607,0.22018487466082248,10523.446053533688,9033.909326132569
537007,4.906723655541208,FAT_014,FAT_014,1,Autologous,1.0000000000000002,4.236540720070927,4.236540720070926,29.22,42,13710.073072116003,7562.655417601295,-0.8582714693964003,13710.073072116003,4.13703976950375,0.0316954754615226,14014.611344725437,13710.073072116003
537011,5.247837693905991,FAT_014,FAT_014,1,Autologous,1.0000000000000002,4.236540720070927,4.236540720070926,28.14,42,15613.345290625644,6752.736083402906,-1.209235600986149,15613.345290625644,4.193495964279985,0.011856823626795186,15742.192683994363,15613.345290625644
537012,6.02267821635694,FAT_014,FAT_014,1,Autologous,1.0000000000000002,4.236540720070927,4.236540720070926,29.72,42,85741.32792738476,41097.621072466776,-1.0609358750000786,85741.32792738476,4.93319020540589,-0.849018633851135,47600.34821219803,85741.32792738476
537013,2.3654103177900163,FAT_014,FAT_014,1,Autologous,1.0000000000000002,4.236540720070927,4.236540720070926,26.93,42,3546.020483154839,4850.905567085894,0.4520532249493538,3546.020483154839,3.549741239921252,-0.088713574700991,3334.5389364339862,3546.020483154839
545696,3.523508113830862,FAT_014,FAT_014,1,Autologous,1.0000000000000002,4.236540720070927,4.236540720070926,17.82,42,7386.336543823209,7551.892369970751,0.0319792058801478,7386.336543823209,3.868429091535317,0.3320267602495135,9297.776571378114,7386.336543823209
546273,2.2066114192642163,FAT_014,FAT_014,1,Autologous,1.0000000000000002,4.236540720070927,4.236540720070926,27.7,42,943.1932033425456,261.00390504067656,-1.8534819302751409,943.1932033425456,2.974600662568942,-0.7675997405825601,554.025961331274,943.1932033425456
547042,4.152560265314909,FAT_014,FAT_014,1,Autologous,1.0000000000000002,4.236540720070927,4.236540720070926,28.24,42,13500.20655372521,15052.660263696422,0.1570369969485688,13500.20655372521,4.130340413269586,0.1586892534984988,15069.9093031736,13500.20655372521
548480,2.3661173496442567,FAT_014,FAT_014,1,Autologous,1.0000000000000002,4.236540720070927,4.236540720070926,25.09,42,1208.541674871139,3424.263603657372,1.5025265430142245,1208.541674871139,3.082261631040321,-0.4399770326476877,890.8720768907313,1208.541674871139
552396,4.537212407085067,FAT_014,FAT_014,1,Autologous,1.0000000000000002,4.236540720070927,4.236540720070926,23.33,42,8623.825324679285,8365.57877083983,-0.0438626003669659,8623.825324679285,3.935699951310175,-0.43455846171271856,6380.942328726561,8623.825324679285
552398,4.901948815079089,FAT_014,FAT_014,1,Autologous,1.0000000000000002,4.236540720070927,4.236540720070926,29.38,42,18137.7741583954,25484.20602721905,0.4906059848159897,18137.7741583954,4.258583989998703,-0.04604382922541046,17568.044234787903,18137.7741583954
556258,1.7037618877578222,FAT_014,FAT_014,1,Autologous,1.0000000000000002,4.236540720070927,4.236540720070926,29.11,42,11024.022862597016,20937.89470807753,0.9254656023505058,11024.022862597016,4.042340105242926,0.12820553265712628,12048.5231427239,11024.022862597016
556259,2.038984232796821,FAT_014,FAT_014,1,Autologous,1.0000000000000002,4.236540720070927,4.236540720070926,30.68,42,9509.124316051955,17508.787732986417,0.8806948021950282,9509.124316051955,3.9781405251165,0.6406704002363499,14825.233179735233,9509.124316051955
556270,1.830348702645412,FAT_014,FAT_014,1,Autologous,1.0000000000000002,4.236540720070927,4.236540720070926,28.34,42,1175.9761806380843,548.3772767761844,-1.1006181425134374,1175.9761806380843,3.070398525207631,-0.25891711354996916,982.7809002450775,1175.9761806380843
563192,4.624135942009826,FAT_014,FAT_014,1,Autologous,1.0000000000000002,4.236540720070927,4.236540720070926,28.15,42,15893.167315146706,61304.166694048894,1.947578468764481,15893.167315146706,4.20121045544631,0.006649358220209814,15966.58773426197,15893.167315146706
563193,5.536635086762824,FAT_014,FAT_014,1,Autologous,1.0000000000000002,4.236540720070927,4.236540720070926,30.59,42,54221.547898035984,38820.1601938438,-0.4820602278875235,54221.547898035984,4.73417191151042,-0.9979214965492729,27149.860829447156,54221.547898035984
566550,4.247495414891039,FAT_014,FAT_014,1,Autologous,1.0000000000000002,4.236540720070927,4.236540720070926,29.11,42,10441.46235465015,10223.818944253142,-0.0303895867106035,10441.46235465015,4.018761327026384,-0.27962992042326257,8601.700824431213,10441.46235465015
585394,6.833205007251932,FAT_014,FAT_014,1,Autologous,1.0000000000000002,4.236540720070927,4.236540720070926,30.74,42,140655.19411022717,407223.1360158974,1.5336566997323984,140655.19411022717,5.148155774409212,-2.044572366783691,34094.01624129809,140655.19411022717
585543,5.273739592429406,FAT_014,FAT_014,1,Autologous,1.0000000000000002,4.236540720070927,4.236540720070926,30.29,42,360003.09584050684,771309.5915857215,1.0993007385337534,360003.09584050684,5.556306235491364,-1.3614893424809733,140106.11949486806,360003.09584050684
585544,1.725668995594127,FAT_014,FAT_014,1,Autologous,1.0000000000000002,4.236540720070927,4.236540720070926,29.11,42,11914.146371633842,33940.732550536966,1.5103421146512712,11914.146371633842,4.076062931334624,0.08652613749081452,12650.564175857948,11914.146371633842
622312,7.136723336961569,FAT_014,FAT_014,1,Autologous,1.0000000000000002,4.236540720070927,4.236540720070926,28.89,42,174160.2631583762,101684.43064193997,-0.7763166939575955,174160.2631583762,5.2409490722580285,0.026625581556934175,177404.3117330807,174160.2631583762
626939,5.171299954161335,FAT_014,FAT_014,1,Autologous,1.0000000000000002,4.236540720070927,4.236540720070926,26.95,42,4906.5344644469,4689.998005009271,-0.0651170848867308,4906.5344644469,3.690774853759801,0.1930379471885697,5608.9951717249405,4906.5344644469
645463,2.5017346483354825,FAT_014,FAT_014,1,Autologous,1.0000000000000002,4.236540720070927,4.236540720070926,28.02,42,2157.76552529388,2041.211983132549,-0.080112085799949,2157.76552529388,3.3340042500764677,-0.8825363410220843,1170.4000701980228,2157.76552529388
649757,6.3577033394936375,FAT_014,FAT_014,1,Autologous,1.0000000000000002,4.236540720070927,4.236540720070926,27.82,42,22538.94039752193,22737.476271904387,0.0126524393185078,22538.94039752193,4.3529334951028975,-0.20312762383720936,19578.79627382194,22538.94039752193
657308,3.610579274097741,FAT_014,FAT_014,1,Autologous,1.0000000000000002,4.236540720070927,4.236540720070926,20.15,42,4549.520157299337,6779.643702479265,0.5754950651679628,4549.520157299337,3.657965593574385,0.039486865355818565,4675.761217964946,4549.520157299337
657309,5.047161133282371,FAT_014,FAT_014,1,Autologous,1.0000000000000002,4.236540720070927,4.236540720070926,28.38,42,14937.91281764377,32234.78950109585,1.1096399791273472,14937.91281764377,4.17428992043095,-0.5542591093024574,10172.81866700806,14937.91281764377
657313,9.837342756061272,FAT_014,FAT_014,1,Autologous,1.0000000000000002,4.236540720070927,4.236540720070926,30.1,42,132835.85710604594,91150.09777354564,-0.5433285248748139,132835.85710604594,5.123315322331042,-1.2421347714708864,56155.91363747786,132835.85710604594
657314,5.528094344257633,FAT_014,FAT_014,1,Autologous,1.0000000000000002,4.236540720070927,4.236540720070926,30.01,42,83570.29497851444,56775.61440349778,-0.5577188148604424,83570.29497851444,4.922051935101421,-0.38529067595201605,63983.48402795436,83570.29497851444
657317,6.849042628048116,FAT_014,FAT_014,1,Autologous,1.0000000000000002,4.236540720070927,4.236540720070926,31.02,42,210445.4605104953,61215.37155109691,-1.781480516844668,210445.4605104953,5.323139562079738,-1.1181019222719926,96952.12787219524,210445.4605104953
657319,5.107618836787815,FAT_014,FAT_014,1,Autologous,1.0000000000000002,4.236540720070927,4.236540720070926,26.02,42,20407.70971938091,27308.54260059615,0.4202380393529162,20407.70971938091,4.309794268212099,-0.14167461353578842,18498.902350987173,20407.70971938091
657321,10.766311972258924,FAT_014,FAT_014,1,Autologous,1.0000000000000002,4.236540720070927,4.236540720070926,25.04,42,290809.8635011779,681818.617604424,1.229311791475155,290809.8635011779,5.463609132556628,-1.8410699148543515,81169.31185345964,290809.8635011779
657322,4.835896708312432,FAT_014,FAT_014,1,Autologous,1.0000000000000002,4.236540720070927,4.236540720070926,29.23,42,28670.90234866452,25757.049284653323,-0.1546199822391028,28670.90234866452,4.45744136155056,-0.7009737972666967,17637.101831203647,28670.90234866452
657323,6.024420881652562,FAT_014,FAT_014,1,Autologous,1.0000000000000002,4.236540720070927,4.236540720070926,29.77,42,173389.54646152726,217175.16063195944,0.324842182531262,173389.54646152726,5.239022910608897,-0.4267377515465964,128991.78336874898,173389.54646152726
658089,4.899637553842657,FAT_014,FAT_014,1,Autologous,1.0000000000000002,4.236540720070927,4.236540720070926,27.62,42,24075.54927355569,23096.423910383008,-0.0598992208582514,24075.54927355569,4.381576204155995,-0.14044400239241686,21842.298941803278,24075.54927355569
658659,3.3582983038421843,FAT_014,FAT_014,1,Autologous,1.0000000000000002,4.236540720070927,4.236540720070926,27.88,42,5354.008477797392,5103.837186403664,-0.0690371158853637,5354.008477797392,3.728679054534461,0.051425728920089925,5548.297520057855,5354.008477797392
665951,4.092802491133623,FAT_014,FAT_014,1,Autologous,1.0000000000000002,4.236540720070927,4.236540720070926,29.93,42,19252.23773881549,7016.430750351219,-1.4562169187751128,19252.23773881549,4.284481215981542,0.058120760152881985,20043.67296645678,19252.23773881549
665953,6.223975427329256,FAT_014,FAT_014,1,Autologous,1.0000000000000002,4.236540720070927,4.236540720070926,29.11,42,90815.51438066109,105224.9351600072,0.2124659355885145,90815.51438066109,4.958160047137328,-0.31552184768758523,72975.73985093899,90815.51438066109
679935,7.935192461325988,FAT_014,FAT_014,1,Autologous,1.0000000000000002,4.236540720070927,4.236540720070926,23.83,42,53654.66707249762,35093.99310414969,-0.6124795557237336,53654.66707249762,4.729607504413378,-0.48728368698314034,38275.466999335644,53654.66707249762
702443,3.8841666631566527,FAT_014,FAT_014,1,Autologous,1.0000000000000002,4.236540720070927,4.236540720070926,29.68,42,17580.54236818535,50570.71744448952,1.524322667056336,17580.54236818535,4.245032269138017,-0.44879080992107717,12880.501530940615,17580.54236818535
702444,2.662762140497534,FAT_014,FAT_014,1,Autologous,1.0000000000000002,4.236540720070927,4.236540720070926,28.87,42,8948.274137593791,17224.105123158544,0.9447476694721774,8948.274137593791,3.9517392805900537,0.48252682923871276,12502.427070929234,8948.274137593791
702447,3.7119902541523606,FAT_014,FAT_014,1,Autologous,1.0000000000000002,4.236540720070927,4.236540720070926,28.94,42,9732.25825801918,18958.03209643908,0.9619627060403048,9732.25825801918,3.98821362497564,-0.022359680874311446,9582.585222665584,9732.25825801918
709991,5.616037943683984,FAT_014,FAT_014,1,Autologous,1.0000000000000002,4.236540720070927,4.236540720070926,26.74,42,29915.627906016827,9714.72679132844,-1.6226540159980212,29915.627906016827,4.47589812278082,-0.6240537470045898,19410.611887728097,29915.627906016827
717959,4.804833555223311,FAT_014,FAT_014,1,Autologous,1.0000000000000002,4.236540720070927,4.236540720070926,24.46,42,9954.18607057037,19228.722744347247,0.949887675522918,9954.18607057037,3.99800575461844,-0.3179113180382766,7985.551446159654,9954.18607057037
717960,7.602253427862701,FAT_014,FAT_014,1,Autologous,1.0000000000000002,4.236540720070927,4.236540720070926,17.34,42,24824.55564091595,23272.399739142387,-0.0931479115077088,24824.55564091595,4.394881483373849,-0.27095132512657366,20573.918122241885,24824.55564091595
717962,9.74825558455394,FAT_014,FAT_014,1,Autologous,1.0000000000000002,4.236540720070927,4.236540720070926,28.91,42,82253.20165619979,62425.13810476998,-0.3979447281049275,82253.20165619979,4.915152811601449,0.01166259296177127,82920.82262529247,82253.20165619979
718252,8.137227976125388,FAT_014,FAT_014,1,Autologous,1.0000000000000002,4.236540720070927,4.236540720070926,28.53,42,184812.7981608332,42827.2428266951,-2.109463959739216,184812.7981608332,5.266732042523558,0.22469015533494374,215958.60776362283,184812.7981608332
742725,3.310279274498452,FAT_014,FAT_014,1,Autologous,1.0000000000000002,4.236540720070927,4.236540720070926,28.01,42,3286.702658706441,1855.0112591241489,-0.82521300122666,3286.702658706441,3.5167604161217554,-0.1904980007386878,2880.147991303815,3286.702658706441
742726,6.09864491959116,FAT_014,FAT_014,1,Autologous,1.0000000000000002,4.236540720070927,4.236540720070926,24.86,42,33339.829318151715,77051.04352991536,1.208567777281809,33339.829318151715,4.522963372145417,-0.8256479090357197,18811.29030269232,33339.829318151715
742727,3.6708267778634,FAT_014,FAT_014,1,Autologous,1.0000000000000002,4.236540720070927,4.236540720070926,30.68,42,8333.148135413872,10844.308640153968,0.3800045477386299,8333.148135413872,3.920809102192988,-0.5654504875021985,5631.078016761175,8333.148135413872
742733,3.567484221857105,FAT_014,FAT_014,1,Autologous,1.0000000000000002,4.236540720070927,4.236540720070926,31.17,42,9281.165856420574,9621.62642932424,0.0519747449142714,9281.165856420574,3.967602533676592,-0.16983953310190705,8250.413963401812,9281.165856420574
742740,8.023814843935785,FAT_014,FAT_014,1,Autologous,1.0000000000000002,4.236540720070927,4.236540720070926,28.76,42,35337.179631112405,18091.06860979881,-0.9659092704503992,35337.179631112405,4.548231884176861,0.10738469251252651,38067.810408279234,35337.179631112405
742741,4.344694830659452,FAT_014,FAT_014,1,Autologous,1.0000000000000002,4.236540720070927,4.236540720070926,28.31,42,5995.669327130171,6292.07764481565,0.0696156558211665,5995.669327130171,3.7778376726480936,-0.6266296297444034,3883.3215954029965,5995.669327130171
742742,4.632643236352306,FAT_014,FAT_014,1,Autologous,1.0000000000000002,4.236540720070927,4.236540720070926,29.51,42,7148.7290488635135,4306.833509361927,-0.7310592183216119,7148.7290488635135,3.854228836748112,-0.04763380873163703,6916.551762916226,7148.7290488635135
742817,4.319931708501001,FAT_014,FAT_014,1,Autologous,1.0000000000000002,4.236540720070927,4.236540720070926,27.32,42,5659.159220055274,8328.446256514455,0.5574596453724294,5659.159220055274,3.752751912952586,0.09238039947101648,6033.387014045593,5659.159220055274
742818,3.3667776287553948,FAT_014,FAT_014,1,Autologous,1.0000000000000002,4.236540720070927,4.236540720070926,22.83,42,3868.057037237268,13955.905710144054,1.8511947817986016,3868.057037237268,3.5874928694375345,-0.2841218474250772,3176.6083338530257,3868.057037237268
742821,3.633147711242152,FAT_014,FAT_014,1,Autologous,1.0000000000000002,4.236540720070927,4.236540720070926,24.75,42,9119.54451467134,6597.2100451415545,-0.467105730391795,9119.54451467134,3.9599731475713136,0.5681856809524441,13521.164006430101,9119.54451467134
748224,8.52575096710262,FAT_014,FAT_014,1,Autologous,1.0000000000000002,4.236540720070927,4.236540720070926,29.49,42,145991.110646784,29490.75050768882,-2.307546083521184,145991.110646784,5.164326412533874,-0.027038706352519773,143280.4546349076,145991.110646784
762966,1.78131085265746,FAT_014,FAT_014,1,Autologous,1.0000000000000002,4.236540720070927,4.236540720070926,25.41,42,986.6138623199516,436.44158141853336,-1.1766969987667542,986.6138623199516,2.994147213180417,0.33418548081738797,1243.7900178507007,986.6138623199516
762967,3.3669626043929184,FAT_014,FAT_014,1,Autologous,1.0000000000000002,4.236540720070927,4.236540720070926,19.55,42,3565.318553811464,2631.0269932863253,-0.438404934180292,3565.318553811464,3.5520983392318826,0.06834268173842262,3738.2774966464017,3565.318553811464
762968,9.991801087099873,FAT_014,FAT_014,1,Autologous,1.0000000000000002,4.236540720070927,4.236540720070926,29.47,42,119066.683692544,48629.60180432103,-1.2918631025742762,119066.683692544,5.07579025759856,0.08144061859377015,125981.36995129162,119066.683692544
762982,5.801685038991808,FAT_014,FAT_014,1,Autologous,1.0000000000000002,4.236540720070927,4.236540720070926,29.47,42,23371.169694588883,11554.669783769828,-1.0162539106139328,23371.169694588883,4.368680448771906,-0.2618984199209265,19491.31627302009,23371.169694588883
762984,5.721701660129616,FAT_014,FAT_014,1,Autologous,1.0000000000000002,4.236540720070927,4.236540720070926,30.29,42,15987.245409597752,12848.926261342667,-0.3152735813470962,15987.245409597752,4.203773641578207,0.4954211847719968,22537.735547902204,15987.245409597752
763034,4.185820019028716,FAT_014,FAT_014,1,Autologous,1.0000000000000002,4.236540720070927,4.236540720070926,29.98,42,8352.446206070495,11977.119403268654,0.520010278676048,8352.446206070495,3.92181368724558,-0.001018298109925131,8346.552875181373,8352.446206070495
862962,2.406624952794054,FAT_014,FAT_014,1,Autologous,1.0000000000000002,4.236540720070927,4.236540720070926,30.19,42,4366.1884860614,4361.7250522776985,-0.0014755816079419,4366.1884860614,3.64010248004226,-0.4333948281840512,3233.2377201255044,4366.1884860614
866771,4.231149857386893,FAT_014,FAT_014,1,Autologous,1.0000000000000002,4.236540720070927,4.236540720070926,18.53,42,5001.818688313985,10927.18410690915,1.1273970048634478,5001.818688313985,3.699127944873112,0.6115957608148729,7642.520531059545,5001.818688313985
868129,2.193438769073163,FAT_014,FAT_014,1,Autologous,1.0000000000000002,4.236540720070927,4.236540720070926,19.76,42,961.2851445831316,1304.4813728218558,0.4404399994402007,961.2851445831316,2.9828522309052063,-0.7558424807458439,569.2735059939275,961.2851445831316
888048,5.094952020279544,FAT_014,FAT_014,1,Autologous,1.0000000000000002,4.236540720070927,4.236540720070926,23.96,42,5691.724714288328,7276.358350628841,0.354350709257394,5691.724714288328,3.755243886852044,-0.22770665129816503,4860.683627419998,5691.724714288328
888833,4.5952899673996495,FAT_014,FAT_014,1,Autologous,1.0000000000000002,4.236540720070927,4.236540720070926,23.16,42,4729.233440289157,5309.949548528568,0.1670917969976906,4729.233440289157,3.674790751809301,-0.775482546808843,2762.7859840186907,4729.233440289157
904306,5.187908288686176,FAT_014,FAT_014,1,Autologous,1.0000000000000002,4.236540720070927,4.236540720070926,25.52,42,4736.470216785392,2494.8744407599515,-0.9248451017022036,4736.470216785392,3.6754548107795126,-1.2274000006646546,2022.882204597702,4736.470216785392
997353,1.863023252347616,FAT_014,FAT_014,1,Autologous,1.0000000000000002,4.236540720070927,4.236540720070926,18.57,42,960.0790151670924,969.750591511957,0.0144606052276114,960.0790151670924,2.9823069772467634,-0.6580204212276416,608.447474349318,960.0790151670924
997884,2.941347981505905,FAT_014,FAT_014,1,Autologous,1.0000000000000002,4.236540720070927,4.236540720070926,29.11,42,6175.382610119992,7343.627398319738,0.2499643360312858,6175.382610119992,3.790663870484925,0.2311099587094086,7248.278975711049,6175.382610119992
999410,4.345740197966875,FAT_014,FAT_014,1,Autologous,1.0000000000000002,4.236540720070927,4.236540720070926,31.57,42,11108.45192171975,8939.787361929317,-0.3133453545961814,11108.45192171975,4.045653539705943,-0.02616333541839628,10908.815357666093,11108.45192171975
999412,2.115630130765371,FAT_014,FAT_014,1,Autologous,1.0000000000000002,4.236540720070927,4.236540720070926,30.37,42,2402.609796749809,2991.589088909528,0.3163096646380628,2402.609796749809,3.380683243596774,-0.13607353364078054,2186.356753512005,2402.609796749809
999413,4.261589605435984,FAT_014,FAT_014,1,Autologous,1.0000000000000002,4.236540720070927,4.236540720070926,27.68,42,5510.805301882469,3121.821965239103,-0.8198748932648228,5510.805301882469,3.741215067564799,0.11575375258120835,5971.18352122654,5510.805301882469
1002367,3.437094051466186,FAT_014,FAT_014,1,Autologous,1.0000000000000002,4.236540720070927,4.236540720070926,19.59,42,4203.361014896127,8870.903857093841,1.0775377374824358,4203.361014896127,3.6235966919431215,0.5786093800622509,6277.337385318843,4203.361014896127
1042156,3.4286974171081672,FAT_014,FAT_014,1,Autologous,1.0000000000000002,4.236540720070927,4.236540720070926,29.17,42,2724.646350832238,2118.167773690934,-0.3632521200961224,2724.646350832238,3.4353101404294573,-0.736699440622086,1635.0894298260946,2724.646350832238
1077285,2.333205322713206,FAT_014,FAT_014,1,Autologous,1.0000000000000002,4.236540720070927,4.236540720070926,29.25,42,2838.02251593991,4193.821509241222,0.5633794257368918,2838.02251593991,3.453015836685116,-0.10425872447477669,2640.163564589472,2838.02251593991
1121100,10.401472780063925,FAT_014,FAT_014,1,Autologous,1.0000000000000002,4.236540720070927,4.236540720070926,30.12,42,192324.5721639245,74022.32192668045,-1.3775108031865668,192324.5721639245,5.284034775000057,-1.805486734642189,55021.080033563485,192324.5721639245
1121101,2.4853593859615075,FAT_014,FAT_014,1,Autologous,1.0000000000000002,4.236540720070927,4.236540720070926,28.91,42,3614.7698598690654,5019.885414885425,0.4737506346446437,3614.7698598690654,3.558080652454739,0.3731998783105105,4681.931013102615,3614.7698598690654
1121114,2.649298862741181,FAT_014,FAT_014,1,Autologous,1.0000000000000002,4.236540720070927,4.236540720070926,30.63,42,4109.28292044508,1962.1035830480555,-1.0664854560994903,4109.28292044508,3.6137660430769714,-0.12762634116513027,3761.375454332208,4109.28292044508
1121115,9.655531860232228,FAT_014,FAT_014,1,Autologous,1.0000000000000002,4.236540720070927,4.236540720070926,29.66,42,223732.1821575816,168513.26968474677,-0.4089105901144192,223732.1821575816,5.349728458518609,-0.019689477661179088,220699.49282725778,223732.1821575816
1121130,5.515289518931761,FAT_014,FAT_014,1,Autologous,1.0000000000000002,4.236540720070927,4.236540720070926,22.85,42,14110.508038240972,3339.7736797576054,-2.078947685333395,14110.508038240972,4.149542650482388,-0.24618666393815677,11896.879974949306,14110.508038240972
1121315,2.0593703622427224,FAT_014,FAT_014,1,Autologous,1.0000000000000002,4.236540720070927,4.236540720070926,27.76,42,1344.834298883553,128.08026680346603,-3.392308301542002,1344.834298883553,3.128668776893273,-1.0213890032983253,662.5216116582126,1344.834298883553
1121333,6.39375384590096,FAT_014,FAT_014,1,Autologous,1.0000000000000002,4.236540720070927,4.236540720070926,27.95,42,18360.908100362623,9043.112619182535,-1.021746078198068,18360.908100362623,4.263894156888294,-0.17811407380225236,16228.42893369733,18360.908100362623
1122975,2.481256857217196,FAT_014,FAT_014,1,Autologous,1.0000000000000002,4.236540720070927,4.236540720070926,18.97,42,1032.446780129436,1802.2723257344865,0.8037496042632905,1032.446780129436,3.013867674186248,-1.1982862274281758,449.9327192427098,1032.446780129436
1122981,2.099867834297223,FAT_014,FAT_014,1,Autologous,1.0000000000000002,4.236540720070927,4.236540720070926,19.75,42,1487.157569976162,2508.328250298131,0.7541686430938269,1487.157569976162,3.172356986104826,0.032682860378635346,1521.2321924777461,1487.157569976162
1123075,1.8109321157758005,FAT_014,FAT_014,1,Autologous,1.0000000000000002,4.236540720070927,4.236540720070926,29.66,42,1387.04882844492,844.899238997654,-0.7151673720950265,1387.04882844492,3.142091749862706,0.29340651346374846,1699.870790587139,1387.04882844492
1123263,4.422142287140114,FAT_014,FAT_014,1,Autologous,1.0000000000000002,4.236540720070927,4.236540720070926,14.87,42,3386.811400237683,1693.027392284471,-1.0003223349311523,3386.811400237683,3.5297910129668617,0.6952358067468782,5483.752493090673,3386.811400237683
1123313,1.8287647873616817,FAT_014,FAT_014,1,Autologous,1.0000000000000002,4.236540720070927,4.236540720070926,26.01,42,753.8308850244131,920.2405724114576,0.2877701601815323,753.8308850244131,2.877273926853169,0.031925174000204164,770.6982304715387,753.8308850244131
1156431,3.355375229391968,FAT_014,FAT_014,1,Autologous,1.0000000000000002,4.236540720070927,4.236540720070926,21.31,42,2057.6567837626376,2174.6737737512867,0.079796634822891,2057.6567837626376,3.313372936340598,-1.7214665373700595,623.9644864075523,2057.6567837626376
1156433,3.2709783713917444,FAT_014,FAT_014,1,Autologous,1.0000000000000002,4.236540720070927,4.236540720070926,24.16,42,1973.2277246399035,1906.6738877507569,-0.0494993528657137,1973.2277246399035,3.2951772088443985,-0.3588916547820459,1538.6507595518235,1973.2277246399035
1160721,3.62026171004545,FAT_014,FAT_014,1,Autologous,1.0000000000000002,4.236540720070927,4.236540720070926,26.89,42,2395.373020253575,2178.978992803504,-0.1365980498941947,2395.373020253575,3.3793731536684564,-1.534453345814989,826.9070024013532,2395.373020253575
1203465,5.681404368226741,FAT_014,FAT_014,1,Autologous,1.0000000000000002,4.236540720070927,4.236540720070926,30.79,42,35964.36692745271,43949.29054217924,0.2892716677453204,35964.36692745271,4.55587241991739,-0.5468699841340038,24617.738321378612,35964.36692745271
1203606,5.276391969805934,FAT_014,FAT_014,1,Autologous,1.0000000000000002,4.236540720070927,4.236540720070926,29.5,42,11201.32388675476,12422.70957517315,0.1493106260492206,11201.32388675476,4.049269355057128,-0.6768944418160904,7006.543524375591,11201.32388675476
1203610,2.630972226288909,FAT_014,FAT_014,1,Autologous,1.0000000000000002,4.236540720070927,4.236540720070926,30.83,42,3749.85635446544,2996.4324603432724,-0.3235894755346141,3749.85635446544,3.574014631552286,0.029553526732563378,3827.46413248697,3749.85635446544
1203611,6.458975876326733,FAT_014,FAT_014,1,Autologous,1.0000000000000002,4.236540720070927,4.236540720070926,24.03,42,58424.90891293211,68328.66973012302,0.2259074599162557,58424.90891293211,4.766598043980109,-0.7529642425248331,34668.35390455125,58424.90891293211
1211844,2.144481126008652,FAT_014,FAT_014,1,Autologous,1.0000000000000002,4.236540720070927,4.236540720070926,26.51,42,1104.8145450917798,166.82723827342215,-2.727377452864985,1104.8145450917798,3.0432893831769445,-0.3271066674643901,880.6847263844621,1104.8145450917798
1256908,8.845431303227453,FAT_014,FAT_014,1,Autologous,1.0000000000000002,4.236540720070927,4.236540720070926,29.47,42,95508.56393846907,50625.07083502377,-0.9157780791456958,95508.56393846907,4.98004231508603,-0.43049583428644483,70867.99664779275,95508.56393846907
1282887,3.124030373454489,FAT_014,FAT_014,1,Autologous,1.0000000000000002,4.236540720070927,4.236540720070926,29.51,42,1965.990948143669,403.6142861453761,-2.284207533777475,1965.990948143669,3.293581513913052,0.05560605481018151,2043.2457504826032,1965.990948143669
1384484,3.821324887851793,FAT_014,FAT_014,1,Autologous,1.0000000000000002,4.236540720070927,4.236540720070926,25.0,42,6767.59215339517,24349.24265457825,1.8471623675425315,6767.59215339517,3.8304341782125513,0.17855236866156077,7659.2068222740945,6767.59215339517
1408437,6.147344385401048,FAT_014,FAT_014,1,Autologous,1.0000000000000002,4.236540720070927,4.236540720070926,26.48,42,6965.397377625576,5562.881167846338,-0.3243733736622416,6965.397377625576,3.842945898073276,-0.7863939073932912,4038.4782062314084,6965.397377625576
1410647,2.34001492065981,FAT_014,FAT_014,1,Autologous,1.0000000000000002,4.236540720070927,4.236540720070926,25.61,42,839.4660735631863,9334.79120997026,3.4750738283072,839.4660735631863,2.924003149119656,0.07231883501161454,882.6190315190498,839.4660735631863
1437612,4.4397917639790645,FAT_014,FAT_014,1,Autologous,1.0000000000000002,4.236540720070927,4.236540720070926,25.15,42,11478.73365244374,116511.06690539495,3.3434316009647884,11478.73365244374,4.059893978820553,-1.7336030495034276,3451.655633892565,11478.73365244374
1899017,5.083717802014044,FAT_014,FAT_014,1,Autologous,1.0000000000000002,4.236540720070927,4.236540720070926,21.4,42,5520.454337210781,91.4859048596186,-5.915093710505238,5520.454337210781,3.7419748219363935,-0.8293448998796953,3106.8274261465313,5520.454337210781
818,3.601060342388936,FAT_017,FAT_017,1,Autologous,1.0,3.922635190638029,3.922635190638029,29.11,42,74192.40567773356,24617.98339171942,-1.5915589336152924,74192.40567773356,4.870359453243332,0.3313892922842285,93350.69818643769,74192.40567773356
205913,1.066846793119967,FAT_017,FAT_017,1,Autologous,1.0,3.922635190638029,3.922635190638029,24.89,42,4581.751034936762,4649.690909742669,0.0212357485992451,4581.751034936762,3.6610314866231857,0.5257325985025735,6596.18410208332,4581.751034936762
206672,0.9868133425361948,FAT_017,FAT_017,1,Autologous,1.0,3.922635190638029,3.922635190638029,25.09,42,4866.621604050031,7124.08782662327,0.5497846976105947,4866.621604050031,3.687227579721689,0.5446404576461606,7098.73059196131,4866.621604050031
213810,3.801013105641509,FAT_017,FAT_017,1,Autologous,1.0,3.922635190638029,3.922635190638029,22.4,42,2578.723827722207,1602.466574741723,-0.6863630093061381,2578.723827722207,3.4114048332125195,-0.4712184471775669,1860.1756114974373,2578.723827722207
226186,8.71109548556154,FAT_017,FAT_017,1,Autologous,1.0,3.922635190638029,3.922635190638029,29.11,42,73292.13527290522,23667.198642339292,-1.6307694438113294,73292.13527290522,4.865057374493366,-0.3057586314414831,59294.56058741797,73292.13527290522
272559,3.273666848946964,FAT_017,FAT_017,1,Autologous,1.0,3.922635190638029,3.922635190638029,30.39,42,5241.81698776019,513.0068333166375,-3.353017036489245,5241.81698776019,3.719481853964005,0.4794188449274797,7308.0465796615445,5241.81698776019
295405,3.1656625349391083,FAT_017,FAT_017,1,Autologous,1.0,3.922635190638029,3.922635190638029,30.39,42,3574.2819490483707,910.9043595109906,-1.9722819513736785,3574.2819490483707,3.553188807846796,-0.42163400133295575,2668.482298604444,3574.2819490483707
347253,6.096342776362603,FAT_017,FAT_017,1,Autologous,1.0,3.922635190638029,3.922635190638029,25.68,42,3037.295963367957,1750.2052917569383,-0.795263341879052,3037.295963367957,3.4824871129570907,-1.826969122908687,856.0805021817172,3037.295963367957
349741,3.3668889342488675,FAT_017,FAT_017,1,Autologous,1.0,3.922635190638029,3.922635190638029,28.37,42,1088.8606770636109,2962.931692777541,1.4442059981143844,1088.8606770636109,3.036972314050222,-0.41469673163585363,816.8384239896036,1088.8606770636109
367928,10.693725011063195,FAT_017,FAT_017,1,Autologous,1.0,3.922635190638029,3.922635190638029,25.27,42,85054.21277810466,503184.4745663683,2.5646328092906088,85054.21277810466,4.9296958293063,-1.0938787494699818,39847.90690453854,85054.21277810466
391904,2.7468087215325867,FAT_017,FAT_017,1,Autologous,1.0,3.922635190638029,3.922635190638029,26.99,42,1957.368509726017,2226.0508526955155,0.1855711557425792,1957.368509726017,3.291672597080703,-0.8528141315206428,1083.8020365897814,1957.368509726017
398513,4.086364103609826,FAT_017,FAT_017,1,Autologous,1.0,3.922635190638029,3.922635190638029,25.15,42,12150.176433852015,2110.0351730762054,-2.5256383103487456,12150.176433852015,4.08458258441104,0.8657421084539897,22140.984483014694,12150.176433852015
411459,6.620766999659376,FAT_017,FAT_017,1,Autologous,1.0,3.922635190638029,3.922635190638029,29.69,42,41510.704079742274,93969.98137415024,1.1787165604763377,41510.704079742274,4.618160099684317,0.6598171177023556,65582.02822500326,41510.704079742274
411460,4.807949474418205,FAT_017,FAT_017,1,Autologous,1.0,3.922635190638029,3.922635190638029,29.93,42,9406.684263019,10489.448908080294,0.1571806980180416,9406.684263019,3.973436567100322,0.03772056275647139,9655.873954382889,9406.684263019
411461,10.935857726162135,FAT_017,FAT_017,1,Autologous,1.0,3.922635190638029,3.922635190638029,31.07,42,109573.92590982972,94489.33281494606,-0.2136811635666373,109573.92590982972,5.039707222207856,-1.6826038938956938,34134.45548298943,109573.92590982972
411462,8.366785974568746,FAT_017,FAT_017,1,Autologous,1.0,3.922635190638029,3.922635190638029,28.31,42,81826.34138174106,456653.1233140546,2.4804614480237044,81826.34138174106,4.91289313344125,-0.09960365782319675,76367.65319043353,81826.34138174106
411463,4.935565059103512,FAT_017,FAT_017,1,Autologous,1.0,3.922635190638029,3.922635190638029,26.73,42,24381.74445887925,13111.584541976112,-0.8949593046705732,24381.74445887925,4.387064775185641,-0.043606924130642835,23655.807802768086,24381.74445887925
411467,5.253182401960816,FAT_017,FAT_017,1,Autologous,1.0,3.922635190638029,3.922635190638029,27.37,42,20669.49383698508,20664.38655969261,-0.0003565232002934,20669.49383698508,4.31532984157669,0.0008789067051218341,20682.089770964994,20669.49383698508
411468,4.229325654841707,FAT_017,FAT_017,1,Autologous,1.0,3.922635190638029,3.922635190638029,27.59,42,2235.291016177987,3839.3938974015487,0.7804159086624182,2235.291016177987,3.3493340726548197,-1.0185918989415397,1103.3349050951188,2235.291016177987
411469,7.995631828580533,FAT_017,FAT_017,1,Autologous,1.0,3.922635190638029,3.922635190638029,29.85,42,33180.969529224654,30446.86492009274,-0.1240623585742628,33180.969529224654,4.520889071713678,0.43984336966682763,45008.56010331383,33180.969529224654
411470,6.5904841606570175,FAT_017,FAT_017,1,Autologous,1.0,3.922635190638029,3.922635190638029,31.06,42,13100.075857689642,11269.83562801956,-0.2171086921261776,13100.075857689642,4.117273810501614,-1.5597950896524855,4443.535983668291,13100.075857689642
411471,8.742334574574617,FAT_017,FAT_017,1,Autologous,1.0,3.922635190638029,3.922635190638029,28.72,42,74163.62084670819,35380.2504214045,-1.0677674220721116,74163.62084670819,4.8701909249573365,0.0428294471272067,76398.33138172835,74163.62084670819
411473,6.599699414040853,FAT_017,FAT_017,1,Autologous,1.0,3.922635190638029,3.922635190638029,29.04,42,7436.412208350568,5965.74377542422,-0.317904726368385,7436.412208350568,3.8713634551787104,-0.44937416302680505,5446.134376829284,7436.412208350568
411474,5.174574119748945,FAT_017,FAT_017,1,Autologous,1.0,3.922635190638029,3.922635190638029,27.02,42,19622.321535889267,30357.134042887177,0.6295398568864038,19622.321535889267,4.292750387884987,0.057933840039248057,20426.32377167169,19622.321535889267
411475,7.482612226946427,FAT_017,FAT_017,1,Autologous,1.0,3.922635190638029,3.922635190638029,28.82,42,23823.914285214934,15701.090765978995,-0.6015456807944399,23823.914285214934,4.377013117886059,0.020203969053851748,24159.89923418646,23823.914285214934
411476,5.991044684754638,FAT_017,FAT_017,1,Autologous,1.0,3.922635190638029,3.922635190638029,29.68,42,48532.21768917525,2786.1890558574983,-4.122577725913347,48532.21768917525,4.686030136939968,-0.22362034946952802,41563.652398215454,48532.21768917525
411477,6.813066500964271,FAT_017,FAT_017,1,Autologous,1.0,3.922635190638029,3.922635190638029,29.89,42,21482.417168357093,24801.97700861567,0.2072987926489872,21482.417168357093,4.33208314592036,0.6377531420867144,33424.58097905447,21482.417168357093
411479,7.108525823407088,FAT_017,FAT_017,1,Autologous,1.0,3.922635190638029,3.922635190638029,30.29,42,38305.66203212295,23748.77216707162,-0.6897047286483625,38305.66203212295,4.583262972599549,0.23984929062296176,45233.98019177117,38305.66203212295
411483,9.557906629330864,FAT_017,FAT_017,1,Autologous,1.0,3.922635190638029,3.922635190638029,28.13,42,562548.9007917135,303540.5237639729,-0.8900893768235386,562548.9007917135,5.750160280420598,-0.651240061636218,358193.3242255339,562548.9007917135
411484,5.53089182332607,FAT_017,FAT_017,1,Autologous,1.0,3.922635190638029,3.922635190638029,27.82,42,18713.117907639247,21147.4831006074,0.1764360141520271,18713.117907639247,4.272146154002945,-0.26496952095417997,15573.362051852846,18713.117907639247
411485,8.138119641279077,FAT_017,FAT_017,1,Autologous,1.0,3.922635190638029,3.922635190638029,29.4,42,207567.416524034,137430.5426065403,-0.594877325594943,207567.416524034,5.31715917993539,-0.5375257302357641,143003.87694876088,207567.416524034
411486,7.25202813748974,FAT_017,FAT_017,1,Autologous,1.0,3.922635190638029,3.922635190638029,26.21,42,42761.35535877613,31977.728067569416,-0.4192401384534813,42761.35535877613,4.631051462100559,0.16517554605524892,47948.41505117664,42761.35535877613
411487,6.352605135118885,FAT_017,FAT_017,1,Autologous,1.0,3.922635190638029,3.922635190638029,31.0,42,16772.623264376387,18358.574927258825,0.1303457285114848,16772.623264376387,4.224600992251098,-1.064052898962968,8022.119973055079,16772.623264376387
411489,5.46423736593255,FAT_017,FAT_017,1,Autologous,1.0,3.922635190638029,3.922635190638029,27.23,42,14869.84667556058,17358.8460630393,0.2232812754819462,14869.84667556058,4.172306490492279,-0.19419967161285445,12997.103105403547,14869.84667556058
411490,4.223695745293,FAT_017,FAT_017,1,Autologous,1.0,3.922635190638029,3.922635190638029,30.71,42,2524.1319068119988,3134.236094715429,0.3123265537024868,2524.1319068119988,3.40211204665122,-1.0010102365922378,1261.182510352204,2524.1319068119988
411901,8.922430335050546,FAT_017,FAT_017,1,Autologous,1.0,3.922635190638029,3.922635190638029,29.11,42,206860.6992933418,62224.28466581944,-1.7331099337804985,206860.6992933418,5.315677988484561,-0.28849269492356994,169368.65308323991,206860.6992933418
411902,4.808910652985519,FAT_017,FAT_017,1,Autologous,1.0,3.922635190638029,3.922635190638029,31.82,42,9023.548236267354,8636.823524159434,-0.0631940296525737,9023.548236267354,3.95537734424039,0.13154209612884443,9884.97239584229,9023.548236267354
411903,11.167617802482354,FAT_017,FAT_017,1,Autologous,1.0,3.922635190638029,3.922635190638029,26.62,42,144033.33896873344,570827.9603919054,1.986653216224549,144033.33896873344,5.158463028583628,0.10049042832687315,154423.5961104092,144033.33896873344
428125,9.06810655214444,FAT_017,FAT_017,1,Autologous,1.0,3.922635190638029,3.922635190638029,26.43,42,49803.71315619302,9971.910212278526,-2.320311509719569,49803.71315619302,4.6972617231438365,0.7870240977824,85936.8803215396,49803.71315619302
428126,3.484667509167143,FAT_017,FAT_017,1,Autologous,1.0,3.922635190638029,3.922635190638029,27.15,42,2614.456721408889,624.4906504508185,-2.065759310801912,2614.456721408889,3.417381457101276,-0.6502252640513788,1665.881666494785,2614.456721408889
428127,6.118047143048355,FAT_017,FAT_017,1,Autologous,1.0,3.922635190638029,3.922635190638029,17.97,42,7234.91839117289,5968.462892915298,-0.2776173131911378,7234.91839117289,3.8594336367040976,-1.1866301096608745,3178.501201534309,7234.91839117289
428128,7.169156978171498,FAT_017,FAT_017,1,Autologous,1.0,3.922635190638029,3.922635190638029,26.14,42,56606.85908198517,22131.803632377483,-1.3548558473127912,56606.85908198517,4.752869058060616,-0.008129405725871897,56288.78352581389,56606.85908198517
435590,11.238597007726126,FAT_017,FAT_017,1,Autologous,1.0,3.922635190638029,3.922635190638029,30.99,42,210050.85263525837,17942.549951123954,-3.5492817997864767,210050.85263525837,5.32232444875921,-1.0900825767662354,98668.12955781724,210050.85263525837
435591,6.262393354114315,FAT_017,FAT_017,1,Autologous,1.0,3.922635190638029,3.922635190638029,30.59,42,13769.07503393474,9395.45730417008,-0.5513963580868243,13769.07503393474,4.138904766607646,-0.9236185747195382,7258.850819270809,13769.07503393474
445970,6.661808730770782,FAT_017,FAT_017,1,Autologous,1.0,3.922635190638029,3.922635190638029,17.81,42,9740.191270761365,61693.150382562286,2.6630883115926727,9740.191270761365,3.9885674853201545,-0.702678635143347,5984.669046536209,9740.191270761365
445972,7.454571897520185,FAT_017,FAT_017,1,Autologous,1.0,3.922635190638029,3.922635190638029,25.15,42,23271.04701345156,14165.695756017189,-0.7161346598693944,23271.04701345156,4.366815923550378,-0.36691918489723135,18045.22256541375,23271.04701345156
445973,5.262918755248085,FAT_017,FAT_017,1,Autologous,1.0,3.922635190638029,3.922635190638029,29.52,42,2767.3140999574725,3647.242928032066,0.3983198906874153,2767.3140999574725,3.442058455901482,-0.7870787861403648,1603.7037041765814,2767.3140999574725
449673,5.055799010632578,FAT_017,FAT_017,1,Autologous,1.0,3.922635190638029,3.922635190638029,29.11,42,5908.831003244918,1674.070002006766,-1.8195128812953627,5908.831003244918,3.771501569027264,-0.6152466411737474,3857.3928869284646,5908.831003244918
450749,3.075560848145208,FAT_017,FAT_017,1,Autologous,1.0,3.922635190638029,3.922635190638029,27.8,42,1588.1286082969712,233.84410423267224,-2.7637087876011592,1588.1286082969712,3.200885669131435,-1.1374023010430976,721.9272903894718,1588.1286082969712
457387,3.5640746655862445,FAT_017,FAT_017,1,Autologous,1.0,3.922635190638029,3.922635190638029,29.03,42,41297.29929800236,5638.543303997884,-2.872653036261379,41297.29929800236,4.615921651212677,0.34814776004040354,52568.37713592494,41297.29929800236
457388,3.608679026849261,FAT_017,FAT_017,1,Autologous,1.0,3.922635190638029,3.922635190638029,30.59,42,21802.02805077685,14218.265360844687,-0.616716876661815,21802.02805077685,4.33849689407685,-0.5674878283887531,14711.807564891456,21802.02805077685
457390,2.774413069502073,FAT_017,FAT_017,1,Autologous,1.0,3.922635190638029,3.922635190638029,29.68,42,55301.61588204109,1505.484717559956,-5.19902166761311,55301.61588204109,4.742737821330035,0.535828658968431,80174.88030197522,55301.61588204109
457391,2.827104569579695,FAT_017,FAT_017,1,Autologous,1.0,3.922635190638029,3.922635190638029,30.88,42,37533.43449633855,15432.804506859342,-1.2821760523897896,37533.43449633855,4.574418306341199,0.2832248590252219,45674.887299448405,37533.43449633855
457393,4.309261045024463,FAT_017,FAT_017,1,Autologous,1.0,3.922635190638029,3.922635190638029,29.75,42,87379.82860887954,61038.74943970961,-0.5175748714342087,87379.82860887954,4.941411188527694,0.34700523485192286,111139.94380775224,87379.82860887954
457394,5.646163170733194,FAT_017,FAT_017,1,Autologous,1.0,3.922635190638029,3.922635190638029,30.99,42,140528.53764629803,12311.257627102275,-3.5128130840516194,140528.53764629803,5.147764526972822,-0.18708304439896437,123437.44361596924,140528.53764629803
457395,2.7640579786072976,FAT_017,FAT_017,1,Autologous,1.0,3.922635190638029,3.922635190638029,30.99,42,41864.062695088345,17868.227406367834,-1.228315803785101,41864.062695088345,4.621841372125994,0.3348595558327123,52801.24255465002,41864.062695088345
457412,8.619443032328263,FAT_017,FAT_017,1,Autologous,1.0,3.922635190638029,3.922635190638029,30.36,42,230577.4148974967,438046.2023226107,0.925831836482233,230577.4148974967,5.362816765813185,-0.6445679725066847,147496.75707641858,230577.4148974967
457416,3.0406229602700137,FAT_017,FAT_017,1,Autologous,1.0,3.922635190638029,3.922635190638029,27.37,42,1520.63314244435,209.372046812974,-2.8605313937585883,1520.63314244435,3.182024451772096,-1.023989747758646,747.7782386402655,1520.63314244435
457421,3.793691133308996,FAT_017,FAT_017,1,Autologous,1.0,3.922635190638029,3.922635190638029,31.17,42,3740.042872539367,4714.949729528531,0.3341875810805193,3740.042872539367,3.5728765805963505,-0.44485086655527,2747.6608526682467,3740.042872539367
457424,3.8653918923738617,FAT_017,FAT_017,1,Autologous,1.0,3.922635190638029,3.922635190638029,30.39,42,7617.061837544348,4373.247298149781,-0.8005296758096768,7617.061837544348,3.881787481337808,-0.0630500134846808,7291.343121160911,7617.061837544348
469585,4.818625903710432,FAT_017,FAT_017,1,Autologous,1.0,3.922635190638029,3.922635190638029,29.25,42,111843.9572393142,38094.83604999696,-1.553819960472645,111843.9572393142,5.048612524789246,0.05598177516184637,116269.20911511312,111843.9572393142
469588,3.411509220801638,FAT_017,FAT_017,1,Autologous,1.0,3.922635190638029,3.922635190638029,28.94,42,19182.608427467043,2292.216044978404,-3.0649839776904213,19182.608427467043,4.282907661678846,1.0976246774250051,41051.177004168145,19182.608427467043
469589,4.797999748334401,FAT_017,FAT_017,1,Autologous,1.0,3.922635190638029,3.922635190638029,30.59,42,10122.33471713282,6466.967766279521,-0.6463807615151221,10122.33471713282,4.005280694106966,-0.4314316886929428,7505.969834879112,10122.33471713282
469590,2.772517702724456,FAT_017,FAT_017,1,Autologous,1.0,3.922635190638029,3.922635190638029,29.52,42,59744.405663751866,4343.337005747928,-3.781927825565951,59744.405663751866,4.776297245132985,0.48781300303520053,83780.62412520821,59744.405663751866
469591,3.3652841921876897,FAT_017,FAT_017,1,Autologous,1.0,3.922635190638029,3.922635190638029,30.59,42,29228.51445532557,12713.687015781758,-1.2009940278986546,29228.51445532557,4.465806742820668,0.4852993285032636,40916.30408532068,29228.51445532557
469592,3.7867494061129054,FAT_017,FAT_017,1,Autologous,1.0,3.922635190638029,3.922635190638029,30.59,42,13166.578743162076,9499.690141328054,-0.4709281567678045,13166.578743162076,4.119472940793859,-0.29555614400370667,10727.577878556347,13166.578743162076
469593,5.816337771075418,FAT_017,FAT_017,1,Autologous,1.0,3.922635190638029,3.922635190638029,30.99,42,154302.57558213372,14739.42954663456,-3.3880095485711914,154302.57558213372,5.188373175264529,-0.23445820460360342,131157.83008271953,154302.57558213372
469596,4.45123531777746,FAT_017,FAT_017,1,Autologous,1.0,3.922635190638029,3.922635190638029,28.15,42,4790.192914775739,10567.396942824518,1.1414643790384085,4790.192914775739,3.6803530040482775,0.39967072579533663,6319.25500233243,4790.192914775739
470145,4.244836561849864,FAT_017,FAT_017,1,Autologous,1.0,3.922635190638029,3.922635190638029,28.33,42,3911.759278311477,1570.7435373458177,-1.3163699482273528,3911.759278311477,3.5923721213411137,0.046726037613147565,4040.527437691187,3911.759278311477
470146,9.492563708808763,FAT_017,FAT_017,1,Autologous,1.0,3.922635190638029,3.922635190638029,28.01,42,151963.06362603625,399967.6809775602,1.3961627264352463,151963.06362603625,5.181738040492516,-0.11181143473273827,140630.47536319387,151963.06362603625
471870,7.444700636297159,FAT_017,FAT_017,1,Autologous,1.0,3.922635190638029,3.922635190638029,30.58,42,45332.13854345686,14346.97025542236,-1.6597881163483716,45332.13854345686,4.656406207382429,-0.778993927641928,26418.348731567723,45332.13854345686
471875,4.337534291469493,FAT_017,FAT_017,1,Autologous,1.0,3.922635190638029,3.922635190638029,29.18,42,11493.088222169145,23972.646173837005,1.0606226609390148,11493.088222169145,4.060436740406228,0.1205428093683571,12494.639832893978,11493.088222169145
476272,4.883441034064584,FAT_017,FAT_017,1,Autologous,1.0,3.922635190638029,3.922635190638029,29.6,42,4380.257217759084,3608.268910659954,-0.2797087291343254,4380.257217759084,3.641499613922703,-0.18676803476667395,3848.3701132786223,4380.257217759084
478749,4.152219875111999,FAT_017,FAT_017,1,Autologous,1.0,3.922635190638029,3.922635190638029,29.95,42,5749.025562035036,4837.310016627022,-0.2491124443445781,5749.025562035036,3.759594239664601,0.7239215584367598,9495.467316361946,5749.025562035036
479436,3.5243044493523805,FAT_017,FAT_017,1,Autologous,1.0,3.922635190638029,3.922635190638029,27.57,42,1203.0074207849557,195.77645935758608,-2.619366334559171,1203.0074207849557,3.080268306305778,-0.6108562450847849,787.7388296868039,1203.0074207849557
479437,5.6661139049521525,FAT_017,FAT_017,1,Autologous,1.0,3.922635190638029,3.922635190638029,24.48,42,4244.273705673656,2718.2111185805584,-0.6428601841014392,4244.273705673656,3.627803383012251,-1.096693720891944,1984.5665954605722,4244.273705673656
483215,9.78145192383453,FAT_017,FAT_017,1,Autologous,1.0,3.922635190638029,3.922635190638029,28.86,42,241648.65645808692,7598.120642567796,-4.9911245441029335,241648.65645808692,5.383184384848534,-1.3393795110185829,95497.27438862291,241648.65645808692
483216,4.067980018442555,FAT_017,FAT_017,1,Autologous,1.0,3.922635190638029,3.922635190638029,29.11,42,2520.161585291256,756.8210350165944,-1.7354921455357797,2520.161585291256,3.401428387349233,-0.20944957036722603,2179.6049427251564,2520.161585291256
483217,8.051784828609721,FAT_017,FAT_017,1,Autologous,1.0,3.922635190638029,3.922635190638029,30.63,42,43474.0280717494,15904.11820531279,-1.4507533895448177,43474.0280717494,4.638229881467288,-0.8274079360909407,24499.39016189403,43474.0280717494
483218,5.575623824047885,FAT_017,FAT_017,1,Autologous,1.0,3.922635190638029,3.922635190638029,28.19,42,19692.79474288244,15387.48588200805,-0.3559103357200023,19692.79474288244,4.294307354293671,-0.23233698108997436,16763.587045806875,19692.79474288244
484018,5.182670640070845,FAT_017,FAT_017,1,Autologous,1.0,3.922635190638029,3.922635190638029,30.12,42,17650.064320460464,3791.3561550591785,-2.218887548102934,17650.064320460464,4.24674629238504,0.6272439101238503,27262.490291536058,17650.064320460464
484020,4.183397329542866,FAT_017,FAT_017,1,Autologous,1.0,3.922635190638029,3.922635190638029,25.15,42,12845.975280362123,5678.423693867021,-1.1777540209220758,12845.975280362123,4.108767081961699,0.9009551294738727,23987.3129222058,12845.975280362123
500632,5.078572155124943,FAT_017,FAT_017,1,Autologous,1.0,3.922635190638029,3.922635190638029,27.33,42,18971.188806487506,23200.416806370973,0.2903406379655999,18971.188806487506,4.278094546277214,0.20905970999035287,21929.45254222566,18971.188806487506
511680,5.574006694823206,FAT_017,FAT_017,1,Autologous,1.0,3.922635190638029,3.922635190638029,26.86,42,30902.0049763185,13422.47030845598,-1.2030502322039016,30902.0049763185,4.489986658127195,-0.6431188474662516,19787.39367552565,30902.0049763185
515619,7.121670475545528,FAT_017,FAT_017,1,Autologous,1.0,3.922635190638029,3.922635190638029,29.62,42,154837.57640705377,80014.56403744305,-0.9524211066403327,154837.57640705377,5.189876364911963,-0.7886969879738692,89630.3132078135,154837.57640705377
515620,8.854106362966984,FAT_017,FAT_017,1,Autologous,1.0,3.922635190638029,3.922635190638029,31.6,42,21755.376772908137,4336.086025771721,-2.326906718134758,21755.376772908137,4.337566609071071,-1.5606206411152668,7375.18611338686,21755.376772908137
518635,11.388224774693674,FAT_017,FAT_017,1,Autologous,1.0,3.922635190638029,3.922635190638029,25.8,42,156003.85835377185,130090.73812562486,-0.262063458550423,156003.85835377185,5.193135339643119,-1.0110597685405949,77406.24886596302,156003.85835377185
518636,6.485178524116115,FAT_017,FAT_017,1,Autologous,1.0,3.922635190638029,3.922635190638029,28.81,42,14042.034638485782,11430.263559993138,-0.2968933222018575,14042.034638485782,4.147430040005071,-0.01630619228727183,13884.216816459857,14042.034638485782
518637,10.92247647390681,FAT_017,FAT_017,1,Autologous,1.0,3.922635190638029,3.922635190638029,18.67,42,160251.10980058607,121303.45676695912,-0.4017136847818918,160251.10980058607,5.204801045857636,-0.80942591541782,91440.70505805309,160251.10980058607
525259,4.47039615452524,FAT_017,FAT_017,1,Autologous,1.0,3.922635190638029,3.922635190638029,27.86,42,2673.01896383984,2768.061605916981,0.0504059790454912,2673.01896383984,3.427002039887021,-0.5836167094127496,1783.6757355711668,2673.01896383984
536231,5.953181485817717,FAT_017,FAT_017,1,Autologous,1.0,3.922635190638029,3.922635190638029,31.15,42,35478.79310935434,33148.76133372683,-0.098001971657778,35478.79310935434,4.549968837911026,0.05260369988505015,36796.29817489568,35478.79310935434
537006,4.121561827887923,FAT_017,FAT_017,1,Autologous,1.0,3.922635190638029,3.922635190638029,29.51,42,1917.6652945185929,1172.8460111514646,-0.7093373300929545,1917.6652945185929,3.282772808554985,-1.128623119373483,877.0480672177647,1917.6652945185929
537007,4.71540377548852,FAT_017,FAT_017,1,Autologous,1.0,3.922635190638029,3.922635190638029,29.22,42,5533.63561953476,6268.472189430858,0.1798862106975634,5533.63561953476,3.7430105581957087,-0.3570836126911165,4320.337550432152,5533.63561953476
537011,9.122655478223177,FAT_017,FAT_017,1,Autologous,1.0,3.922635190638029,3.922635190638029,28.14,42,311055.8321229457,80984.38260926072,-1.9414579320671277,311055.8321229457,5.492838348533754,-0.11353747687827308,287514.7716563144,311055.8321229457
537012,3.6210201249829694,FAT_017,FAT_017,1,Autologous,1.0,3.922635190638029,3.922635190638029,29.72,42,2562.8425416392374,823.892599796508,-1.6372166543627724,2562.8425416392374,3.408721924405912,-0.3476542161538131,2014.0376143866763,2562.8425416392374
537013,4.319380275879522,FAT_017,FAT_017,1,Autologous,1.0,3.922635190638029,3.922635190638029,26.93,42,2967.815336754965,2344.785649805904,-0.3399452836504147,2967.815336754965,3.47243687479994,-0.6570727658276855,1882.080794254597,2967.815336754965
537937,1.118947189168949,FAT_017,FAT_017,1,Autologous,1.0,3.922635190638029,3.922635190638029,25.23,42,5690.463319604085,5520.714879384522,-0.0436910278646255,5690.463319604085,3.7551476282501857,0.45072905431295873,7777.331192925038,5690.463319604085
545696,6.765452019598546,FAT_017,FAT_017,1,Autologous,1.0,3.922635190638029,3.922635190638029,17.82,42,17134.915103144132,13210.37914415193,-0.3752671706692359,17134.915103144132,4.233881957010568,-0.7869693448787671,9930.716376833308,17134.915103144132
546273,3.47466564229056,FAT_017,FAT_017,1,Autologous,1.0,3.922635190638029,3.922635190638029,27.7,42,1231.7922518103385,111.48381713418097,-3.465852748040805,1231.7922518103385,3.090537467974241,-0.7683018613785362,723.1952449652123,1231.7922518103385
547042,4.355586661040414,FAT_017,FAT_017,1,Autologous,1.0,3.922635190638029,3.922635190638029,28.24,42,6317.774119881388,1648.691572090042,-1.9380948243869225,6317.774119881388,3.8005640944651846,-0.040215308916682575,6144.097236115829,6317.774119881388
547043,3.285621499582746,FAT_017,FAT_017,1,Autologous,1.0,3.922635190638029,3.922635190638029,24.99,42,1606.987635520498,5918.612405578875,1.8809001528815383,1606.987635520498,3.206012535228884,-0.9162893387515204,851.4947204903627,1606.987635520498
548480,1.3400691031086196,FAT_017,FAT_017,1,Autologous,1.0,3.922635190638029,3.922635190638029,25.09,42,5830.417153210256,6590.234425875038,0.1767306765704492,5830.417153210256,3.765699628662292,0.2109109620501802,6748.234326205127,5830.417153210256
552396,7.606367068268506,FAT_017,FAT_017,1,Autologous,1.0,3.922635190638029,3.922635190638029,23.33,42,18031.215186451736,15536.13097152029,-0.2148693602749993,18031.215186451736,4.256024996327874,-0.5690737960861485,12153.929530967613,18031.215186451736
552398,7.000008469025784,FAT_017,FAT_017,1,Autologous,1.0,3.922635190638029,3.922635190638029,29.38,42,47126.72387083244,29115.403721961746,-0.6947627686681006,47126.72387083244,4.673267249768691,-0.11373747939428717,43554.08123767731,47126.72387083244
556258,3.4197704754472857,FAT_017,FAT_017,1,Autologous,1.0,3.922635190638029,3.922635190638029,29.11,42,20010.42046454184,2303.092514942714,-3.119107211583613,20010.42046454184,4.301256214248999,1.3439463022577878,50795.397563153274,20010.42046454184
556259,3.439924234504123,FAT_017,FAT_017,1,Autologous,1.0,3.922635190638029,3.922635190638029,30.68,42,35020.22097370859,1450.195995241378,-4.59386838703491,35020.22097370859,4.544318882106065,0.8277997712673549,62160.062671570995,35020.22097370859
556268,3.726614431975249,FAT_017,FAT_017,1,Autologous,1.0,3.922635190638029,3.922635190638029,28.57,42,992.5803801856068,594.5803580489651,-0.7393121332936919,992.5803801856068,2.9967656864755106,-0.2067301156535999,860.0698441454266,992.5803801856068
563193,5.638581004747808,FAT_017,FAT_017,1,Autologous,1.0,3.922635190638029,3.922635190638029,30.59,42,32033.546609730096,14716.770234208912,-1.122122445655037,32033.546609730096,4.505605024451086,-0.31645868360216034,25724.175764019343,32033.546609730096
565040,1.095751339542542,FAT_017,FAT_017,1,Autologous,1.0,3.922635190638029,3.922635190638029,25.09,42,4554.951364671751,3935.4693820862894,-0.2108999340468166,4554.951364671751,3.65848374417017,0.5423493667935609,6633.56779074778,4554.951364671751
565042,1.0935342718030634,FAT_017,FAT_017,1,Autologous,1.0,3.922635190638029,3.922635190638029,25.09,42,5482.021439765107,6521.350116101074,0.2504627063069092,5482.021439765107,3.738940729699188,0.48759066754757185,7686.349822006847,5482.021439765107
566550,4.789879373497923,FAT_017,FAT_017,1,Autologous,1.0,3.922635190638029,3.922635190638029,29.11,42,5703.366864546499,5699.270261298617,-0.0010366285236059,5703.366864546499,3.75613130813144,0.03600722357782345,5847.504470275718,5703.366864546499
566552,3.9842832265154136,FAT_017,FAT_017,1,Autologous,1.0,3.922635190638029,3.922635190638029,25.62,42,2163.8252288046237,9913.902372468872,2.195869073846313,2163.8252288046237,3.335222180080115,-0.8195592045231257,1226.0559133264965,2163.8252288046237
585394,6.255541135817387,FAT_017,FAT_017,1,Autologous,1.0,3.922635190638029,3.922635190638029,30.74,42,46774.35783586655,71336.95375091744,0.6089317639091844,46774.35783586655,4.670007833793553,-0.11988250969404061,43044.69178054574,46774.35783586655
585543,4.551729758514815,FAT_017,FAT_017,1,Autologous,1.0,3.922635190638029,3.922635190638029,30.29,42,71056.84425672723,52474.43571531225,-0.4373588702391626,71056.84425672723,4.851605915898557,-0.36081348695738036,55333.76654891766,71056.84425672723
585544,3.230417700397968,FAT_017,FAT_017,1,Autologous,1.0,3.922635190638029,3.922635190638029,29.11,42,50528.29683372851,6826.797647598789,-2.8878106567471487,50528.29683372851,4.703534659643742,0.44565373924656,68816.05983675843,50528.29683372851
592028,12.110743446874064,FAT_017,FAT_017,1,Autologous,1.0,3.922635190638029,3.922635190638029,21.11,42,2588427.293518902,3334550.761165624,0.3654166162715909,2588427.293518902,6.413035970566859,-3.122045966027217,297307.92575063574,2588427.293518902
622312,6.37593625183428,FAT_017,FAT_017,1,Autologous,1.0,3.922635190638029,3.922635190638029,28.89,42,80417.8698222577,59796.11274628715,-0.4274644212200077,80417.8698222577,4.905352564953269,0.5027736041629162,113946.89643775295,80417.8698222577
626939,5.041235923394414,FAT_017,FAT_017,1,Autologous,1.0,3.922635190638029,3.922635190638029,26.95,42,1579.1953848753003,1948.7008686056024,0.3033229708960865,1579.1953848753003,3.198435866122092,-0.6837285438817234,983.1347919321895,1579.1953848753003
641112,4.989460752003079,FAT_017,FAT_017,1,Autologous,1.0,3.922635190638029,3.922635190638029,29.68,42,2096.329762952002,555.606340676853,-1.9157307089173603,2096.329762952002,3.321459600337285,-0.7864872915384091,1215.3555102966632,2096.329762952002
645463,4.731743755723914,FAT_017,FAT_017,1,Autologous,1.0,3.922635190638029,3.922635190638029,28.02,42,3231.841717884336,2971.0890452507742,-0.1213646984164764,3231.841717884336,3.5094500826926742,-0.14810519926916477,2916.526824694785,3231.841717884336
649757,5.448649760010452,FAT_017,FAT_017,1,Autologous,1.0,3.922635190638029,3.922635190638029,27.82,42,14446.014853221324,15729.188313386798,0.1227726652071558,14446.014853221324,4.159748057060943,-0.3647151640885966,11219.095704750078,14446.014853221324
657308,6.490328266896837,FAT_017,FAT_017,1,Autologous,1.0,3.922635190638029,3.922635190638029,20.15,42,9395.765878836955,27453.11656241632,1.5468872674914431,9395.765878836955,3.9729321866074856,-0.6738802885318483,5889.440062445473,9395.765878836955
657309,5.240299514759552,FAT_017,FAT_017,1,Autologous,1.0,3.922635190638029,3.922635190638029,28.38,42,33382.463346402335,4133.964958934954,-3.0134923523541124,33382.463346402335,4.523518380823659,-0.008041683264591707,33196.9047948372,33382.463346402335
657313,10.73083593390686,FAT_017,FAT_017,1,Autologous,1.0,3.922635190638029,3.922635190638029,30.1,42,174054.9251478273,120495.8788721091,-0.530558832774108,174054.9251478273,5.240686316814568,-0.8139639836278971,99005.36799575249,174054.9251478273
657314,6.971047586219162,FAT_017,FAT_017,1,Autologous,1.0,3.922635190638029,3.922635190638029,30.01,42,36162.68099130222,123352.76498273462,1.7702165105087024,36162.68099130222,4.55826062027034,0.2964014967302425,44410.57145834217,36162.68099130222
657317,7.055980385567226,FAT_017,FAT_017,1,Autologous,1.0,3.922635190638029,3.922635190638029,31.02,42,156252.99602919843,74397.77367337378,-1.0705524976293692,156252.99602919843,5.193828353353547,-0.6505575183391589,99538.48500877539,156252.99602919843
657319,6.621485227017544,FAT_017,FAT_017,1,Autologous,1.0,3.922635190638029,3.922635190638029,26.02,42,46204.616697640005,24512.844182064426,-0.9144991235423467,46204.616697640005,4.664685371792872,0.09785884285687083,49447.44076001138,46204.616697640005
657321,8.667513568091422,FAT_017,FAT_017,1,Autologous,1.0,3.922635190638029,3.922635190638029,25.04,42,45788.72551834224,69493.39209196685,0.601883393373986,45788.72551834224,4.660758555559708,-1.1495217312241295,20640.396405127438,45788.72551834224
657322,7.705809005303349,FAT_017,FAT_017,1,Autologous,1.0,3.922635190638029,3.922635190638029,29.23,42,165323.19554333453,114779.387533367,-0.5264255737759571,165323.19554333453,5.218333791198494,-0.8529743079582954,91529.88969273887,165323.19554333453
657323,6.05622420820806,FAT_017,FAT_017,1,Autologous,1.0,3.922635190638029,3.922635190638029,29.77,42,72537.77418396417,152976.64367552788,1.0765070183490166,72537.77418396417,4.86056422515601,-0.2785346917050138,59802.167920987136,72537.77418396417
658089,4.681911431037223,FAT_017,FAT_017,1,Autologous,1.0,3.922635190638029,3.922635190638029,27.62,42,14595.894490629353,16374.525531269212,0.1658904764217185,14595.894490629353,4.164230715318599,-0.03332412245464853,14262.614859029698,14595.894490629353
658659,5.527081160744471,FAT_017,FAT_017,1,Autologous,1.0,3.922635190638029,3.922635190638029,27.88,42,6443.831828164961,5274.181560193488,-0.2889716070463371,6443.831828164961,3.809144197629705,-0.08977886815061005,6055.05462365642,6443.831828164961
665943,4.070789015226692,FAT_017,FAT_017,1,Autologous,1.0,3.922635190638029,3.922635190638029,23.67,42,1644.7056899675508,2106.409683088102,0.3569566129333885,1644.7056899675508,3.2160881948948474,-0.8648039318018202,903.1424819170331,1644.7056899675508
665951,5.1840830497131165,FAT_017,FAT_017,1,Autologous,1.0,3.922635190638029,3.922635190638029,29.93,42,15627.185505642195,16599.305910531624,0.0870649486284544,15627.185505642195,4.193880767562777,0.5030669344452898,22147.209031200775,15627.185505642195
665953,5.1302828649633305,FAT_017,FAT_017,1,Autologous,1.0,3.922635190638029,3.922635190638029,29.11,42,11436.511140498564,2739.057686012153,-2.0618954505640894,11436.511140498564,4.058293557366018,-0.2728000960940914,9466.131770045995,11436.511140498564
679935,6.958233468799205,FAT_017,FAT_017,1,Autologous,1.0,3.922635190638029,3.922635190638029,23.83,42,38103.17563456508,54549.12236100444,0.5176447439408949,38103.17563456508,4.580961172607243,0.08926926914207621,40535.347484721744,38103.17563456508
702443,7.687316830417669,FAT_017,FAT_017,1,Autologous,1.0,3.922635190638029,3.922635190638029,29.68,42,84794.15671849603,4131.245841443876,-4.359316030620652,84794.15671849603,4.928365925460136,0.11984368523239027,92138.78254574416,84794.15671849603
702444,5.090061634063077,FAT_017,FAT_017,1,Autologous,1.0,3.922635190638029,3.922635190638029,28.87,42,17127.967040482836,1504.57834506293,-3.508922788175856,17127.967040482836,4.233705818569999,0.15801744202657392,19110.577381963863,17127.967040482836
702447,5.278296259489949,FAT_017,FAT_017,1,Autologous,1.0,3.922635190638029,3.922635190638029,28.94,42,18819.32400831911,1717.5758818640074,-3.453769063976856,18819.32400831911,4.274604019477558,-0.08304695544821278,17766.60287010328,18819.32400831911
702459,4.000060313679339,FAT_017,FAT_017,1,Autologous,1.0,3.922635190638029,3.922635190638029,25.15,42,11158.588634046591,1763.8008792123262,-2.661394958043496,11158.588634046591,4.0476092674324295,0.916092606833909,21056.230246263793,11158.588634046591
709991,7.682394506681378,FAT_017,FAT_017,1,Autologous,1.0,3.922635190638029,3.922635190638029,26.74,42,38401.94232900095,3925.4992846190057,-3.2902312154538857,38401.94232900095,4.584353191071543,0.36294232344189675,49386.66695156589,38401.94232900095
717959,11.34879001765603,FAT_017,FAT_017,1,Autologous,1.0,3.922635190638029,3.922635190638029,24.46,42,303426.8593208391,138988.59692892776,-1.1263822740176128,303426.8593208391,5.482054021864445,-1.056594309082133,145877.2076609917,303426.8593208391
717960,8.346411600187151,FAT_017,FAT_017,1,Autologous,1.0,3.922635190638029,3.922635190638029,17.34,42,13842.525982068477,18869.76901558141,0.4469695332761879,13842.525982068477,4.14121534734441,-0.33944808215643735,10940.351930190582,13842.525982068477
717962,11.077590803644418,FAT_017,FAT_017,1,Autologous,1.0,3.922635190638029,3.922635190638029,28.91,42,87923.76265722125,147649.89251050688,0.7478552739911287,87923.76265722125,4.944106265246902,-0.34374240577851123,69283.44758989174,87923.76265722125
718252,8.251056505163946,FAT_017,FAT_017,1,Autologous,1.0,3.922635190638029,3.922635190638029,28.53,42,339548.84451655374,104111.3832433726,-1.7054913053989431,339548.84451655374,5.530902256902784,-1.3582455369609578,132443.18276184844,339548.84451655374
742725,10.093273626154822,FAT_017,FAT_017,1,Autologous,1.0,3.922635190638029,3.922635190638029,28.01,42,86206.59859950015,53021.88470351587,-0.7012103504000212,86206.59859950015,4.935540509742009,-0.26275122149639,71852.93468150846,86206.59859950015
742726,5.319920498961079,FAT_017,FAT_017,1,Autologous,1.0,3.922635190638029,3.922635190638029,24.86,42,9541.67519472424,24913.46082574985,1.3846109639540285,9541.67519472424,3.979624628787586,-0.07094072914468855,9083.837182925354,9541.67519472424
742727,4.6854163499695805,FAT_017,FAT_017,1,Autologous,1.0,3.922635190638029,3.922635190638029,30.68,42,6015.037103924778,1717.5758818640074,-1.808199798551548,6015.037103924778,3.7792383106417966,-0.5373713999309553,4144.511990671421,6015.037103924778
742733,5.228029920798081,FAT_017,FAT_017,1,Autologous,1.0,3.922635190638029,3.922635190638029,31.17,42,9423.558129482151,6857.614312497667,-0.4585651266297447,9423.558129482151,3.974214913857852,-0.1182135967063192,8682.185795775069,9423.558129482151
742740,7.61741495524454,FAT_017,FAT_017,1,Autologous,1.0,3.922635190638029,3.922635190638029,28.76,42,23227.373476723387,16666.37747531154,-0.478885464107892,23227.373476723387,4.366000103082336,-0.41837284208777936,17380.302390863,23227.373476723387
742741,5.176815901073747,FAT_017,FAT_017,1,Autologous,1.0,3.922635190638029,3.922635190638029,28.31,42,6186.753509696889,5277.807050181591,-0.2292439472257532,6186.753509696889,3.791462813367509,-0.30419394043913794,5010.618214341977,6186.753509696889
748224,11.371366557603494,FAT_017,FAT_017,1,Autologous,1.0,3.922635190638029,3.922635190638029,29.49,42,281690.3415751545,152539.7721319614,-0.8849246485871799,281690.3415751545,5.4497719564194815,-1.7807845503755828,81978.95744504947,281690.3415751545
759350,2.8233234771575817,FAT_017,FAT_017,1,Autologous,1.0,3.922635190638029,3.922635190638029,26.44,42,1783.666943193536,1612.4366722090074,-0.1456037514924708,1783.666943193536,3.251313763584484,-1.5815627003811716,595.9584071851284,1783.666943193536
762968,3.5321074398681014,FAT_017,FAT_017,1,Autologous,1.0,3.922635190638029,3.922635190638029,29.47,42,3053.177249450928,1230.8538509611196,-1.3106518769667836,3053.177249450928,3.484752017604904,-0.14043776469970898,2769.976202175876,3053.177249450928
762982,3.246886299915761,FAT_017,FAT_017,1,Autologous,1.0,3.922635190638029,3.922635190638029,29.47,42,1835.2811229631875,874.6494596299563,-1.0692242304984418,1835.2811229631875,3.2637025976346834,-0.6340955959847572,1182.553514481126,1835.2811229631875
762984,10.379381695844335,FAT_017,FAT_017,1,Autologous,1.0,3.922635190638029,3.922635190638029,30.29,42,137837.6522356149,1861.6891088911195,-6.210214052047935,137837.6522356149,5.139367867241766,-0.416590499977536,103267.01671226363,137837.6522356149
763034,4.141204866998788,FAT_017,FAT_017,1,Autologous,1.0,3.922635190638029,3.922635190638029,29.98,42,2745.477331593389,1056.8303315321543,-1.3773132211996866,2745.477331593389,3.4386178622488024,-0.4942705263777082,1949.070767169053,2745.477331593389
767031,3.254498620251062,FAT_017,FAT_017,1,Autologous,1.0,3.922635190638029,3.922635190638029,19.45,42,1324.1022271675995,589.1421230668099,-1.1683268965184568,1324.1022271675995,3.1219215160560405,-1.1417446804854388,600.0979177614774,1324.1022271675995
862962,3.1516328040553523,FAT_017,FAT_017,1,Autologous,1.0,3.922635190638029,3.922635190638029,30.19,42,4340.554002551659,1721.201371852111,-1.3344632961813987,4340.554002551659,3.637545163820368,0.3890058848970305,5683.915379659134,4340.554002551659
866776,3.9314175137157954,FAT_017,FAT_017,1,Autologous,1.0,3.922635190638029,3.922635190638029,27.84,42,1327.0799683081566,90.63724970258612,-3.872007413568317,1327.0799683081566,3.122897093737495,-0.54389373932244,910.2669271693802,1327.0799683081566
868129,4.550529000058583,FAT_017,FAT_017,1,Autologous,1.0,3.922635190638029,3.922635190638029,19.76,42,2262.0906864429985,797.607797382758,-1.5039053489903265,2262.0906864429985,3.3545100116558864,-0.2307691069277697,1927.7095034056506,2262.0906864429985
873513,3.181627765819786,FAT_017,FAT_017,1,Autologous,1.0,3.922635190638029,3.922635190638029,28.44,42,1299.2877176629595,634.460747918103,-1.0341181233626004,1299.2877176629595,3.1137053330262665,0.18373250340570446,1475.755218843304,1299.2877176629595
883062,3.981295055540243,FAT_017,FAT_017,1,Autologous,1.0,3.922635190638029,3.922635190638029,25.15,42,10374.450133699964,1442.9450152651714,-2.8459466420260604,10374.450133699964,4.015965087530798,0.6922550207180116,16763.11071563604,10374.450133699964
888048,4.899478052826781,FAT_017,FAT_017,1,Autologous,1.0,3.922635190638029,3.922635190638029,23.96,42,1261.5696632159063,867.3984796537494,-0.540453053768622,1261.5696632159063,3.1009112370295187,-1.1251440999067241,578.3744686359854,1261.5696632159063
890402,0.977228351532672,FAT_017,FAT_017,1,Autologous,1.0,3.922635190638029,3.922635190638029,25.09,42,4773.319048312584,4157.530643857626,-0.1992658720434319,4773.319048312584,3.6788204635493176,0.590327318455225,7186.653293801875,4773.319048312584
997884,7.034902919493687,FAT_017,FAT_017,1,Autologous,1.0,3.922635190638029,3.922635190638029,29.11,42,56093.69502542921,6457.904041309263,-3.118700710848869,56093.69502542921,4.748914048964759,-0.23863872082889184,47541.91112868482,56093.69502542921
999410,5.274284091359958,FAT_017,FAT_017,1,Autologous,1.0,3.922635190638029,3.922635190638029,31.57,42,8726.766702591856,8019.583853684822,-0.1219198539642126,8726.766702591856,3.940853365890945,-0.03668055204456619,8507.685349559812,8726.766702591856
999413,4.760473916340927,FAT_017,FAT_017,1,Autologous,1.0,3.922635190638029,3.922635190638029,27.68,42,3719.198684555469,4838.216389124048,0.3794834745631641,3719.198684555469,3.5704493795693084,-0.3999791760505494,2818.6662146710564,3719.198684555469
1002367,4.850214817927064,FAT_017,FAT_017,1,Autologous,1.0,3.922635190638029,3.922635190638029,19.59,42,8761.507015898353,2691.9263161668086,-1.7025401199473842,8761.507015898353,3.942578813062849,0.35936587358791383,11239.803543735623,8761.507015898353
1042156,4.505425922863318,FAT_017,FAT_017,1,Autologous,1.0,3.922635190638029,3.922635190638029,29.17,42,1844.214346384858,1572.5562823398695,-0.2298946921667182,1844.214346384858,3.2658113961331336,-0.6782769009572553,1152.4701977241346,1844.214346384858
1077285,5.098554504185612,FAT_017,FAT_017,1,Autologous,1.0,3.922635190638029,3.922635190638029,29.25,42,15661.925818948694,2743.5895484972825,-2.5131250498847457,15661.925818948694,4.194845162646542,-0.1223622540780553,14388.332117597398,15661.925818948694
1121100,5.59009425557957,FAT_017,FAT_017,1,Autologous,1.0,3.922635190638029,3.922635190638029,30.12,42,11260.824413205712,1703.980294408619,-2.7243318952443887,11260.824413205712,4.051570186696465,0.42349755987444127,15102.736849750494,11260.824413205712
1121101,3.517764145524992,FAT_017,FAT_017,1,Autologous,1.0,3.922635190638029,3.922635190638029,28.91,42,2584.679310003321,899.1215170496546,-1.5233972760284489,2584.679310003321,3.412406666371665,-0.03985005919401557,2514.2624146952544,2584.679310003321
1121114,3.619954384683148,FAT_017,FAT_017,1,Autologous,1.0,3.922635190638029,3.922635190638029,30.63,42,2408.992582710468,3620.051753121291,0.5875803710431504,2408.992582710468,3.3818354628074454,-0.8938390908048731,1296.471831217661,2408.992582710468
1121115,9.085682188863974,FAT_017,FAT_017,1,Autologous,1.0,3.922635190638029,3.922635190638029,29.66,42,179178.6250703454,343666.5405798048,0.9396108547256968,179178.6250703454,5.253286199702882,-0.22640941279432789,153154.6457647791,179178.6250703454
1121333,5.0049568423351065,FAT_017,FAT_017,1,Autologous,1.0,3.922635190638029,3.922635190638029,27.95,42,2438.7699941160363,3320.0424566057304,0.4450479900967061,2438.7699941160363,3.387170842955592,-0.30956461775349664,1967.8074815603095,2438.7699941160363
1121344,4.31294405623361,FAT_017,FAT_017,1,Autologous,1.0,3.922635190638029,3.922635190638029,25.19,42,1338.990932870384,1546.2714799261196,0.2076474451203341,1338.990932870384,3.126777636147415,-0.7452128793466268,798.814990679044,1338.990932870384
1122978,3.237987370528196,FAT_017,FAT_017,1,Autologous,1.0,3.922635190638029,3.922635190638029,28.87,42,1369.7609246561376,337.17056889362044,-2.0223735938071887,1369.7609246561376,3.136644772876747,0.07402664534741465,1441.8796538386516,1369.7609246561376
1123313,4.304765248660212,FAT_017,FAT_017,1,Autologous,1.0,3.922635190638029,3.922635190638029,26.01,42,1687.3866463155318,1311.5210031964214,-0.3635496777430281,1687.3866463155318,3.227214607853784,-0.6496721179988857,1075.582711657345,1687.3866463155318
1150460,4.715569885405753,FAT_017,FAT_017,1,Autologous,1.0,3.922635190638029,3.922635190638029,25.62,42,2066.552351546434,10540.205767913743,2.350605215033387,2066.552351546434,3.315246411650028,-1.2118287802695082,892.174074836192,2066.552351546434
1160721,5.377869000916036,FAT_017,FAT_017,1,Autologous,1.0,3.922635190638029,3.922635190638029,26.89,42,2759.373456915988,6766.070690298056,1.2939775241613454,2759.373456915988,3.4408104823935868,-0.7397686025784758,1652.4104893205595,2759.373456915988
1203465,3.69798227780433,FAT_017,FAT_017,1,Autologous,1.0,3.922635190638029,3.922635190638029,30.79,42,4819.970326181307,1277.985220806465,-1.9151531122192147,4819.970326181307,3.683044364542712,-0.17150016905886914,4279.74279431159,4819.970326181307
1203606,6.720111884930977,FAT_017,FAT_017,1,Autologous,1.0,3.922635190638029,3.922635190638029,29.5,42,7689.5202052978975,6424.368258919305,-0.2593389890297227,7689.5202052978975,3.8858992424422345,-0.49706223166694435,5448.395191834782,7689.5202052978975
1203611,6.8997988348997,FAT_017,FAT_017,1,Autologous,1.0,3.922635190638029,3.922635190638029,24.03,42,44553.95552539134,22970.198192126405,-0.955790216043064,44553.95552539134,4.648886266994484,-0.2233829142709628,38162.894722538265,44553.95552539134
1256908,7.2678744793917875,FAT_017,FAT_017,1,Autologous,1.0,3.922635190638029,3.922635190638029,29.47,42,84006.04789662866,116744.40310691904,0.4747882852038546,84006.04789662866,4.924310553604532,-0.37825961834100424,64631.32543098324,84006.04789662866
1322347,0.989740342562042,FAT_017,FAT_017,1,Autologous,1.0,3.922635190638029,3.922635190638029,25.09,42,4907.317399637641,5521.621251881548,0.1701573453332292,4907.317399637641,3.6908441485562697,0.4791441560349986,6840.390761556972,4907.317399637641
1384484,6.395043481620641,FAT_017,FAT_017,1,Autologous,1.0,3.922635190638029,3.922635190638029,25.0,42,13214.222601410987,9107.230850115857,-0.5370071939576755,13214.222601410987,4.121041618481848,-0.9556353131658336,6813.444525867572,13214.222601410987
1408437,7.961052488034862,FAT_017,FAT_017,1,Autologous,1.0,3.922635190638029,3.922635190638029,26.48,42,9497.009077615889,7477.573100463357,-0.3449031234272531,9497.009077615889,3.9775868531198464,-0.6185447890020215,6185.6638884359,9497.009077615889
1410645,3.91431226886794,FAT_017,FAT_017,1,Autologous,1.0,3.922635190638029,3.922635190638029,25.07,42,1231.7922518103385,4843.654624106203,1.975337039094007,1231.7922518103385,3.090537467974241,-0.6963431150474254,760.181511890529,1231.7922518103385
1410647,8.375728129549673,FAT_017,FAT_017,1,Autologous,1.0,3.922635190638029,3.922635190638029,25.61,42,10723.8384275253,67624.45200309952,2.656723610066769,10723.8384275253,4.030350261990924,-1.5824982837764714,3580.7236977130888,10723.8384275253
1437612,9.016240918808196,FAT_017,FAT_017,1,Autologous,1.0,3.922635190638029,3.922635190638029,25.15,42,112471.2680395915,685896.4807518236,2.608434356412268,112471.2680395915,5.051041591553528,-0.8959302909986009,60442.12155578498,112471.2680395915
561,6.028157373862937,FAT_023,FAT_023,1,Autologous,1.0,4.124086446201185,4.124086446201185,31.07,42,9950.433815774864,457.638439206506,-4.442479284110938,9950.433815774864,3.997842015387951,-1.0662135134217932,4752.036481395422,9950.433815774864
818,2.3756554557735945,FAT_023,FAT_023,1,Autologous,1.0,4.124086446201185,4.124086446201185,29.11,42,7222.522116684939,1836.592973765699,-1.9754707851868745,7222.522116684939,3.85868888040748,0.8374934112286616,12906.233507312185,7222.522116684939
904,5.149901068707107,FAT_023,FAT_023,1,Autologous,1.0,4.124086446201185,4.124086446201185,23.81,42,17849.563952312816,42968.357501685336,1.2673857990130126,17849.563952312816,4.251627611181127,-0.21711178354365,15355.72945603315,17849.563952312816
205913,1.9037418935296475,FAT_023,FAT_023,1,Autologous,1.0,4.124086446201185,4.124086446201185,24.89,42,17650.877470292486,8281.779496608058,-1.0917272089420649,17650.877470292486,4.246766300150678,0.5767548983373093,26326.118067839267,17650.877470292486
206672,1.535466571271371,FAT_023,FAT_023,1,Autologous,1.0,4.124086446201185,4.124086446201185,25.09,42,19154.450847743625,8898.450648559347,-1.106053596146097,19154.450847743625,4.282269705407408,0.2000058009480718,22002.77465069103,19154.450847743625
213810,4.912956079466094,FAT_023,FAT_023,1,Autologous,1.0,4.124086446201185,4.124086446201185,22.4,42,6803.669532966407,6000.297541619612,-0.1812790257060124,6803.669532966407,3.832743210952495,-0.03300668432066098,6649.778950937179,6803.669532966407
226186,5.22137532210348,FAT_023,FAT_023,1,Autologous,1.0,4.124086446201185,4.124086446201185,29.11,42,10449.83497328542,5656.062176058121,-0.8856102744126264,10449.83497328542,4.019109432001386,-0.7018801059235433,6424.250496555238,10449.83497328542
272559,3.95920047546941,FAT_023,FAT_023,1,Autologous,1.0,4.124086446201185,4.124086446201185,30.39,42,3506.5479124128365,942.7888666937548,-1.8950448135459872,3506.5479124128365,3.544879777344127,-0.9403230005280805,1827.3189101428372,3506.5479124128365
295405,3.6028271019654547,FAT_023,FAT_023,1,Autologous,1.0,4.124086446201185,4.124086446201185,30.39,42,2244.6202563377724,1021.2986869095336,-1.1360665356851818,2244.6202563377724,3.3511428778440884,-0.817148485676184,1273.9625830924956,2244.6202563377724
300267,6.785741591118375,FAT_023,FAT_023,1,Autologous,1.0,4.124086446201185,4.124086446201185,30.93,42,8049.487474283065,75.15469969373704,-6.7428897929981,8049.487474283065,3.9057682289173328,-0.437531148396204,5943.718452935897,8049.487474283065
300269,8.923841311644448,FAT_023,FAT_023,1,Autologous,1.0,4.124086446201185,4.124086446201185,31.07,42,27628.16081066469,152.99349580510756,-7.496525394724434,27628.16081066469,4.441351975167505,-1.3472041414098748,10859.332185002122,27628.16081066469
326426,3.715683301766654,FAT_023,FAT_023,1,Autologous,1.0,4.124086446201185,4.124086446201185,25.0,42,1149.1596527662282,455.6253668932808,-1.33465926926426,1149.1596527662282,3.0603803694182443,0.31404072499647573,1428.617768902295,1149.1596527662282
349741,12.960668250239618,FAT_023,FAT_023,1,Autologous,1.0,4.124086446201185,4.124086446201185,28.37,42,1189927.970914832,192021.59976570692,-2.631533738155203,1189927.970914832,6.075520673341281,-2.995545632450161,149200.94868964906,1189927.970914832
352165,5.631665235617697,FAT_023,FAT_023,1,Autologous,1.0,4.124086446201185,4.124086446201185,21.76,42,1788.1783381829623,565.0022959118445,-1.6621619911127108,1788.1783381829623,3.252410829575373,-2.0203478943004898,440.78368538998956,1788.1783381829623
354242,4.600882762322579,FAT_023,FAT_023,1,Autologous,1.0,4.124086446201185,4.124086446201185,25.28,42,719.5672592087597,407.9826554802868,-0.8186217241220315,719.5672592087597,2.857071394433861,-0.7394377501393984,431.0011725934088,719.5672592087597
364106,5.841022279409554,FAT_023,FAT_023,1,Autologous,1.0,4.124086446201185,4.124086446201185,31.07,42,7673.59412992028,516.6885603944422,-3.892535612621397,7673.59412992028,3.8849988248600233,-2.0509417890046056,1851.8415620193446,7673.59412992028
367928,11.332840451773253,FAT_023,FAT_023,1,Autologous,1.0,4.124086446201185,4.124086446201185,25.27,42,799723.8299416638,244399.7282835108,-1.7102591963377125,799723.8299416638,5.902940037192673,-1.4012232733827519,302781.8242645227,799723.8299416638
386585,6.099991497605124,FAT_023,FAT_023,1,Autologous,1.0,4.124086446201185,4.124086446201185,31.07,42,18445.6233983738,134.87584498608166,-7.095502739634378,18445.6233983738,4.265893337464623,-0.8392384765299511,10309.96954753708,18445.6233983738
391904,4.57369690520652,FAT_023,FAT_023,1,Autologous,1.0,4.124086446201185,4.124086446201185,26.99,42,3511.917817332305,1495.0417046218404,-1.2320733552658956,3511.917817332305,3.545544344393321,-0.0829063184023375,3315.790292322864,3511.917817332305
398513,4.60465792716186,FAT_023,FAT_023,1,Autologous,1.0,4.124086446201185,4.124086446201185,25.15,42,1455.2442331759244,589.8301877749541,-1.302889733318312,1455.2442331759244,3.162935886943459,-0.07612681968843785,1380.4460256720834,1455.2442331759244
409438,11.103262618668728,FAT_023,FAT_023,1,Autologous,1.0,4.124086446201185,4.124086446201185,31.07,42,69755.06490389394,323.4336183248326,-7.752684521213126,69755.06490389394,4.843575747142081,-0.5803782087248538,46651.380246751694,69755.06490389394
411459,9.094522297373064,FAT_023,FAT_023,1,Autologous,1.0,4.124086446201185,4.124086446201185,29.69,42,87964.41248581115,202216.46898398324,1.2009086186624336,87964.41248581115,4.944307006388788,-0.6145561930127422,57452.265432454835,87964.41248581115
411460,5.91026594499868,FAT_023,FAT_023,1,Autologous,1.0,4.124086446201185,4.124086446201185,29.93,42,13156.267052697473,10503.54030630416,-0.3248745158339979,13156.267052697473,4.1191326804335855,-0.3666888049599404,10203.480787449613,13156.267052697473
411461,9.524107581149917,FAT_023,FAT_023,1,Autologous,1.0,4.124086446201185,4.124086446201185,31.07,42,29502.25762755915,63925.11130646303,1.1155574081535633,29502.25762755915,4.4698552511535965,-1.160911050922619,13194.295384465864,29502.25762755915
411462,9.067957459071971,FAT_023,FAT_023,1,Autologous,1.0,4.124086446201185,4.124086446201185,28.31,42,46540.96593703224,167342.00422967164,1.8462265605820012,46540.96593703224,4.667835392632913,-0.7508065560024711,27657.95707932317,46540.96593703224
411463,4.848851181116386,FAT_023,FAT_023,1,Autologous,1.0,4.124086446201185,4.124086446201185,26.73,42,12968.32038051608,16122.696156619822,0.314101384201947,12968.32038051608,4.112883731156584,-0.3709770898577176,10027.865479428714,12968.32038051608
411464,9.32102912120542,FAT_023,FAT_023,1,Autologous,1.0,4.124086446201185,4.124086446201185,28.1,42,181948.4883863463,96885.14429089756,-0.9091826907678308,181948.4883863463,5.259948451853028,0.14022189494399842,200520.80908171696,181948.4883863463
411466,6.238892738730497,FAT_023,FAT_023,1,Autologous,1.0,4.124086446201185,4.124086446201185,23.67,42,8210.584621867116,8146.232627517568,-0.0113519373256049,8210.584621867116,3.914374081481373,0.008942964687829793,8261.638390284508,8210.584621867116
411467,6.691032800536897,FAT_023,FAT_023,1,Autologous,1.0,4.124086446201185,4.124086446201185,27.37,42,160372.21041992246,51525.92790520524,-1.6380536848036276,160372.21041992246,5.205129115152144,-0.9850763029333811,81019.88081053227,160372.21041992246
411468,5.10915006276184,FAT_023,FAT_023,1,Autologous,1.0,4.124086446201185,4.124086446201185,27.59,42,6288.158660697444,8038.197746707822,0.3542344497451447,6288.158660697444,3.798523491141416,-0.6000274680446916,4148.558561684277,6288.158660697444
411469,7.563009622331045,FAT_023,FAT_023,1,Autologous,1.0,4.124086446201185,4.124086446201185,29.85,42,26274.944770958664,82472.88857641468,1.6502322065174395,26274.944770958664,4.419541811828991,-0.25769945974616293,21976.90569470306,26274.944770958664
411470,5.196054343756922,FAT_023,FAT_023,1,Autologous,1.0,4.124086446201185,4.124086446201185,31.06,42,4537.569656950761,8686.407031566303,0.936839766510082,4537.569656950761,3.6568233050187455,-1.4832156498909825,1623.0462828590196,4537.569656950761
411471,9.196645431428124,FAT_023,FAT_023,1,Autologous,1.0,4.124086446201185,4.124086446201185,28.72,42,116274.55122124832,101352.82277804847,-0.198149101707111,116274.55122124832,5.0654846719632864,-0.009589741904065377,115504.22540748354,116274.55122124832
411473,7.781177727928208,FAT_023,FAT_023,1,Autologous,1.0,4.124086446201185,4.124086446201185,29.04,42,16469.498388009448,8661.579139703194,-0.9270946358879222,16469.498388009448,4.216680372051539,-1.049161759888175,7958.866353457296,16469.498388009448
411474,4.763426134775459,FAT_023,FAT_023,1,Autologous,1.0,4.124086446201185,4.124086446201185,27.02,42,7829.321372584863,7039.713879348172,-0.1533704700159094,7829.321372584863,3.893724120051009,0.044807816000024765,8076.303234905754,7829.321372584863
411475,11.42100008098441,FAT_023,FAT_023,1,Autologous,1.0,4.124086446201185,4.124086446201185,28.82,42,92072.38974920443,22437.70400320696,-2.0368435363700854,92072.38974920443,4.964129415459769,-0.09076481597845275,86458.25847276181,92072.38974920443
411476,4.0463925026119565,FAT_023,FAT_023,1,Autologous,1.0,4.124086446201185,4.124086446201185,29.68,42,5536.371971971875,9845.93668398396,0.830587585582993,5536.371971971875,3.7432252613525696,-0.14207541333345158,5017.140928736426,5536.371971971875
411477,9.36837243164296,FAT_023,FAT_023,1,Autologous,1.0,4.124086446201185,4.124086446201185,29.89,42,50240.83042654594,39143.52010655765,-0.3600868098379042,50240.83042654594,4.701056809206169,-0.25084947870391633,42222.46571516024,50240.83042654594
411479,7.82726016580047,FAT_023,FAT_023,1,Autologous,1.0,4.124086446201185,4.124086446201185,30.29,42,24540.465481970383,15827.44555068014,-0.6327341817731145,24540.465481970383,4.389882796138903,-0.4028351494116265,18561.68220605974,24540.465481970383
411483,11.751872092617472,FAT_023,FAT_023,1,Autologous,1.0,4.124086446201185,4.124086446201185,28.13,42,580459.872269932,1589176.9921328726,1.4530115707638995,580459.872269932,5.763772201931428,-1.2020273697004082,252305.02957188815,580459.872269932
411484,5.466179193168698,FAT_023,FAT_023,1,Autologous,1.0,4.124086446201185,4.124086446201185,27.82,42,12538.727986958613,23720.702090835755,0.9197557128792548,12538.727986958613,4.098253480971184,-0.3062841907166417,10140.345498041635,12538.727986958613
411485,6.598979663233848,FAT_023,FAT_023,1,Autologous,1.0,4.124086446201185,4.124086446201185,29.4,42,178350.6520903025,402483.6129446602,1.174213554693684,178350.6520903025,5.25127470155608,-0.46655128617684205,129071.02825192608,178350.6520903025
411486,10.897076804882674,FAT_023,FAT_023,1,Autologous,1.0,4.124086446201185,4.124086446201185,26.21,42,131439.16271382695,103512.84937013904,-0.3445853302189546,131439.16271382695,5.118724783918158,0.3605619349846529,168758.1444944552,131439.16271382695
411487,8.307569117885624,FAT_023,FAT_023,1,Autologous,1.0,4.124086446201185,4.124086446201185,31.0,42,44097.65919867413,55348.08120391529,0.3278312264436439,44097.65919867413,4.644415536767608,-0.7378721089502521,26441.97553133288,44097.65919867413
411489,6.268279834394311,FAT_023,FAT_023,1,Autologous,1.0,4.124086446201185,4.124086446201185,27.23,42,15508.285407424612,16761.511104016587,0.1121130273394287,15508.285407424612,4.190563784966654,-0.5415211869805424,10654.90702490942,15508.285407424612
411490,5.89546768510263,FAT_023,FAT_023,1,Autologous,1.0,4.124086446201185,4.124086446201185,30.71,42,3866.331542017216,4463.652342524454,0.2072593098497501,3866.331542017216,3.587299092500322,-1.164274627364036,1725.1128353916495,3866.331542017216
411901,4.994019443375028,FAT_023,FAT_023,1,Autologous,1.0,4.124086446201185,4.124086446201185,29.11,42,7056.05506418142,2331.1377387146654,-1.5978275687197814,7056.05506418142,3.8485619612928152,-0.6069408622169943,4632.9173883596995,7056.05506418142
411902,5.612188721560121,FAT_023,FAT_023,1,Autologous,1.0,4.124086446201185,4.124086446201185,31.82,42,9773.226953432408,11365.135256364503,0.2177079544099313,9773.226953432408,3.990037984054128,-0.41510073179156415,7329.598955831698,9773.226953432408
411903,12.592725345816635,FAT_023,FAT_023,1,Autologous,1.0,4.124086446201185,4.124086446201185,26.62,42,797538.2786394402,267336.6742203976,-1.5768959987891942,797538.2786394402,5.901751536623174,-2.6229569554782746,129468.11225191446,797538.2786394402
420247,7.412475870287487,FAT_023,FAT_023,1,Autologous,1.0,4.124086446201185,4.124086446201185,18.18,42,20223.06192671783,17934.46123852241,-0.1732670423139966,20223.06192671783,4.3058469117497,-0.18172032993643383,17829.683814610118,20223.06192671783
428125,6.044540175917311,FAT_023,FAT_023,1,Autologous,1.0,4.124086446201185,4.124086446201185,26.43,42,26323.27391523388,15275.86373685646,-0.7850849770681229,26323.27391523388,4.420339902985113,-0.6348907858830325,16951.913687989832,26323.27391523388
428127,6.613624348462158,FAT_023,FAT_023,1,Autologous,1.0,4.124086446201185,4.124086446201185,17.97,42,13467.721538026635,5360.140546014031,-1.329163062465911,13467.721538026635,4.129294128227732,0.257888172956912,16103.719743081034,13467.721538026635
428128,5.851268456275501,FAT_023,FAT_023,1,Autologous,1.0,4.124086446201185,4.124086446201185,26.14,42,5181.958247286963,6654.54604341777,0.3608428611215352,5181.958247286963,3.714493909412846,-0.3443668404245721,4081.587967154891,5181.958247286963
435590,8.935841362434008,FAT_023,FAT_023,1,Autologous,1.0,4.124086446201185,4.124086446201185,30.99,42,49875.67689202209,41139.81681717254,-0.2778010511230095,49875.67689202209,4.697888802799571,-0.743206549297622,29796.231407195366,49875.67689202209
435591,7.977790042606367,FAT_023,FAT_023,1,Autologous,1.0,4.124086446201185,4.124086446201185,30.59,42,27440.214138483298,4761.587044881768,-2.5267773286317645,27440.214138483298,4.438387496203766,-0.8503332990730845,15219.895370249498,27440.214138483298
435830,4.004346418256464,FAT_023,FAT_023,1,Autologous,1.0,4.124086446201185,4.124086446201185,21.31,42,988.0625051821776,1113.9000133178884,0.1729455230694296,988.0625051821776,2.9947844190785897,-1.8693778889899,270.42422967666005,988.0625051821776
445970,11.69159656788986,FAT_023,FAT_023,1,Autologous,1.0,4.124086446201185,4.124086446201185,17.81,42,408230.9117878233,138387.98514855505,-1.5606667357353077,408230.9117878233,5.610905886981208,-1.3849637452709889,156311.25743360276,408230.9117878233
445972,9.830723271701013,FAT_023,FAT_023,1,Autologous,1.0,4.124086446201185,4.124086446201185,25.15,42,39581.56916140125,18714.86227194934,-1.080644376275491,39581.56916140125,4.597493007268796,-1.5124461572681844,13873.989040613798,39581.56916140125
445975,6.094347394183513,FAT_023,FAT_023,1,Autologous,1.0,4.124086446201185,4.124086446201185,20.24,42,13349.583629798331,6210.99911040384,-1.1038974790528395,13349.583629798331,4.12546772037468,-0.4740691069281582,9610.781399154617,13349.583629798331
449673,7.080482907582395,FAT_023,FAT_023,1,Autologous,1.0,4.124086446201185,4.124086446201185,29.11,42,20953.36899576552,5347.391088030272,-1.9702751278849973,20953.36899576552,4.321253861127553,-0.5281705592580895,14529.768002888444,20953.36899576552
457387,2.5472953200415605,FAT_023,FAT_023,1,Autologous,1.0,4.124086446201185,4.124086446201185,29.03,42,8366.311864531699,12170.364181654542,0.5407086570681846,8366.311864531699,3.922534049405599,0.741758528383842,13990.254534541795,8366.311864531699
457388,4.1854563801606295,FAT_023,FAT_023,1,Autologous,1.0,4.124086446201185,4.124086446201185,30.59,42,37197.3313771573,8380.420039956089,-2.1501046617417416,37197.3313771573,4.570511783705892,-0.19968100909187617,32389.318517878066,37197.3313771573
457390,2.478340509367332,FAT_023,FAT_023,1,Autologous,1.0,4.124086446201185,4.124086446201185,29.68,42,7270.851260960154,11641.59718738075,0.6790928168218034,7270.851260960154,3.861585260418179,0.7636986256082295,12344.725985063531,7270.851260960154
457391,4.669781798350959,FAT_023,FAT_023,1,Autologous,1.0,4.124086446201185,4.124086446201185,30.88,42,19004.09350999851,8732.70769477048,-1.1218092551396448,19004.09350999851,4.278847158706568,0.037676638813890724,19506.931419547185,19004.09350999851
457393,7.195098645635378,FAT_023,FAT_023,1,Autologous,1.0,4.124086446201185,4.124086446201185,29.75,42,76741.31120412228,52875.35737917046,-0.537407905783046,76741.31120412228,4.885029215292974,-0.2945703094901405,62568.35202062101,76741.31120412228
457394,4.333869130142935,FAT_023,FAT_023,1,Autologous,1.0,4.124086446201185,4.124086446201185,30.99,42,27628.16081066469,25213.73072314437,-0.1319299251980861,27628.16081066469,4.441351975167505,-0.17863363724196432,24410.568402399727,27628.16081066469
457395,4.093794646248805,FAT_023,FAT_023,1,Autologous,1.0,4.124086446201185,4.124086446201185,30.99,42,22419.353038780384,7289.334846188084,-1.6208855671592877,22419.353038780384,4.350623075888674,-0.1776714998964928,19821.596221873297,22419.353038780384
457400,6.680418269086329,FAT_023,FAT_023,1,Autologous,1.0,4.124086446201185,4.124086446201185,31.07,42,19320.917900247143,106.69283260093027,-7.500556563074972,19320.917900247143,4.286027755078586,-0.6897973379907654,11977.827807812162,19320.917900247143
457401,6.421645041659059,FAT_023,FAT_023,1,Autologous,1.0,4.124086446201185,4.124086446201185,31.07,42,18483.21273281008,109.37692901856371,-7.40076327491697,18483.21273281008,4.2667774620605945,-0.7939348604300611,10660.541237807087,18483.21273281008
457412,5.346055319779402,FAT_023,FAT_023,1,Autologous,1.0,4.124086446201185,4.124086446201185,30.36,42,32568.47333657558,167882.8496578248,2.3659068575909616,32568.47333657558,4.512797401271645,0.1752239956769273,36774.35633172802,32568.47333657558
457421,5.671228293054324,FAT_023,FAT_023,1,Autologous,1.0,4.124086446201185,4.124086446201185,31.17,42,10729.070029097777,9033.326493545428,-0.2481957735648981,10729.070029097777,4.030562079959017,-0.4085366918114156,8083.143360409495,10729.070029097777
457424,7.209667069118664,FAT_023,FAT_023,1,Autologous,1.0,4.124086446201185,4.124086446201185,30.39,42,30049.98792934492,4872.306022109149,-2.624687756748872,30049.98792934492,4.477844301888843,-0.4792200571692898,21556.819741323958,30049.98792934492
469585,2.1069993516143697,FAT_023,FAT_023,1,Autologous,1.0,4.124086446201185,4.124086446201185,29.25,42,4435.541463480861,1183.6865201763585,-1.9058231729697688,4435.541463480861,3.6469466433894353,0.4463605926687441,6043.8624337308,4435.541463480861
469588,2.1219133441245743,FAT_023,FAT_023,1,Autologous,1.0,4.124086446201185,4.124086446201185,28.94,42,4048.90830927914,4077.142458385235,0.0100253941255748,4048.90830927914,3.607337941938827,-0.013617947820703582,4010.869494584402,4048.90830927914
469589,4.345267519982487,FAT_023,FAT_023,1,Autologous,1.0,4.124086446201185,4.124086446201185,30.59,42,13521.42058722132,2158.0135197773066,-2.647470923647933,13521.42058722132,4.131022321840897,0.02569538299379903,13764.403737827626,13521.42058722132
469590,2.950659278589885,FAT_023,FAT_023,1,Autologous,1.0,4.124086446201185,4.124086446201185,29.52,42,10240.408681426154,16676.96206686113,0.7035832138194712,10240.408681426154,4.010317289115059,0.3368407508738017,12933.511658266496,10240.408681426154
469591,4.561023592869628,FAT_023,FAT_023,1,Autologous,1.0,4.124086446201185,4.124086446201185,30.59,42,35317.86465534338,7510.772800642846,-2.233364856504335,35317.86465534338,4.54799443792831,-0.39080522410630664,26937.069265008846,35317.86465534338
469592,4.169975960993672,FAT_023,FAT_023,1,Autologous,1.0,4.124086446201185,4.124086446201185,30.59,42,28788.060273269857,5615.800729793618,-2.357906934729112,28788.060273269857,4.45921240329436,-0.317997340966718,23093.28233025958,28788.060273269857
469593,4.463528269641533,FAT_023,FAT_023,1,Autologous,1.0,4.124086446201185,4.124086446201185,30.99,42,41579.17379144348,29225.112819297585,-0.508652496994696,41579.17379144348,4.618875855332584,0.3193391382287632,51880.782136026704,41579.17379144348
469596,4.945203690798843,FAT_023,FAT_023,1,Autologous,1.0,4.124086446201185,4.124086446201185,28.15,42,6336.48780497266,9639.932283930591,0.6053396088266795,6336.48780497266,3.801848603375179,-0.284893674055182,5201.002492570135,6336.48780497266
470145,5.146243925193341,FAT_023,FAT_023,1,Autologous,1.0,4.124086446201185,4.124086446201185,28.33,42,5890.785696656786,3618.83299507432,-0.7029355390004774,5890.785696656786,3.770173223643764,-0.4857214010669327,4206.845014828247,5890.785696656786
470146,7.706045061070663,FAT_023,FAT_023,1,Autologous,1.0,4.124086446201185,4.124086446201185,28.01,42,38577.39694146067,165462.46571322382,2.1006762822777287,38577.39694146067,4.586332919728301,-0.8889424381691762,20832.173380643224,38577.39694146067
471870,5.564010381721108,FAT_023,FAT_023,1,Autologous,1.0,4.124086446201185,4.124086446201185,30.58,42,6019.663414724027,1657.4295378886652,-1.8607352834412312,6019.663414724027,3.7795722086640255,-1.3581853368313457,2348.1059153009564,6019.663414724027
471875,4.789248021233594,FAT_023,FAT_023,1,Autologous,1.0,4.124086446201185,4.124086446201185,29.18,42,11620.47424572952,35515.963798126024,1.611798688236615,11620.47424572952,4.065223852503585,-0.25583515976869575,9732.172441603581,11620.47424572952
473819,4.217258926878978,FAT_023,FAT_023,1,Autologous,1.0,4.124086446201185,4.124086446201185,25.41,42,3495.8081025738998,1587.6430310301948,-1.1387394219336917,3495.8081025738998,3.543547584637245,-0.20153343028646628,3040.0447531083805,3495.8081025738998
476272,8.144925355001623,FAT_023,FAT_023,1,Autologous,1.0,4.124086446201185,4.124086446201185,29.6,42,27552.98214179213,9754.006381680016,-1.4981416530651446,27552.98214179213,4.440168610724438,-0.703006134220646,16925.545599747966,27552.98214179213
478749,4.230608459294993,FAT_023,FAT_023,1,Autologous,1.0,4.124086446201185,4.124086446201185,29.95,42,3775.043158386254,4210.00523105809,0.1573288876632228,3775.043158386254,3.576921921088877,-0.3860663422478278,2888.7128395788764,3775.043158386254
479437,8.576196924446055,FAT_023,FAT_023,1,Autologous,1.0,4.124086446201185,4.124086446201185,24.48,42,23568.512691546613,5842.606877083646,-2.012176593964463,23568.512691546613,4.372332176914027,-0.22908983951500364,20108.017916501827,23568.512691546613
483215,6.57564075800949,FAT_023,FAT_023,1,Autologous,1.0,4.124086446201185,4.124086446201185,28.86,42,17801.2348080376,14703.480175796129,-0.2758196514024163,17801.2348080376,4.250450128809845,-0.5965509720587482,11772.545896965961,17801.2348080376
483216,5.679728790050096,FAT_023,FAT_023,1,Autologous,1.0,4.124086446201185,4.124086446201185,29.11,42,20131.773543086867,5621.168922628886,-1.8405321992178751,20131.773543086867,4.303882036490604,-0.638818805804364,12929.401268622878,20131.773543086867
483217,7.059509642464223,FAT_023,FAT_023,1,Autologous,1.0,4.124086446201185,4.124086446201185,30.63,42,26248.09524636132,8674.328597686954,-1.5973887330950352,26248.09524636132,4.419097793303551,-0.629839318710108,16962.789233968444,26248.09524636132
483218,4.84293083116654,FAT_023,FAT_023,1,Autologous,1.0,4.124086446201185,4.124086446201185,28.19,42,14053.041174248689,19244.30029032754,0.4535488433820259,14053.041174248689,4.147770318708934,-0.027448899081793886,13788.193727967018,14053.041174248689
484018,5.350919214428969,FAT_023,FAT_023,1,Autologous,1.0,4.124086446201185,4.124086446201185,30.12,42,6701.641339496508,50877.71862034675,2.924447597857988,6701.641339496508,3.826181181415458,-0.2644944855271859,5579.051977883976,6701.641339496508
491074,4.48370803771593,FAT_023,FAT_023,1,Autologous,1.0,4.124086446201185,4.124086446201185,19.97,42,1288.7771806724054,383.8257877215856,-1.7474793059379738,1288.7771806724054,3.1101778377806597,-1.308273728166416,520.4130794382671,1288.7771806724054
500632,6.70016074169321,FAT_023,FAT_023,1,Autologous,1.0,4.124086446201185,4.124086446201185,27.33,42,36112.61058342469,32814.42075377794,-0.1381727499867246,36112.61058342469,4.557658884743499,-0.1542016690706799,32451.857253484533,36112.61058342469
500635,5.225387602401811,FAT_023,FAT_023,1,Autologous,1.0,4.124086446201185,4.124086446201185,29.62,42,1997.6046300422283,620.697296577739,-1.6863093028122014,1997.6046300422283,3.30050953595095,-0.8256099164907218,1127.1356503529628,1997.6046300422283
502558,5.755155624725774,FAT_023,FAT_023,1,Autologous,1.0,4.124086446201185,4.124086446201185,24.43,42,4607.3784209038495,1082.361880410695,-2.089763161451748,4607.3784209038495,3.663453883917759,-0.562060985583736,3120.733391378053,4607.3784209038495
511145,6.8804386704973055,FAT_023,FAT_023,1,Autologous,1.0,4.124086446201185,4.124086446201185,31.07,42,17887.153286749093,106.0218084965219,-7.398418937605093,17887.153286749093,4.25254122876023,-0.8110068938219164,10195.389617627596,17887.153286749093
511680,4.406909850634042,FAT_023,FAT_023,1,Autologous,1.0,4.124086446201185,4.124086446201185,26.86,42,9032.180074545777,10316.995605278637,0.1918767526383379,9032.180074545777,3.9557925875309463,0.12052301483251487,9819.14402398369,9032.180074545777
515619,7.956246729414336,FAT_023,FAT_023,1,Autologous,1.0,4.124086446201185,4.124086446201185,29.62,42,41949.69723088679,106650.55808235254,1.346159211789535,41949.69723088679,4.62272883068487,-0.6008307159042181,27660.54691406264,41949.69723088679
515620,8.296550574630137,FAT_023,FAT_023,1,Autologous,1.0,4.124086446201185,4.124086446201185,31.6,42,10922.386606198635,29544.520292995963,1.435602446303739,10922.386606198635,4.038317544655779,-1.0425291990685377,5302.552588738304,10922.386606198635
518635,7.8662654511158365,FAT_023,FAT_023,1,Autologous,1.0,4.124086446201185,4.124086446201185,25.8,42,9730.26771407666,3359.81769077269,-1.5340965470703247,9730.26771407666,3.988124789409848,-0.37090822590953465,7524.372504693109,9730.26771407666
518636,7.200271631466784,FAT_023,FAT_023,1,Autologous,1.0,4.124086446201185,4.124086446201185,28.81,42,12200.423977032106,8021.4221440976125,-0.6050013391869214,12200.423977032106,4.086374923108035,-0.5798330243658742,8162.586381858564,12200.423977032106
518637,11.617246160019336,FAT_023,FAT_023,1,Autologous,1.0,4.124086446201185,4.124086446201185,18.67,42,178683.58619530956,130247.12071387272,-0.4561556349005274,178683.58619530956,5.252084660215766,-0.9194963556682617,94468.86037046062,178683.58619530956
521003,6.593795102230243,FAT_023,FAT_023,1,Autologous,1.0,4.124086446201185,4.124086446201185,19.03,42,7603.785365967192,6546.511162608023,-0.215991554394658,7603.785365967192,3.881029849422804,0.2433687763306584,9001.008070648626,7603.785365967192
521095,4.751770566479023,FAT_023,FAT_023,1,Autologous,1.0,4.124086446201185,4.124086446201185,16.1,42,655.1284001751394,713.9696470905019,0.1240850508304587,655.1284001751394,2.8163264267438013,-2.628541656535808,105.9391644435948,655.1284001751394
525259,7.412648475487669,FAT_023,FAT_023,1,Autologous,1.0,4.124086446201185,4.124086446201185,27.86,42,10610.932120869473,6362.65055800013,-0.7378516009661269,10610.932120869473,4.025753536320663,-0.3538528151668407,8302.965338135198,10610.932120869473
525362,7.395483336151185,FAT_023,FAT_023,1,Autologous,1.0,4.124086446201185,4.124086446201185,22.5,42,77691.78437486818,164146.58744447902,1.0791508050200307,77691.78437486818,4.890375096158635,-0.6814006754846699,48445.45663024913,77691.78437486818
536231,7.000393534538633,FAT_023,FAT_023,1,Autologous,1.0,4.124086446201185,4.124086446201185,31.15,42,33314.89012038168,190278.9501665584,2.513876930187223,33314.89012038168,4.5226383852106204,-0.37485874677371894,25691.80743857829,33314.89012038168
537006,5.599386391962364,FAT_023,FAT_023,1,Autologous,1.0,4.124086446201185,4.124086446201185,29.51,42,4172.416122426912,3458.458234120721,-0.2707540136559346,4172.416122426912,3.620387614869968,-0.7246860601699684,2524.8487867030235,4172.416122426912
537007,6.057900061245073,FAT_023,FAT_023,1,Autologous,1.0,4.124086446201185,4.124086446201185,29.22,42,11534.55576701803,13096.377445738088,0.1832053646446317,11534.55576701803,4.062000873096571,-0.5973232600721672,7624.10124117885,11534.55576701803
537011,6.828251369878117,FAT_023,FAT_023,1,Autologous,1.0,4.124086446201185,4.124086446201185,28.14,42,12764.263993576282,390217.29231607536,4.934095454474082,12764.263993576282,4.105995777797234,-0.3283777797154983,10165.862146693305,12764.263993576282
537012,5.447226444256956,FAT_023,FAT_023,1,Autologous,1.0,4.124086446201185,4.124086446201185,29.72,42,14219.508226752205,3586.6238380627183,-1.9871732213072093,14219.508226752205,4.152884576836716,-0.1669664051119052,12665.509955875403,14219.508226752205
537013,6.061723311468053,FAT_023,FAT_023,1,Autologous,1.0,4.124086446201185,4.124086446201185,26.93,42,9558.430756653674,4654.894212280838,-1.0380254037175125,9558.430756653674,3.9803865983779474,-0.3503694064855014,7497.472775841848,9558.430756653674
537937,1.7373800028240995,FAT_023,FAT_023,1,Autologous,1.0,4.124086446201185,4.124086446201185,25.23,42,21946.80140586717,10251.235243046614,-1.0982129316593028,21946.80140586717,4.341371233780647,0.3588081303953628,28143.832910262507,21946.80140586717
545696,7.265931434790215,FAT_023,FAT_023,1,Autologous,1.0,4.124086446201185,4.124086446201185,17.82,42,21962.911120625577,8770.956068721758,-1.3242632763006317,21962.911120625577,4.341689904076395,-0.10294792921376203,20450.290866081188,21962.911120625577
547042,5.192350856923618,FAT_023,FAT_023,1,Autologous,1.0,4.124086446201185,4.124086446201185,28.24,42,7254.741546201748,9909.012949798347,0.4498171372869741,7254.741546201748,3.860621945091084,-0.2654625003215557,6035.451575379681,7254.741546201748
547043,5.696482500291785,FAT_023,FAT_023,1,Autologous,1.0,4.124086446201185,4.124086446201185,24.99,42,9493.991897620052,4076.471434280826,-1.2196939131187707,9493.991897620052,3.977448856746108,0.44690669961420193,12941.397549472991,9493.991897620052
548480,1.6439705687564008,FAT_023,FAT_023,1,Autologous,1.0,4.124086446201185,4.124086446201185,25.09,42,22295.845225632616,10357.928075647544,-1.1060394469244712,22295.845225632616,4.348223940909455,0.4291274297008354,30019.54940764114,22295.845225632616
552396,9.106343339492264,FAT_023,FAT_023,1,Autologous,1.0,4.124086446201185,4.124086446201185,23.33,42,44205.05729706351,16539.402125457418,-1.418304346962462,44205.05729706351,4.64547195782343,-0.6883707882641343,27431.63556276574,44205.05729706351
552398,7.7987128339338,FAT_023,FAT_023,1,Autologous,1.0,4.124086446201185,4.124086446201185,29.38,42,266733.9171598322,85540.81078176975,-1.6407164990397352,266733.9171598322,5.42607824290698,-1.1839455892590858,117401.89508955683,266733.9171598322
556258,2.1331823310287694,FAT_023,FAT_023,1,Autologous,1.0,4.124086446201185,4.124086446201185,29.11,42,4065.018024037545,4161.02047143628,0.0336756370530273,4065.018024037545,3.609062475569126,0.044865597403619055,4193.420038473854,4065.018024037545
556259,3.0242649494656457,FAT_023,FAT_023,1,Autologous,1.0,4.124086446201185,4.124086446201185,30.68,42,3007.14675490228,5974.798625652095,0.9904948132891483,3007.14675490228,3.4781546230752536,-0.10971373449577232,2786.9392245676245,3007.14675490228
556268,6.918314811674968,FAT_023,FAT_023,1,Autologous,1.0,4.124086446201185,4.124086446201185,28.57,42,4886.613476716204,1433.307487016271,-1.7694868505063497,4886.613476716204,3.6890079883901463,-0.4625797516922249,3546.154129173514,4886.613476716204
563192,7.362882745908356,FAT_023,FAT_023,1,Autologous,1.0,4.124086446201185,4.124086446201185,28.15,42,15642.53303041132,2204.985207085892,-2.826633268298119,15642.53303041132,4.194307080696721,-0.7678339511821081,9186.837398705697,15642.53303041132
563193,9.197985933416728,FAT_023,FAT_023,1,Autologous,1.0,4.124086446201185,4.124086446201185,30.59,42,89677.41215512154,15508.709101086166,-2.5316660407920057,89677.41215512154,4.952683067216636,-0.6293140600058755,57974.986804515655,89677.41215512154
565040,1.5619683576189325,FAT_023,FAT_023,1,Autologous,1.0,4.124086446201185,4.124086446201185,25.09,42,19986.786110261222,9298.381014786732,-1.1039950555968034,19986.786110261222,4.300742964863802,0.24503002100631743,23686.68862423032,19986.786110261222
565042,1.6834146256620026,FAT_023,FAT_023,1,Autologous,1.0,4.124086446201185,4.124086446201185,25.09,42,22585.820091283906,10977.954348120877,-1.040808054010513,22585.820091283906,4.353835864419356,0.4088909210485008,29986.397700398327,22585.820091283906
566550,5.784596217338146,FAT_023,FAT_023,1,Autologous,1.0,4.124086446201185,4.124086446201185,29.11,42,9279.19570084132,7693.96238114633,-0.2702729855727004,9279.19570084132,3.967510334211928,-0.16487329165736725,8277.106208735748,9279.19570084132
566552,7.0542378896307465,FAT_023,FAT_023,1,Autologous,1.0,4.124086446201185,4.124086446201185,25.62,42,17849.563952312816,8470.33726994681,-1.075397510317905,17849.563952312816,4.251627611181127,-1.1327027258839772,8140.4818909645055,17849.563952312816
568816,8.251276086986524,FAT_023,FAT_023,1,Autologous,1.0,4.124086446201185,4.124086446201185,23.68,42,21259.45357617522,45530.32753231648,1.0987233214433545,21259.45357617522,4.327552097821258,-0.11244882018717581,19665.347720831207,21259.45357617522
585394,8.363558927970772,FAT_023,FAT_023,1,Autologous,1.0,4.124086446201185,4.124086446201185,30.74,42,77138.68416816293,53006.20707953009,-0.5412932260901955,77138.68416816293,4.88727222639702,-0.28918706015055123,63127.450050636835,77138.68416816293
585543,5.882510071106497,FAT_023,FAT_023,1,Autologous,1.0,4.124086446201185,4.124086446201185,30.29,42,55787.94220835675,42057.106767898775,-0.4076037309328157,55787.94220835675,4.746540342338177,-0.685058863634003,34699.00932158722,55787.94220835675
585544,2.0750249826328835,FAT_023,FAT_023,1,Autologous,1.0,4.124086446201185,4.124086446201185,29.11,42,5504.1525424550655,8985.683782132435,0.7071078389030634,5504.1525424550655,3.7406904614608254,0.8214067557875094,9726.543503754008,5504.1525424550655
591001,5.615973756930434,FAT_023,FAT_023,1,Autologous,1.0,4.124086446201185,4.124086446201185,27.06,42,1449.8743282564562,1699.704056466392,0.2293557175538252,1449.8743282564562,3.1613303602280407,-0.952097470014434,749.4116893614381,1449.8743282564562
591020,7.787470572204315,FAT_023,FAT_023,1,Autologous,1.0,4.124086446201185,4.124086446201185,31.07,42,17221.285076735017,102.66668797448008,-7.39008084285684,17221.285076735017,4.236065555997493,-1.215015435107611,7418.386643314062,17221.285076735017
622312,7.438827222948345,FAT_023,FAT_023,1,Autologous,1.0,4.124086446201185,4.124086446201185,28.89,42,69330.84241525595,203714.8658091272,1.5549820673724228,69330.84241525595,4.840926477193931,-0.8159247712891967,39382.986523331005,69330.84241525595
626939,9.943493048886074,FAT_023,FAT_023,1,Autologous,1.0,4.124086446201185,4.124086446201185,26.95,42,78411.35163407694,312954.2348862872,1.996817264963502,78411.35163407694,4.894378940173822,-0.4965963625838304,55576.16040002666,78411.35163407694
633147,8.230968063670435,FAT_023,FAT_023,1,Autologous,1.0,4.124086446201185,4.124086446201185,21.08,42,7899.130136537952,4574.371319751834,-0.7881203106574152,7899.130136537952,3.897579268796584,-0.37041259333826054,6110.460871534115,7899.130136537952
641112,6.590408989931737,FAT_023,FAT_023,1,Autologous,1.0,4.124086446201185,4.124086446201185,29.68,42,4231.485076541064,10632.376934350566,1.3292281727053752,4231.485076541064,3.626492813558608,-0.56449770722103,2861.2912792382085,4231.485076541064
645463,5.65609045713391,FAT_023,FAT_023,1,Autologous,1.0,4.124086446201185,4.124086446201185,28.02,42,4312.03365033309,4840.767889201955,0.1668674831624108,4312.03365033309,3.634682141347734,-0.35746259868554264,3365.6982491142635,4312.03365033309
645464,5.139376720126212,FAT_023,FAT_023,1,Autologous,1.0,4.124086446201185,4.124086446201185,25.28,42,961.2129805848356,465.6907284594063,-1.0454839717938402,961.2129805848356,2.982819627048946,-0.5506922936396129,656.2128466276771,961.2129805848356
649757,6.438628841392361,FAT_023,FAT_023,1,Autologous,1.0,4.124086446201185,4.124086446201185,27.82,42,12103.765688481675,19896.535719812477,0.7170612937257445,12103.765688481675,4.082920507779141,-0.4032572992330564,9152.251898252443,12103.765688481675
649764,5.403065020619434,FAT_023,FAT_023,1,Autologous,1.0,4.124086446201185,4.124086446201185,24.04,42,2529.225217069596,1028.0089279536176,-1.2988427147956705,2529.225217069596,3.402987503197949,-0.700414683200409,1556.4732965163105,2529.225217069596
657308,9.343795174939128,FAT_023,FAT_023,1,Autologous,1.0,4.124086446201185,4.124086446201185,20.15,42,40140.03927302596,10983.322540956142,-1.869727481335346,40140.03927302596,4.60357779306552,-0.5088770013682912,28209.18581486561,40140.03927302596
657309,4.306661419552485,FAT_023,FAT_023,1,Autologous,1.0,4.124086446201185,4.124086446201185,28.38,42,4043.538404359672,7676.515754431712,0.924833329885979,4043.538404359672,3.606761572269754,-0.09439763543672643,3787.433816363952,4043.538404359672
657313,8.609334782019435,FAT_023,FAT_023,1,Autologous,1.0,4.124086446201185,4.124086446201185,30.1,42,41487.88540781252,75070.1506565816,0.8555492518181648,41487.88540781252,4.617921299877855,-0.0840445967625494,39140.04812192018,41487.88540781252
657314,6.0948946856409,FAT_023,FAT_023,1,Autologous,1.0,4.124086446201185,4.124086446201185,30.01,42,25023.75692472254,45619.57373820279,0.8663545626044676,25023.75692472254,4.398352512759053,-0.3087606630246742,20202.554717755927,25023.75692472254
657317,5.529535024049784,FAT_023,FAT_023,1,Autologous,1.0,4.124086446201185,4.124086446201185,31.02,42,22736.17742902902,85023.45119727089,1.9028711025066691,22736.17742902902,4.356717449752447,-0.1735260167495475,20159.553717737163,22736.17742902902
657319,8.381821986259713,FAT_023,FAT_023,1,Autologous,1.0,4.124086446201185,4.124086446201185,26.02,42,39415.10210889773,58542.82696500352,0.570743901501602,39415.10210889773,4.595662655985124,-0.1131346244089354,36442.29676875569,39415.10210889773
657321,10.608512861568476,FAT_023,FAT_023,1,Autologous,1.0,4.124086446201185,4.124086446201185,25.04,42,54713.96122446308,101117.29331740114,0.8860488374555809,54713.96122446308,4.738098158309716,-0.46980008794486666,39507.01705526901,54713.96122446308
657322,6.313596921844265,FAT_023,FAT_023,1,Autologous,1.0,4.124086446201185,4.124086446201185,29.23,42,151415.20901424924,366744.86914387066,1.2762666571732697,151415.20901424924,5.180169500390083,-0.6260599395292767,98108.50988494026,151415.20901424924
657323,6.448395267945,FAT_023,FAT_023,1,Autologous,1.0,4.124086446201185,4.124086446201185,29.77,42,37836.350062574034,144121.21509662012,1.9294378915279375,37836.350062574034,4.577909234914277,0.6973210176181703,61351.30115904952,37836.350062574034
658089,5.386027200207392,FAT_023,FAT_023,1,Autologous,1.0,4.124086446201185,4.124086446201185,27.62,42,7738.032988953901,17600.96225863145,1.1856155198697544,7738.032988953901,3.8886305768830423,-0.0896767927801031,7271.686922103754,7738.032988953901
658659,6.254736706229272,FAT_023,FAT_023,1,Autologous,1.0,4.124086446201185,4.124086446201185,27.88,42,11808.420917910917,10272.70801438768,-0.2009995088571154,11808.420917910917,4.072191825429844,-0.5366496810968332,8140.370546522414,11808.420917910917
665943,6.23563497556154,FAT_023,FAT_023,1,Autologous,1.0,4.124086446201185,4.124086446201185,23.67,42,8328.72253009542,2364.6889439350834,-1.8164448092235217,8328.72253009542,3.9205783938826575,0.09907691011982958,8920.794102690741,8328.72253009542
665951,6.637916286377731,FAT_023,FAT_023,1,Autologous,1.0,4.124086446201185,4.124086446201185,29.93,42,19197.41008709937,14206.251314429526,-0.4343857782866532,19197.41008709937,4.283242642206153,-0.048446540598860874,18563.45374814046,19197.41008709937
665953,5.970085022055714,FAT_023,FAT_023,1,Autologous,1.0,4.124086446201185,4.124086446201185,29.11,42,26242.725341441856,6489.474113733312,-2.015744076835237,26242.725341441856,4.419008935097225,-0.7586973285433902,15510.231556932893,26242.725341441856
679935,10.938944196690343,FAT_023,FAT_023,1,Autologous,1.0,4.124086446201185,4.124086446201185,23.83,42,112660.60521044613,18647.759861508504,-2.5949088904845503,112660.60521044613,5.051772079926592,0.3855633600705801,147176.41384433748,112660.60521044613
697329,4.975233286798339,FAT_023,FAT_023,1,Autologous,1.0,4.124086446201185,4.124086446201185,30.23,42,2362.7581645660766,3534.2839579188662,0.5809459835214525,2362.7581645660766,3.3734192725552408,-0.7179210251080649,1436.492984965351,2362.7581645660766
702443,5.591243137263834,FAT_023,FAT_023,1,Autologous,1.0,4.124086446201185,4.124086446201185,29.68,42,16614.485820835092,48312.39346919357,1.5399516821286667,16614.485820835092,4.220486905432402,-1.0242291991491745,8168.892747010676,16614.485820835092
702444,3.724984758869424,FAT_023,FAT_023,1,Autologous,1.0,4.124086446201185,4.124086446201185,28.87,42,3372.300289426128,4199.268845387557,0.3164051472414501,3372.300289426128,3.5279262398062494,-0.462797312984396,2446.867016142236,3372.300289426128
702447,4.15491670843883,FAT_023,FAT_023,1,Autologous,1.0,4.124086446201185,4.124086446201185,28.94,42,3979.099545326052,4615.974814225153,0.2141933608882712,3979.099545326052,3.5997848040483813,-0.4970593275557886,2819.3892326901,3979.099545326052
702459,4.1757548174455525,FAT_023,FAT_023,1,Autologous,1.0,4.124086446201185,4.124086446201185,25.15,42,1084.720793732608,529.4380183782011,-1.034790039846181,1084.720793732608,3.035317965515677,-0.12184892877907823,996.8682935287862,1084.720793732608
709991,7.260574822629962,FAT_023,FAT_023,1,Autologous,1.0,4.124086446201185,4.124086446201185,26.74,42,8194.474907108712,5719.809465976915,-0.5186844161596719,8194.474907108712,3.913521129687915,-0.6797760298672938,5115.500769897479,8194.474907108712
717959,11.026488716031611,FAT_023,FAT_023,1,Autologous,1.0,4.124086446201185,4.124086446201185,24.46,42,338153.6525887613,54659.61047279231,-2.629131853446568,338153.6525887613,5.529114082846904,-1.215347535006021,145632.40435078842,338153.6525887613
717960,7.175353996558895,FAT_023,FAT_023,1,Autologous,1.0,4.124086446201185,4.124086446201185,17.34,42,17505.89003746684,12711.209609807684,-0.4617390883845031,17505.89003746684,4.243184196136992,0.04809674283658772,18099.340833358256,17505.89003746684
717962,9.290593692070528,FAT_023,FAT_023,1,Autologous,1.0,4.124086446201185,4.124086446201185,28.91,42,15857.329227190055,26163.229830882206,0.7223908460431994,15857.329227190055,4.200230043034131,-0.9451880929292245,8235.691603612571,15857.329227190055
718252,6.404464982722885,FAT_023,FAT_023,1,Autologous,1.0,4.124086446201185,4.124086446201185,28.53,42,161258.24473163474,434516.29061680246,1.4300373428676123,161258.24473163474,5.207521928268035,-0.6872968799611199,100144.0039809648,161258.24473163474
742725,6.998534628915536,FAT_023,FAT_023,1,Autologous,1.0,4.124086446201185,4.124086446201185,28.01,42,11572.145101454304,2257.3250872297444,-2.3579702108291607,11572.145101454304,4.063413870565803,-0.3908255731783025,8825.994448988766,11572.145101454304
742726,5.032516829207806,FAT_023,FAT_023,1,Autologous,1.0,4.124086446201185,4.124086446201185,24.86,42,3264.9021910367605,4361.656678654382,0.417836442251749,3264.9021910367605,3.513870175341788,-0.1859760329671975,2870.025866857651,3264.9021910367605
742727,4.334239647422612,FAT_023,FAT_023,1,Autologous,1.0,4.124086446201185,4.124086446201185,30.68,42,3581.7265812853934,1122.623326675197,-1.6737812682540771,3581.7265812853934,3.554092429985602,-0.629480917890252,2315.260124391685,3581.7265812853934
742733,7.092410259996079,FAT_023,FAT_023,1,Autologous,1.0,4.124086446201185,4.124086446201185,31.17,42,14606.141380953926,7487.957981092961,-0.9639308560703606,14606.141380953926,4.164535500103252,-0.45869851245224674,10628.047552639768,14606.141380953926
742740,6.9059914370408135,FAT_023,FAT_023,1,Autologous,1.0,4.124086446201185,4.124086446201185,28.76,42,17194.435552137675,16991.672371828656,-0.0171139028545737,17194.435552137675,4.235387923652334,-0.2673382044701185,14286.015109589165,17194.435552137675
742741,7.583466347116939,FAT_023,FAT_023,1,Autologous,1.0,4.124086446201185,4.124086446201185,28.31,42,18740.968168944564,10208.960724468889,-0.8763594784935521,18740.968168944564,4.2727920230282335,-0.6655054451364567,11815.57664661215,18740.968168944564
742742,9.363685203806677,FAT_023,FAT_023,1,Autologous,1.0,4.124086446201185,4.124086446201185,29.51,42,25856.09218724013,10469.989101083742,-1.3042443065213098,25856.09218724013,4.412562887529607,-0.7735786583360109,15124.899840440547,25856.09218724013
742743,4.700538055148961,FAT_023,FAT_023,1,Autologous,1.0,4.124086446201185,4.124086446201185,25.2,42,1299.516990511342,548.2266933016354,-1.2451310162367557,1299.516990511342,3.1137819620494844,-0.14407655138781558,1176.0088727312752,1299.516990511342
742818,5.604076611688997,FAT_023,FAT_023,1,Autologous,1.0,4.124086446201185,4.124086446201185,22.83,42,4274.444315896811,1905.0374324153524,-1.1659175339271015,4274.444315896811,3.630879663806722,-0.9371259314135594,2232.4238248209535,4274.444315896811
742821,5.987040402287214,FAT_023,FAT_023,1,Autologous,1.0,4.124086446201185,4.124086446201185,24.75,42,3968.359735487115,1884.2356851786928,-1.074563380949435,3968.359735487115,3.598611034463879,-0.45102225913473704,2902.9516716262674,3968.359735487115
748224,11.129474646753636,FAT_023,FAT_023,1,Autologous,1.0,4.124086446201185,4.124086446201185,29.49,42,231518.08069795868,675783.678380935,1.545436639773094,231518.08069795868,5.364584913456455,-0.39462772569007837,176112.47922421977,231518.08069795868
759350,4.684814419383066,FAT_023,FAT_023,1,Autologous,1.0,4.124086446201185,4.124086446201185,26.44,42,8350.202149773293,3770.4844426706113,-1.1470612271616076,8350.202149773293,3.9216969894319096,0.023228654168193096,8485.735898474277,8350.202149773293
762968,4.149528005419403,FAT_023,FAT_023,1,Autologous,1.0,4.124086446201185,4.124086446201185,29.47,42,2002.9745349616967,768.9936236519878,-1.3811005386061777,2002.9745349616967,3.3016754278777407,-1.0079542636324588,995.9807859322198,2002.9745349616967
762982,4.078928778941328,FAT_023,FAT_023,1,Autologous,1.0,4.124086446201185,4.124086446201185,29.47,42,2158.701777626279,2768.64545478892,0.3590163675997113,2158.701777626279,3.334192649153523,-1.1226553581558825,991.378991741286,2158.701777626279
762984,5.685545647759024,FAT_023,FAT_023,1,Autologous,1.0,4.124086446201185,4.124086446201185,30.29,42,3979.099545326052,10190.84307364986,1.3567595119393094,3979.099545326052,3.5997848040483813,-0.8850956660521474,2154.4898852549522,3979.099545326052
763034,4.3484189004038125,FAT_023,FAT_023,1,Autologous,1.0,4.124086446201185,4.124086446201185,29.98,42,2180.1813973041526,752.2180210417789,-1.535225401487594,2180.1813973041526,3.338492629646248,-0.8151745187426995,1239.0837110727841,2180.1813973041526
866499,6.403737194619502,FAT_023,FAT_023,1,Autologous,1.0,4.124086446201185,4.124086446201185,25.6,42,7082.9045887787615,896.4882034895776,-2.981984603885337,7082.9045887787615,3.8502113916154186,-0.8532579417414355,3920.6236660077934,7082.9045887787615
883156,5.418676873751244,FAT_023,FAT_023,1,Autologous,1.0,4.124086446201185,4.124086446201185,27.18,42,2180.1813973041526,1032.0350725800677,-1.0789561763311943,2180.1813973041526,3.338492629646248,-0.1281686625366605,1994.8489556828001,2180.1813973041526
890402,1.824089783640013,FAT_023,FAT_023,1,Autologous,1.0,4.124086446201185,4.124086446201185,25.09,42,20421.74840873816,9350.720894930586,-1.1269568887472643,20421.74840873816,4.310092921480636,0.22426076657490757,23856.247900376628,20421.74840873816
997872,4.468353744252964,FAT_023,FAT_023,1,Autologous,1.0,4.124086446201185,4.124086446201185,15.49,42,945.1032658264306,334.84102809977486,-1.4969956604078811,945.1032658264306,2.9754792638832037,-1.803706551152549,270.7132349605509,945.1032658264306
997884,5.619844537951964,FAT_023,FAT_023,1,Autologous,1.0,4.124086446201185,4.124086446201185,29.11,42,13848.98478730889,2621.0201518190797,-2.401579871010267,13848.98478730889,4.141417938206991,-0.9925102211389252,6960.534503879539,13848.98478730889
999410,7.225748042542522,FAT_023,FAT_023,1,Autologous,1.0,4.124086446201185,4.124086446201185,31.57,42,21952.17131078664,14339.785111206793,-0.6143402404982923,21952.17131078664,4.3414774831957095,-0.6728405558896724,13769.947789377777,21952.17131078664
999412,4.795913229325933,FAT_023,FAT_023,1,Autologous,1.0,4.124086446201185,4.124086446201185,30.37,42,4870.503761957799,4462.310294315637,-0.1262801623604526,4870.503761957799,3.687573883129149,-0.6784169882011757,3043.336818167541,4870.503761957799
999413,6.9197337654537545,FAT_023,FAT_023,1,Autologous,1.0,4.124086446201185,4.124086446201185,27.68,42,11717.132534279952,7464.472137438668,-0.6505074040847648,11717.132534279952,4.068821342321376,-0.27933393282452973,9654.581426691677,11717.132534279952
1002367,4.6519500968916425,FAT_023,FAT_023,1,Autologous,1.0,4.124086446201185,4.124086446201185,19.59,42,2486.2659777138488,19789.17186310713,2.9926586922517773,2486.2659777138488,3.395547587087006,-0.9198846456084979,1314.119065606948,2486.2659777138488
1042156,5.362504322596777,FAT_023,FAT_023,1,Autologous,1.0,4.124086446201185,4.124086446201185,29.17,42,8113.926333316686,4626.040175791278,-0.8106224089054046,8113.926333316686,3.909231060408079,-0.34413889773187123,6391.972965955981,8113.926333316686
1064535,11.11352808817033,FAT_023,FAT_023,1,Autologous,1.0,4.124086446201185,4.124086446201185,28.96,42,135332.3437804415,331116.8443203084,1.2908337265574037,135332.3437804415,5.131401603298923,-0.15994087247573013,121130.80492341312,135332.3437804415
1077285,6.171802699416942,FAT_023,FAT_023,1,Autologous,1.0,4.124086446201185,4.124086446201185,29.25,42,20389.528979221348,10798.79091224384,-0.9169586579511496,20389.528979221348,4.30940719320885,-0.37837953751277853,15685.689096252958,20389.528979221348
1121100,4.684071448233247,FAT_023,FAT_023,1,Autologous,1.0,4.124086446201185,4.124086446201185,30.12,42,3366.9303845066597,1020.6276628051254,-1.721977242185387,3366.9303845066597,3.5272341368997697,-0.5621253630228634,2280.434177676249,3366.9303845066597
1121101,5.062318455837145,FAT_023,FAT_023,1,Autologous,1.0,4.124086446201185,4.124086446201185,28.91,42,6841.258867402686,3401.4211852460094,-1.0081241607746687,6841.258867402686,3.835136024068385,-0.7060157737800175,4193.765076046113,6841.258867402686
1121111,6.405410714913946,FAT_023,FAT_023,1,Autologous,1.0,4.124086446201185,4.124086446201185,25.13,42,5112.149483333875,1696.3489359443504,-1.5914970622386853,5112.149483333875,3.708603544453528,-0.49144112284252517,3636.3445392369113,5112.149483333875
1121114,4.2708934698492085,FAT_023,FAT_023,1,Autologous,1.0,4.124086446201185,4.124086446201185,30.63,42,3205.8332369226086,4702.536923693832,0.5527398912285237,3205.8332369226086,3.5059409271984223,-0.5584439572411349,2176.8702550753337,3205.8332369226086
1121115,7.437878606570253,FAT_023,FAT_023,1,Autologous,1.0,4.124086446201185,4.124086446201185,29.66,42,30683.636709842183,133219.0864722974,2.118259403707248,30683.636709842183,4.4869068321157775,-0.8564042790040312,16947.414662208812,30683.636709842183
1121130,4.471296071741985,FAT_023,FAT_023,1,Autologous,1.0,4.124086446201185,4.124086446201185,22.85,42,2147.9619677873425,758.9282620858625,-1.5009330228927489,2147.9619677873425,3.332026587397016,-0.4891737643127594,1530.2789745354303,2147.9619677873425
1121333,6.280595587834225,FAT_023,FAT_023,1,Autologous,1.0,4.124086446201185,4.124086446201185,27.95,42,3903.920876453495,4799.835418833045,0.2980611251601763,3903.920876453495,3.591501006928091,-0.5173881274482584,2727.4177412657064,3903.920876453495
1121334,6.354515625379978,FAT_023,FAT_023,1,Autologous,1.0,4.124086446201185,4.124086446201185,27.58,42,6476.105332878837,2753.2119003875277,-1.2340108001153944,6476.105332878837,3.811313903873186,-0.5147296591365303,4532.782044354731,6476.105332878837
1121344,6.429227999593424,FAT_023,FAT_023,1,Autologous,1.0,4.124086446201185,4.124086446201185,25.19,42,4494.610417595014,1631.2595978167387,-1.4622096816294596,4494.610417595014,3.652692054062313,-0.5824858351798652,3001.555275889126,4494.610417595014
1123075,5.214689317531571,FAT_023,FAT_023,1,Autologous,1.0,4.124086446201185,4.124086446201185,29.66,42,4338.883174930432,2180.1573152227825,-0.992891501530156,4338.883174930432,3.6373779568436393,-0.37006062389169647,3357.210779039261,4338.883174930432
1123263,5.101935535985139,FAT_023,FAT_023,1,Autologous,1.0,4.124086446201185,4.124086446201185,14.87,42,1299.516990511342,1136.0438087633645,-0.1939570264867973,1299.516990511342,3.1137819620494844,-1.1430794706750973,588.4109606214735,1299.516990511342
1123313,7.360063918175674,FAT_023,FAT_023,1,Autologous,1.0,4.124086446201185,4.124086446201185,26.01,42,10084.681438761572,5170.240724466464,-0.9638621533594712,10084.681438761572,4.003662183999145,-0.16057948374928635,9022.417979774613,10084.681438761572
1125712,6.1659677793147285,FAT_023,FAT_023,1,Autologous,1.0,4.124086446201185,4.124086446201185,27.64,42,6465.3655230399,3561.1249220952004,-0.8603988904559322,6465.3655230399,3.810593082990859,-0.4099978685391642,4865.992401279786,6465.3655230399
1150460,9.089398008685505,FAT_023,FAT_023,1,Autologous,1.0,4.124086446201185,4.124086446201185,25.62,42,14004.71202997347,4475.059752299396,-1.6459334675907755,14004.71202997347,4.146274183128936,-1.0299124619615843,6858.665760892627,14004.71202997347
1150461,4.443745277074097,FAT_023,FAT_023,1,Autologous,1.0,4.124086446201185,4.124086446201185,25.07,42,1589.4918561626332,522.0567532297091,-1.6062870677506025,1589.4918561626332,3.201258307127992,0.35766177308854763,2036.6913979158255,1589.4918561626332
1160721,11.258889742977008,FAT_023,FAT_023,1,Autologous,1.0,4.124086446201185,4.124086446201185,26.89,42,331086.85771474097,790988.4517462853,1.2564468868320569,331086.85771474097,5.519941942047005,-1.07972281215946,156643.72011120518,331086.85771474097
1203465,3.942732250419348,FAT_023,FAT_023,1,Autologous,1.0,4.124086446201185,4.124086446201185,30.79,42,3603.2062009632655,842.8062751369083,-2.096008254416401,3603.2062009632655,3.5566891162380454,-0.8080821196940545,2057.9373968866034,3603.2062009632655
1203540,3.7053147314367054,FAT_023,FAT_023,1,Autologous,1.0,4.124086446201185,4.124086446201185,25.0,42,1122.3101281688862,892.4620588631273,-0.3306086488001754,1122.3101281688862,3.050112882180107,0.2533875945265964,1337.7967872874428,1122.3101281688862
1203606,8.945404358018827,FAT_023,FAT_023,1,Autologous,1.0,4.124086446201185,4.124086446201185,29.5,42,27058.95088920105,13287.619315494472,-1.0260232588108986,27058.95088920105,4.432310954424822,-1.1154651422291215,12488.851094049978,27058.95088920105
1203611,9.609299368810584,FAT_023,FAT_023,1,Autologous,1.0,4.124086446201185,4.124086446201185,24.03,42,109003.69996028816,16905.110262359976,-2.6888457746136694,109003.69996028816,5.037441239638465,0.6065158938990381,165966.60743047274,109003.69996028816
1235789,5.024870434576694,FAT_023,FAT_023,1,Autologous,1.0,4.124086446201185,4.124086446201185,30.99,42,3726.714014111039,795.8345878283226,-2.227363605140102,3726.714014111039,3.571326066523908,-1.0165873073965812,1842.055850781819,3726.714014111039
1254439,5.161503410678031,FAT_023,FAT_023,1,Autologous,1.0,4.124086446201185,4.124086446201185,25.27,42,1798.918148021899,869.6472393132428,-1.0486273295683546,1798.918148021899,3.2550114031058985,-0.08881197506328839,1691.5168744567627,1798.918148021899
1256908,7.393171212076652,FAT_023,FAT_023,1,Autologous,1.0,4.124086446201185,4.124086446201185,29.47,42,19562.56362162322,53024.99575445352,1.438577156239315,19562.56362162322,4.291425767310969,-0.710567932692004,11954.28224892484,19562.56362162322
1322347,1.5925223283600272,FAT_023,FAT_023,1,Autologous,1.0,4.124086446201185,4.124086446201185,25.09,42,20765.42232358413,9924.44650419974,-1.0651246642042218,20765.42232358413,4.317340768142119,0.3550324108533853,26559.272401410577,20765.42232358413
1384484,5.260467516263778,FAT_023,FAT_023,1,Autologous,1.0,4.124086446201185,4.124086446201185,25.0,42,7893.760231618483,4035.538963911916,-0.9679513342575684,7893.760231618483,3.897283930817229,0.3375993429866186,9974.966815793678,7893.760231618483
1408437,11.099904032293846,FAT_023,FAT_023,1,Autologous,1.0,4.124086446201185,4.124086446201185,26.48,42,34920.49169130272,15279.889881482914,-1.1924397264493656,34920.49169130272,4.543080350076952,-0.9196993152858767,18459.641786274726,34920.49169130272
1410645,6.319968029119194,FAT_023,FAT_023,1,Autologous,1.0,4.124086446201185,4.124086446201185,25.07,42,5122.889293172811,1866.118034359667,-1.4569174737666692,5122.889293172811,3.709514970773149,-0.4913417462445142,3644.2349342846933,5122.889293172811
1410647,11.952972168714314,FAT_023,FAT_023,1,Autologous,1.0,4.124086446201185,4.124086446201185,25.61,42,71011.62265504953,21058.74946864777,-1.7536354061811412,71011.62265504953,4.851329436632445,-0.8103184670276741,40494.80127265553,71011.62265504953
1410665,6.915196744833734,FAT_023,FAT_023,1,Autologous,1.0,4.124086446201185,4.124086446201185,29.3,42,4575.158991387039,2587.4689465986608,-0.8222803311037213,4575.158991387039,3.6604061908357535,-0.5932237630303525,3032.690173181621,4575.158991387039
1437612,11.469103062000553,FAT_023,FAT_023,1,Autologous,1.0,4.124086446201185,4.124086446201185,25.15,42,845760.0248162661,245176.7741964157,-1.786426054645801,845760.0248162661,5.9272471541946725,-1.1917102372281265,370259.8549387384,845760.0248162661
904,2.7566706034187254,FAT_024,FAT_024,1,Autologous,1.0,3.6809180942543263,3.6809180942543263,23.81,42,4630.776628092887,3714.995139931674,-0.3178938449437835,4630.776628092887,3.6656538327049017,-0.40579333558650615,3495.4079257541493,4630.776628092887
1547,2.2961130026055168,FAT_024,FAT_024,1,Autologous,1.0,3.6809180942543263,3.6809180942543263,28.34,42,3044.9395105713106,1561.1013325564786,-0.9638493814233434,3044.9395105713106,3.483578669551479,-0.09371473990206752,2853.433277573573,3044.9395105713106
205913,1.1240307875524609,FAT_024,FAT_024,1,Autologous,1.0,3.6809180942543263,3.6809180942543263,24.89,42,9651.675799342576,14461.336749658669,0.5833495543407309,9651.675799342576,3.984602725491075,0.0989520237958134,10336.898521708888,9651.675799342576
206672,0.9509439284354588,FAT_024,FAT_024,1,Autologous,1.0,3.6809180942543263,3.6809180942543263,25.09,42,10737.186265470966,15320.094636690714,0.512809231994346,10737.186265470966,4.030890487184784,0.0698902248215909,11270.14597599405,10737.186265470966
213810,2.4898627030564007,FAT_024,FAT_024,1,Autologous,1.0,3.6809180942543263,3.6809180942543263,22.4,42,927.9185913503596,1332.870143586233,0.5224660863168715,927.9185913503596,2.967509876134617,-0.41520933675843774,695.8560560910408,927.9185913503596
246201,2.799818834234992,FAT_024,FAT_024,1,Autologous,1.0,3.6809180942543263,3.6809180942543263,22.8,42,1011.673713610012,197.19174727029204,-2.3590729856344512,1011.673713610012,3.0050404658362107,-0.6005610484342515,667.1962182927467,1011.673713610012
264199,10.434372574008192,FAT_024,FAT_024,1,Autologous,1.0,3.6809180942543263,3.6809180942543263,24.34,42,372006.0898038228,23115.25481890645,-4.008409066877466,372006.0898038228,5.57055004941563,-1.7777976730579745,108487.48057238641,372006.0898038228
272559,2.8580969912187326,FAT_024,FAT_024,1,Autologous,1.0,3.6809180942543263,3.6809180942543263,30.39,42,6692.695493195646,11666.569763655025,0.8017211576799228,6692.695493195646,3.825601065757532,-0.09187814402456099,6279.759165409008,6692.695493195646
272623,3.344863608145385,FAT_024,FAT_024,1,Autologous,1.0,3.6809180942543263,3.6809180942543263,26.74,42,2402.449559553188,119.28883476844828,-4.331975220654348,2402.449559553188,3.380654278239573,-0.5670306489080571,1621.664630028607,2402.449559553188
295405,2.840874226777795,FAT_024,FAT_024,1,Autologous,1.0,3.6809180942543263,3.6809180942543263,30.39,42,6670.654671548369,12850.328863780698,0.945905018655355,6670.654671548369,3.82416845854752,-0.14004935602993746,6053.539791786091,6670.654671548369
321956,3.8644040805442414,FAT_024,FAT_024,1,Autologous,1.0,3.6809180942543263,3.6809180942543263,15.51,42,13904.452336184664,37954.54241749985,1.4487256369706452,13904.452336184664,4.143153887694461,-0.48655590178742764,9923.981972724454,13904.452336184664
321967,2.389079875936422,FAT_024,FAT_024,1,Autologous,1.0,3.6809180942543263,3.6809180942543263,22.05,42,1238.6941765769643,7.912014550968507,-7.290559247185102,1238.6941765769643,3.0929640958680102,-0.6965734776479522,764.3188753691599,1238.6941765769643
347253,5.019785393156305,FAT_024,FAT_024,1,Autologous,1.0,3.6809180942543263,3.6809180942543263,25.68,42,15651.187451731364,1175.2384690707836,-3.7352466876103887,15651.187451731364,4.194547292947695,-0.4754926242731424,11256.665225772991,15651.187451731364
354242,3.788861335058048,FAT_024,FAT_024,1,Autologous,1.0,3.6809180942543263,3.6809180942543263,25.28,42,1201.2247797765938,1843.4993903756624,0.6179407980258157,1201.2247797765938,3.079624282575592,-0.11262810032859771,1111.014804447853,1201.2247797765938
367928,7.826191016785995,FAT_024,FAT_024,1,Autologous,1.0,3.6809180942543263,3.6809180942543263,25.27,42,50854.78778676211,11163.852531416564,-2.18754863237753,50854.78778676211,4.706331846373585,-0.4711054560126031,36687.23427306832,50854.78778676211
390333,3.842926059437835,FAT_024,FAT_024,1,Autologous,1.0,3.6809180942543263,3.6809180942543263,15.23,42,13839.431912325195,36407.43926453355,1.395448547924581,13839.431912325195,4.141118263357298,-0.4959081651922819,9813.750907769503,13839.431912325195
391904,2.4856546164224214,FAT_024,FAT_024,1,Autologous,1.0,3.6809180942543263,3.6809180942543263,26.99,42,2416.7760936239174,3787.4205038982327,0.6481317891085127,2416.7760936239174,3.383236416312491,-0.1601936250453539,2162.7849063559884,2416.7760936239174
411459,4.513171376257617,FAT_024,FAT_024,1,Autologous,1.0,3.6809180942543263,3.6809180942543263,29.69,42,125294.35677719292,34073.39497199783,-1.8786038319788945,125294.35677719292,5.097931510932566,-0.6759613861810831,78423.6150361596,125294.35677719292
411460,3.1029334294335515,FAT_024,FAT_024,1,Autologous,1.0,3.6809180942543263,3.6809180942543263,29.93,42,5612.695232479076,6422.729965874667,0.1944929181968094,5612.695232479076,3.749171460811146,0.0004467910617615184,5614.433708275316,5612.695232479076
411461,9.220785849748212,FAT_024,FAT_024,1,Autologous,1.0,3.6809180942543263,3.6809180942543263,31.07,42,175789.8791711044,54273.98535362828,-1.6955192567739172,175789.8791711044,5.244993867628146,-1.5088890638285413,61769.345450579225,175789.8791711044
411462,9.145295431558276,FAT_024,FAT_024,1,Autologous,1.0,3.6809180942543263,3.6809180942543263,28.31,42,448552.7613437332,41040.836708881485,-3.4501456442661427,448552.7613437332,5.651813534588032,-0.5568254632846424,304924.53330447746,448552.7613437332
411463,4.210599648208923,FAT_024,FAT_024,1,Autologous,1.0,3.6809180942543263,3.6809180942543263,26.73,42,40479.07099630649,56847.21593220481,0.4899135152427336,40479.07099630649,4.607230536791044,-0.34017471169499386,31976.265763286814,40479.07099630649
411466,2.728214450038178,FAT_024,FAT_024,1,Autologous,1.0,3.6809180942543263,3.6809180942543263,23.67,42,1512.0003650031988,923.2712364476328,-0.7116320410310469,1512.0003650031988,3.1795518960057008,-0.38989027298537443,1153.9400023625237,1512.0003650031988
411467,2.8104418614326234,FAT_024,FAT_024,1,Autologous,1.0,3.6809180942543263,3.6809180942543263,27.37,42,7766.083507418034,22680.094018603188,1.5461674953701914,7766.083507418034,3.890202056132236,0.2163038848933688,9022.274030942215,7766.083507418034
411468,2.995720713925992,FAT_024,FAT_024,1,Autologous,1.0,3.6809180942543263,3.6809180942543263,27.59,42,6066.73615841298,4581.665041514687,-0.4050485808284624,6066.73615841298,3.7829551079427386,-0.24463776275389879,5120.4933125687985,6066.73615841298
411469,10.718154825874604,FAT_024,FAT_024,1,Autologous,1.0,3.6809180942543263,3.6809180942543263,29.85,42,1220540.253827185,121734.25588120145,-3.3257127734309213,1220540.253827185,6.086552107167167,-1.074766538371709,579448.8973653867,1220540.253827185
411470,4.608164440049592,FAT_024,FAT_024,1,Autologous,1.0,3.6809180942543263,3.6809180942543263,31.06,42,18509.88201938318,20916.93200674505,0.1763755600451274,18509.88201938318,4.26740365060087,-0.5299071220679259,12819.931715314078,18509.88201938318
411471,3.16154430028267,FAT_024,FAT_024,1,Autologous,1.0,3.6809180942543263,3.6809180942543263,28.72,42,10705.227074082411,30481.948982362057,1.5096397523226472,10705.227074082411,4.029595883771985,0.22802326947487267,12538.273171744455,10705.227074082411
411473,4.765417527832086,FAT_024,FAT_024,1,Autologous,1.0,3.6809180942543263,3.6809180942543263,29.04,42,64957.60751777226,53286.80938426898,-0.2857200444888261,64957.60751777226,4.812630020836505,-0.611684972754976,42510.331939139964,64957.60751777226
411474,3.0400111821771,FAT_024,FAT_024,1,Autologous,1.0,3.6809180942543263,3.6809180942543263,27.02,42,7679.022261911289,9697.086756967788,0.3366287611098487,7679.022261911289,3.885305926634575,0.2576847472839302,9180.720482280143,7679.022261911289
411475,3.82186754390749,FAT_024,FAT_024,1,Autologous,1.0,3.6809180942543263,3.6809180942543263,28.82,42,8106.614201868462,20420.3009395458,1.3328327365793868,8106.614201868462,3.908839505201008,0.30289975621178344,10000.493168324072,8106.614201868462
411479,3.7151102929050297,FAT_024,FAT_024,1,Autologous,1.0,3.6809180942543263,3.6809180942543263,30.29,42,6833.756751738219,79925.95376087601,3.5479132539510583,6833.756751738219,3.834659515981919,-0.9133767628645266,3628.321088594984,6833.756751738219
411483,4.460347152199995,FAT_024,FAT_024,1,Autologous,1.0,3.6809180942543263,3.6809180942543263,28.13,42,97927.37057885148,347144.50735577464,1.8257522920021256,97927.37057885148,4.99090409353982,-0.20780324283816623,84790.86860721745,97927.37057885148
411484,8.560987818243953,FAT_024,FAT_024,1,Autologous,1.0,3.6809180942543263,3.6809180942543263,27.82,42,113268.8844864386,28004.87981140499,-2.016001458443468,113268.8844864386,5.0541106234401365,-0.13121952789139207,103421.20879383739,113268.8844864386
411485,4.449604661676638,FAT_024,FAT_024,1,Autologous,1.0,3.6809180942543263,3.6809180942543263,29.4,42,99978.2690331306,283843.5220159952,1.5054093619085405,99978.2690331306,4.999905613354085,-0.3446624444238698,78732.10793819635,99978.2690331306
411486,3.975280216446511,FAT_024,FAT_024,1,Autologous,1.0,3.6809180942543263,3.6809180942543263,26.21,42,25073.638705942256,50951.54785872543,1.022954598345404,25073.638705942256,4.39921736368464,-0.4280865930871885,18635.903735808617,25073.638705942256
411487,7.31498725149937,FAT_024,FAT_024,1,Autologous,1.0,3.6809180942543263,3.6809180942543263,31.0,42,115522.55849987268,35423.30637769385,-1.7054038160614686,115522.55849987268,5.062666798733807,-0.2739055791791278,95546.1085135228,115522.55849987268
411489,4.677985541495959,FAT_024,FAT_024,1,Autologous,1.0,3.6809180942543263,3.6809180942543263,27.23,42,23480.08730084413,53284.983534757215,1.1822912457938015,23480.08730084413,4.370699707320227,-0.03080564278616665,22984.035554604554,23480.08730084413
411490,4.197806152204663,FAT_024,FAT_024,1,Autologous,1.0,3.6809180942543263,3.6809180942543263,30.71,42,6694.899575360373,5417.904117901666,-0.3053275530335042,6694.899575360373,3.825744066905318,-0.45892137463811467,4870.740223496423,6694.899575360373
411902,3.161728731555001,FAT_024,FAT_024,1,Autologous,1.0,3.6809180942543263,3.6809180942543263,31.82,42,6679.47100020728,11583.797919121816,0.7943025857686411,6679.47100020728,3.824742068644978,0.0756645587418539,7039.136232443616,6679.47100020728
411903,10.289872684310463,FAT_024,FAT_024,1,Autologous,1.0,3.6809180942543263,3.6809180942543263,26.62,42,528203.8826126626,208719.55247105315,-1.339529150313935,528203.8826126626,5.722801589205357,-1.4823424336090614,189047.9850529452,528203.8826126626
420247,2.416682612469802,FAT_024,FAT_024,1,Autologous,1.0,3.6809180942543263,3.6809180942543263,18.18,42,689.8777175597685,13.389563086254396,-5.6871598734005895,689.8777175597685,2.838772117845397,-0.08585425017332456,650.0210386444729,689.8777175597685
428125,3.3815985693668424,FAT_024,FAT_024,1,Autologous,1.0,3.6809180942543263,3.6809180942543263,26.43,42,14452.166754119497,21641.79426291455,0.5825343077906873,14452.166754119497,4.159932963965464,-0.24462163588868108,12198.165291397405,14452.166754119497
428126,2.939484499905956,FAT_024,FAT_024,1,Autologous,1.0,3.6809180942543263,3.6809180942543263,27.15,42,14550.248410449878,6893.190523405332,-1.0777999877333886,14550.248410449878,4.162870407917576,-0.3367347023976305,11521.344480001313,14550.248410449878
428127,2.842446066927078,FAT_024,FAT_024,1,Autologous,1.0,3.6809180942543263,3.6809180942543263,17.97,42,5234.695141228276,7283.313702418472,0.4764894655973789,5234.695141228276,3.7188913942598343,-0.11232314859046945,4842.6017799999245,5234.695141228276
428128,2.4751579316390524,FAT_024,FAT_024,1,Autologous,1.0,3.6809180942543263,3.6809180942543263,26.14,42,1072.2859731400235,1184.976333133514,0.1441685288339151,1072.2859731400235,3.03031062490332,-0.19882012345643535,934.2428956778359,1072.2859731400235
435590,5.191351839499143,FAT_024,FAT_024,1,Autologous,1.0,3.6809180942543263,3.6809180942543263,30.99,42,22601.760558200145,55898.99141909642,1.306387097506679,22601.760558200145,4.354142269719588,-0.31923627832695156,18115.176684565446,22601.760558200145
435591,3.1132027462370457,FAT_024,FAT_024,1,Autologous,1.0,3.6809180942543263,3.6809180942543263,30.59,42,4857.79709105984,16348.656528316618,1.7507979499482746,4857.79709105984,3.6864393704786966,-1.1479176766512933,2192.2077928972944,4857.79709105984
445970,4.772254226098549,FAT_024,FAT_024,1,Autologous,1.0,3.6809180942543263,3.6809180942543263,17.81,42,4994.450185272956,164156.65205398283,5.038603535141676,4994.450185272956,3.698487685826328,-0.4575470703906366,3637.0753056066483,4994.450185272956
445972,2.598801715910731,FAT_024,FAT_024,1,Autologous,1.0,3.6809180942543263,3.6809180942543263,25.15,42,5152.042060050987,22986.22812007528,2.157553472836364,5152.042060050987,3.711979399843504,-0.10998666705607803,4773.864785586781,5152.042060050987
445973,3.9498430990807294,FAT_024,FAT_024,1,Autologous,1.0,3.6809180942543263,3.6809180942543263,29.52,42,5802.246298645657,4269.444775003391,-0.4425630725110857,5802.246298645657,3.7635961601564736,-0.18615927035156113,5099.840996383256,5802.246298645657
445975,2.988183391819584,FAT_024,FAT_024,1,Autologous,1.0,3.6809180942543263,3.6809180942543263,20.24,42,2925.919073676015,1765.5964778738182,-0.7287342105987868,2925.919073676015,3.466262310052456,0.06046302925828377,3051.149554763339,2925.919073676015
449673,2.3532538663624565,FAT_024,FAT_024,1,Autologous,1.0,3.6809180942543263,3.6809180942543263,29.11,42,1643.1432538044965,9076.29792296872,2.465645701275054,1643.1432538044965,3.2156754280879625,-0.12792232607408704,1503.719981968099,1643.1432538044965
451640,2.3848303542809206,FAT_024,FAT_024,1,Autologous,1.0,3.6809180942543263,3.6809180942543263,25.98,42,2544.612859178124,878.8422316614251,-1.533770075992212,2544.612859178124,3.4056217175521444,-0.09442101202699091,2383.406726640021,2544.612859178124
457388,2.027707362177348,FAT_024,FAT_024,1,Autologous,1.0,3.6809180942543263,3.6809180942543263,30.59,42,5138.817567062621,20632.099482910184,2.005382293465906,5138.817567062621,3.71086320008946,-0.8637049291558363,2823.983201691954,5138.817567062621
457391,1.6596874176667895,FAT_024,FAT_024,1,Autologous,1.0,3.6809180942543263,3.6809180942543263,30.88,42,4278.123481736456,8195.021225291612,0.9377695615701024,4278.123481736456,3.631253315687312,-0.9024858445713164,2288.642749257805,4278.123481736456
457392,2.2193106622669845,FAT_024,FAT_024,1,Autologous,1.0,3.6809180942543263,3.6809180942543263,30.19,42,5936.695310694046,9980.702047794812,0.7494812275565376,5936.695310694046,3.773544760180923,-0.08597843951321434,5593.229903755486,5936.695310694046
457393,3.364576883546941,FAT_024,FAT_024,1,Autologous,1.0,3.6809180942543263,3.6809180942543263,29.75,42,15634.656835495904,202915.78548966575,3.69806164241307,15634.656835495904,4.194088353370057,-0.9632797176201023,8018.853221598218,15634.656835495904
457394,2.817850420936458,FAT_024,FAT_024,1,Autologous,1.0,3.6809180942543263,3.6809180942543263,30.99,42,14027.880937409414,32907.894366989785,1.2301366268522014,14027.880937409414,4.146992071121247,-0.6720058169334755,8804.367519686373,14027.880937409414
457395,1.6169948422233886,FAT_024,FAT_024,1,Autologous,1.0,3.6809180942543263,3.6809180942543263,30.99,42,3986.0825949100367,15037.087962367608,1.9154816966163049,3986.0825949100367,3.600546293396588,-0.4162784776503133,2986.9914885040653,3986.0825949100367
457412,7.389640910837471,FAT_024,FAT_024,1,Autologous,1.0,3.6809180942543263,3.6809180942543263,30.36,42,599935.7366637255,158058.92330120178,-1.924345486121515,599935.7366637255,5.778104732538552,-0.3728272067812442,463310.94525840355,599935.7366637255
469589,1.6199115246424045,FAT_024,FAT_024,1,Autologous,1.0,3.6809180942543263,3.6809180942543263,30.59,42,3454.8987932106616,10019.044887541811,1.5360296289541056,3454.8987932106616,3.538435329801703,-0.8514818303878532,1914.7574064660882,3454.8987932106616
469591,1.6433431823680045,FAT_024,FAT_024,1,Autologous,1.0,3.6809180942543263,3.6809180942543263,30.59,42,4348.654111007742,16624.968421096597,1.934710732741632,4348.654111007742,3.6383548655511406,-1.114409319872349,2008.5573326108683,4348.654111007742
469592,2.039911486360916,FAT_024,FAT_024,1,Autologous,1.0,3.6809180942543263,3.6809180942543263,30.59,42,5437.470700383224,16752.169270416012,1.6233402979337024,5437.470700383224,3.735396929788685,-0.7261623936545394,3287.0042648610356,5437.470700383224
469593,2.968964611224038,FAT_024,FAT_024,1,Autologous,1.0,3.6809180942543263,3.6809180942543263,30.99,42,14901.799515723947,32481.862814245324,1.1241478139583785,14901.799515723947,4.173238716235067,-0.7578597136297417,8812.5219134147,14901.799515723947
469596,3.6461634919457673,FAT_024,FAT_024,1,Autologous,1.0,3.6809180942543263,3.6809180942543263,28.15,42,12335.145834898543,14342.04791489022,0.2174762702595107,12335.145834898543,4.091144288395459,0.23525777250505547,14519.910340511356,12335.145834898543
470146,8.867355252342659,FAT_024,FAT_024,1,Autologous,1.0,3.6809180942543263,3.6809180942543263,28.01,42,506480.4487971065,168152.82801872585,-1.5907335365366213,506480.4487971065,5.704562685346025,-0.8419766713990602,282554.6452710419,506480.4487971065
471872,2.5677227118458856,FAT_024,FAT_024,1,Autologous,1.0,3.6809180942543263,3.6809180942543263,26.78,42,2173.2250144215072,115.63713574492434,-4.232160873152232,2173.2250144215072,3.3371046952401606,-0.4830783678947451,1554.832522630668,2173.2250144215072
471875,8.448554393489662,FAT_024,FAT_024,1,Autologous,1.0,3.6809180942543263,3.6809180942543263,29.18,42,80338.79490432449,84484.49137524172,0.0725897125986738,80338.79490432449,4.904925312952943,-0.4951495786292086,56999.420122320684,80338.79490432449
476272,2.883976295377677,FAT_024,FAT_024,1,Autologous,1.0,3.6809180942543263,3.6809180942543263,29.6,42,3730.409063801624,5119.682030980545,0.4567203711641523,3730.409063801624,3.571756457656132,-0.012167222260230275,3699.080297161293,3730.409063801624
478749,2.5046925631138457,FAT_024,FAT_024,1,Autologous,1.0,3.6809180942543263,3.6809180942543263,29.95,42,2616.245529531774,4316.308245805281,0.722299956151514,2616.245529531774,3.4176784992535403,-0.004006506421692976,2608.990036928043,2616.245529531774
479437,3.3234312293380768,FAT_024,FAT_024,1,Autologous,1.0,3.6809180942543263,3.6809180942543263,24.48,42,2725.347596685795,1494.7621336291272,-0.8665243241250266,2725.347596685795,3.435421900996265,-0.012859488895922623,2701.163105120128,2725.347596685795
483216,2.643826698652964,FAT_024,FAT_024,1,Autologous,1.0,3.6809180942543263,3.6809180942543263,29.11,42,2491.714887224659,17825.16016682813,2.838704136447749,2491.714887224659,3.396498346980328,-0.19991411320169752,2169.292937566626,2491.714887224659
483217,3.0008657851488527,FAT_024,FAT_024,1,Autologous,1.0,3.6809180942543263,3.6809180942543263,30.63,42,4277.021440654092,7633.876808676769,0.8358094658745778,4277.021440654092,3.631141427374983,-0.8841164634226074,2317.3725175504155,4277.021440654092
483218,3.918285764878669,FAT_024,FAT_024,1,Autologous,1.0,3.6809180942543263,3.6809180942543263,28.19,42,46125.92950233884,63459.2256307988,0.4602519328951789,46125.92950233884,4.663945130899784,-0.4592128622022442,33551.21754621848,46125.92950233884
484020,2.970275200351443,FAT_024,FAT_024,1,Autologous,1.0,3.6809180942543263,3.6809180942543263,25.15,42,1596.857528345215,965.265775218158,-0.726237468958219,1596.857528345215,3.2032661701061427,-0.32722248252310815,1272.8065090881444,1596.857528345215
500632,4.226047031543686,FAT_024,FAT_024,1,Autologous,1.0,3.6809180942543263,3.6809180942543263,27.33,42,43690.41871031474,36160.34096394176,-0.2729086507101283,43690.41871031474,4.64038620682236,0.07133994456511114,45905.1773966879,43690.41871031474
511680,3.3420772240163488,FAT_024,FAT_024,1,Autologous,1.0,3.6809180942543263,3.6809180942543263,26.86,42,24902.82233817586,30651.75298695592,0.2996603265680341,24902.82233817586,4.396248570245735,-0.9097174692935972,13255.506420582164,24902.82233817586
515619,7.415507567222413,FAT_024,FAT_024,1,Autologous,1.0,3.6809180942543263,3.6809180942543263,29.62,42,717546.6630146777,1257222.1552314155,0.8090950408454493,717546.6630146777,5.855850149072682,-0.5385776725821922,493994.5011332202,717546.6630146777
515620,9.435594613489949,FAT_024,FAT_024,1,Autologous,1.0,3.6809180942543263,3.6809180942543263,31.6,42,74457.20164774863,57099.79178133188,-0.3829259111705761,74457.20164774863,4.871906709940679,-1.2936806503752007,30371.7648937309,74457.20164774863
518635,3.683001455668812,FAT_024,FAT_024,1,Autologous,1.0,3.6809180942543263,3.6809180942543263,25.8,42,2042.0821256202091,767.4654114439452,-1.411867250804314,2042.0821256202091,3.3100732039538654,0.3011897806429658,2516.1722149955835,2042.0821256202091
518636,3.8210327181833454,FAT_024,FAT_024,1,Autologous,1.0,3.6809180942543263,3.6809180942543263,28.81,42,7801.348822053676,21106.211739464376,1.435872172108689,7801.348822053676,3.892169696963818,0.3199770015066309,9738.506811113488,7801.348822053676
518637,7.763330068476814,FAT_024,FAT_024,1,Autologous,1.0,3.6809180942543263,3.6809180942543263,18.67,42,92357.6549485846,37849.8603788255,-1.286943563751308,92357.6549485846,4.965472897222412,-0.09592397727810727,86416.54576881498,92357.6549485846
521003,2.891474452910936,FAT_024,FAT_024,1,Autologous,1.0,3.6809180942543263,3.6809180942543263,19.03,42,1308.122764765887,733.9915037283091,-0.8336626728470902,1308.122764765887,3.1166485035895595,-0.27452154137703894,1081.4570725111878,1308.122764765887
525259,3.070946496198082,FAT_024,FAT_024,1,Autologous,1.0,3.6809180942543263,3.6809180942543263,27.86,42,2996.449702947301,3152.024873805069,0.0730247620008203,2996.449702947301,3.476606992222468,-0.36716515455591514,2323.1607804857917,2996.449702947301
525362,2.143360588166728,FAT_024,FAT_024,1,Autologous,1.0,3.6809180942543263,3.6809180942543263,22.5,42,1314.73501126007,1366.9526678057898,0.0561912396001053,1314.73501126007,3.11883822830531,-0.064422671907923,1257.3178223029142,1314.73501126007
536231,6.518202113264775,FAT_024,FAT_024,1,Autologous,1.0,3.6809180942543263,3.6809180942543263,31.15,42,249615.61127865853,374086.1341348303,0.5836623269801854,249615.61127865853,5.397271743190518,-0.6661132326338417,157308.31518087,249615.61127865853
537007,3.9856163398112585,FAT_024,FAT_024,1,Autologous,1.0,3.6809180942543263,3.6809180942543263,29.22,42,8308.287719941047,10335.525469580554,0.3149886554710348,8308.287719941047,3.9195115279472064,-0.3997867975239111,6297.435238820398,8308.287719941047
537012,3.464144850353167,FAT_024,FAT_024,1,Autologous,1.0,3.6809180942543263,3.6809180942543263,29.72,42,9504.00229430582,407916.08250525984,5.423593393330298,9504.00229430582,3.977906532477632,-0.3659588745735074,7374.658838083485,9504.00229430582
537937,0.9669205322107696,FAT_024,FAT_024,1,Autologous,1.0,3.6809180942543263,3.6809180942543263,25.23,42,11743.34977366916,17920.71295794367,0.6097840408981595,11743.34977366916,4.069791996461194,0.06785165016568942,12308.847142080836,11743.34977366916
545696,2.3796441509753765,FAT_024,FAT_024,1,Autologous,1.0,3.6809180942543263,3.6809180942543263,17.82,42,2410.163847129734,5851.847685197092,1.2797609920738984,2410.163847129734,3.3820465676726053,0.23930852165377253,2845.021881099966,2410.163847129734
547043,8.083844612567143,FAT_024,FAT_024,1,Autologous,1.0,3.6809180942543263,3.6809180942543263,24.99,42,106745.903319927,20262.06064852643,-2.397327894767796,106745.903319927,5.028351216721045,-0.07704364521721718,101194.9333122813,106745.903319927
548480,0.9666162302321536,FAT_024,FAT_024,1,Autologous,1.0,3.6809180942543263,3.6809180942543263,25.09,42,10510.165802504012,16377.26150400089,0.6399087107113737,10510.165802504012,4.021609567269404,-0.038394713055991445,10234.145968261182,10510.165802504012
552396,2.9486618514928824,FAT_024,FAT_024,1,Autologous,1.0,3.6809180942543263,3.6809180942543263,23.33,42,3319.3477400799084,4035.127420993939,0.2817144552227541,3319.3477400799084,3.521052752163631,0.008864019824686997,3339.804826646418,3319.3477400799084
552398,4.966081237126355,FAT_024,FAT_024,1,Autologous,1.0,3.6809180942543263,3.6809180942543263,29.38,42,19661.5149504534,61675.97927431128,1.6493342295552682,19661.5149504534,4.293616977853908,-0.6062706773411091,12915.502817180666,19661.5149504534
556270,2.601671002585767,FAT_024,FAT_024,1,Autologous,1.0,3.6809180942543263,3.6809180942543263,28.34,42,3658.776393447974,2912.838587764252,-0.3289354898010564,3658.776393447974,3.563335868339004,-0.08913649317061628,3439.561746032082,3658.776393447974
563193,4.541647698639959,FAT_024,FAT_024,1,Autologous,1.0,3.6809180942543263,3.6809180942543263,30.59,42,14455.472877366588,52026.973221153225,1.8476439739116668,14455.472877366588,4.160032303178715,-1.3540530921639626,5654.858038440513,14455.472877366588
565040,1.0174297171947315,FAT_024,FAT_024,1,Autologous,1.0,3.6809180942543263,3.6809180942543263,25.09,42,10240.16573732487,15321.311869698557,0.5813007660741876,10240.16573732487,4.010306985763166,0.0752121612937562,10788.17797146126,10240.16573732487
565042,0.9447155286443716,FAT_024,FAT_024,1,Autologous,1.0,3.6809180942543263,3.6809180942543263,25.09,42,11228.696588205245,16952.404100205906,0.5942994118600979,11228.696588205245,4.05032934687563,0.09561325663626646,11998.081429270727,11228.696588205245
566550,2.5187510919851777,FAT_024,FAT_024,1,Autologous,1.0,3.6809180942543263,3.6809180942543263,29.11,42,3017.388483512214,7005.175960126733,1.2151208366564257,3017.388483512214,3.479631228432939,0.1422813724819957,3330.1376814093132,3017.388483512214
566552,5.496255412263144,FAT_024,FAT_024,1,Autologous,1.0,3.6809180942543263,3.6809180942543263,25.62,42,11335.594573194536,2838.587374285932,-1.9976150102572288,11335.594573194536,4.05444430462004,0.06324292502121553,11843.561568581697,11335.594573194536
568816,3.1401716254391063,FAT_024,FAT_024,1,Autologous,1.0,3.6809180942543263,3.6809180942543263,23.68,42,4767.429722306004,3728.384703017929,-0.3546609434682889,4767.429722306004,3.6782842997380407,-0.228732953307575,4068.4484709342373,4767.429722306004
585394,4.093721092703061,FAT_024,FAT_024,1,Autologous,1.0,3.6809180942543263,3.6809180942543263,30.74,42,56161.115598344026,115687.65091474976,1.0425913730031284,56161.115598344026,4.74943572614085,-0.3209839566924127,44958.3047698127,56161.115598344026
585543,3.423475128673155,FAT_024,FAT_024,1,Autologous,1.0,3.6809180942543263,3.6809180942543263,30.29,42,14783.881119911017,195393.2855012065,3.724283925324723,14783.881119911017,4.169788461642926,-1.280925347985785,6084.032281024748,14783.881119911017
586220,2.270724485632494,FAT_024,FAT_024,1,Autologous,1.0,3.6809180942543263,3.6809180942543263,23.29,42,584.0817736528392,51.12378632933497,-3.5141037717770693,584.0817736528392,2.766473654235757,-0.4140587209868669,438.35862827311263,584.0817736528392
592028,3.3072669417013523,FAT_024,FAT_024,1,Autologous,1.0,3.6809180942543263,3.6809180942543263,21.11,42,1958.327003360557,105.89927168219388,-4.208857115285218,1958.327003360557,3.291885212440269,-0.20251565404957902,1701.8525353314842,1958.327003360557
622312,5.716904825364177,FAT_024,FAT_024,1,Autologous,1.0,3.6809180942543263,3.6809180942543263,28.89,42,134727.82844222744,237241.7563107907,0.8163100826497562,134727.82844222744,5.129457309833159,-0.8701464840079569,73708.4226614697,134727.82844222744
626939,5.243006668181363,FAT_024,FAT_024,1,Autologous,1.0,3.6809180942543263,3.6809180942543263,26.95,42,6859.103696632586,12708.521218367185,0.8897041943013567,6859.103696632586,3.8362673686166007,0.15368560656817298,7630.119611281635,6859.103696632586
645463,2.98738214086062,FAT_024,FAT_024,1,Autologous,1.0,3.6809180942543263,3.6809180942543263,28.02,42,2887.3476357932805,3606.661402233798,0.3209191694312018,2887.3476357932805,3.4604990759547136,-0.4504167747002964,2113.0516667283337,2887.3476357932805
649757,5.507752423503332,FAT_024,FAT_024,1,Autologous,1.0,3.6809180942543263,3.6809180942543263,27.82,42,97594.5541719776,22263.80032992146,-2.132100771671551,97594.5541719776,4.989425584479755,-0.6009770170522646,64344.80301112878,97594.5541719776
657308,3.467228592006544,FAT_024,FAT_024,1,Autologous,1.0,3.6809180942543263,3.6809180942543263,20.15,42,6470.083194558149,3615.1820332886873,-0.8397159707651,6470.083194558149,3.810909865012632,-0.16152297160901077,5784.776783878924,6470.083194558149
657313,7.7854107974633235,FAT_024,FAT_024,1,Autologous,1.0,3.6809180942543263,3.6809180942543263,30.1,42,61763.89246108183,74496.48592939986,0.2704086974108776,61763.89246108183,4.790734658135638,-0.1052937876108983,57416.67907396636,61763.89246108183
657314,5.577462563965286,FAT_024,FAT_024,1,Autologous,1.0,3.6809180942543263,3.6809180942543263,30.01,42,138826.3192275386,47478.173470850255,-1.5479447661703596,138826.3192275386,5.142471809142754,-0.7269573353490537,83875.63973515457,138826.3192275386
657317,7.564919899965912,FAT_024,FAT_024,1,Autologous,1.0,3.6809180942543263,3.6809180942543263,31.02,42,794827.2939154424,1377131.7788338629,0.7929532988381672,794827.2939154424,5.900272772118377,-0.4932260117942681,564672.9032741259,794827.2939154424
657319,4.407738710710091,FAT_024,FAT_024,1,Autologous,1.0,3.6809180942543263,3.6809180942543263,26.02,42,17173.106186475838,31399.13405377048,0.8705737615779231,17173.106186475838,4.234848855302947,0.09087389044831072,18289.617466260137,17173.106186475838
657321,10.85427351476782,FAT_024,FAT_024,1,Autologous,1.0,3.6809180942543263,3.6809180942543263,25.04,42,524001.7999656093,210424.2872985349,-1.316270536507133,524001.7999656093,5.719332778803935,-1.4584264061915073,190678.92028167052,524001.7999656093
657322,4.5259750413046085,FAT_024,FAT_024,1,Autologous,1.0,3.6809180942543263,3.6809180942543263,29.23,42,87239.77616208688,253101.69378645904,1.536659188706076,87239.77616208688,4.940714542604792,-0.5140823489485409,61088.62293375535,87239.77616208688
657323,8.637917893967632,FAT_024,FAT_024,1,Autologous,1.0,3.6809180942543263,3.6809180942543263,29.77,42,856205.4719976969,255434.5208459869,-1.745003543736891,856205.4719976969,5.932577999077374,-0.6396129504011666,549585.5625216386,856205.4719976969
658089,8.056231699745913,FAT_024,FAT_024,1,Autologous,1.0,3.6809180942543263,3.6809180942543263,27.62,42,98292.14617711391,24462.123142082863,-2.006526520530642,98292.14617711391,4.992518817850377,-0.5652037077473026,66431.72782346909,98292.14617711391
658659,2.9961913515157663,FAT_024,FAT_024,1,Autologous,1.0,3.6809180942543263,3.6809180942543263,27.88,42,4931.633843578217,6537.149868611748,0.4065960836224256,4931.633843578217,3.6929908242868983,-0.26913003305737826,4092.3673548274387,4931.633843578217
665943,3.308441600685756,FAT_024,FAT_024,1,Autologous,1.0,3.6809180942543263,3.6809180942543263,23.67,42,2990.9394975354817,1570.8391966192091,-0.929063224430152,2990.9394975354817,3.4758076279586865,0.29365621568155903,3666.122372413333,2990.9394975354817
665951,4.115440328320305,FAT_024,FAT_024,1,Autologous,1.0,3.6809180942543263,3.6809180942543263,29.93,42,18776.575961315237,19997.921085824863,0.0909160287041739,18776.575961315237,4.273616398543271,-0.42844870341103863,13952.12913372356,18776.575961315237
665953,2.267601301114584,FAT_024,FAT_024,1,Autologous,1.0,3.6809180942543263,3.6809180942543263,29.11,42,1735.7147047230596,13969.57461449078,3.008686350070756,1735.7147047230596,3.239478342760587,-0.06171485998486609,1663.030900036895,1735.7147047230596
717960,5.956960275996538,FAT_024,FAT_024,1,Autologous,1.0,3.6809180942543263,3.6809180942543263,17.34,42,25958.57769508043,29893.416823070784,0.2036164684240102,25958.57769508043,4.41428089320922,0.18578186513551553,29526.149015612227,25958.57769508043
717962,8.38888338176634,FAT_024,FAT_024,1,Autologous,1.0,3.6809180942543263,3.6809180942543263,28.91,42,66431.03644489273,56567.252340401305,-0.2318903270698776,66431.03644489273,4.822371028277562,-0.19142188503021054,58176.461055642576,66431.03644489273
718252,6.910903085983916,FAT_024,FAT_024,1,Autologous,1.0,3.6809180942543263,3.6809180942543263,28.53,42,201023.31383398944,543904.7455247869,1.4359911844770312,201023.31383398944,5.303246427979193,-0.9853086218991146,101540.42522874672,201023.31383398944
742726,3.984094743176796,FAT_024,FAT_024,1,Autologous,1.0,3.6809180942543263,3.6809180942543263,24.86,42,6045.797377848066,119329.00345770703,4.302868300521281,6045.797377848066,3.781453587903479,-0.8501431198084358,3353.7833802005516,6045.797377848066
742733,2.6035747143241563,FAT_024,FAT_024,1,Autologous,1.0,3.6809180942543263,3.6809180942543263,31.17,42,3170.572193960789,13940.36102230259,2.136452791560816,3170.572193960789,3.501137646525294,0.05434085858580166,3292.2732622548997,3170.572193960789
742740,4.479797245542659,FAT_024,FAT_024,1,Autologous,1.0,3.6809180942543263,3.6809180942543263,28.76,42,14754.12601068719,31495.295461389946,1.0940178829352154,14754.12601068719,4.168913488320707,0.5106359013774128,21019.87899011201,14754.12601068719
742741,3.308093225325082,FAT_024,FAT_024,1,Autologous,1.0,3.6809180942543263,3.6809180942543263,28.31,42,4442.327603008669,8548.018797565592,0.9442742910574132,4442.327603008669,3.647610582788019,-0.27692882778334443,3666.4578693975254,4442.327603008669
742742,3.2069926312148915,FAT_024,FAT_024,1,Autologous,1.0,3.6809180942543263,3.6809180942543263,29.51,42,1657.4697878752263,1076.033978931717,-0.6232589373914738,1657.4697878752263,3.2194456208905917,-1.1800579475709656,731.497391952065,1657.4697878752263
742818,2.968591432990968,FAT_024,FAT_024,1,Autologous,1.0,3.6809180942543263,3.6809180942543263,22.83,42,1574.816706697938,761.9878629086593,-1.047343999268466,1574.816706697938,3.1972300134259384,-0.6292527807873215,1018.1366042162421,1574.816706697938
748224,8.132793570754359,FAT_024,FAT_024,1,Autologous,1.0,3.6809180942543263,3.6809180942543263,29.49,42,205505.3149159632,377333.7117997508,0.8766652930285956,205505.3149159632,5.312823058371824,-1.0658327283610156,98169.2417990547,205505.3149159632
759350,2.703290795719896,FAT_024,FAT_024,1,Autologous,1.0,3.6809180942543263,3.6809180942543263,26.44,42,3633.4294485536057,5322.959943290043,0.550896816305552,3633.4294485536057,3.560316731778121,-0.31816869994853,2914.327869269617,3633.4294485536057
762984,5.70551162814616,FAT_024,FAT_024,1,Autologous,1.0,3.6809180942543263,3.6809180942543263,30.29,42,10374.61474937326,47260.897378950576,2.1875892586697225,10374.61474937326,4.015971978605548,-0.6428254923579674,6644.498740384926,10374.61474937326
862962,2.820761122647854,FAT_024,FAT_024,1,Autologous,1.0,3.6809180942543263,3.6809180942543263,30.19,42,6480.001564299423,12410.907747949988,0.9375425731932072,6480.001564299423,3.8115751107111056,-0.4616681820078808,4705.42808045799,6480.001564299423
888048,3.962531474396568,FAT_024,FAT_024,1,Autologous,1.0,3.6809180942543263,3.6809180942543263,23.96,42,2683.470035555969,1191.0624981727208,-1.1718506614481687,2683.470035555969,3.428696750185621,-0.08777261705366352,2525.0766137628016,2683.470035555969
890402,1.080800511636263,FAT_024,FAT_024,1,Autologous,1.0,3.6809180942543263,3.6809180942543263,25.09,42,11191.22719140487,16078.430800575848,0.5227583653692663,11191.22719140487,4.048877712375794,-0.03575608491291021,10917.270178862038,11191.22719140487
904306,4.6102453107907335,FAT_024,FAT_024,1,Autologous,1.0,3.6809180942543263,3.6809180942543263,25.52,42,10179.55347779486,721.2105571459754,-3.819109954085621,10179.55347779486,4.007728728257828,-0.28286158395880595,8367.176049766316,10179.55347779486
999410,3.801297468786868,FAT_024,FAT_024,1,Autologous,1.0,3.6809180942543263,3.6809180942543263,31.57,42,13732.533927335902,22674.616470067904,0.723480292330909,13732.533927335902,4.13775068065437,-0.03877293738869933,13368.38250796631,13732.533927335902
999412,2.6586605855457672,FAT_024,FAT_024,1,Autologous,1.0,3.6809180942543263,3.6809180942543263,30.37,42,3546.3682030468613,5262.098292897978,0.5692958650671895,3546.3682030468613,3.549783824397979,-0.4609562174293086,2576.4527143653518,3546.3682030468613
999413,5.006575032071636,FAT_024,FAT_024,1,Autologous,1.0,3.6809180942543263,3.6809180942543263,27.68,42,12769.3500213499,4881.1043614436485,-1.387405588606913,12769.3500213499,4.10616879159973,0.3689842282888753,16490.890662322396,12769.3500213499
1042156,3.160918969084615,FAT_024,FAT_024,1,Autologous,1.0,3.6809180942543263,3.6809180942543263,29.17,42,2357.2658751762697,2878.756063544696,0.2883310559564456,2357.2658751762697,3.372408569206496,-0.9475157570034266,1222.3002623716022,2357.2658751762697
1121114,3.0253314031673346,FAT_024,FAT_024,1,Autologous,1.0,3.6809180942543263,3.6809180942543263,30.63,42,6418.287263687048,7608.923532016021,0.2455040018748625,6418.287263687048,3.807419150939949,-0.41570224642707415,4811.497954509356,6418.287263687048
1121115,7.413834235606126,FAT_024,FAT_024,1,Autologous,1.0,3.6809180942543263,3.6809180942543263,29.66,42,424498.5106389775,142390.70002426847,-1.57590456954535,424498.5106389775,5.627876170852272,-0.4072186279694982,320104.0353386695,424498.5106389775
1121333,4.447109944649816,FAT_024,FAT_024,1,Autologous,1.0,3.6809180942543263,3.6809180942543263,27.95,42,6326.817853850848,4482.46055137562,-0.4971891754533266,6326.817853850848,3.8011853315025874,-0.11527321750322023,5840.965423010508,6326.817853850848
1121864,2.8133268679875085,FAT_024,FAT_024,1,Autologous,1.0,3.6809180942543263,3.6809180942543263,26.71,42,1200.1227386942298,398.035193564108,-1.5922140583240922,1200.1227386942298,3.079225664390743,-0.39646448549534846,911.7545977742551,1200.1227386942298
1123075,2.4329218909610346,FAT_024,FAT_024,1,Autologous,1.0,3.6809180942543263,3.6809180942543263,29.66,42,1988.082112584381,3478.8519364104604,0.8072339327351673,1988.082112584381,3.298434317840891,-0.33127911198891913,1580.190215018302,1988.082112584381
1123263,4.516257174378258,FAT_024,FAT_024,1,Autologous,1.0,3.6809180942543263,3.6809180942543263,14.87,42,5754.858532104012,10776.772434923028,0.905072797008076,5754.858532104012,3.7600346521218935,-0.7502449208315318,3421.2784894087476,5754.858532104012
1123313,2.336045486760824,FAT_024,FAT_024,1,Autologous,1.0,3.6809180942543263,3.6809180942543263,26.01,42,997.347179539282,2087.5546084478447,1.0656462339843389,997.347179539282,2.9988463638401712,-0.012354498149793952,988.8428765776736,997.347179539282
1150460,6.340506906561349,FAT_024,FAT_024,1,Autologous,1.0,3.6809180942543263,3.6809180942543263,25.62,42,11471.14562632529,2628.0060639293856,-2.1259689711927856,11471.14562632529,4.059606793171179,-0.5315481526382544,7935.875668261569,11471.14562632529
1160721,6.098484288452024,FAT_024,FAT_024,1,Autologous,1.0,3.6809180942543263,3.6809180942543263,26.89,42,27519.06786770764,15803.944757307632,-0.8001468950681255,27519.06786770764,4.439633719288511,-0.7544723296519877,16312.28937784441,27519.06786770764
1203606,6.367915608165158,FAT_024,FAT_024,1,Autologous,1.0,3.6809180942543263,3.6809180942543263,29.5,42,35824.04946440159,76335.11638774416,1.0914184663877593,35824.04946440159,4.554174675891661,0.06297834922673376,37422.52163068155,35824.04946440159
1203611,3.746318253968763,FAT_024,FAT_024,1,Autologous,1.0,3.6809180942543263,3.6809180942543263,24.03,42,4250.57245467736,221176.1064567972,5.701394577860087,4250.57245467736,3.62844742350101,-0.09894606217633761,3968.8226343460587,4250.57245467736
1211844,3.887965079033763,FAT_024,FAT_024,1,Autologous,1.0,3.6809180942543263,3.6809180942543263,26.51,42,3632.327407471241,1272.0084931941678,-1.5137859453202411,3632.327407471241,3.560184987660046,-0.19084906620294054,3182.2455957232305,3632.327407471241
1215915,3.9794574671686456,FAT_024,FAT_024,1,Autologous,1.0,3.6809180942543263,3.6809180942543263,27.78,42,2928.1231558407426,1319.4805804999787,-1.150006116241903,2928.1231558407426,3.4665893390452456,-0.9452983172937169,1520.6392310784622,2928.1231558407426
1256908,9.354332471524136,FAT_024,FAT_024,1,Autologous,1.0,3.6809180942543263,3.6809180942543263,29.47,42,244326.91612439445,377580.20148383867,0.6279703126211529,244326.91612439445,5.387971313393373,-1.1746353061555421,108235.78025997557,244326.91612439445
1282887,2.768698093132669,FAT_024,FAT_024,1,Autologous,1.0,3.6809180942543263,3.6809180942543263,29.51,42,1211.1431495178683,1346.8683231764082,0.1532394197465127,1211.1431495178683,3.0831954770584584,-0.386920414583189,926.2342290438634,1211.1431495178683
1322347,0.9611889356596884,FAT_024,FAT_024,1,Autologous,1.0,3.6809180942543263,3.6809180942543263,25.09,42,11322.370080206168,17252.45203663879,0.60762543704469,11322.370080206168,4.053937346023287,0.11293524039147204,12244.307870471248,11322.370080206168
1384484,3.917417942840565,FAT_024,FAT_024,1,Autologous,1.0,3.6809180942543263,3.6809180942543263,25.0,42,9623.022731201116,3514.760310141779,-1.4530638289052769,9623.022731201116,3.9833115116720696,-0.3968709723482794,7308.722025875115,9623.022731201116
1408437,4.610149921653909,FAT_024,FAT_024,1,Autologous,1.0,3.6809180942543263,3.6809180942543263,26.48,42,6714.736314842922,9296.008480884077,0.4692806382586341,6714.736314842922,3.827028962759437,0.027984953918219983,6846.258187537473,6714.736314842922
1410647,5.693706834956101,FAT_024,FAT_024,1,Autologous,1.0,3.6809180942543263,3.6809180942543263,25.61,42,7152.24662454137,1708.9951430091976,-2.065248187687208,7152.24662454137,3.854442481435337,-0.108664131330876,6633.325646972868,7152.24662454137
1437612,5.971400158721197,FAT_024,FAT_024,1,Autologous,1.0,3.6809180942543263,3.6809180942543263,25.15,42,68242.79198429889,15682.830073027422,-2.121490745098168,68242.79198429889,4.834056786602757,-0.07933669202936645,64591.30551251165,68242.79198429889
