taxon_id,ERR12542609,ERR12542610,ERR12542611,ERR12542612,ERR12542613,ERR12542614,ERR12542615,ERR12542616,ERR12542617,ERR12542618,ERR12542619,ERR12542620,ERR12542621,ERR12542622,ERR12542623,ERR12542624,ERR12542625,ERR12542626,ERR12542627,ERR12542628,ERR12542629,ERR12542630,ERR12542631,ERR12542632,ERR12542633,ERR12542634,ERR12542635,ERR12542636,ERR12542637,ERR12542638,ERR12542639,ERR12542640,ERR12542641,ERR12542642,ERR12542643,ERR12542644,ERR12542645,ERR12542646,ERR12542647,ERR12542648,ERR12542649,ERR12542650,ERR12542651,ERR12542652,ERR12542653,ERR12542654,ERR12542655,ERR12542656,ERR12542657,ERR12542658,ERR12542659,ERR12542660,ERR12542661,ERR12542662,ERR12542663
329,49,9,5,38,15,7,29,8,39,22,24,33,145,31,52,59,46,16,52,39,23,81,20,99,20,36,10,46,106,36,28,2,3,29,18,75,124,12,18,135,41,41,14,127,81,5,10,2,10,15,3,11,20,7,31
561,257,6848,29687,232,44,128,647,46080,1163,827,7921,19397,768994,650,385,2953,121,481840,5,137,23,390391,342870,187,162,34476,2034,10371,117006,31672,110,375,28188,48,57,20,45,89,3,1311,1852,34780,6482,681,4565,22,17538,14,16,74,248,299,379,10,169
818,4562,5081,16247,3724,1244,21377,172522,9779,11594,5564,421,973,46942,821,20643,13594,19211,17538,14868,7377,28406,33620,14813,121715,18964,72783,21521,87799,28293,22322,74746,16477,22817,27160,58308,2042,7286,9184,779,21661,1344,10576,8484,2736,7007,1602,12832,1989,35356,22425,50688,32174,30448,54208,41798
904,2008,1057,728,1680,957,1185,1361,823,1881,2092,2797,16543,11639,5672,45185,2462,3070,1556,1207,3274,389,1850,865,1359,908,1249,495,989,1983,648,431,180,130,458,173,648,47381,13481,11538,117843,3323,67350,25965,64033,65787,4201,21560,6921,6103,10509,658,689,573,38385,996
1246,8,1,2,2,4,5,51,41,14,15,3,3,7,15,13,532,355,163,22,36,4,2,10,14,9,1,3,3,404,47,33,2,1,12,0,1,3,0,2,12,2,116,1,20,10,469,96,31,44,26,48,81,13,15,38
1350,6,1,2,3,8,11,18,53,32,10,6,4,3,25,8,99,112,2858,25,57,4,8,36,20,12,69,13,8,8,27,15,3,1,6,2,22,0,4,1,11405,0,41,6,21,14,120,3265,20,36,35,13,14,16,66,211
1547,94,126,944,72,52,2299,1045,3047,1580,1482,353,415,581,1310,165,1381,212,548,173,121,658,639,949,358,756,2233,1001,1046,2013,626,321,830,1411,310,372,111,100,498,122,568,28,286,78,153,474,2762,2635,2964,2564,1300,528,1045,706,1169,1033
28112,243,93,33,155,81,3,17,17,11,5,3,8,155,22,62,86,167,108,33,51,34,78,24,112,20,80,81,76,218,150,49,6,13,29,17,75,107,42,6,132,14,50,27,51,50,5,29,4,22,33,65,27,88,5,58
66692,37,7,7,25,52,9,4,23,11,10,20,16,24,12,13,16,46,30,71,14,20,5,3,17,24,6,11,13,23,19,6,4,2,9,1,31,8,7,1,22,31,38,12,27,36,13,11,3,57,51,9,11,25,0,84
85962,1,0,0,0,0,0,1,0,0,0,0,2,0,1,0,0,1,0,0,1,0,0,0,0,0,0,0,1,0,2,0,0,0,1,0,0,0,0,0,3,1,1,0,0,3,0,0,0,3,0,0,0,0,0,2
176280,9,1,3,5,10,6,0,6,19,3,17,3,8,26,0,10,5,3,11,0,11,3,1,4,2,15,7,3,47,2,15,4,5,10,2,15,15,3,1,19,7,3,5,8,2,62,59,4,22,26,4,6,11,10,19
190304,8,1,1,4,10,1,3,2,2,0,1,0,5,0,1,10,9,11,15,4,8,3,6,1,4,470,1,7,10,5,18,9,0,28,2,15,3,5,1,6,16,27,18,14,26,65,48,2,38,30,17,17,27,15,65
192222,0,1,0,1,7,0,2,0,1,1,0,0,0,0,0,3,3,0,4,1,0,0,0,3,0,1,2,1,3,1,2,0,0,1,0,3,0,2,0,1,0,1,0,1,3,3,2,0,5,2,0,1,1,1,4
195103,152,20,28,81,83,21,30,132,61,54,74,141,115,110,62,3687,186,267,156,29,35,68,57,65,41,174,146,217,137,99,140,49,15,178,27,375,23,217,7,74,67,157,172,128,111,168,478,93,239,340,61,174,113,306,279
203267,4,0,0,1,2,1,0,1,1,2,0,0,1,3,0,1,0,2,3,1,0,0,0,1,0,0,0,2,3,1,0,0,0,1,2,3,0,0,0,4,4,1,0,4,3,0,2,1,0,0,0,1,1,1,1
205913,25421,2739,7884,14686,4304,613,2377,23334,7903,7414,206,35456,363,73596,17493,6947,11891,11156,200,33322,174,816,201,7020,1489,21709,24394,23449,137217,38312,4615,4370,5544,5129,958,6426,937,1113,8793,8003,3286,7298,3573,12341,4297,8757,10681,13688,23760,1830,1062,6280,2421,5779,39606
205921,13,4,15,12,3,13,21,35,75,23,11,9,16,17,4,306,199,61,9,42,18,14,4,60,42,39,35,18,9,8,24,9,15,10,3,0,9,5,1,48,3,24,5,18,16,91,34,10,36,23,71,125,22,12,28
205922,38,7,6,23,23,2,11,24,13,14,12,10,33,20,10,23,31,12,39,12,5,24,12,23,1,19,2,16,27,14,31,2,2,20,7,25,30,9,1,43,8,12,7,40,34,12,15,2,31,15,0,11,8,5,20
206672,23549,2168,6649,13587,4259,143,1948,21347,6556,6378,296,31970,614,66555,15554,7538,11516,10592,56,33707,188,722,153,6069,1207,16360,18550,20427,106137,30139,4902,4565,5779,7859,1165,6141,907,1154,8625,7640,3566,8081,3930,13260,4511,9742,12355,16390,25171,1956,894,5236,1997,5766,37729
207244,570,220,517,490,156,1484,1101,1747,1121,875,817,1354,840,1500,646,1515,1032,876,652,371,766,548,549,1062,738,887,575,1459,750,427,559,599,452,809,342,124,366,657,176,1083,106,815,340,786,654,631,1380,149,1476,780,1069,1779,875,837,1031
213810,7503,2668,2214,5404,2657,1719,10762,12965,8024,3842,7978,5701,11679,12294,7305,10338,5598,13525,9195,1064,759,1049,1877,1928,1293,4679,11651,7353,14058,3243,2597,1923,2608,1767,649,612,1324,2537,425,4724,1266,10060,1305,8941,7365,841,1368,249,2189,1097,17444,29425,16899,3022,9772
218495,12,3,3,3,2,5,1,13,22,6,6,7,6,14,3,1010,778,66,7,18,9,5,2,14,7,11,18,3,6,3,9,5,15,10,2,5,9,0,0,28,4,8,5,10,4,44,11,5,20,10,18,46,11,5,13
220668,8,3,8,6,1,21,13,14,11,17,5,20,11,11,3,36,37,21,23,142,4,3,4,13,3,36,14,53,11,16,8,5,4,9,1,8,14,5,7,17,9,68,5,28,15,50,217,12,11,5,17,51,10,0,44
223926,8,1,8,25,30,1,2,2,1,2,0,0,1,0,1,2,4,3,2,2,4,4,0,5,0,4,0,0,4,0,0,1,0,2,1,6,0,2,1,3,0,1,3,5,3,1,0,1,5,0,4,2,2,1,3
224308,10,4,6,8,3,5,10,9,10,6,9,8,13,5,2,9,11,17,20,8,9,3,7,24,6,9,3,22,5,6,5,3,4,11,1,4,13,2,3,7,7,19,7,11,16,3,14,1,12,4,0,18,13,6,12
226185,70,34,48,56,17,126,245,612,94,88,140,142,217,186,121,2328,1735,5258,54,481,226,145,206,168,81,198,54,319,34,29,104,42,50,106,37,12,31,101,17,4835,27,145,53,183,124,693,3046,322,2650,1830,268,352,301,389,247
226186,18341,23265,24626,25569,5536,18067,168495,9284,10667,5302,333,659,32296,749,14085,7189,12551,10230,12650,3028,17711,19910,6124,65120,8260,62861,10492,86019,5568,8053,73839,17833,23679,26111,58635,3409,9403,4494,440,8880,1945,14652,13426,8428,13532,1115,10188,1560,25830,13748,47722,31946,30914,42804,30095
234621,33,2,2,8,3,3,4,9,11,11,13,23,23,41,21,11,19,12,37,10,2,1,19,14,1,11,1,7,25,10,12,0,1,19,1516,7,13,2,2,44,10,9,7,25,23,4,7,4,3,6,2,8,3,4,9
242619,133,70,12,106,39,3,27,20,13,10,5,9,49,12,37,78,188,104,27,41,133,132,36,242,67,105,112,97,142,139,54,13,12,35,9,61,114,33,7,116,6,19,7,17,36,2,7,1,8,5,71,36,98,10,47
244366,11,24,154,26,11,5,11,318,19,7,12,30,56,30,16,12,15,99,418,10,6,21,21,11,4,17,94,35,25,15,13,10,3,14,3,30,25,3,5,28,6,33,7,20572,57,3,12,4,14,11,293,8,10,4,6
246198,1041,793,363,1408,289,13,19,33,16,7,6,4,25,17,11,163,405,224,533,122,193,208,58,376,97,348,537,270,1011,633,233,302,479,91,613,1819,4455,869,153,475,5,141,296,175,311,24,12,2,24,11,19,13,19,8,128
246201,6,11,9,4,25,79,280,213,222,71,18,18,101,62,21,734,432,334,39,223,295,106,116,656,263,169,172,107,12,159,13,111,42,94,41,10,22,67,31,916,6,214,61,291,40,917,448,162,323,759,614,723,204,77,80
257314,4,0,2,9,1,9,6,6,1,5,9,17,15,11,2,8,10,2,10,4,5,3,5,1,7,7,3,4,8,2,10,3,3,9,2,8,2,1,6,32,2,14,5,10,5,8,9,9,22,12,2,6,17,1,21
262727,10,6,8,17,57,0,10,10,3,5,0,0,10,0,0,19,93,57,0,50,3,6,8,4,19,60,22,165,3,5,4,1,0,4,1,4,4,3,0,8,0,0,1,6,2,2,11,5,6,4,65,202,82,8,12
264199,255,114,1056,121,34,2347,168,33977,1603,258,196,668,323,2935,181,606807,392209,146895,107,36328,1566,278,772,1014,874,1974,2658,1490,94,276,203,473,180,3147,143,287,2519,146,71,1669,39,3067,56,681,2139,337560,16046,7424,37979,35639,121140,204400,6201,9041,2817
264731,3212,2672,1025,5316,1004,25,54,28,29,22,11,12,89,18,53,373,853,453,663,417,68,134,51,380,82,724,1147,557,2218,1654,759,1114,1399,268,1438,1176,3413,816,89,451,16,429,949,1694,2278,16,24,3,59,43,59,60,63,15,43
265669,4,0,3,6,5,2,2,0,3,4,3,8,4,3,3,4,3,14,12,1,2,1,3,4,1,5,1,3,9,3,3,2,1,4,0,5,2,2,2,7,4,10,2,10,4,3,1,1,6,1,3,3,6,0,8
266835,43,5,5,35,11,1,26,24,61,36,43,79,120,70,57,50,44,11,118,15,16,25,23,57,5,15,5,40,109,28,37,7,6,24,20,44,53,34,12,81,40,45,8,110,100,2,6,4,20,12,10,14,33,8,45
267747,25,17,16,39,18,81,56,88,87,37,58,44,44,44,12,54,198,17,37,53,4,12,10,827,3,385,7,22,39,32,17,8,9,35,10,178,76,13,13,138,29,285,19,107,21,122,57,18,71,11,32,80,30,4,157
272558,38,7,5,34,19,719,18,117,20,17,27,9,24,17,8,31,27,18,52,13,0,15,3,13,12,79,60,88,80,94,17,3,0,27,6,43,38,17,6,55,20,38,5,27,30,12,8,3,55,33,12,7,34,7,56
272559,2270,360,991,393,212,1586,6045,484,1410,587,79,207,11836,1714,2835,1984,3856,4145,7304,4981,2612,4345,1020,4877,1452,41390,11320,9659,209507,138309,5280,1314,1305,565,1224,1282,4140,12068,912,9052,652,3777,2514,1404,14658,6072,7014,804,19168,3518,6816,5466,6023,4102,7883
272562,112,13,40,76,121,31,35,85,88,113,42,52,69,72,19,60,101,51,113,19,21,21,25,36,22,52,46,83,81,33,108,31,8,122,25,337,45,41,11,84,72,99,36,138,84,171,266,23,256,298,62,63,150,94,292
272620,15,229,905,36,31,5,15,1365,29,21,53,45,756,37,46,71,25,1215,346,114,9,1286,1110,22,4,169,53,99,176,68,18,14,12,19,8,32,35,12,4,60,13,157,37,1275,30,3,326,2,14,4,233,35,25,9,65
272621,10,1,30,2,1,19,3,6,9,7,3,3,6,7,1,13,8,2,4,2,3,1,2,4,3,32,1,227,5,2,3,3,1,7,1,2,0,3,2,16,0,3,3,2,6,19,19,25,14,12,7,2398,21,26,57
272623,113,36,45,43,7,221,1258,1992,312,181,57,221,38,613,81,788,2110,968,1009,97,9,435,1487,1883,673,1012,660,51,17,2510,86,82,50,28,139,66,7,58,10,6176,11,2188,55,806,185,2179,3918,606,195,141,64,155,82,2719,2028
273057,1,0,0,0,0,0,0,0,0,0,0,0,0,0,0,0,0,0,0,0,0,0,0,0,0,0,0,0,0,0,0,0,0,0,0,0,0,0,0,0,0,0,0,0,0,0,0,0,0,0,0,0,0,0,0
273526,30,22,30,46,42,20,10,24,53,37,51,50,121,71,28,59,64,97,62,22,6,42,22,29,3,54,9,61,94,38,38,9,9,36,13,71,61,10,13,105,27,46,16,79,72,6,9,3,21,14,7,14,19,13,37
278197,33,5,14,22,13,4,8,11,20,11,10,10,17,9,4,33,27,10,55,12,18,10,21,20,11,22,9,15,42,24,17,2,3,29,7,6,7,7,5,31,10,53,12,47,30,18,260,3,36,23,7,9,53,4,64
279010,8,3,5,10,7,7,9,28,7,6,16,5,9,15,10,25,34,10,17,16,9,12,13,40,16,20,12,13,54,32,10,1,2,7,0,2,12,5,5,14,7,35,3,31,20,18,22,4,27,31,4,10,11,5,21
279808,11,8,7,10,10,5,71,267,20,21,6,1,3,10,11,550,370,615,24,92,4,6,3,8,5,30,6,85,11,1,31,11,11,16,9,13,4,2,0,7,2,17,5,29,19,10,46,3,19,21,99,109,84,6,33
283165,1,0,0,0,0,0,23,1,0,2,0,1,8,0,0,22,2,3,2,0,3,14,3,2,0,6,0,0,0,0,0,2,1,2,7,1,3,11,0,1,0,0,0,3,0,0,0,0,1,3,4,1,24,5,5
290338,11,170,901,14,10,7,14,1328,30,11,159,291,10459,12,9,78,8,4855,14,9,1,4306,3545,9,2,341,17,275,1652,402,3,2,322,5,1,6,12,4,0,10,8,218,28,17,11,2,52,0,9,7,7,5,6,1,14
290339,27,7,27,36,45,7,8,41,19,12,25,33,277,38,34,131,17,174,31,13,5,80,68,22,4,33,34,37,62,31,5,4,13,8,2,6,13,5,5,21,16,76,24,22,32,2,14,0,22,7,8,13,13,1,10
290402,177,9,31,53,112,26,35,140,48,37,132,150,154,138,119,145,252,224,192,22,45,30,41,39,34,107,117,147,137,124,109,39,39,163,34,470,19,180,4,99,41,156,143,133,106,223,516,115,240,456,98,179,187,301,330
295405,3365,1033,3735,1157,409,5654,15118,1550,2444,1098,87,296,9939,1049,4012,3448,4463,5842,6491,5374,5453,6975,1748,14930,3175,34450,10718,19567,206757,140376,3600,880,2104,1004,1579,757,2003,12360,766,3521,417,2360,2274,1521,13872,6052,6658,800,21113,6404,13177,10783,7632,5646,14957
299033,13,6,2,12,2,3,6,8,17,17,13,24,59,131,13,12,24,6,18,1,5,9,29,28,23,18,9,13,34,39,5,3,5,4,2,10,25,4,10,10,10,137,13,58,55,3,39,0,18,24,3,6,8,3,18
300267,308,4840,14757,149,48,24,87,20751,94,54,937,1480,70778,119,220,1197,39,50311,2,248,1,27033,21977,22,12,5364,1479,6493,11193,9200,24,131,2643,79,38,2,72,10,0,94,1498,34615,6372,111,314,2,12624,14,10,9,141,190,268,4,20
300269,881,5357,17161,222,87,70,91,24585,116,78,1620,1895,115664,193,578,2700,113,58206,14,584,6,31397,29607,41,23,9004,2553,7963,13838,13104,41,229,2994,224,101,2,200,16,4,140,5144,126088,22002,227,452,7,15116,19,15,12,224,221,224,9,47
306263,1,0,0,2,3,0,0,0,0,1,0,0,1,0,0,1,3,1,5,1,0,1,1,2,1,2,0,1,1,2,7,1,2,4,3,36,1,4,0,0,2,3,3,1,1,14,6,1,22,19,1,0,5,2,9
314315,30,9,49,104,7,6,7,23,42,25,219,26,78,26,110,20,96,13,82,230,66,21,44,9191,16,38,18,35,36,31,38,9,3,10,5,5,11,11,227,1207,13,70,17,1158,68,46,3195,152,129,146,28,1112,30,12,122
321955,24,1,8,11,6,5,5,13,14,14,5,20,31,30,18,17,35,9,38,20,4,2,19,36,7,8,2,15,28,10,5,5,0,10,14,25,24,8,4,23,11,11,2,22,28,1,3,3,9,0,4,2,9,0,71
321956,53,12,13,28,474,42468,6,41,26,8,8,5,18,156,24,434,222,331,15,9285,1,16,19,19,21,12,8,20,25,44,14,4,2,21,5,6,606,6,0,16,12,38,7,34,27,12616,5438,101542,62361,23610,11,339,11,5,130
321967,7,8,106,20,7,2,23,175,45,35,36,124,10,9,47,6,29,5,24,72,2,6,9,19,5,89,17,250,23,20,26,67,15,13,55,53,5,3,4,75,2,35,4,84,89,1123,436,9,12,7,767,3222,341,29,39
324831,21,5,11,4,12,9,10,13,10,5,31,583,509,140,27,10,11,7,16,6,7,7,6,8,6,100,57,126,138,253,36,11,7,41,7,21,9,13,7,673,13,12,7,9,20,4,23,7,46,14,10,85,102,4,39
326426,1506,98,161,872,269,99,48,791,163,153,78,1734,109,5495,835,245,935,798,56,1819,50,58,23,252,46,568,689,583,2660,840,305,219,472,511,111,204,123,327,521,760,213,451,226,678,326,468,379,924,727,123,27,111,94,579,2859
333381,20,2,2,33,22,11,3,11,27,28,29,1,28,12,3,19,16,6,55,3,4,8,6,8,3,17,8,17,19,5,3,1,0,9,1,46,5,6,2,10,29,14,7,26,31,7,19,2,30,36,17,18,15,1,64
334390,11,2,4,5,8,20,5,6,6,5,8,4,17,109,7,139,71,50,12,16,3,6,10,8,15,12,167,14,31,78,2,0,4,5,1,18,62,1,38,1120,3,34,8,18,18,241,29,25,45,21,4,18,9,7,6
334413,75,8,22,26,62,32,33,95,46,81,16,29,57,30,28,1256,75,83,170,21,15,33,34,38,35,1720,23,122,101,56,119,60,37,129,101,161,20,54,8,68,28,285,48,72,72,143,107,37,189,143,54,51,121,87,215
339860,0,0,0,250,120,0,0,0,0,0,3,0,2,0,6,0,3913,11728,1,254,1,0,0,3,1,42,650,4,271,306,0,1,0,1,1,2,0,0,0,0,92,2941,9870,5148,411,0,17,0,2,0,1,4,0,6,1473
342451,17,0,7,9,8,8,10,14,4,25,5,3,7,3,3,8,16,5,10,1,5,1,9,8,6,6,7,6,7,4,8,5,5,5,3,9,3,2,1,14,6,24,6,6,2,20,377,8,17,11,9,12,15,6,30
347253,218,729,333,160,272,1398,671,3115,19366,3534,2137,640,3418,2264,1013,69838,16350,7746,306,13260,19787,4707,936,18420,6005,6688,48408,11592,504,6174,3059,9525,3835,1930,1407,44,1458,365,1018,22491,40,562,536,1321,520,14201,16502,1858,1930,2157,21908,78914,3233,4131,6864
347256,28,0,1,24,18,1,2,2,7,3,3,1,0,3,0,2,1,3,13,2,2,5,1,2,1,5,0,2,20,3,11,1,1,6,3,2,1,3,1,1,2,8,6,2,3,3,6,2,0,3,0,3,18,1,9
349741,37,31,16689,1080,11,2131010,24008,343021,1491,2190,205322,34992,995256,342,925,573,35,21690,158311,1079,14,49,92,81,39,1194313,254248,281433,125609,269357,1096,541,102,3268,47,93780,196969,43109,1623,212538,221591,119737,173053,286161,415096,413,16183,335,165480,61906,12909,7762,81025,2903,18783
349966,3,3,1,2,7,5,1,4,0,1,2,5,29,1,5,5,1,28,2,6,0,11,8,10,0,34,1,28,2,5,1,1,2,1,0,1,6,5,0,4,0,12,2,1,2,2,3,1,4,2,0,0,3,5,4
349968,3,1,3,2,7,0,0,2,4,0,3,4,13,0,1,2,9,13,2,1,0,7,3,1,0,6,2,14,2,0,0,1,1,2,1,1,2,2,0,3,0,4,0,0,7,1,13,0,2,0,0,0,0,0,0
351627,88,13,15,46,31,25,19,45,59,39,32,41,80,64,41,71,41,28,73,15,17,15,33,39,24,44,19,42,63,26,38,9,6,37,15,70,22,30,4,75,56,92,14,108,109,43,76,10,31,52,24,27,49,15,123
352165,459,98,85,299,150,112,102,183,575,349,323,480,843,719,493,540,311,173,1113,140,50,83,449,569,104,177,83,397,769,270,492,272,141,578,135,321,409,171,92,586,332,351,64,841,742,28,67,14,148,138,94,119,142,59,619
354242,78,106,164,142,41,739,596,400,882,681,3069,5537,3004,8872,3492,579,644,415,1790,546,1519,1161,1021,6635,2387,615,279,523,247,342,557,213,454,1032,405,160,687,701,123,422,133,495,191,607,290,1089,1362,394,3028,959,450,617,417,1153,387
358681,54,15,16,55,30,50,34,45,78,80,50,42,57,63,21,64,37,27,77,25,8,26,14,60,15,28,24,59,77,28,51,20,7,22,12,29,24,33,18,70,25,46,10,61,48,32,35,9,65,35,27,36,44,17,105
360104,1,0,0,0,1,0,0,0,0,0,0,0,1,0,0,0,12,1,1,1,1,0,0,6,1,23,0,9,26,0,0,11,9,4,1,0,0,0,0,1,0,0,0,2,6,1,0,0,4,0,74,93,81,2,4
360105,0,0,0,1,0,0,2,0,0,0,9,1,35,3,1,2,0,2,5,1,0,0,0,1,1,2,0,0,11,1,0,0,0,1,0,2,0,1,0,3,2,1,0,1,3,2,0,1,4,0,0,1,0,1,2
360106,1,0,0,0,2,2,0,3,1,0,0,0,4,0,1,5,2,0,2,1,2,0,3,0,0,1,2,0,3,1,0,2,1,1,0,0,0,0,0,0,0,3,3,2,2,5,6,2,3,3,0,3,0,2,2
360107,2,19,0,0,6,0,0,1,1,0,0,3,7,2,1,313,17,1,31,0,2,4,11,11,3,37,15,33,13,17,28,35,21,18,26,2,0,0,0,21,0,125,2,8,9,3,4,1,25,14,28,25,44,4,24
362948,60,26,27,24,19,56,25,37,56,64,32,168,119,73,13,44,27,21,34,15,17,19,11,17,14,198,643,81,179,103,42,17,20,41,6,73,163,16,100,1240,33,608,52,213,154,42,31,26,61,29,27,37,21,17,75
364106,258,6986,28397,253,35,133,658,44422,1280,892,8200,20706,819451,767,302,1619,116,490962,5,158,12,390210,346391,215,152,34304,1981,10288,124054,33628,110,354,28923,45,68,17,41,74,4,1451,1428,29242,5461,769,4904,22,18124,10,8,63,293,327,411,9,169
367737,5,0,4,5,14,3,0,0,8,6,1,0,3,0,0,2,5,2,13,0,4,3,1,1,3,12,0,1,8,3,14,3,5,9,0,55,1,1,0,0,9,9,1,4,13,8,20,0,22,25,5,10,23,14,34
367928,487516,36393,1203,146739,155320,2802,66,340,296,442,120988,519303,262114,253766,119356,157117,155077,75450,23382,227065,6999,3478,1591,162580,28881,113011,267971,17597,406157,379526,85689,55617,198326,555162,63410,50466,118901,19944,43246,57287,148926,245475,129267,364218,141033,46145,80398,128697,18342,19392,41,116,149,94673,101162
370551,16,6,4,8,6,7,4,21,67,20,24,7,7,21,5,112,75,35,69,20,29,10,4,37,7,10,13,8,9,7,13,13,7,18,6,4,19,6,5,60,1,6,5,7,15,49,13,2,40,20,26,65,17,27,24
378753,49,9,12,33,14,13,16,15,43,25,34,45,87,49,34,72,33,15,76,30,6,25,36,69,16,12,19,40,114,37,31,13,3,15,141,49,46,22,15,59,51,41,7,94,74,3,42,9,12,5,5,22,29,8,52
380703,68,13,22,63,87,10,15,11,55,26,26,27,51,31,13,58,51,13,84,5,9,30,16,35,3,31,11,22,82,58,31,5,1,18,9,40,51,12,10,76,16,39,15,77,69,2,12,3,19,9,8,3,19,28,53
386585,517,8095,25299,263,36,60,134,37106,151,112,1514,2597,120754,169,341,1932,62,80218,11,381,9,39503,34311,48,28,9814,3140,10212,20110,18510,60,279,4127,120,64,4,121,16,5,139,3434,81515,14048,200,560,5,24163,13,13,14,270,307,420,8,44
387344,13,8,3,9,6,1,8,7,2,8,14,6,6,9,6,6,9,6,15,14,0,0,3,77,4,5,3,14,14,3,10,6,7,18,3,3,9,9,21,14,6,49,8,32,20,3,138,3,11,6,1,19,6,5,40
388919,32,13,65,41,14,82,190,192,601,190,414,118,221,315,33,561,525,154,25,302,261,98,97,584,169,45,60,19,14,71,60,67,29,145,136,9,32,34,49,1628,9,45,47,183,61,342,461,144,185,205,163,687,38,86,198
390333,33,11,14,13,493,41538,7,28,33,15,8,24,20,175,48,475,264,394,24,9292,5,11,44,23,29,35,5,7,35,21,11,4,4,15,3,9,635,7,2,7,9,37,10,44,22,12557,5335,97652,59819,22897,12,411,16,2,187
391904,6749,586,1514,3519,1129,165,704,4543,1754,1716,163,7050,232,14648,3431,1866,2637,2644,207,7275,127,173,111,1468,372,4715,4307,4611,23945,6956,1971,1393,1977,2455,869,1175,803,655,1695,2216,653,1446,687,2227,915,2192,3203,3192,6222,967,456,1472,575,2806,8149
393126,6,0,2,3,4,5,2,3,7,9,6,2,3,7,2,5,3,6,9,1,2,0,1,2,2,5,5,6,2,1,6,3,5,6,3,2,0,2,1,10,4,8,4,5,4,1,1,1,5,8,4,6,2,1,7
393127,9,2,1,6,2,2,2,3,2,5,6,9,2,4,4,7,5,4,14,3,2,1,1,7,2,3,4,4,5,9,5,3,0,3,1,5,4,1,1,10,2,6,2,10,8,2,1,0,2,4,2,4,6,2,22
393130,11,2,0,4,7,4,4,4,3,6,4,5,10,1,1,8,5,6,15,0,1,6,0,2,4,6,6,6,3,3,8,4,1,8,3,3,2,2,0,8,2,9,1,9,9,0,1,0,2,4,2,1,8,0,7
393305,10,10,50,10,23,2,6,62,2,4,15,6,330,3,5,5,10,177,4,2,2,119,101,4,0,16,2,3,61,13,2,1,7,3,0,1,4,3,1,5,0,7,2,7,4,0,7,3,5,3,1,3,4,1,5
398511,21,0,10,13,10,6,7,14,19,14,27,6,13,15,3,41,17,14,20,7,5,14,7,19,7,9,10,7,19,4,11,5,2,6,3,5,1,10,0,7,7,14,6,20,29,3,7,0,17,18,5,16,19,7,44
398513,1190,125,34,467,372,32,49,81,66,32,622,3166,1587,1613,930,260,1137,8954,82,1142,115,38,95,1204,272,2568,2713,233,4433,2637,12240,428,12856,2327,402,110,260,224,52,24274,270,591,305,878,402,355,332,862,735,130,39,75,41,435,22438
398525,75,11,14,57,20,26,34,29,116,69,39,86,151,78,52,106,56,46,100,32,3,20,38,51,15,29,8,65,130,67,47,5,7,63,24,45,61,36,8,114,78,51,20,166,154,4,7,3,14,19,8,12,34,7,73
398578,81,18,15,65,32,26,37,36,133,41,79,106,227,158,115,117,92,45,152,65,41,131,67,137,24,68,21,85,207,96,50,12,7,40,113,129,201,39,20,246,74,93,28,200,203,3,31,3,25,29,15,23,34,17,89
405531,25,1,5,30,20,24,5,7,19,13,37,17,20,18,8,35,7,8,44,4,7,4,7,32,7,21,13,3,31,11,17,8,1,14,5,20,8,2,4,11,9,27,5,24,21,19,22,6,20,27,10,20,8,4,33
405534,23,11,10,39,9,23,7,19,32,26,63,19,31,38,8,34,16,14,45,7,8,5,2,16,6,11,10,7,24,13,17,5,5,13,5,12,14,7,6,15,8,39,7,28,26,39,31,11,41,12,17,24,21,8,34
405566,11,1,1,1,4,181,17,27,19,11,2,6,3,13,1,174,123,45,17,70,2,1,2,14,15,11,8,5,2,4,7,4,4,10,0,3,5,1,1,12,3,50,4,20,3,224,70,897,369,207,16,56,12,4,11
409438,1818,7000,21944,282,47,186,107,32070,112,96,1975,2636,180999,248,541,3963,157,68130,21,715,11,34510,41145,63,20,13199,3716,13699,18527,15066,55,395,3648,534,164,2,521,24,3,161,12989,322459,53541,481,529,19,20471,33,47,16,279,307,395,16,94
411459,64374,50280,56725,55375,15517,49529,139330,282898,143716,141409,187059,139540,196664,188675,73384,243854,187932,178021,28730,68646,163044,63448,134192,192937,166714,155535,51118,112025,71492,40373,41820,104751,90249,103676,53164,9039,16664,52511,10896,107888,16380,769253,230648,301354,100368,113692,208339,86145,55984,72238,86608,207165,93844,210864,62923
411460,4182,3435,92526,3371,1332,16659,282522,78690,66997,16857,22570,63818,35559,135889,17601,8109,8754,33410,10067,11752,6640,4716,20830,4117,4594,213933,24493,28939,329819,89199,9476,11799,15450,11572,19618,6930,9454,15396,11135,74908,2449,99198,97430,15652,31804,5092,8650,1708,10552,4514,7837,8654,5639,9519,16605
411461,96889,86529,87315,89683,24797,79473,220612,228602,140815,118469,78384,141010,86664,197061,66655,191294,143012,116008,111898,76031,67157,66127,86997,78873,108987,78143,87885,142562,85003,82152,110392,51319,69635,104249,69698,27504,37426,27167,36318,223490,5493,105437,70607,95264,35856,159512,164684,83257,89175,50431,50512,105497,41381,45859,59194
411462,288024,140137,167884,251072,50497,24582,97636,479379,63758,92882,247187,434927,278519,504368,190800,278525,265100,205386,92180,155462,107394,150007,87561,447637,298636,270255,150023,364523,209734,122934,82437,100463,72254,503824,202000,11311,25517,28713,35264,421860,8666,230675,129269,249382,50743,407019,584399,192592,67432,60621,116500,236983,103086,127426,155574
411463,15965,16429,13691,12445,4566,25011,21444,33039,33541,31757,26555,49400,20623,35448,13665,101376,162827,102264,13100,25798,31941,26098,40558,30130,34542,35367,41288,30588,18711,31422,24563,22596,47603,14465,19163,6715,8230,10420,5239,37325,2414,19642,12276,24026,13213,36730,203361,8123,93403,20560,16973,28228,22366,64813,15741
411464,28629,8616,31998,24725,20412,190,81754,25195,33865,27168,152,240,421,201,179,30007,17841,35213,68854,67115,105,182,123,525,62,17855,1899,77357,1951,543,154,4402,70,10060,15779,62641,17654,16313,2387,7616,33882,76544,85393,144383,83225,154,520,171,277,235,18893,12695,26791,78,790
411465,33,8,20,32,29,36,45,99,63,49,42,32,197,28,20,67,62,38,129,8,28,41,43,76,25,194,41,56,71,55,133,77,20,81,20,107,16,22,3,69,38,93,36,91,89,141,150,25,202,114,85,105,66,36,348
411466,182,104,89,116,103,2430,1905,3780,3232,2902,3207,4923,1415,4491,523,5969,2839,540,1569,6608,418,1024,607,4785,358,271,208,314,350,388,586,290,64,1502,1043,751,798,201,576,8002,1528,3358,1204,12139,2128,1371,1629,1152,1516,1073,1005,3266,1565,456,1803
411467,25228,14676,18682,25799,9032,21288,29506,29485,61138,29170,24467,36673,65942,41414,33112,58279,54625,29317,50786,16759,6038,18505,16406,28255,13390,23543,20768,42407,91317,33900,20823,8643,4645,22798,9770,15998,27074,25101,5833,40353,29864,58291,15959,76786,78130,7046,18203,3458,37264,34141,11960,18124,22782,24554,52768
411468,8050,5472,18837,6627,2802,16846,48726,57378,19649,11595,4897,6840,7171,8447,3892,11936,18204,9389,6039,5176,3727,5226,3728,5576,6061,4406,2985,6043,7472,3924,2251,1837,1658,4235,1566,1987,3913,3125,994,7680,1170,7586,3375,11978,7468,5504,9019,2605,7527,4262,3474,4864,3516,3859,6239
411469,51131,34251,83632,22856,10495,70137,163240,320616,62630,54067,47758,99973,162862,48831,58031,329843,287679,210774,32075,117948,264186,137697,160695,664122,281620,259112,106451,140318,85189,43088,33428,39859,97240,33591,75661,7027,14061,22351,12823,353057,4892,271388,103586,122905,23160,1107526,1319726,387671,200017,68128,111949,251883,126335,200211,169068
411470,9711,6468,28573,8746,3538,16934,26034,89125,18726,15967,15031,36615,18717,34483,14920,32217,37608,24748,10948,16976,14329,16640,11276,16162,15347,54773,9298,20873,70995,11499,13197,12365,12173,12433,7612,6560,18722,14318,12584,29924,844,11040,6913,12944,12120,16795,28499,4340,34367,12412,11980,25741,19277,16039,12387
411471,45902,18965,23228,43962,18871,125095,76964,90950,202251,68929,186516,146836,199757,251510,83999,96697,130703,50036,105722,35411,11260,50313,45036,40130,34709,54386,20640,70795,152038,99604,74717,34483,31699,39034,17230,78184,54595,57379,19045,79736,21652,54661,13731,151041,66951,9713,22968,5791,50083,31080,28571,40248,32796,74269,53985
411472,832,360,1042,839,334,1685,3732,1604,952,892,358,1173,2260,1269,642,1739,1484,994,1048,825,825,3006,1219,1849,1031,1108,581,1493,977,1129,942,568,785,651,330,896,1439,1166,400,1737,98,1207,498,1115,1159,557,2494,158,3258,1961,852,1398,1440,1141,921
411473,9063,11621,3974,7552,4373,8047,14703,30416,18161,10508,34743,11176,18031,64602,16437,22497,26898,18926,11663,14083,16059,6678,10281,16175,21769,23952,19497,12809,55967,5834,7491,9902,13986,6581,3366,4271,14852,8743,7405,62346,3066,13494,3286,12907,9714,58942,38069,10982,87553,33091,14667,38453,29485,17270,14150
411474,98676,48694,9701,269794,54953,5652,73767,13679,38564,18213,11004,14170,13018,12751,10081,22617,23249,15488,78602,13453,74151,54468,46957,48132,215028,31938,7999,14768,7660,4957,19768,167686,267834,33492,22298,26690,262075,58095,388407,87481,1457,9439,5355,10490,6141,6967,13263,2651,15932,12417,10080,21068,20603,11966,17168
411475,15730,6422,15065,12534,5057,36171,52799,23142,37888,13611,10004,28111,42251,15926,18785,32990,18123,13930,32350,10842,7854,63412,16246,27293,10419,42247,21477,120089,129664,59873,24001,8875,4619,17322,7894,12463,19406,33190,5210,26802,17145,34872,7633,33437,45716,7355,26800,3230,33551,33198,19348,28620,18012,44162,34154
411476,4824,18079,2590,6786,1763,6368,45741,1974,1511,1006,416,366,28047,144,13704,10357,10005,28843,8943,1712,8154,20257,3256,35391,5118,24859,3769,28243,4677,1747,48894,12543,14897,3073,7060,1170,2133,3509,168,5683,1030,36576,26999,14672,19348,1900,24517,1863,17735,8533,15952,20840,21277,72391,69876
411477,58382,25193,44470,24677,15535,1909,107106,25050,30760,8973,136,575,23157,269,8042,39974,85744,99686,105663,10838,127188,139089,42513,235569,41318,226134,14698,393119,38787,53189,21642,20290,36996,27363,78941,4371,13463,7589,859,55989,9355,125166,99576,58333,73036,455,3046,490,5362,5161,123429,116860,104071,4388,129002
411479,17757,4515,80630,26218,4525,83207,249212,12042,23967,16519,2780,2749,197350,2117,71540,70659,56079,48469,24353,20036,97000,41766,66687,469498,84338,238991,55583,285528,100447,55115,38591,9936,23212,26201,20360,4006,16467,74602,1250,35702,4569,45829,40913,23586,67785,6200,26137,6256,131323,71470,60318,72864,70945,150024,13671
411483,168590,318026,175204,575729,125100,714846,290430,416491,236925,280610,195853,120411,307265,127370,258151,447849,1172398,531783,136319,734846,103145,97978,117951,158006,264382,181223,64052,590001,128061,67036,566753,392814,406316,334895,185709,222146,557953,159514,213263,540762,108094,467074,374050,2368285,315612,88859,85747,18908,570382,128722,181348,725638,465009,414773,341950
411484,8133,17773,35531,8909,3219,18589,127827,121522,65210,27423,17725,31037,17570,23322,20374,144082,63465,40165,7917,26142,21689,25735,20500,48738,49394,98817,58380,91179,18448,25177,18852,41514,49529,23331,33403,4623,5218,8140,6854,60505,2334,106117,23415,35349,9442,102780,143857,36944,46013,27094,238820,266289,139671,40899,40295
411485,191231,274291,119176,415653,129472,84101,221894,336854,200853,160273,260594,157464,643652,109859,443654,233235,440948,318213,117439,233349,32821,28110,26243,53882,60676,147264,69125,292136,260889,101760,209118,165890,145928,151626,91346,986123,955292,96429,380369,424580,33212,144884,90863,599804,119676,90720,78342,17816,466374,83973,273605,750585,454335,185096,251971
411486,44905,19129,26129,76179,11534,47228,47254,48308,72003,46443,57215,89079,72079,111130,67137,99872,135753,62673,45415,95048,44043,82506,68191,130804,84937,42056,37105,59391,41513,30770,43080,30907,27436,35280,17667,62675,78377,63906,28133,108119,24476,105553,47136,154260,94992,22751,40865,7319,83716,38362,26739,48473,48972,81702,72816
411487,23132,46585,15352,19543,6710,28400,38450,58100,27559,24741,39279,88528,56275,66774,39999,216164,110068,100417,15734,44237,40161,27305,29668,74940,51474,42026,48753,31374,22590,22894,16897,20458,30015,20254,17095,7973,14275,21103,6765,58822,8211,116404,57391,82482,41802,104825,142213,37035,58202,32958,20826,45346,21804,42154,49318
411489,204583,8786,10308,12809,4455,21571,23541,31024,28460,22145,212644,26965,211510,26519,112301,30038,32863,80332,32754,33945,190165,47297,163851,118766,275206,27116,13250,20822,22419,14350,14980,20808,16499,19151,8204,12542,28112,21941,15825,51822,2887,14916,11810,24978,12981,21305,38188,6592,87550,44408,19706,31673,25942,23194,339874
411490,7588,7790,1855,4868,1590,8450,4833,5853,6470,5486,9668,19454,10266,17513,8335,6313,8459,4914,2106,4451,9940,6156,7185,11625,12080,11398,7666,5145,9990,8627,2542,2903,4493,3457,2310,938,2149,4146,770,3466,719,7971,4133,6651,3695,6074,9330,2714,8901,4541,2566,5168,3260,7014,7794
411901,1072,1285,865,1650,884,1261,2992,255,357,150,1152,2999,90477,3637,33267,2109,1357,1593,9674,335,1765,2005,719,4531,791,4376,633,4545,1158,2524,208406,70973,37058,68651,118225,1314,3152,23400,1045,158023,1313,71972,51459,3473,15482,640,3919,485,6600,3957,2271,2479,2271,146768,5697
411902,6205,4135,17889,5699,2465,25828,69463,34612,24066,14352,7792,11649,16019,12806,8044,17534,19833,15141,16559,11715,9441,44103,17409,38691,11766,32750,8636,19626,31833,20679,9090,4861,4251,9528,3973,4069,6909,14471,1956,8231,1819,9347,3478,16936,13385,6060,17454,2494,19032,9288,6796,11163,9602,15750,15245
411903,331954,172563,168312,173975,82873,107656,113506,484733,284969,267713,3618,5008,3181,3901,1366,378494,171043,105033,171903,270168,87264,94137,109190,891031,164119,324349,338606,433296,2150193,830537,145109,86500,174452,629793,144750,216722,114533,102432,81462,472639,148519,244794,98509,398400,169080,479295,664648,492407,342940,127960,63093,184506,59291,157021,31626
413999,27,4,11,25,33,15,20,47,44,36,14,21,24,35,15,21,30,17,60,6,6,10,9,15,12,21,8,24,37,8,30,11,6,41,5,84,11,29,2,23,32,50,26,43,37,69,93,7,99,93,14,20,41,29,114
416269,10,6,13,14,58,2,4,6,1,0,0,2,11,1,4,3,5,9,3,13,2,1,5,18,4,52,41,102,24,75,0,1,3,1,1,0,2,0,0,1,0,2,2,7,5,1,0,0,3,0,4,15,9,1,1
420247,15332,389,187,7319,8630,212,4,10,1,6,6,997,4452,2,6,14124,30952,143845,9816,2003,5,0,1,76,39,451,1094,57,27490,18241,25,25,0,23366,1284,25,13,7,3,8,3765,51920,63652,26726,20814,625,4031,384,21,2799,3,6,22,16,63552
420889,14,2,3,16,5,6,5,23,8,12,10,8,7,13,1,19,13,10,24,0,4,18,16,24,48,109,7,9,15,20,12,2,2,14,4,4,4,2,0,23,1,39,3,38,8,14,21,5,12,9,4,13,14,19,46
426355,96,87,21,80,22,60,52,38,138,56,109,165,250,149,133,112,287,33,277,32,12,31,50,532,13,333,11,98,246,78,82,21,15,63,16,113,214,27,10,166,66,145,51,161,145,84,441,50,137,23,98,117,113,24,229
428125,11912,4056,15004,10534,3450,13298,8743,40320,19634,12414,24752,42407,18630,49760,14859,15340,18116,84304,24506,7032,5785,7312,8381,13576,7092,54124,15315,23751,37279,27678,50175,7166,2824,11001,8563,15104,18607,6846,8865,15166,4901,21828,6120,22764,18834,13113,56160,5671,35558,12269,5986,7417,7937,8568,61432
428126,131,186,930,161,78,4932,1617,2059,4911,4315,660,2461,1516,2893,963,3348,3008,1082,301,391,1168,852,1516,557,1047,11622,21231,1367,2566,17652,2633,6209,3945,688,707,217,168,843,246,931,41,585,215,323,626,13202,20070,6321,11325,12625,745,1394,1015,2390,268
428127,9179,4213,4129,5981,2501,12977,10618,7892,16427,12966,10066,9482,11137,15785,6956,10961,12730,8210,9335,9628,9700,16445,16994,26354,19734,10550,9330,11747,15333,8696,7288,4941,4131,6584,3347,7195,13670,15081,3902,11601,2507,6684,4191,7987,5125,4749,7164,1974,11966,5638,4958,6641,6034,13345,7840
428128,26440,5014,6001,42941,9262,1802,6885,7713,6105,3255,2007,1865,6027,3579,2242,60868,7452,67470,65792,3928,954,1340,1843,2315,1734,5278,3045,2642,7540,5488,57029,2217,1001,24417,14244,904,7047,4699,340,6021,964,8944,2564,9916,7309,972,2607,597,1946,28898,1151,1596,1513,6800,27619
435590,25705,13930,172039,19301,5366,178993,550239,60396,82868,6253,2188,6360,465864,8343,297955,200174,217222,177042,211114,28836,472786,460028,101172,1119047,286549,781431,77871,904130,27787,106883,211620,15903,133886,19795,50388,7831,26696,70693,3520,213514,9287,199135,225507,61308,101340,20508,158004,11883,91845,71787,717813,777982,560777,274809,164507
435591,20690,6773,11745,11097,5132,14274,27769,1958,7587,1522,459,270,29992,433,18801,21274,17106,36315,12099,10095,29853,56078,9477,47941,9577,68531,2792,78111,3424,1893,13871,5781,12225,10365,24682,3666,11529,25130,906,44065,5109,99933,34827,7095,46157,4407,10713,2153,26861,13571,15236,13716,14658,55906,34235
435830,987,321,49,551,244,1576,1004,843,1008,824,1455,1143,313,1975,373,865,442,117,645,711,239,278,300,2191,338,72,59,87,201,175,140,68,32,399,224,73,141,58,53,1005,183,419,141,1659,573,191,559,166,319,239,260,868,291,134,337
435837,8,1,2,2,20,5,3,10,20,1,7,1,3,11,1,13,5,7,9,2,5,3,2,2,3,14,4,6,35,5,11,0,0,19,0,34,13,2,0,8,4,8,2,9,9,32,120,14,20,20,12,9,13,11,19
435838,5,0,1,5,4,2,2,3,1,0,5,2,0,0,1,3,4,3,2,0,1,0,1,13,2,4,0,4,1,2,8,5,1,2,2,6,0,0,0,4,2,1,1,4,6,4,6,0,5,1,2,5,3,1,6
439375,31,4,1,11,4,5,18,9,19,21,12,14,40,16,6,42,32,20,22,9,8,20,3,28,1,13,1,11,50,9,13,3,1,4,7,11,17,5,4,27,7,6,2,37,27,1,3,5,9,7,8,2,11,4,21
440497,18,3,4,11,7,4,3,7,7,3,6,33,23,14,3,9,3,4,10,2,0,7,1,5,7,3,9,6,7,2,16,2,0,8,1,1,0,1,1,36,4,13,0,2,7,6,5,5,14,6,8,9,8,0,11
441620,82,16,6,58,35,10,21,13,88,58,50,87,131,102,66,115,53,27,141,28,9,18,56,75,12,49,9,50,115,39,65,9,4,40,19,37,59,40,12,89,64,86,14,183,130,3,21,5,16,14,14,13,31,10,62
441770,24,9,10,28,31,14,20,42,42,33,20,13,23,20,12,26,30,20,59,7,7,8,5,5,5,14,14,17,22,17,38,8,5,42,5,93,12,18,5,15,36,61,13,40,34,81,81,4,103,100,14,27,42,20,102
441771,32,8,9,27,32,16,19,33,42,30,15,12,28,22,13,19,22,14,48,5,6,10,4,10,10,14,11,25,30,14,33,9,5,50,5,104,11,22,2,14,23,29,17,33,40,66,79,11,88,83,23,23,45,27,102
442563,58,11,846,52,28,163,29,1081,52,40,66,75,119,77,56,161,173,456,90,136,8,15,2741,45,20,424,27,2472,79,39,67,31,20,92,23,25,22,42,14,27,55,84,28,148,120,22,21,13,33,23,3796,14664,2464,57,1272
444177,28,1,6,24,7,9,7,12,33,19,42,16,13,16,4,32,21,9,18,8,7,7,10,3,4,8,17,22,31,11,20,11,8,10,4,18,9,7,2,20,8,34,11,39,26,11,15,2,14,16,7,23,21,8,38
445336,66,7,14,25,81,39,13,64,52,60,29,25,47,46,17,48,99,41,104,15,9,7,9,17,8,34,18,51,46,21,80,24,6,131,13,339,19,50,8,66,66,99,51,84,68,173,222,18,202,300,42,53,71,76,221
445970,2819,2512,116182,1482,1099,1992,67419,48173,94560,134271,4101,10170,249163,3657,226298,165910,176654,55650,452758,77232,215884,923713,167705,333716,121102,489109,73778,888995,499615,243743,9812,64766,990,68065,141987,69906,256785,106575,16045,338299,76021,36362,81598,206233,213354,4531,14887,13768,269720,210243,268698,269321,281623,128727,169001
445971,138,34,93,90,50,157,159,292,212,221,50,79,118,111,74,114,143,126,174,32,55,57,89,87,61,113,77,268,357,100,134,37,27,80,36,100,45,41,12,91,60,405,85,246,224,201,248,72,592,187,192,389,166,58,324
445972,11746,6306,9404,9739,4644,42237,33546,10430,64059,36882,8748,14191,18252,14548,11318,20326,21842,13292,39541,13588,5786,13978,7903,14774,10185,18247,10045,32323,36448,16657,23444,9225,7311,15628,10093,8579,13801,13490,3521,15675,7370,20679,5371,27889,22951,4674,9485,1715,37767,12909,8363,27044,28086,13319,22586
445973,3508,1195,6274,1119,546,3323,4527,11446,4375,3375,16749,24388,19968,14356,16046,24994,10255,43339,1687,2727,948,339,8465,1738,489,36328,102538,54626,9573,25004,2787,3094,9301,4023,2231,567,875,4543,670,3959,181,1056,1211,2381,810,5264,11494,4798,7014,3487,7879,11731,3583,8339,1471
445975,4252,856,632,2063,918,591,457,1397,1713,1087,5688,14528,8243,16836,1993,3142,1936,760,2125,3170,595,1456,1336,4884,1022,1577,1297,1654,12075,4132,818,393,569,2145,545,1324,961,999,403,2565,2485,5642,1652,9255,3634,2654,4119,2647,2900,1142,273,632,313,1155,1006
449673,5000,2772,3111,3803,1459,5502,13720,1298,4502,1829,750,2929,172406,931,36559,11296,30426,38636,7168,12464,37413,50640,29116,72156,55582,28299,14184,19280,12259,12249,5952,1133,2425,1846,2571,2377,15391,5082,644,25334,3901,57784,49510,7968,20643,1490,9558,914,14912,16332,8554,8434,6544,9131,111866
450749,54,13,11,20,13,43,154,118,146,33,11,11,184,90,16,93,1289,89,32,168,362,102,171,391,74,2933,744,9081,1284,900,1599,622,2096,257,102,16,30,163,23,169,10,62,35,81,247,169,65,92,49,38,3666,12528,4243,301,82
451515,10,2,1,6,8,4,10,11,2,6,9,5,8,10,1,26,17,12,20,2,66,13,10,20,14,17,7,6,5,15,14,8,9,10,2,11,7,2,1,8,3,11,6,7,4,17,45,5,34,18,19,16,19,29,57
451640,113414,152004,3455,120595,28310,2212,1332,1623,1039,994,418,442,639,619,221,10604,425851,52948,36136,483479,704,571,933,601,601,2072,734,963,373,457,516,639,800,711,334,189,1070,676,506,3531,186,1125,416,936,857,2308,2384,1558,1443,962,577,1185,1457,1310,140179
457387,4739,7753,6154,4216,1377,15753,32945,1672,5533,1650,327,328,15844,169,6506,31952,42727,26647,13376,10275,17761,37049,10238,80869,11732,28379,5933,31448,8744,6814,41605,9283,11370,6220,10279,2375,5279,9199,527,11982,1557,39450,28819,18136,18001,760,8094,916,18174,12880,14913,16273,13116,50147,21586
457388,14222,6164,16288,8244,3500,18444,37518,3624,9899,2217,931,1354,69238,1087,42868,25378,24834,32138,13269,8949,39465,71989,13756,74765,13667,79671,19753,91270,22615,19922,21964,8309,14519,15686,34836,4252,14262,36895,1616,46194,6926,99504,38853,12488,57115,4662,11415,2620,33899,23703,23105,21986,20334,96971,32061
457390,1181,6257,2078,1532,529,7204,32595,2035,1746,1100,516,208,12874,117,6111,14580,18341,23339,4059,3089,14744,35692,7835,59461,11893,32853,6634,33926,7485,3877,55714,14458,17832,1660,7494,612,1095,2956,104,2912,1353,50060,35934,17348,20536,1921,27407,1928,17308,7994,20964,23828,21015,92837,55792
457391,14044,13475,14511,19225,3840,18781,41561,3763,7831,1201,2030,727,46106,940,23772,56039,34865,57050,15743,7128,48289,53583,14623,105537,27925,133746,9221,52330,15484,28923,37813,11318,60148,17026,37172,4979,17461,63898,3131,48262,3538,49163,50366,13013,30845,3881,16857,1285,13464,12093,41910,44345,31658,379837,110900
457392,1842,213,1750,356,98,3417,10524,679,1123,614,33,93,3382,989,750,947,1273,3474,5128,4382,2096,2420,1003,5188,1153,24705,7696,8736,182229,125547,1806,412,1162,461,592,227,670,10642,577,1806,182,2416,1792,1054,12301,5386,5112,613,16398,2640,4173,3461,2964,2570,11131
457393,44538,8694,198167,65266,10645,195412,605683,29158,57234,38823,7863,5093,628133,6623,156039,139352,99475,100828,65898,48842,450249,85144,359740,2069968,406734,431448,52423,694505,74173,41055,88032,36638,69647,67343,75814,6562,28708,176643,1996,49142,14290,154872,137712,78797,238654,14186,48809,15590,333404,161989,144184,174740,172793,356558,10401
457394,11252,3763,89699,4166,2207,140598,364745,35073,62982,5277,1872,5654,402727,6853,245395,120339,126754,110757,117962,19425,355420,382385,79525,884440,222905,467431,54040,501686,27753,68998,141578,9865,87077,13582,33527,8817,31098,51851,3540,220988,5144,130595,149632,37574,63109,12728,100212,7196,54069,43265,388370,444753,313918,194554,114712
457395,11805,6809,12125,8642,3738,22869,57432,5107,10387,2515,1936,1821,72502,1293,46456,56519,37149,59231,14394,7019,58452,78292,18216,137423,34575,151740,11565,65766,19276,33284,42176,13666,63713,19713,41862,4586,13741,57022,1607,58171,4174,51910,51569,10862,29010,3616,14548,1581,24706,15253,55364,54858,37091,329690,115474
457396,404,9,41,80,79,20,27,514,86,18,299,499,463,340,248,392,516,708,155,32,73,10,25,55,34,327,747,449,323,272,105,62,15,447,22,327,12,236,6,150,59,180,553,289,157,350,1127,385,271,325,111,510,186,617,255
457398,137,28,94,99,73,17,235,77,160,135,50,79,196,97,78,157,112,106,334,426,107,129,76,235,33,235,135,357,972,396,59,11,13,72,67,136,366,957,137,283,89,256,195,295,1258,1177,4851,1534,8070,73847,73,49,117,128,101
457400,529,6694,24335,255,98,65,121,34336,144,117,2844,2212,123346,337,1012,8848,255,59031,9,774,21,49953,41905,41,30,16872,2719,7161,22199,32844,64,234,2996,187,82,1,178,20,2,136,3597,84709,15015,158,384,3,14215,15,13,11,282,185,283,6,64
457401,606,5591,15775,172,91,66,112,22901,140,100,3455,2272,135313,304,824,10936,295,66316,20,655,19,39493,34634,53,26,18672,3410,6965,19461,39985,48,278,4494,199,72,1,145,14,1,131,3441,80503,14061,162,434,10,16038,8,11,16,334,206,306,2,53
457405,4,1,3,11,11,1,7,3,1,26,2,1,4,3,2,5,6,4,14,197,3,10,3,7,1,227,3,5,74,3,20,9,21,12,4,30,0,671,27,3,11,18,25,11,951,465,21,5,25,31,19,11,19,16,28
457412,153051,242540,205266,100229,28932,405374,1021554,924851,291953,455505,102081,184272,137314,201528,112731,561400,209298,271191,43880,125172,230797,134420,119003,384696,436858,175348,170244,255500,128774,88313,232300,63216,332110,483295,335774,21901,31105,51145,55853,444537,6064,314130,193716,250188,61301,544385,794179,200800,259701,123992,121516,302197,158737,220419,109055
457416,51,13,8,35,20,62,156,119,138,39,4,4,170,104,12,69,1168,67,28,159,369,90,189,366,81,2631,645,7796,1135,724,1531,627,1937,230,98,14,40,152,16,131,3,31,37,48,191,144,64,88,61,25,3597,12530,4314,273,62
457421,4959,3196,5870,3739,1489,8813,20387,14588,8757,7037,3776,5424,7823,6526,5074,7374,8219,10735,12167,5537,7130,15874,10768,14156,10086,6333,5010,12416,13054,4958,3767,2019,2172,5201,2039,2936,4253,7280,1048,5976,1997,9279,2852,13461,10584,1882,4641,667,7480,2857,4405,8436,6102,11070,19438
457424,2346,1594,11948,2377,641,27361,54019,10291,14513,1530,500,2056,74735,1068,22150,16356,21890,14689,2567,3828,23286,23541,9956,81386,18857,39143,18899,59230,22467,13887,7673,4492,3712,4824,3621,2703,8891,8452,853,24039,5595,7977,6152,7260,14676,1191,7434,859,15009,9908,6494,6501,6816,23991,16454
465515,85,23,14,53,19,14,19,19,65,47,45,92,122,75,49,99,44,36,126,27,4,25,57,94,23,33,12,41,128,49,50,7,7,47,16,53,57,27,11,86,90,78,13,167,142,0,10,3,29,20,13,15,24,5,60
467705,15,5,19,9,18,103,285,426,597,285,106,97,332,271,48,487,148,131,12,222,93,40,23,381,108,48,87,42,15,212,41,61,20,111,35,6,18,7,15,759,1,38,7,48,24,192,261,67,123,141,133,270,50,24,119
469378,131,51,37,78,27,28,21,61,73,48,90,130,65,203,23,132,85,36,103,133,14,14,39,59,29,60,34,41,251,119,32,39,4,98,56,32,35,13,9,103,67,163,57,207,89,122,74,66,144,78,18,49,24,9,105
469585,2349,2298,8276,1298,575,28056,110439,4795,15389,6919,537,1097,48475,1362,23888,3156,10107,9824,11847,3502,11066,12821,4832,48002,6938,30792,3744,35464,5382,5083,112679,18567,25500,42029,74692,814,3283,7564,200,6974,825,6096,5221,1763,3587,998,9157,1835,31607,13301,21743,14102,12810,61671,36997
469588,3246,4617,2908,3271,909,5795,14674,822,2640,612,202,432,16634,255,9856,12067,17404,11752,4468,6002,8544,12963,4118,37104,5419,11404,3025,10337,3900,3008,19325,3677,4641,2528,3426,895,2133,3632,267,4988,753,14185,10594,6075,7034,375,2951,314,4251,2917,7584,6896,5502,19990,7274
469589,6535,6737,16209,3133,1436,5268,30070,2482,3547,660,237,238,16805,303,9619,7676,5554,17539,7307,3535,19967,39649,7042,28330,5709,94696,4114,118650,3515,2812,10197,3828,8966,7134,16590,836,4074,13873,471,21876,2517,50243,18144,3215,24938,3134,6505,1346,16461,8721,22897,20771,21065,29795,49475
469590,5950,9718,5999,7273,1663,12584,39363,2019,4610,1704,563,708,31958,368,17175,17097,20511,22674,6616,3447,18140,45055,9002,86580,15988,37289,8090,37282,11707,6689,60190,15276,20127,4791,10516,2108,5328,6589,726,12136,1906,66779,47733,24852,29425,1548,19450,1596,17040,10563,18614,20801,18206,87670,46947
469591,14395,13305,27955,8661,3512,8499,55944,4756,7161,1816,569,1005,68875,713,23169,27115,29804,35272,11431,12711,56358,77718,22094,135840,31079,142237,8019,177978,8075,6733,29446,7989,19483,14026,25923,3774,15216,21075,1569,86727,6576,88053,39090,11192,45311,3945,10481,1983,27315,17171,38921,36049,34390,41340,74473
469592,16736,9315,19180,10431,4116,9916,28705,3675,5796,1501,505,723,47343,605,26291,20995,20232,32798,15746,11919,31866,62671,10482,52267,10323,88480,6273,104295,6511,6281,13264,5714,10879,10480,24474,2070,9157,26600,1025,36633,5360,100363,36116,8368,48952,4933,10840,2396,27524,15003,29144,26083,24638,61467,34679
469593,12487,5896,89656,5580,2370,142665,359894,33918,63672,4901,2190,7409,444829,7020,265563,134043,143283,116097,120891,22132,380970,423171,88147,908878,235117,460473,48649,482897,29836,66225,155455,16404,94716,16261,38696,7257,25650,52296,3071,201089,7742,145735,158134,43552,77539,13521,103550,7436,53369,45288,376972,427738,304451,197820,108446
469595,3,24,104,7,4,2,7,120,5,6,3,6,145,5,11,25,7,2037,8,45,1,171,97,2,3,61,38,123,29,25,2,1,9,4,3,1,3,19,0,1,3,67,19,9,24,7,29,1,2,4,12,4,6,2,4
469596,5085,4337,4515,3178,829,4807,5151,5123,5503,3806,7441,19333,10111,15111,6920,40115,22673,22344,4826,14823,7025,10499,6818,17776,20799,44672,5275,7818,329715,48770,4825,22544,5300,11658,4038,1554,3982,5509,2175,17121,1179,13049,5629,14365,9226,11192,18398,4671,23564,18359,3085,4273,6409,10237,16208
469599,8,0,2,4,8,0,8,8,3,4,1,2,1,0,1,6,29,7,13,3,18,19,5,18,4,83,2,3,2,3,24,13,6,38,2,34,0,1,0,4,10,16,7,6,6,62,38,7,52,37,86,23,94,11,36
469602,4,0,2,1,10,1,4,2,3,1,1,1,1,0,0,5,9,2,12,6,4,2,1,5,1,153,1,1,4,2,18,2,2,9,0,75,7,19,1,11,3,5,7,3,11,30,28,3,13,51,6,2,13,6,19
469603,5,1,0,4,14,2,0,3,1,4,0,0,2,1,0,1,10,5,7,40,3,3,1,0,2,97,0,4,19,1,20,10,8,18,4,43,1,129,9,1,5,5,8,4,175,90,31,4,19,45,8,12,16,10,21
469604,2,0,2,1,7,3,1,12,2,1,1,0,2,3,7,20,9,6,5,16,12,5,0,9,4,139,0,6,4,0,21,5,2,15,0,34,1,5,0,8,5,10,4,8,22,28,19,4,28,36,7,18,13,10,15
469605,0,2,0,2,3,1,3,4,1,0,2,6,1,1,0,8,11,6,15,0,1,1,2,1,1,7,2,3,1,5,7,2,3,6,1,38,1,1,1,7,2,5,4,7,6,14,37,1,7,29,5,2,10,10,9
469606,9,0,0,2,12,4,0,4,1,0,1,1,0,0,0,5,8,4,10,6,6,2,1,2,1,178,1,3,5,0,29,16,1,14,0,70,0,38,2,8,5,9,17,3,18,37,34,1,44,56,8,9,7,32,52
469607,3,0,2,2,10,1,2,4,0,7,0,1,2,1,3,5,8,3,16,44,3,3,3,2,0,85,2,6,15,2,20,15,5,21,8,66,2,109,4,1,4,11,12,2,160,85,20,0,18,37,9,9,13,7,21
469609,6,9,16,13,13,55,132,219,448,205,142,100,473,304,43,538,179,127,7,264,91,26,25,447,137,52,229,55,5,327,84,143,70,208,76,0,11,3,13,1007,2,21,20,71,25,215,339,85,133,157,176,401,58,24,109
469610,370,45,5760,376,242,43,4188,1953,232,141,227,32,45819,16,92,3668,729,1566,831,2196,704,1451,492,602,135,27084,318,55389,186,363,56,256,311,109,638,97,764,599,22,1240,40,735,298,754,1151,776,1669,470,1024,538,27899,24361,13525,861,2184
469613,4,12,37,10,7,0,3,45,1,0,1,3,68,12,66,13,5,1275,5,10,4,82,76,4,4,23,8,20,61,34,2,0,0,2,2,1,6,2,0,2,1,6,1,13,3,3,7,31,2,2,2,10,3,4,2
469615,5,5,2,1,13,0,4,7,1,3,1,2,1,0,0,3,14,4,20,0,6,6,3,9,1,10,2,0,4,7,14,4,1,6,2,29,6,3,0,13,1,13,10,5,7,35,24,4,22,31,16,11,13,5,8
469616,14,1,2,9,30,2,4,8,5,1,7,1,7,5,1,11,27,10,22,2,3,8,3,2,3,12,9,16,3,8,42,12,10,45,6,188,7,7,2,10,7,17,23,15,15,83,80,11,98,128,15,18,33,28,58
469617,5,0,6,1,11,7,8,7,7,3,1,3,4,3,1,10,33,7,14,3,8,8,5,4,6,10,2,7,5,3,7,7,3,22,2,26,2,3,1,25,3,17,5,12,10,29,67,6,34,66,4,6,18,13,32
469618,6,2,3,0,24,5,5,9,3,2,0,2,2,4,1,11,36,8,11,3,9,10,7,12,7,3,6,3,0,2,22,3,5,18,2,121,3,2,2,18,4,16,6,11,4,30,52,5,75,83,21,20,17,33,47
469621,10,2,3,5,20,3,2,9,0,1,0,1,1,4,1,9,28,13,11,5,22,12,3,13,0,95,5,3,10,7,24,17,6,15,1,126,2,11,4,30,11,11,16,13,12,37,53,4,48,74,64,26,49,25,24
470145,2132,2223,2345,1529,697,7930,14733,1032,4836,1162,1795,26884,1279732,3426,506286,10036,6604,6472,3778,2565,24230,25232,6608,55029,14840,17070,7644,12818,12185,8115,3940,878,1535,1732,1685,3470,9139,6475,774,24745,1096,6580,6930,5392,7390,593,1440,262,5607,2994,7688,7603,5345,13084,20570
470146,129864,90517,74646,150205,32405,35807,206702,223744,95747,98714,251355,684208,298877,857703,194296,332675,428340,257551,61507,220145,173772,228334,156328,183506,357629,82146,101618,204682,113147,140861,153098,152032,121072,441283,106463,35877,37220,34021,78826,374232,7183,176974,139490,246581,122557,459583,398518,94106,276286,109263,95134,234531,71877,195643,145332
471854,102,26,8,41,22,4,8,9,5,10,6,6,22,6,5,30,39,27,13,15,5,7,6,24,3,9,3,9,26,3,15,6,1,11,2,9,15,13,0,10,2,8,2,17,14,0,0,1,3,7,14,2,14,1,53
471870,1755,1274,97522,1374,540,7290,1837177,22969,31550,2513,3094,554,22134,187,8095,7783,8623,8895,2091,1483,6408,6989,4338,14693,3103,37992,5431,55037,4635,5605,45670,3231,13349,15828,7459,909,2264,148183,777,4842,1120,5184,3424,2469,5273,894,8521,1456,33865,28248,50064,27443,27419,573594,21315
471871,33,5,7,27,92,13,13,36,27,31,12,21,21,23,14,36,81,41,83,7,14,9,7,20,8,33,15,38,21,16,117,22,14,60,4,404,6,29,3,27,44,85,46,57,60,184,197,21,229,363,57,51,89,106,185
471872,43,24,39,41,14,88,96,220,268,47,51,41,74,136,57,9623,7658,1223,37,382,116,131,89,163,90,151,72,130,23,44,90,80,764,124,26,13,71,10,33,270,1,95,25,90,49,1971,288,85,189,155,389,935,87,73,70
471874,14,8,42,34,57,0,4,50,2,0,0,0,15,0,0,4,16,41,2,13,3,79,53,6,0,67,152,36,18,96,0,1,2,3,0,1,0,1,0,2,0,5,1,6,4,0,21,0,7,0,3,0,4,0,13
471875,17068,13743,124882,24852,4910,44835,49079,469268,22088,23249,99345,282850,154700,64207,79865,49711,75711,24941,11442,16638,13130,13017,11922,14046,17974,46581,186935,67018,64751,40927,11578,11884,13826,26448,39175,16589,22957,30948,20675,246959,2163,28353,24194,52927,44521,72899,95738,11619,138813,116450,35851,92542,47780,57998,14218
471881,11,6,20,22,92,1,7,0,3,1,0,1,3,1,0,6,0,4,0,0,3,5,3,6,1,3868,0,2,5,1,0,0,0,0,1,2,0,3,0,1,0,7,0,4,0,1,0,0,0,5,6,1,3,4,0
473819,2313,264,37,935,670,2222,20,55,422,101,562,1937,1296,6767,561,1306,1338,622,231,1986,429,43,68,1517,308,401,671,150,1541,1262,258,125,386,1142,135,242,352,297,145,344,650,1485,797,2365,1615,734,440,1576,329,150,201,216,91,855,2145
474186,8,1,2,9,5,10,0,3,6,2,11,6,0,37,8,12,26,4073,12,47,1,2,4,4,7,48,3,4,5,3,5,1,1,7,3,4,3,2,2,4651,0,4,2,9,1,12,1451,3,12,4,2,1,4,3,192
476272,4854,3221,3732,3719,1816,24774,12535,6988,31661,15743,15176,14580,14743,12363,9551,17004,17872,8634,8371,7687,3610,7370,4294,9933,5607,4548,2906,5814,7480,2719,4412,2721,2129,3980,2996,9332,12875,4965,4385,18566,5130,9483,3450,14535,9203,3384,5725,1224,8411,4067,4708,6240,5052,5459,16456
478749,4407,2636,4689,3649,1289,9747,8514,11612,11553,8644,3122,4530,3654,6549,3041,5911,7267,3545,3884,3042,2554,2665,3130,4102,3356,5238,3988,6103,6878,4150,5791,2415,2151,5336,3633,2988,5718,2338,1902,8754,702,4662,1641,6273,4763,2373,4542,1010,7091,3775,3815,7240,4264,3739,3306
478801,51,15,6,40,14,15,8,16,63,41,33,46,87,60,46,78,57,18,94,18,1,9,19,82,10,19,9,34,99,25,29,4,2,19,13,21,29,12,3,65,34,39,13,108,104,5,16,2,13,16,12,6,8,8,46
479436,55,12,12,24,17,39,154,99,164,35,11,12,157,92,27,72,1100,68,31,133,516,140,286,431,80,1833,475,5257,879,474,1211,523,1727,215,69,40,61,129,25,192,8,41,31,48,161,127,66,71,59,25,3253,11075,3771,270,93
479437,2884,1153,1815,1659,687,11731,4143,2791,12500,5181,1821,5623,5419,4266,896,2263,1753,1396,2878,3334,606,1417,2176,4043,1791,4306,564,3977,5443,2093,4275,1798,1748,2998,1735,1247,1322,614,628,1998,4388,10059,2393,8706,3681,2472,3468,2279,2455,1745,1074,4391,947,453,4699
480119,9,25,157,6,21,1,3,275,1,1,3,12,301,3,91,4,1,511,1,0,1,266,201,2,2,62,13,25,73,3,4,0,0,2,0,0,1,2,0,3,0,3,2,1,0,2,85,0,3,4,6,4,4,0,3
483215,7242,18414,10778,10224,3051,6537,67995,3389,1954,1140,218,783,57778,389,24131,10431,15554,9866,14122,5530,142541,91401,17140,65252,29055,158446,21049,202778,21471,14749,243454,63778,27457,8382,30662,20571,45313,8479,1742,16295,3314,37562,49742,21911,33111,1319,8847,935,12451,12783,98173,161316,93603,11094,10172
483216,3278,2075,2052,2668,692,13916,20037,897,5856,796,993,4507,231797,1017,44737,6676,30307,41503,4834,13211,66774,73550,42864,183705,83684,26892,2706,10924,3177,5391,2538,553,1199,834,1075,3977,21028,8869,1242,44390,3748,63177,54611,8376,21257,2260,18177,1898,29287,26675,8128,7760,5806,15932,133544
483217,4625,2783,9764,3963,1066,20022,51180,4637,9040,1392,1888,1413,78870,1369,35093,57516,37663,57735,14942,7790,67223,68089,22872,163148,42023,150392,19679,61364,20437,37165,43798,10797,63860,17546,37196,1885,6138,52871,903,44181,4887,52623,51057,12926,33348,3880,14914,1302,12542,9610,60213,57479,36614,308865,110086
483218,36102,13050,17606,45141,10482,23071,27718,35924,33977,15700,36153,60397,43303,49928,43373,84603,93058,61697,24709,78169,31081,23422,22219,37240,50743,20258,24235,31519,9168,12328,19839,16041,18601,16976,9679,32062,37235,46732,23844,91190,2616,25791,20742,28678,17803,41854,70632,11388,104267,81419,30675,44622,42318,59411,49168
484018,99755,142111,56509,132277,38987,2093,11811,1165,1775,1214,150,779,27914,237,10340,9008,9689,6882,70451,5385,333325,151227,21535,203034,127738,99947,146438,76111,29636,71628,17781,30301,36367,4182,41318,157930,446640,46951,29786,345694,1247,24693,51436,75820,77198,510,3066,599,8927,9508,8856,8232,6252,5478,4296
484020,18807,14723,1241,28022,4677,495,2433,4180,2349,2491,260,589,516,1485,780,391,912,8290,212,653,306,828,713,386,656,1803,1336,3350,2309,1299,12941,940,14406,6264,826,210,1296,1472,231,21665,126,1555,701,1199,551,1448,2440,1829,1585,1241,1569,5764,2305,5431,20398
491074,215,115,325,167,78,435,356,507,386,387,202,349,419,456,178,519,791,2519,372,428,66,147,163,197,77,447,541,531,1129,351,176,139,82,148,101,192,247,304,79,3235,239,591,176,571,674,128,1225,115,437,418,198,319,362,323,735
491077,59,33,18,37,33,56,71,77,53,34,87,94,142,103,70,221,260,113,102,180,19,34,46,79,66,56,45,46,135,91,37,11,8,25,18,60,168,65,49,52,67,348,55,297,206,21,57,11,61,44,31,39,32,56,91
499177,91,9,36,48,39,38,30,72,90,88,63,123,66,104,37,89,71,44,113,17,11,39,23,40,22,47,37,76,98,31,66,29,22,54,24,35,30,27,4,83,31,69,21,127,50,88,82,12,64,38,42,81,76,37,184
500632,24318,18906,17561,35765,8333,21915,30311,41668,27220,24308,34117,65766,54024,66992,37087,51017,68051,47043,24501,39383,23796,22447,19468,43317,36813,30908,29811,32320,30253,21744,19112,15936,19351,25596,13476,18725,21006,35202,8878,53057,6724,36677,16435,48901,35501,39644,55936,12145,59413,38333,26247,47465,39197,44088,39326
500633,161,11,55,51,52,53,54,229,104,171,111,234,115,102,69,333,221,120,115,66,45,59,58,74,60,183,251,181,237,144,104,56,57,145,35,190,28,34,10,218,51,245,161,351,169,297,430,59,491,470,103,483,172,140,241
500635,1004,117,71,819,473,161,122,184,633,346,349,572,804,792,522,553,648,231,1151,696,49,107,380,540,108,3548,18040,1961,2696,10575,426,82,63,267,65,935,982,203,237,1488,371,415,96,924,651,28,89,23,163,96,81,117,182,48,703
500637,2,1,3,9,11,0,1,0,1,1,0,0,3,0,3,8,0,5,3,2,0,1,1,1,0,11,0,0,6,2,0,1,0,0,0,3,0,0,1,1,0,0,0,3,3,0,0,0,1,1,0,0,0,0,3
500638,25,1,10,18,4,27,11,35,26,6,30,17,53,29,13,32,43,34,34,5,4,8,13,9,7,20,3,40,39,17,12,3,5,10,2,7,5,16,1,29,3,12,4,38,24,3,12,2,10,6,11,14,7,6,7
500639,16,7,11,21,16,9,7,35,27,21,17,20,70,19,15,8,16,46,29,10,9,24,23,29,4,24,268,48,32,19,17,7,41,16,2,30,49,6,11,28,3,53,16,54,31,3,9,1,5,9,40,12,8,4,11
500640,4,20,90,5,5,3,5,125,17,5,4,4,189,6,3,10,19,107,13,10,1,67,41,7,2,32,15,164,68,26,3,1,18,3,1,6,13,15,1,11,4,72,16,100,17,7,131,0,8,5,8,2,3,0,10
502347,49,646,1753,64,97,5,19,2637,24,20,279,384,16272,32,28,434,30,6147,6,19,2,7396,5797,15,3,2790,482,7670,3262,2383,5,12,329,10,5,4,7,4,1,23,315,6056,1034,15,83,1,1072,0,7,1,35,157,170,2,5
502558,682,275,479,399,169,1120,694,1020,2574,1301,856,1438,832,1112,306,490,1334,1641,1197,1247,526,765,1400,2079,1527,601,295,674,2027,809,215,162,64,732,382,272,301,164,139,446,857,1119,288,1612,1277,924,954,493,1194,857,217,393,266,432,2814
502800,6,6,4,12,38,2,3,12,3,4,3,0,19,2,3,2,1,16,7,3,3,11,7,7,6,4,2,8,6,1,0,3,8,0,0,3,0,0,1,2,1,8,3,4,3,1,7,0,6,3,3,5,1,2,6
504472,18,5,4,31,2,4,1,0,2,2,3,7,12,4,2,8,13,6,8,4,0,3,1,7,1,7,11,15,30,7,10,3,2,2,2,2,8,5,1,18,2,2,2,16,7,0,1,0,4,6,3,4,2,0,12
511145,580,5173,17408,181,115,53,116,24281,131,86,3422,1769,116975,255,724,11581,341,49778,15,810,27,34091,30245,45,29,18191,3165,6971,16053,39560,55,262,3629,208,75,2,130,19,0,108,3330,79258,13933,157,378,1,15930,15,11,10,289,168,288,10,39
511680,246665,7474,10019,1988930,7344,10936,17257,24300,23226,10151,6494,7538,8763,8002,9591,39293,268292,81530,8678,39630,16784,10067,13894,16956,24301,50799,18360,42176,4825,22430,31132,48643,12160,14808,8788,15594,17305,17942,7325,40503,1681,14330,10375,15374,11412,22596,33766,4991,50362,43701,16722,65020,852114,26820,30281
512566,16,9,11,7,11,30,186,122,240,94,17,13,55,78,28,515,356,345,38,161,147,54,58,288,104,78,169,107,83,99,7,43,22,42,21,8,13,30,18,315,10,85,34,151,41,222,153,53,169,241,293,351,161,68,43
515608,9,0,0,6,2,1,0,1,3,1,0,1,0,2,0,6,1,1,6,0,0,1,2,0,4,6,0,2,8,2,2,1,3,3,1,0,0,0,0,0,0,2,0,2,9,21,14,5,2,3,0,4,5,2,1
515619,106134,57587,221356,380047,74036,278559,209979,445144,552491,116351,1033380,1865430,899624,1671151,892547,939519,943261,512287,304592,1318220,173373,117665,128317,130923,435401,249659,664341,417536,48363,324025,155994,210860,100921,88279,52995,1082256,408270,1665160,459370,3194301,7811,147856,68318,158936,115123,651106,1275954,185055,2065704,1634914,205435,343121,152181,1363717,1068659
515620,12188,6606,7220,21024,9477,8271,7574,13567,12790,4616,29852,44228,61452,43062,26487,221974,135037,305286,21990,17552,110352,81080,172406,15875,19362,61857,10651,46197,6165,14197,21917,11217,34244,4783,3074,6999,13788,63628,6234,64214,2033,131965,144625,44028,25401,67562,66846,12025,93818,42820,227994,243738,125727,145682,85589
518635,250177,23965,318,90558,42820,1478,133,408,363,305,2093,10263,4853,5272,2821,2307,2575,1472,454,3864,235,227,399,4448,713,3844,5623,841,12253,9158,157169,115381,104560,143528,108093,1185,2503,1143,795,1771,1811,3591,1746,5006,2100,1852,2367,4262,1260,840,55,174,129,4551,2258
518636,9791,6663,10738,9218,3393,7564,22254,14640,11479,11626,17203,15326,16927,17725,9372,21026,22208,9730,14986,11959,5813,22592,17729,20220,10060,11970,6574,20422,16505,12613,14146,5074,3655,12610,4720,8948,11563,16622,2845,19942,2271,6699,1886,11953,8686,7078,20107,2289,34678,21833,6861,9676,8937,14636,10283
518637,30572,78329,5066,49312,12932,7985,9421,13857,7905,8898,5925,11958,7420,11602,5685,182928,233564,153556,2617,52753,75751,36080,94659,32165,45201,16917,5651,7049,5550,3429,161448,223212,130937,133833,116857,5084,172801,3817,59033,339943,33274,264128,214868,194101,87112,83805,122904,28605,62189,50888,3821,11132,8571,7117,219032
520999,1,1,2,11,7,0,1,1,0,1,0,0,3,1,0,1,3,2,0,1,1,1,1,10,0,10,0,3,1,0,0,1,2,3,1,0,0,1,0,2,0,1,1,9,7,0,0,3,1,1,0,1,5,0,2
521000,12,5,5,27,50,0,1,0,0,0,3,0,12,1,0,2,2,2,0,0,1,2,2,1,1,19,0,0,2,0,0,0,0,0,0,1,1,1,0,2,1,27,5,3,0,0,0,0,4,1,0,0,4,1,8
521003,2945,779,392,1517,714,460,399,1044,1265,775,124103,862359,427625,1439343,126144,2056,1124,459,1409,2026,256,703,606,2790,477,607,584,812,5817,1790,471,194,219,1015,274,646,539,472,209,1404,1415,3445,952,9755,2364,1186,1637,1071,1205,491,178,352,198,672,1384
521095,239,40,46,86,38,190,114,188,178,167,69,109,204,445,38,272,130,40,224,293,32,37,43,197,24,38,1280,44,201,138,139,209,43,349,179,282,251,152,167,1218,121,376,150,1063,258,89,102,55,147,53,213,340,150,278,166
521097,4,1,1,2,0,0,1,2,0,2,1,0,5,0,4,7,5,6,3,2,7,2,0,2,1,7,2,6,8,5,2,2,0,0,1,5,10,3,0,15,2,13,4,7,19,5,1,1,2,2,2,1,0,6,4
523794,10,13,23,29,14,2,30,42,27,4,8,9,7,8,3,18,17,7,14,7,8,2,5,20,10,6,4,2,3,1,7,3,6,8,1,75,3,3,2,10,3,58,17,65,73,34,28,5,24,82,27,31,26,12,31
525246,70,38,18,72,21,45,30,69,116,48,94,109,265,112,48,67,48,11,76,35,14,21,46,145,16,17,17,39,105,50,41,9,13,87,29,37,39,10,6,90,40,58,11,135,84,18,17,15,29,18,25,43,15,9,30
525258,150,76,134,59,32,146,268,372,177,192,320,596,311,431,213,752,336,415,137,120,120,98,56,181,78,319,387,165,186,217,168,188,130,238,125,152,47,154,22,190,40,333,221,453,189,268,520,45,305,293,134,558,178,329,135
525259,2393,1137,1641,2619,671,6574,6414,3565,7447,4555,6782,13893,8380,10415,5246,3753,3082,3365,2119,2254,1026,2312,2621,2095,1731,3053,3221,3613,6688,3581,2692,1759,1021,3053,2161,3789,3881,2064,1621,10697,1975,7921,2600,9481,6856,2718,4717,1096,5178,3497,1921,3170,2825,4066,7242
525268,21,9,5,21,9,21,7,12,9,18,22,20,28,12,12,31,13,9,37,5,2,4,11,27,5,9,2,17,30,21,14,6,3,16,4,13,21,1,4,23,11,25,1,37,27,4,7,2,6,4,4,6,6,2,39
525278,14,22,6,10,14,21,30,60,15,14,9,8,6,30,6,265,191,3694,27,103,17,31,17,13,13,151,52,40,14,36,9,24,15,5,7,2,4,5,1,5233,1,43,13,27,12,68,1504,29,35,39,75,126,95,38,193
525279,19,0,6,23,11,12,28,49,21,13,8,4,8,8,2,100,1891,91,16,57,7,244,14,34,17,108,20,12,10,170,18,8,8,4,5,50,5,4,2,151,2,42,13,17,5,30,231,14,22,46,8,16,10,21,48
525306,4,0,23,1,1,3,2,2,3,1,0,2,2,3,0,7,2,3,5,1,3,1,1,2,1,59,0,224,2,2,3,2,0,1,1,0,1,2,0,5,1,0,1,1,6,10,6,24,6,4,12,2103,7,22,51
525309,9,3,2,5,2,4,1,2,8,1,5,59,21,20,3,5,2,2,5,2,2,0,0,5,14,21,14,7,21,7,8,0,2,3,1,3,5,0,1,123,1,14,4,14,12,0,19,3,2,2,3,28,11,1,1
525310,3,1,2,1,11,2,7,5,7,2,3,6,4,5,2,7,11,2,4,10,1,4,3,14,2,6,2,0,9,4,2,1,0,2,0,2,2,2,7,16,1,10,3,7,8,6,50,19,6,5,3,22,5,4,6
525318,4,0,3,3,2,3,16,4,15,3,4,2,2,2,1,4,3,2,6,1,5,1,3,5,5,4,1,3,1,6,3,0,0,3,0,1,1,0,3,5,4,44,0,11,3,1,25,5,1,0,4,6,8,1,7
525325,2,2,1,1,1,17,27,3,17,10,10,3,22,96,6,6,5,7,20,4,3,5,10,4,6,11,133,5,15,66,0,1,1,0,0,7,8,0,2,908,2,61,3,21,7,7,13,37,25,12,1,2,4,1,4
525328,31,11,4,15,12,15,5,16,13,7,40,52,76,19,15,15,9,27,21,3,6,5,9,21,7,54,8,11,53,25,126,101,80,111,33,12,6,13,6,17,4,33,9,17,12,21,23,4,40,19,10,14,33,8,68
525337,10,2,85,28,1,7,4,171,37,23,36,88,5,3,21,15,27,10,7,73,0,7,3,3,4,64,7,221,9,14,1,9,0,3,34,34,3,1,2,77,0,10,0,44,36,728,532,14,1,9,718,3041,314,17,50
525338,4,3,2,2,0,11,17,11,13,5,5,14,10,6,2,17,45,6,12,110,1,5,3,8,1,40,8,80,6,16,4,1,1,8,2,6,2,1,0,8,2,29,0,20,9,82,176,12,3,3,14,42,11,9,24
525361,3,3,35,11,3,11,13,18,16,8,11,12,12,7,20,8,18,4,18,15,1,3,4,15,10,199,5,133,11,11,4,5,0,6,2,10,9,2,5,434,3,34,1,42,35,92,143,38,11,11,193,1143,105,83,66
525362,29844,33558,7486,21416,1969,704,1044,1860,990,1288,1651,2827,1487,2659,1753,2874,3175,1959,597,2183,798,529,592,909,1365,923,839,1000,394,395,468,421,476,317,190,59148,218493,5060,120471,12419,14467,868924,55461,244620,162115,1192,5534,332,2245,1469,436,881,577,1734,1328
525365,5,1,1,2,2,6,2,4,6,4,3,5,8,23,2,8,8,4,6,0,1,1,6,16,5,1,1,6,3,8,6,7,4,9,1,0,0,4,0,19,2,6,1,3,6,51,21,11,16,5,5,7,10,6,6
525367,20,3,0,5,7,2,4,13,3,2,3,1,7,10,11,41,21,19,13,7,2,6,3,6,1,7,5,8,17,8,5,0,4,7,7,0,3,5,0,15,4,9,6,14,13,16,3,1,13,3,5,7,8,2,12
525369,4,7,8,6,27,0,2,2,2,0,0,0,18,2,0,5,4,21,1,0,0,12,11,6,0,188,0,2,4,0,1,0,3,2,0,0,2,1,2,3,1,3,0,1,1,1,0,0,3,2,0,2,1,0,0
525370,37,2,2,17,9,5,4,4,25,18,15,30,34,43,32,33,20,9,65,13,6,2,38,48,6,7,9,19,33,9,18,2,1,25,5,19,15,3,3,33,18,16,3,35,50,1,6,1,6,3,4,4,7,1,21
525379,2,1,1,4,3,4,9,90,32,7,5,1,29,7,3,83,73,15,5,7,2,13,9,7,8,44,43,13,6,11,4,6,188,4,2,4,0,1,0,40,0,13,5,3,5,34,20,7,12,12,13,42,5,3,13
525919,23,5,6,9,19,6,9,23,13,12,69,109,116,30,43,192,38,14,37,3,9,3,4,15,9,69,8,17,48,18,14,4,4,61,23,25,3,9,4,21,13,57,11,29,43,50,26,2,55,35,15,19,26,16,49
526997,12,0,0,8,9,2,1,5,9,5,8,2,5,9,5,15,14,4,25,2,3,3,3,12,2,15,8,6,7,2,9,1,3,7,1,31,2,3,1,9,1,4,3,8,8,17,25,4,13,15,7,5,18,7,16
527004,3,0,3,1,6,0,0,0,0,1,35,89,3362,5,0,1,5,39,0,7,1,7,2,7,2,0,11,2,1,3,0,1,0,1,0,1,0,0,0,0,0,3,3,12,7,2,0,1,2,0,0,0,1,0,1
527012,4,0,1,7,9,0,2,0,0,0,1,3,5,1,2,0,1,15,2,0,0,2,0,0,3,37,0,163,1,1,0,0,0,1,0,0,0,1,0,3,0,4,1,2,3,0,0,0,4,1,0,6,1,2,2
527025,4,0,2,5,3,0,0,5,4,3,4,6,16,4,8,9,11,2,6,1,6,2,8,15,7,5,1,1,5,3,3,3,2,3,0,34,4,1,0,1,4,1,5,4,6,21,25,4,3,48,5,6,7,8,14
536229,8,2,2,9,2,4,1,1,7,1,8,3,5,2,3,8,3,4,9,5,4,5,6,8,6,13,1,16,11,3,5,2,1,4,2,2,8,2,1,12,0,4,3,2,2,16,6,4,6,2,1,5,9,2,7
536231,54169,26110,115269,52383,23866,56647,78289,238822,61891,37288,94348,81934,150312,105989,223276,322048,1117079,417368,37092,806346,584852,169373,140635,274277,207995,82270,210728,84927,98596,35698,35743,33510,38183,36572,17397,38766,57323,252030,18338,141295,6203,241568,133030,283564,182919,226502,371427,15545,614649,156511,63669,107857,341580,1188867,103650
536233,203,16,35,65,120,57,37,212,84,57,127,191,221,154,122,197,300,257,176,64,38,30,32,54,45,164,122,219,170,142,129,48,29,234,35,598,20,402,15,111,82,153,216,151,123,270,598,160,304,546,91,208,156,491,344
537006,956,1889,3996,591,256,658,10845,2316,2802,696,336,1639,149520,918,39690,2437,4196,4357,3425,929,7489,6248,2194,12542,2935,41468,4854,44571,7943,7303,1931,1291,1784,1293,3674,853,3369,2313,244,10398,776,9864,8904,5153,6831,358,13870,113,23999,21197,20451,15434,15039,2699,5770
537007,8140,4736,9359,6027,3067,12499,13598,23787,14637,16448,14282,15889,14318,20642,14635,30826,37179,15144,8854,21171,11366,12038,11127,14052,15791,8556,6924,12330,7593,4988,5574,5247,5609,6915,3279,3585,6255,4451,2825,20462,2147,16922,7080,19516,9459,7538,10963,2851,16981,10049,8182,20386,10672,6930,10051
537011,789255,1248429,794004,1543231,318483,4874,3992,2097,926,3039,125,1635,4024,1217,10889,8774,14703,11041,1405977,9157,12944,4108,4848,12547,2704,21098,5172,5236,6139,14915,313380,1672339,1993896,89349,2159385,5276951,11731972,1838623,378925,982588,2376,179089,384944,581524,730772,690,856,2955,368,4937,334,501,1740,1158,1624
537012,215,274,115872,656,94,118262,157075,108260,46836,27130,579,202,5896,45,2195,40704,15743,62987,1574,1201,71087,67119,53119,76367,16593,330167,1998,484232,3236,2519,2581,1817,865,908,546,221,449,17725,111,3418,2647,30920,15783,5344,24188,8623,101299,21127,670234,520092,1109142,383929,346603,109362,328169
537013,4746,2569,6529,3836,1754,2236,4875,6615,7467,5312,2701,3639,5301,4116,2479,3214,3151,6710,6416,3110,2939,10162,5652,9013,4984,7057,5350,6719,18815,7147,2989,993,486,2586,2214,5314,5895,2367,1863,10871,1779,5811,1533,6936,6271,1070,2539,511,4518,3907,3053,3280,3861,1231,23004
537937,26882,2454,7739,15721,4758,208,2272,23282,7593,7630,373,35328,871,72145,16862,9593,13573,12784,104,40969,191,705,147,6726,1421,18175,22420,23217,122745,33774,5732,5313,6598,6090,991,6480,752,1187,9349,7880,4086,10159,4514,15276,5139,10655,13103,16658,29444,2219,1045,6514,2362,6349,45019
537970,7,2,4,2,3,0,8,0,2,2,0,0,0,0,2,3,7,3,50,3,27,38,25,2,29,44,40,54,12,85,6,1,2,0,0,17,1,2,0,4,4,2,3,5,6,6,10,3,14,32,11,46,14,5,10
537971,2,0,2,2,4,0,2,5,2,1,0,2,1,1,1,5,9,2,2,1,1,4,1,17,2,1,0,0,2,10,0,0,0,2,0,0,0,0,0,2,1,2,2,3,5,12,0,0,7,1,0,0,2,2,1
537972,2,0,0,0,3,1,1,1,5,0,0,0,1,0,0,1,5,1,2,0,0,0,0,0,0,0,1,2,0,1,1,1,0,0,1,36,0,0,0,1,2,2,1,5,7,8,31,1,3,31,0,0,1,1,7
537973,16,1,98,20,5,12,11,176,25,18,36,72,11,10,32,5,21,3,22,100,1,9,5,19,5,99,20,270,17,19,5,3,0,8,12,24,9,6,5,91,5,25,3,37,47,512,507,21,5,3,718,3071,331,17,56
543734,15,7,712,19,3,9,12,948,32,21,58,61,17,11,22,8,32,27,15,105,1,7,8,4,4,544,12,1787,25,7,3,22,1,6,24,17,4,5,2,84,0,32,3,43,36,565,485,11,8,9,5742,24709,2352,90,84
545696,14656,9858,4034,10883,5280,32784,15192,6779,24916,16257,9143,15208,22703,26870,8499,32733,29952,22455,19896,15847,6123,22177,14132,14032,14327,16918,6734,9768,22121,11991,17262,5729,4507,14574,5552,11428,14077,9051,5157,15618,4089,10836,2782,13070,11770,2186,4411,931,9614,4306,4432,7470,7146,9939,46039
545697,1787,17,123,211,171,45,28,2632,203,48,931,1765,2787,1120,1529,2323,4602,6546,683,94,225,41,91,209,122,1661,4230,2894,1481,1559,118,71,42,1857,69,632,11,147,7,328,99,425,2933,1504,136,330,7593,3459,281,570,591,2792,384,1399,447
546262,13,15,13,17,20,1,127,16,18,5,2,5,56,15,13,13,14,10,22,4,20,51,24,57,10,39,21,45,28,25,6,1,7,5,2,12,9,4,1,22,0,17,14,21,17,4,15,0,13,7,60,37,32,11,11
546263,15,4,7,22,14,2,8,5,10,8,3,6,35,5,19,25,9,8,29,12,5,15,15,34,5,25,4,44,28,8,10,1,3,15,5,9,13,3,2,26,7,10,1,16,27,3,10,2,19,10,4,8,21,1,25
546266,4,2,7,4,7,3,22,16,39,13,3,3,59,3,7,12,30,16,8,21,4,39,43,54,4,21,8,35,26,19,4,6,7,3,4,17,26,2,3,32,10,12,2,27,17,1,10,0,11,3,29,100,43,6,9
546268,1,2,4,8,6,14,300,47,56,151,8,6,31,9,6,34,43,8,3,32,10,13,22,36,10,28,3,36,12,12,5,2,1,2,1,18,12,4,0,18,1,12,4,17,29,2,6,1,7,6,241,136,67,14,7
546269,95,32,22,219,114,34,49,113,80,81,36,40,74,36,36,759,2697,159,83,110,334,498,814,233,268,1243,838,238,775,912,379,328,256,334,117,157,16,28,12,43,122,1237,130,501,376,225,450,23,517,656,31,63,67,36,167
546270,42,7,9,36,43,42,46,47,17,26,15,15,17,20,6,36,38,23,44,20,24,21,22,43,11,29,19,13,30,126,24,15,13,30,10,48,9,23,6,20,10,36,7,43,15,93,58,41,39,89,158,45,32,11,42
546273,50,40,18,20,32,98,596,185,431,65,16,12,344,54,41,258,2934,157,135,278,781,172,169,484,113,2266,3561,3965,110,219,1240,1632,3012,122,82,24,86,101,20,562,16,143,121,219,106,136,86,45,138,74,25567,71681,16771,612,203
546274,25,9,4,17,7,1,17,15,8,5,10,21,47,12,12,26,13,7,26,5,9,13,8,23,6,3,6,18,23,13,8,3,1,6,6,14,44,6,3,53,20,21,6,31,49,2,1,0,7,6,6,25,16,4,16
547042,13669,14089,8340,19135,4295,4570,8586,1059,2377,1060,233,2165,56495,781,42888,13496,16581,11222,18165,3802,11192,16341,3665,27970,6476,33640,35985,21516,46118,30626,6364,5956,7827,1818,9564,7967,23369,6654,1021,14906,1350,38571,43807,14766,20327,340,1835,340,7808,5254,7946,5900,5277,7261,10144
547043,9037,997,350,3300,2893,28868,263,939,837,502,4346,13502,6815,6842,3632,4153,32598,30855,1271,13144,436,396,208,3250,820,12518,26394,2281,58662,50438,1618,1400,2810,6529,1560,1085,1732,56593,1256,2166,1767,4009,2105,6074,3142,96861,31548,206588,33291,15742,155,396,298,221248,50714
548476,28,11,2,11,5,13,4,6,23,15,24,30,21,29,15,27,28,17,45,11,0,2,19,26,10,7,1,22,22,9,15,1,1,20,1,18,20,12,4,30,12,25,5,40,43,6,1,2,7,12,5,3,4,14,18
548477,71,17,31,55,16,81,85,104,108,76,110,142,175,106,95,214,307,143,127,194,16,77,93,92,28,71,50,67,115,37,59,15,11,54,21,25,58,75,11,47,105,201,60,280,172,19,24,9,62,28,28,43,31,110,129
548479,89,60,180,58,46,162,362,462,144,233,96,278,267,177,103,673,683,455,279,197,286,397,203,304,467,233,213,321,262,203,251,111,154,134,67,143,266,215,67,303,40,209,109,207,146,157,277,83,204,187,216,222,177,348,287
548480,27186,2910,7211,15397,4687,1934,3684,21344,8544,7813,1010,32263,1645,67159,16070,9579,15175,11608,1340,34724,1001,1455,1336,6362,2803,17242,19069,21815,115476,32469,5873,6003,6840,7270,1606,6670,1564,2304,8367,8168,4151,10219,4564,15435,5565,9536,11770,14647,26908,2300,1599,7205,3722,6612,38283
552396,7455,4014,6054,6626,1990,8046,11401,10083,13418,9675,14495,17523,18687,28023,12138,16789,12490,8313,12748,5345,7149,9984,12527,15544,12788,16173,7035,10655,23663,12116,18165,10923,9795,17140,9000,8015,13825,8666,3916,23949,8231,22409,6116,24647,23511,3011,4650,1469,6629,3406,4666,7522,6084,7910,12528
552398,47678,28473,21888,58610,17226,35029,45760,39300,71684,35502,29946,40764,74393,49980,42480,91336,102672,57762,79149,42124,15037,40957,30848,47354,28889,53832,23593,49807,168181,132963,47478,15235,9963,32122,16895,45517,59306,44590,12587,68874,49671,91397,23766,127477,116746,17840,38108,5690,101337,62408,13688,22734,24467,46583,69859
552531,68,24,818,41,26,207,30,1148,45,29,69,106,119,74,59,161,177,466,82,128,13,18,2740,60,22,460,39,2484,133,64,68,27,25,98,27,16,33,53,13,36,58,94,32,192,135,14,25,16,46,38,3823,15035,2503,55,1328
553174,4519,3431,1462,7551,1339,35,56,31,25,19,4,11,48,11,64,456,1098,739,1436,510,73,164,54,341,111,681,1150,589,1762,1460,1061,1963,2952,351,3207,3881,9738,2272,291,1134,15,1085,2639,2813,4331,6,30,4,46,43,34,34,68,13,67
553175,143,36,12,61,38,5,19,9,4,5,2,1,55,7,30,61,100,49,17,16,13,36,15,46,10,30,10,29,75,36,48,10,13,24,31,32,41,22,2,70,2,6,3,16,31,1,0,0,11,10,33,24,32,0,96
553177,9,8,2,5,6,0,1,1,1,1,0,1,1,0,0,13,14,8,6,2,1,4,0,10,0,4,2,3,6,6,1,0,0,3,2,1,2,4,0,4,3,9,3,5,12,0,1,1,7,2,5,1,0,0,19
553184,219,29,39,91,43,49,25,50,88,46,107,158,137,252,45,76,59,40,217,117,19,39,15,121,15,20,32,23,157,72,29,14,3,79,36,23,30,15,18,118,53,112,41,225,78,35,24,18,28,25,39,73,36,35,100
553204,62,64,55,46,9,91,178,143,117,148,318,729,311,488,324,561,346,293,71,540,89,79,80,125,96,102,144,124,78,76,119,71,98,101,62,21,18,128,23,100,25,252,96,209,108,285,307,110,245,197,91,135,76,248,387
553206,33,4,1,19,3,16,5,11,40,16,20,28,73,43,28,29,26,11,64,11,3,6,23,31,10,24,4,12,43,15,14,5,2,35,19,19,30,12,7,28,16,28,6,35,22,60,11,3,12,3,8,4,5,8,20
553218,9,0,2,1,3,2,5,3,3,6,0,0,1,3,2,10,6,1,6,2,0,1,2,4,0,9,4,9,11,6,0,1,0,1,0,8,6,3,1,7,4,3,1,20,7,1,1,0,2,1,12,34,10,0,1
553220,18,2,4,6,20,5,9,7,4,2,1,1,23,3,2,4,4,2,9,12,1,11,3,5,4,13,1,1,32,6,3,4,7,1,2,36,3,38,1,3,0,2,2,2,26,22,6,1,44,45,22,18,10,4,12
553481,35,13,8,21,7,12,4,14,46,22,22,39,67,67,33,19,14,14,62,16,3,11,39,35,4,18,8,17,80,35,37,5,3,26,6,20,29,10,8,75,72,57,5,80,71,2,17,0,13,9,14,10,15,3,38
553482,14,1,4,5,2,9,10,7,18,9,11,8,9,7,2,76,24,22,8,8,7,12,3,14,4,3,5,8,13,4,6,3,4,13,0,0,3,3,0,7,6,11,4,15,6,38,5,2,17,4,13,32,4,3,18
553973,439,199,444,375,139,387,800,1374,758,579,481,896,773,999,510,1001,1199,608,452,678,436,345,373,888,619,481,390,655,816,349,297,238,279,349,138,159,266,245,105,782,63,625,379,750,614,398,701,171,1077,485,358,848,510,435,414
555970,63,15,834,41,15,186,46,1080,58,37,63,68,102,73,56,190,188,438,88,139,7,13,2851,48,29,443,26,2525,66,55,64,22,16,85,22,14,38,41,11,27,52,108,27,159,139,21,18,9,33,24,3728,14880,2528,67,1247
556258,3416,4697,2982,3266,983,6217,15538,888,2761,592,214,514,17656,289,10432,12470,17739,12107,4598,6105,9139,13120,4208,38906,5782,11844,3062,10826,4013,3078,20159,3951,4876,2540,3614,877,2289,3951,252,5206,756,14124,10784,6200,7178,381,2992,327,4433,2967,7853,7254,5771,20654,7555
556259,624,4781,1599,910,325,4654,23967,1417,682,638,395,304,20976,245,8386,4962,4762,14112,2306,1647,7883,15102,3638,32534,5216,19689,2735,23335,2406,1084,35281,8778,9843,1599,5307,519,413,2213,27,1461,559,25017,18131,8903,11456,1520,21009,1537,12718,5906,15042,18893,16556,56004,44426
556263,5,1,5,1,0,9,6,8,7,2,0,1,0,0,1,16,6,11,3,1,8,3,6,5,3,8,3,1,0,0,3,6,4,3,2,1,0,2,2,19,3,6,8,4,5,4,0,2,7,4,11,8,6,0,6
556264,2,0,5,2,19,1,3,4,2,4,2,3,2,8,2,8,7,5,14,39,4,5,4,0,2,137,3,6,32,1,9,14,6,6,0,45,0,123,8,5,4,22,13,2,212,119,19,2,22,45,7,18,14,19,17
556267,9,1,0,4,10,1,0,2,0,1,0,1,2,0,1,1,9,1,5,2,1,0,0,0,1,3,2,0,0,0,2,0,1,3,0,58,0,1,0,3,0,0,1,8,8,0,36,0,2,34,2,1,0,0,8
556268,758,460,559,492,349,442,838,785,1147,759,453,643,2596,690,1052,3089,1052,897,1240,754,305,765,280,1565,480,510,404,599,2254,552,999,227,236,655,243,1076,1053,444,347,678,909,1245,461,2135,1900,168,568,119,1012,656,205,392,564,193,1008
556269,112,30,23,32,41,2,41,19,15,16,3,3,411,3,119,16,21,35,221,7,67,160,32,362,110,31,6,23,247,17,25,3,2,39,4,14,31,59,3,29,24,22,23,61,174,2,67,11,32,6,6,15,53,0,103
556270,461,418,3479,407,196,1749,1874,9085,1721,1435,433,553,676,1150,370,2401,1136,1496,310,1937,974,1610,1360,1018,1570,3257,2767,1843,2753,1307,1041,1332,2180,969,688,275,152,584,108,742,23,638,212,569,609,3319,3469,2416,4785,1803,1336,2081,1179,1358,1374
557598,40,13,4,26,12,5,8,11,38,14,20,26,51,27,38,45,32,20,67,31,27,67,19,79,14,44,16,23,71,35,13,4,3,18,5,53,132,19,11,141,23,29,8,75,82,2,4,1,15,18,1,14,4,6,30
561177,16,7,6,7,38,7,24,39,12,6,9,9,8,6,9,195,80,37,64,18,17,21,6,18,12,108,9,24,130,30,49,30,17,34,9,126,5,10,1,36,17,73,24,47,28,98,125,13,166,176,18,23,35,23,120
561180,39,3,5,13,17,13,6,10,19,10,17,33,46,32,12,37,30,8,48,19,4,5,11,15,7,23,20,22,96,26,14,8,15,13,5,7,10,20,7,20,14,28,12,53,29,10,19,20,22,3,2,7,4,28,32
562973,291,324,107,258,103,253,293,579,837,441,1579,990,615,415,209,355,273,139,59,298,364,158,149,1874,126,38,11,44,81,30,210,54,35,1135,234,30,71,29,28,603,128,271,110,526,136,179,499,366,251,112,155,478,152,48,280
562982,29,13,12,16,14,36,59,68,63,50,19,19,34,134,33,198,139,293,49,77,44,77,74,105,30,57,56,35,51,29,38,44,34,27,16,2,8,16,4,59,7,41,13,51,29,91,74,56,100,98,87,197,110,37,71
562983,33,9,10,25,22,30,213,299,37,28,26,21,31,42,18,469,166,219,41,118,158,129,72,137,51,87,63,32,60,45,16,48,38,31,20,2,13,18,6,93,16,103,60,172,32,282,256,124,49,92,139,249,128,38,100
563192,2875,1522,10838,2734,1789,2753,55654,5731,8446,2999,2981,2819,79351,1337,36860,18201,6203,16727,22270,25353,13176,123244,20459,113915,18666,15406,313,11041,5677,460,541,4001,1678,9466,21824,52151,62587,14184,13029,84621,2912,5428,1800,3285,4920,1224,8011,1080,9774,8687,3998,1971,10063,15608,59509
563193,21413,13179,19836,15944,5510,15432,35457,3066,7874,1831,499,657,40882,551,23286,17904,15191,27616,15599,11837,44954,80751,15097,72135,16171,88203,9204,96538,7406,6784,32272,12095,25088,16236,34810,2590,10683,33605,1507,41228,16699,338826,111254,23111,150701,13116,33529,7241,85483,44885,26971,22544,23517,53594,30203
563194,23,2,2,8,4,0,1,2,1,3,4,3,3,4,0,3,6,1,15,0,3,3,6,8,1,6,4,8,16,9,10,1,5,9,2,5,1,2,7,3,4,32,8,9,3,4,62,0,13,4,1,4,8,1,15
565040,24192,2518,7013,14024,4130,201,2184,22737,7168,6972,251,36721,635,75150,18714,8203,12677,10661,45,37665,193,768,153,7425,1531,17279,21476,22254,111964,30851,4588,4692,5362,4341,788,5968,1044,1140,9589,7608,3721,8238,3870,13856,4728,9291,11405,14908,25173,1818,966,5842,2221,5972,40511
565042,28301,2395,6767,15746,4769,175,2125,21475,6896,6695,117,33474,207,70638,16169,8384,12486,10964,218,36674,180,745,240,6132,1340,16892,18923,20748,112784,31152,5522,5943,7331,7194,1414,7190,893,1206,9746,8669,4205,9796,4561,16359,5221,10188,12021,16080,27853,1933,932,5484,2074,5872,39385
565047,10,3,3,4,6,6,8,4,11,10,3,4,6,7,1,4,2,7,7,2,4,1,2,7,6,5,2,5,7,5,10,2,3,11,4,24,2,4,1,11,5,16,3,8,6,4,17,0,12,23,5,4,8,4,15
565653,28,36,199,12,19,41,678,224,185,62,169,542,238,532,143,318,220,328,153,85,74,82,49,83,95,513,112,164,391,84,196,149,153,221,191,42,190,967,39,254,2,34,33,22,16,449,852,161,135,178,152,224,164,884,56
566550,7671,4288,4055,5187,2379,10173,10407,5255,11891,8552,8088,11094,13396,12055,6183,10288,12041,13935,10636,12838,8656,20954,15999,18997,12610,11487,4234,9388,362315,9300,5745,3711,2999,6287,2982,7053,11140,9473,2975,9900,1727,9545,2460,11465,8658,2737,5696,858,11509,5061,4183,6979,6642,9558,23552
566551,17,4,31,10,17,15,6,44,17,11,9,13,116,10,8,22,42,69,18,4,5,45,39,31,1,58,6,27,38,100,11,9,4,9,4,18,19,5,5,7,6,15,3,20,17,3,10,2,23,12,3,15,14,10,12
566552,14864,1408,267,5198,4282,2291,441,560,417,535,4150,17320,8800,9252,4161,5575,9308,7672,509,7008,260,160,94,4256,795,3659,6480,667,11685,10665,2179,1653,4583,10937,1698,1202,3081,4259,1472,2677,3323,9069,4807,12622,5313,10285,6179,24293,4663,2355,139,330,116,16908,10381
568703,14,2,319,6,18,3,5,72,6,2,15,13,21,17,11,8,4,10,49,14,6,9,5,3,7,478,3,2116,17,3,9,9,0,4,9,17,10,14,2,268,6,10,3,11,16,43,67,2,29,1,2709,14628,1373,11,44
568816,3677,766,514,3002,1967,758,1064,603,1257,1142,1737,16360,10886,4331,47663,2412,7869,3291,1019,17839,289,1444,515,919,718,706,215,645,641,175,308,126,86,298,157,12683,70654,14867,16668,154318,3958,71765,27854,67851,69690,4325,22129,7115,6125,10671,569,508,449,40711,7426
573236,93,18,827,45,25,211,45,1139,57,37,80,97,123,82,64,194,184,443,94,131,7,19,2840,57,25,460,36,2560,106,55,70,25,30,107,36,19,31,34,18,31,60,107,39,181,159,16,27,15,51,25,3841,15024,2455,67,1249
575586,0,0,0,1,0,0,1,1,1,0,0,1,1,2,0,0,1,0,2,0,0,0,0,4,1,1,1,1,2,11,3,0,1,3,12,8,0,2,0,3,0,3,1,2,0,6,2,0,0,1,0,0,0,0,3
575587,7,1,11,5,49,5,1,0,4,1,3,6,6,8,3,2,2,0,0,0,2,0,0,0,1,38,2,3,2,1,2,2,0,0,0,67,53,10,1,0,19,4,5,4,0,2,23,0,0,0,0,1,0,0,2
575594,4,1,1,1,3,6,7,8,5,4,1,1,3,5,2,1,2,2,5,0,1,1,1,4,2,2,1,10,9,4,4,1,0,1,0,2,5,0,3,8,1,0,2,9,4,0,4,1,6,2,9,1,8,0,6
575595,2,1,0,0,0,4,2,3,2,2,1,2,4,0,4,1,1,1,5,3,1,0,0,6,2,3,1,1,6,2,65,27,1,40,7,0,5,3,2,13,3,8,3,7,10,8,1,6,6,5,3,1,2,1,11
580050,87,12,813,54,26,183,47,1126,54,24,70,72,124,94,57,167,218,472,94,138,6,16,2776,49,10,473,48,2593,110,50,73,32,41,99,35,9,41,37,8,36,59,99,36,148,139,12,23,16,36,18,3784,14830,2547,65,1237
585054,62,2338,8144,75,6,18,49,11780,79,63,509,1148,43149,51,52,304,14,30296,4,44,6,17823,14247,7,9,3724,740,9652,6253,2669,17,62,1724,12,10,0,12,11,0,68,324,11472,2230,68,229,1,6490,7,6,5,73,175,247,2,13
585394,180067,45005,64776,45255,23473,85403,229165,166411,315119,154744,56908,71713,338141,135963,61223,115172,89315,73861,160002,81504,116616,90708,133621,756705,182797,57682,71189,62885,156332,40174,47123,41910,56241,78705,17846,44458,48927,90385,27441,97697,14364,240662,35242,78992,72611,50960,128672,21181,190082,277977,77677,68618,107550,53179,68367
585501,284,119,172,266,124,179,380,532,275,257,160,137,184,150,195,685,595,277,274,465,237,435,197,438,269,181,132,297,216,159,155,136,160,184,70,108,153,136,63,1133,45,336,139,411,351,193,352,72,768,249,233,522,477,232,390
585506,10,8,4,5,18,1,24,41,13,13,5,4,4,0,3,5,10,4,19,5,3,2,4,5,3,4,0,9,21,7,8,1,0,14,2,30,2,4,3,35,2,53,5,23,12,17,50,27,12,24,2,14,28,3,30
585520,2,3,2,1,4,108,25,27,40,9,2,17,4,18,1,152,88,34,10,51,3,3,6,22,9,18,12,2,5,8,5,0,2,3,2,2,5,1,6,37,0,44,0,19,6,243,103,751,274,167,22,56,4,8,10
585524,8,1,1,1,3,3,4,2,2,0,6,0,0,2,2,1,6,4,7,3,1,3,0,0,2,1,0,0,5,0,1,1,1,2,1,0,2,1,0,3,1,4,1,0,1,5,10,13,10,3,3,5,3,1,15
585543,40984,8269,205066,61634,9580,199191,628969,28979,57555,39460,6906,3993,468917,4871,150498,189975,145393,134720,57469,116531,298477,83438,208758,1433254,252840,424797,42306,709400,64222,32280,71587,18815,44136,57894,40763,6453,27953,182532,1993,51217,10388,119309,107690,62675,187676,13414,46927,14910,321044,153835,143744,175904,176180,373348,12746
585544,1789,4802,3541,1795,589,15575,33405,1233,5156,1104,326,577,21282,298,10732,19768,27110,19093,11140,5359,9877,18214,5741,63068,7080,20244,5408,19508,14903,9021,50905,8895,15205,7531,8832,3140,7868,6040,824,11462,1024,31881,22327,13390,14532,783,7754,805,13193,8921,12207,11182,9548,38031,23076
586220,28,9,17,6,5,67,3571,951,1023,824,5,88,8,835,33,124,615,282,1677,20,4,275,725,329,264,113,89,88,49,37,281,37,7,27,11,8,5,4,4,149,24,10217,160,2716,93,529,1577,2239,83,48,12,51,69,68,1240
591001,829,95,82,758,469,107,349,145,201,185,172,234,552,181,387,262,848,378,421,1458,172,779,220,552,347,288,259,288,557,331,173,60,47,163,36,8710,11690,924,2808,17596,269,1776,563,2532,2353,87,460,37,547,471,143,159,167,290,966
591020,547,4852,15505,184,29,65,106,22282,127,102,1295,1899,95847,120,333,1880,92,60392,8,460,11,31658,27896,23,24,7524,2050,7856,13951,9645,55,175,2992,170,60,4,139,14,0,118,3206,75733,13579,152,386,12,14205,12,14,10,161,201,296,5,46
591365,17,8,5,5,11,15,13,38,52,34,23,30,68,63,8,181,88,136,16,61,30,13,13,44,10,67,22,15,18,20,61,65,40,61,54,7,7,13,9,187,6,21,9,22,18,36,25,12,32,19,41,177,16,11,106
592010,22,7,5,22,19,65,171,105,73,49,43,44,89,103,12,23,61,36,33,13,14,47,103,105,52,18,12,13,14,10,13,12,3,143,14,6,6,15,15,126,2,16,10,19,14,26,31,15,32,16,64,189,41,22,82
592022,15,5,2,13,8,11,4,5,16,10,33,16,17,15,6,30,21,3,38,7,4,6,4,17,4,8,12,4,9,9,10,2,1,16,1,14,10,1,2,15,12,8,7,16,20,18,10,3,12,8,6,17,10,6,34
592028,115,156,66,181,65,1395,174,515,531,136,27,92,239,1353,91,178,330,137,125,1791,89,1146,2361,487,148,8152,1727,1818,1863,2201,2607775,1807248,1297936,3679006,714389,390,11766,2914,272,414,25,48,91,66,4012,1776,327,48,173,3179,38,153,1309,53,1937
592031,185,71,51,116,100,95,47,75,141,98,69,145,87,114,53,92,67,63,173,31,34,47,20,140,85,56,35,69,204,80,80,48,34,179,57,46,77,33,23,142,57,106,41,93,85,58,102,24,123,130,18,75,67,17,210
596315,83,41,23,33,24,19,24,53,42,20,67,91,165,49,15,102,85,63,73,43,41,41,27,49,25,59,37,42,91,33,79,78,38,131,29,33,36,16,18,140,13,68,26,84,59,84,124,47,149,134,40,144,86,44,77
596320,6,0,3,12,12,2,88,26,20,39,9,3,13,6,8,18,4,9,14,23,4,11,12,11,4,29,3,21,13,7,6,2,2,6,10,9,20,5,1,21,6,13,3,19,9,6,3,1,14,12,48,32,24,3,20
596327,138,71,62,89,39,144,323,10,105,8,13,26,208,12,106,263,124,162,51,82,456,403,293,1418,603,525,564,327,416,428,94,82,50,40,80,60,95,517,12,111,12,92,33,71,82,13,35,9,143,109,61,80,79,590,153
613026,0,0,0,0,0,0,0,0,0,0,0,0,0,0,0,1,2,0,2,0,0,0,0,3,0,0,0,0,0,0,0,0,1,0,0,2,1,0,0,3,3,0,0,1,1,0,0,0,1,1,0,0,0,0,1
622312,78297,179231,93343,89415,29808,87415,397255,234112,109915,57344,77984,116615,143822,135412,147580,199755,543589,202100,77512,172539,144395,187416,89163,188950,215495,181664,80556,484749,69774,83702,81018,46203,76331,65972,31851,96109,92957,169388,55842,322073,12910,178788,200477,303587,191777,122252,263700,25344,389804,167599,318238,396797,383366,333219,148479
626095,4,0,0,3,3,1,0,1,0,2,0,0,0,0,0,2,1,1,5,0,1,2,1,1,2,2,0,1,6,1,3,0,0,1,0,2,0,0,0,0,1,0,1,1,2,8,7,4,4,5,1,4,10,0,9
626369,21,0,8,7,14,11,25,26,33,24,10,7,13,21,4,39,42,25,16,24,33,31,22,18,47,20,17,16,15,17,10,16,12,5,14,5,4,18,3,48,1,11,6,33,14,179,23,15,41,38,42,68,25,15,22
626522,942,813,342,749,283,124,1415,112,154,67,16,43,3082,29,1226,368,767,387,645,255,502,936,278,2239,483,690,227,1012,716,388,478,234,243,78,230,78,185,120,12,185,21,82,46,54,103,6,31,6,267,188,934,715,377,190,502
626939,283695,225962,131609,267824,152353,4815,5240,3121,4213,2564,3938,7462,8891,8429,8366,128606,83699,123470,340813,18738,4067,9269,5782,8714,7861,4428,1613,5004,4826,2316,1590,1035,722,2149,1364,4743,8222,5638,2333,12117,14601,468947,117503,466382,321327,6223,13071,2196,20880,14931,2340,3184,2730,10729,6008
629741,25,3,5,15,9,4,4,8,12,7,4,6,34,8,13,16,15,3,13,7,1,5,2,14,4,7,0,8,13,4,4,3,0,10,1,10,8,7,0,4,13,12,1,12,34,1,5,3,11,5,3,4,2,1,13
632245,211,13,31,86,97,39,42,188,79,40,153,147,190,223,108,177,251,242,164,23,54,34,48,64,46,143,130,179,159,120,106,33,46,181,30,382,14,318,11,103,90,186,187,198,117,213,440,137,256,342,113,156,136,359,228
633147,4994,284,299,1980,815,170,120,350,681,376,799,1221,1063,945,390,1272,1078,450,913,2423,35,87,210,446,120,279,419,392,5050,2481,404,100,49,390,153,308,340,124,104,918,1470,3792,966,6816,2164,612,690,364,657,364,140,234,159,70,988
634176,23,8,21,51,82,2,21,11,6,5,2,0,17,1,3,25,265,69,0,84,3,6,1,12,16,26,12,73,4,4,1,1,1,0,1,1,6,6,0,16,0,5,2,10,9,0,6,7,6,3,62,202,62,21,3
634498,6,2,0,1,6,2,3,3,2,4,4,6,2,6,3,12,3,8,13,3,1,1,7,6,3,2,2,1,9,16,0,0,5,4,0,8,12,1,3,13,1,2,3,15,2,7,7,3,7,9,3,6,2,2,6
638301,13,6,19,44,29,73,159,152,103,85,81,20,88,90,25,357,198,213,68,275,148,88,200,420,105,77,111,131,43,53,33,91,34,58,9,38,17,16,16,325,10,70,43,396,57,267,370,113,137,244,200,480,173,50,133
640513,20,17,22,30,43,5,5,19,22,8,7,10,123,22,6,24,20,81,14,8,3,62,37,16,2,25,201,56,35,34,2,3,2,3,2,7,7,5,1,16,2,47,8,67,11,5,65,3,19,6,12,7,12,6,7
641112,1375,524,610,1337,542,902,7681,10530,6299,2691,1176,452,696,2260,588,11586,4654,14851,4824,457,413,394,638,806,629,1460,5351,3208,8193,1187,2111,782,1587,612,182,199,378,944,155,1862,787,15867,630,15844,8756,766,824,130,1399,937,11278,20785,10193,1564,1502
641118,26,11,1,26,13,8,19,18,32,17,24,30,59,35,21,68,37,10,43,15,5,18,10,42,4,19,5,24,33,9,15,6,1,12,9,27,79,22,15,54,27,15,6,75,59,4,16,2,16,12,6,6,17,4,26
641143,60,9,3,34,28,1,2,3,15,6,16,4,19,6,10,14,10,11,4,2,2,5,0,12,2,21,9,11,27,18,14,1,0,1,1,5,3,5,1,8,1,14,5,31,11,0,13,0,27,13,1,2,2,9,50
641146,38,18,16,31,10,2,4,2,6,5,8,20,12,18,1,5,17,5,16,3,1,2,2,9,1,8,7,5,10,4,5,1,0,3,2,1,1,1,1,35,6,6,1,17,18,6,29,15,17,11,1,5,4,1,9
642492,193,44,170,127,104,105,321,419,107,119,82,84,113,98,73,164,240,150,199,49,138,293,142,213,173,193,68,102,100,39,268,95,76,293,66,197,52,78,40,211,52,497,88,259,209,326,471,67,476,367,264,399,312,118,507
644042,6,7,4,8,4,11,19,6,14,12,5,11,8,5,4,35,28,11,31,152,3,5,3,16,3,53,14,54,3,15,6,4,1,15,1,5,13,5,7,14,5,65,9,24,16,22,163,12,7,8,18,51,7,2,45
644283,118,18,18,74,26,36,28,30,109,47,60,78,139,122,73,92,79,36,148,35,8,10,45,122,13,50,13,72,176,81,72,12,11,42,12,77,57,27,13,90,59,54,17,189,168,2,1,3,18,25,22,26,31,10,63
644284,4,2,0,6,1,4,3,4,5,4,11,12,109,13,4,9,10,5,14,2,3,4,6,4,1,7,4,3,8,2,4,3,3,1,1,3,3,4,1,8,5,6,1,9,8,0,4,2,1,3,6,4,5,6,4
645127,10,1,1,9,2,2,2,3,7,3,5,7,9,9,2,3,10,3,12,1,1,1,4,8,1,8,2,7,5,7,1,0,0,3,2,1,9,5,1,8,0,5,2,12,22,24,0,1,2,1,2,6,3,2,13
645462,549,17,265,75,80,59,83,380,145,62,618,1143,169,324,176,928,435,204,124,293,73,69,49,103,78,222,561,150,613,244,83,38,33,214,54,159,15,47,4,61,44,152,163,551,102,390,487,84,152,219,121,940,207,310,148
645463,2194,1442,6066,1791,974,7087,7431,12175,7123,6412,6729,8880,7370,8000,5066,5329,8417,3340,2994,6736,1788,2886,2837,3792,5939,4261,3982,6831,5806,3491,3255,2394,1956,3277,1454,2604,4335,5005,1244,4151,802,3126,1456,7213,3164,2619,4628,988,5925,2983,5200,8229,5272,6125,4470
645464,52,43,84,68,16,96,208,178,81,109,1185,2629,1101,2234,1023,383,632,373,306,758,179,198,150,604,282,156,138,94,93,142,250,153,103,175,123,140,58,77,36,342,178,419,240,693,337,412,786,125,2468,784,111,103,66,129,989
649746,8,2,5,1,0,2,3,11,9,10,5,0,5,1,4,8,2,4,9,3,2,2,0,6,0,1,2,6,4,6,1,0,2,3,2,3,1,1,1,6,1,5,3,10,14,0,0,0,4,2,5,1,4,1,8
649747,47,4,20,22,16,34,21,17,28,32,9,14,22,27,11,28,26,15,68,10,15,19,8,30,13,24,21,24,28,5,41,7,6,74,6,20,13,15,8,51,17,190,70,104,84,17,22,13,46,26,12,19,31,5,96
649754,8,3,2,12,3,4,2,7,7,2,6,11,11,9,6,10,23,6,20,4,1,7,7,11,5,12,2,3,18,9,8,2,2,10,0,6,6,1,0,7,5,12,3,22,16,4,13,0,24,14,1,4,9,2,202
649757,14680,18693,29074,13027,4296,14079,90584,97662,38863,16768,10535,19478,11745,14169,14638,130724,56843,35038,7764,20485,18686,21979,18263,42250,42035,86458,49735,74464,15667,22381,14553,33799,40324,17353,26328,3616,4435,6396,5676,52143,2253,92964,19898,29650,7325,88557,120711,31309,36580,21507,192110,214161,118127,35747,33434
649764,840,322,178,585,219,161,119,252,557,299,596,999,918,887,383,811,610,190,1032,1138,127,131,494,894,316,406,296,461,2648,964,298,162,106,414,258,262,331,107,146,657,470,805,163,1531,678,394,396,261,477,320,106,146,102,78,527
655811,20,0,8,11,29,16,12,24,9,2,5,12,20,6,7,211,186,37,100,17,21,50,61,19,36,1285,85,133,368,148,38,51,43,32,12,137,17,74,4,24,24,278,21,44,31,129,152,28,127,257,19,66,46,98,181
655812,49,11,10,34,16,10,26,49,39,23,7,14,28,27,13,112,62,91,32,31,6,19,9,34,13,35,18,36,52,29,37,7,3,25,8,13,28,18,10,39,6,37,7,65,41,23,43,6,27,27,13,43,50,24,47
657308,7282,3076,12628,3904,1764,2452,27203,36873,85120,42542,1716,3517,2363,3010,1042,6745,3244,1476,5399,7075,3771,5976,20032,12597,12969,5384,3443,14484,26700,9724,9465,5371,5296,30288,12321,5487,3588,3306,1611,6935,7474,16802,3906,16367,6124,5870,6539,4476,5939,3121,4550,10423,5400,5000,5735
657309,1317,4269,3127,1468,439,3532,14133,1523,1386,759,194,218,10179,99,3793,22930,28430,19911,12750,3791,12384,18475,5891,59898,8041,21492,5158,24601,8173,6344,33631,6635,8622,4560,6462,1433,4739,6156,411,13086,752,28160,20109,11439,12438,678,5522,581,6344,3891,14747,16363,12620,34400,18029
657313,49765,356141,21134,108633,23009,42057,39787,51767,69246,47286,189080,236549,271317,407427,170384,360116,302995,239119,202261,171320,110133,166893,129209,169375,209984,108149,52280,50739,87193,42647,175355,140293,556832,132942,220922,33380,44719,55713,51331,279312,7725,105573,70174,111873,62151,56044,94156,16067,122402,85374,28106,54855,42662,105453,132975
657314,43418,70314,55832,50579,15592,110016,133917,214963,124716,140700,48268,59657,81217,74642,36320,135039,99213,68336,31190,59415,69287,46340,56905,105500,120527,68821,39943,112373,94378,32864,36432,68385,53813,136094,56186,11976,17754,19735,10806,96946,4659,90429,36783,67984,25000,125971,132124,78798,78009,46983,89893,245587,68045,46575,68177
657316,17,2,5,8,17,12,14,15,12,15,6,7,6,10,8,18,20,13,17,5,16,41,13,32,18,9,9,12,10,6,36,14,12,29,9,19,15,23,2,14,3,28,7,31,32,28,35,6,36,30,20,18,32,20,55
657317,92091,47528,221162,366674,70970,278522,196234,440516,559510,96905,1020456,1856856,899432,1651303,887057,911003,951711,496291,311174,1164492,174479,115207,129274,113750,441930,250520,682472,424448,31313,323258,157420,217750,102088,82082,52202,1173286,436371,1755326,486483,3432860,4233,122939,54830,126706,99695,721231,1395896,197426,2262724,1856141,204945,344944,157419,1433866,833901
657319,31263,8403,6444,35014,12847,8316,10907,20045,24974,12017,57950,94942,75776,78697,37928,59623,23320,74527,175582,10429,16919,38520,55381,50744,31463,23409,18630,25495,26246,14477,46549,6080,3291,27044,13506,10350,29579,20873,14191,72766,7339,70392,19788,87243,52488,15582,32394,4537,51590,131458,13148,36908,14942,28102,302773
657321,154098,41020,39363,68628,13140,9681,80313,102921,87329,34299,831785,976593,998247,277868,307316,867315,786271,293057,94466,666476,241109,165875,145399,1266961,684209,511288,590818,629978,538873,210577,46130,49794,5350,76671,24532,35978,112638,81345,115766,1718931,10188,104399,35738,150690,90694,475482,1761203,207530,345741,264091,8349,9671,8361,614391,281352
657322,168455,255967,107270,379414,118451,64464,192486,300620,167035,138035,234874,143511,616457,89270,432672,202596,375399,291294,106550,201052,23770,20900,21063,47861,42384,128433,62042,259940,234005,85347,166558,133441,118973,126635,74792,934790,901679,73011,360512,409896,28196,124024,79707,546544,103647,79161,63592,13974,415863,74243,244082,691385,410382,140705,211584
657323,579424,192715,329012,176383,77967,493901,257658,1328172,365129,365439,188789,329061,207806,162184,174488,1205617,626954,201796,53549,343045,143756,60642,63075,403556,313978,264899,438828,145742,402364,149739,73079,58334,100378,168778,76557,20898,44000,48815,50084,502003,7045,269353,101628,214777,58803,776926,1218610,556153,419696,244562,130040,311573,233826,407198,334092
657324,326,181,407,460,174,208,497,1097,505,227,262,235,216,279,516,1799,1757,1091,528,683,560,244,292,1065,688,257,347,420,166,142,497,613,504,236,157,61,231,248,95,1500,16,667,381,825,636,422,736,77,1486,899,659,1168,755,295,608
658089,6439,14711,39323,7002,2341,15654,106802,121043,44690,20679,10227,17985,11176,14134,13713,134046,59594,38358,7211,22662,19960,22919,18343,42917,45153,90762,51815,84621,15996,21982,14704,35045,42104,18065,27506,2778,3469,5634,5857,59086,1440,85878,17845,26229,6149,89190,131937,31314,40192,25571,228567,245041,131135,33493,33751
658659,7658,3755,3163,6049,2428,7179,8430,6480,10346,7943,6450,8433,7293,11872,5776,14223,13670,9186,9303,7112,4438,7904,8200,9483,8444,5584,4146,6888,9564,5066,6491,3485,3000,5818,3093,3991,7190,9389,1948,6148,2198,12102,4559,15308,9517,4474,7457,1273,10740,6452,3719,7135,6376,9936,8786
663952,7,8,5,7,1,9,10,25,45,14,6,7,10,13,5,510,409,52,188,19,5,9,7,37,11,30,9,5,12,4,4,6,10,5,5,4,11,5,1,25,3,14,5,21,16,61,15,5,25,16,34,90,14,8,13
665943,1650,939,1550,1162,456,18275,5574,2422,16910,6724,2061,5028,4339,4403,1230,2296,2476,824,2105,2130,597,1228,2328,3521,2077,4171,598,1648,4593,1792,1656,641,375,2323,1383,900,1011,698,386,1570,1550,2208,991,3523,1856,2713,3929,2347,2580,2004,566,938,864,719,2170
665951,7509,8927,107239,9275,2561,23104,319512,106808,86576,27265,30303,77441,42085,151252,29489,25765,20942,46895,17778,21454,15961,13072,31204,13037,16362,251108,32151,42323,370629,104000,15743,18013,22014,18313,25035,11858,14176,34314,13528,97355,3574,108369,106449,21170,36004,17037,26002,5427,32857,22552,14255,25378,12337,30219,27205
665953,4716,2817,3548,4058,1594,5774,19290,1313,4345,2074,706,3261,174080,960,35017,8785,33717,47299,5967,13399,75294,97634,53749,195529,87408,34990,2315,15585,4797,4225,11521,2477,4997,3021,3237,3866,19113,5811,1054,35365,4886,67911,58946,9670,24476,1574,10417,1251,22952,19414,9587,7449,6554,8513,141599
675806,19,6,11,19,50,2,5,0,1,2,2,2,5,16,3,1,7,3,5,3,4,4,2,3,2,3,1,2,3,2,4,2,0,8,1,3,5,3,0,22,2,4,1,0,8,0,7,0,3,1,2,4,0,1,7
675812,18,4,18,46,74,1,10,2,0,1,3,5,7,2,2,2,5,113,12,3,1,7,9,9,1,17,0,3,7,0,0,0,0,3,2,2,2,1,1,3,0,0,0,14,18,0,0,0,6,5,5,3,5,4,1
679189,1615,2949,1522,2717,516,518,1548,90,359,65,16,99,2835,39,902,371,344,225,1714,151,514,1035,256,1976,364,844,536,785,1093,713,481,2782,2312,175,2281,3095,6994,1160,257,1115,38,542,806,2847,2143,24,124,14,341,243,577,436,262,566,289
679192,526,80,7,244,170,17,10,10,12,8,4,5,5,4,9,38,48,14,41,17,22,15,23,46,22,28,6,11,21,11,47,26,18,31,20,23,7,7,4,126,4,38,37,46,14,68,48,18,52,37,41,82,37,24,61
679935,6523,1166,8588,2015,2379,28869,99526,5426,65800,16395,473,1223,44510,1730,9198,10397,9161,6215,55165,1287,44484,180068,95762,65211,25250,43875,5431,30253,28224,10321,38387,4339,4590,60183,22720,3993,10181,6876,959,14858,20979,51432,16504,27789,52715,881,4006,791,24632,28112,10965,7286,10493,6254,31666
680646,92,143,79,104,147,803,926,451,3224,1768,82,59,310,505,41,232,162,59,479,884,350,33,61,2018,122,73,79,90,57,192,92,242,74,55,35,183,234,44,38,742,33,43,35,616,83,376,711,784,663,562,695,202,586,151,78
688245,26,20,34,39,10,25,26,77,57,27,45,50,110,77,52,52,64,21,70,43,23,73,13,60,21,35,17,37,90,43,28,5,3,19,15,63,83,15,13,140,33,41,17,113,105,5,9,2,10,9,13,7,22,6,47
692420,14,1,2,10,5,6,6,8,9,7,12,10,17,7,4,19,14,16,14,6,0,6,4,15,4,18,6,23,12,12,7,1,2,11,1,4,22,9,7,9,7,39,8,31,31,1,9,0,9,4,3,11,7,2,10
695560,4,5,9,13,4,12,5,3,7,4,2,5,17,4,2,6,6,10,10,5,4,8,49,6,2,356,1,13,14,1,35,18,51,10,3,5,18,7,1,29,8,11,5,4,22,21,18,13,26,12,6,15,3,2,33
697329,716,166,402,776,380,1200,886,857,755,404,1648,736,1245,1887,879,3352,2489,2891,2148,492,212,351,530,528,402,619,753,630,1419,658,441,230,282,298,136,331,375,627,122,1247,439,6084,369,5266,3154,554,800,179,1061,785,1210,1947,1262,845,1728
698737,14,3,1,6,6,2,2,10,5,4,9,5,2,5,2,15,4,5,20,0,4,11,3,4,5,4,6,5,11,7,14,4,1,12,3,11,3,3,1,3,1,15,3,6,7,22,20,7,21,19,1,2,8,8,27
702443,36078,48032,22369,56920,11986,8537,30312,1855,2160,1430,753,631,27609,249,15558,19601,28014,29961,21228,11977,14575,57520,8898,93970,15400,38795,12115,33121,19042,10298,85427,38287,45831,4557,31542,47515,110706,24491,5518,18988,3093,116424,93884,71997,71197,1488,19009,1525,19174,10925,17069,19087,17262,133711,52046
702444,2930,4068,1763,2718,899,4083,9004,686,1085,400,152,295,14032,140,4186,10403,14550,10451,4051,3499,7418,10382,3925,32005,4789,9323,2810,9718,3512,2613,17255,3364,4676,1659,2509,681,1936,2979,160,4283,627,15423,11557,6257,7486,332,3399,289,4246,2666,6993,6665,5226,18311,10544
702447,3328,4405,1874,2880,976,4201,10224,774,1185,468,197,315,15202,133,4524,12060,16504,12058,4602,4180,8068,11371,4121,35227,5017,10169,2997,10665,3866,3031,18959,3647,4999,1894,2706,752,2066,3283,191,4487,740,16508,12376,6878,8169,342,3611,343,4561,2826,7715,7301,5805,19851,11068
702459,1268,137,269,402,290,72,27,547,178,71,746,3717,770,5617,1647,2063,1256,8118,410,502,158,320,545,669,418,1448,2215,402,4804,3570,11241,283,11410,1945,268,73,203,369,61,21286,201,692,214,788,395,235,280,538,283,121,32,73,23,828,19699
706433,815,189,25,460,174,31,47,59,68,37,27,31,261,40,17,220,434,92,95,158,81,135,98,112,55,78,97,35,39,42,598,720,417,385,216,43,389,19,176,1058,33,453,405,551,156,261,336,71,210,172,108,466,171,150,407
709991,8162,7722,17201,6437,11804,3230,120367,2341,27114,17827,175,403,42529,354,20652,9635,20231,11142,15710,3668,24802,42532,20939,18051,12343,79271,17378,90983,12573,16557,38688,10301,7750,4330,29462,3936,8147,3472,815,100328,1525,68864,29951,8523,37008,893,4275,327,23135,15162,82574,89272,76762,9674,41333
717959,33091,6558,29939,8487,8818,23175,67060,19055,53422,88842,2571,6472,80239,2253,95126,60170,31174,28774,44900,5447,8252,26730,20591,35730,7410,85345,12204,249268,113990,62538,305694,19272,16097,153345,50606,21167,31648,34129,5172,57291,62971,122821,25195,81456,137070,441,2586,726,16579,22768,95198,48076,73305,35446,189670
717960,21401,14062,8896,19869,4916,24277,18346,24247,26764,20370,19019,29097,20836,33863,14321,85620,50380,35574,9036,28889,20581,33856,41590,43244,36275,21744,16971,26247,37584,13821,13945,10164,9347,20818,8100,16932,17605,14420,7121,28037,3259,14869,7738,18942,11507,23554,37785,9636,49116,39670,10765,19592,13592,25658,19584
717962,72892,58171,27145,62326,16590,43437,69676,65079,51745,56918,108888,194359,118296,315261,112537,182577,178496,96596,30692,86710,68195,61339,74114,115998,133710,59590,43053,40910,69875,44404,88580,59650,92812,162901,38845,19028,23618,39524,25264,127362,2952,39205,24129,38989,24533,60279,97007,33483,92943,66487,26372,58501,36484,66322,62058
718251,29,9,13,25,47,20,8,16,53,18,41,41,197,59,27,47,22,123,50,17,7,62,37,59,7,20,3,36,75,25,28,9,8,22,3,29,22,9,6,19,31,41,9,77,66,1,7,3,21,10,5,14,12,8,25
718252,264659,129575,148524,215391,167000,173882,201255,184945,152277,115730,94396,81306,292358,87886,220488,233638,734698,244644,158465,401329,153227,83640,93562,79581,169100,128099,45222,288848,177245,230607,342086,347516,292007,114865,134753,250004,235103,224965,68470,448549,30029,145927,71305,647541,130633,182409,139456,60437,893673,114353,366779,427045,296728,479919,176777
720554,527,62,115,310,784,219,175,356,375,253,191,396,249,541,197,260,443,237,618,129,93,76,151,195,200,121,108,193,212,119,392,149,51,874,157,1190,158,213,29,446,258,578,192,475,549,1016,1012,139,1874,1685,245,256,557,215,2045
742725,1951,306,2219,517,286,4686,3907,932,3408,3487,425,808,11064,119,3251,7792,4114,916,2258,903,2724,16824,10557,3446,1627,4619,308,7011,3370,593,86850,7718,404,58498,24204,16033,8186,5263,2381,125937,2154,52564,2753,3363,2296,173,608,489,4149,7341,1311,631,1385,1852,13297
742726,3683,2415,8153,3408,1130,35003,75286,11091,18771,18977,825,2652,163508,905,99454,9126,10436,13363,9530,904,27641,180602,69497,143176,39694,201452,52713,190945,61360,69756,9612,5425,1535,27486,77233,1999,5163,12365,477,10277,607,31483,8290,6499,16443,5485,23918,12051,196065,146146,43388,45350,31860,48329,124877
742727,1920,1132,3087,1658,475,4308,23595,1597,3384,997,149,468,18641,179,6069,7588,11505,8412,3019,4920,6908,8219,3574,20150,5512,11800,2121,14049,3408,2678,6059,1177,2130,1894,2194,974,2587,7545,311,8082,666,3229,2790,1672,2909,347,2576,333,7259,6061,18980,9884,8041,21686,11236
742729,91,11,832,55,20,191,49,1136,59,40,71,97,105,82,52,174,186,448,99,127,12,14,2829,55,20,484,50,2512,104,56,85,32,24,108,23,17,39,42,13,31,58,98,31,180,148,12,7,18,44,18,3835,14870,2458,59,1261
742733,4919,3053,4654,4183,1915,9456,17433,7248,9476,8259,7785,10056,12031,10428,6852,13043,10354,9938,10923,9827,7694,34586,14579,17878,11586,11362,9706,16022,12501,10378,9493,3559,3112,7565,3685,6291,8568,7926,2489,10456,2719,8961,2556,11158,9579,2876,10204,1102,22904,6538,7462,12560,8622,10738,19385
742740,11253,5389,9318,10259,4838,28006,28132,14903,42671,28165,21621,23699,26607,31377,20656,34985,47638,27531,15480,23744,29297,37207,27858,33616,31230,16828,9465,28471,24558,15549,23400,11722,12209,18387,8165,12052,20371,13546,5853,31333,3201,13390,6521,25321,12545,13387,25892,6478,51748,19260,11570,25843,20095,18142,26878
742741,5213,3144,5932,4370,2545,6721,13420,9027,8798,6650,12328,16518,17681,22769,8777,20005,23939,13375,8343,9305,4970,14285,10393,11691,7993,7424,5081,11213,14491,6590,6232,4089,4039,5822,2715,3588,6040,8363,1676,6605,3489,10874,4818,15213,10412,4030,8907,1771,14044,7413,5128,10255,7324,8298,11233
742742,2894,736,542,1537,718,508,467,817,1003,780,3062,6843,4325,7533,1290,2151,1395,657,4433,1950,5926,29770,19851,8002,6926,2404,933,1170,6711,2701,495,230,250,1155,304,2643,1741,518,788,1639,4814,8941,3206,15602,9532,1503,2065,1326,1767,1217,184,375,327,605,1008
742743,1002,168,272,1174,473,815,582,337,1071,656,194,425,598,343,409,930,257326,108252,260,727980,415,1518,474,1176,888,5131,3253,10333,3393,12489,839,453,552,1561,430,708,1046,241,279,1380,241,776,218,816,1070,525,998,200,956,494,132,198,222,167,369235
742766,89,24,7,60,31,1,10,8,1,2,2,2,77,5,37,32,76,39,5,9,50,63,18,105,18,110,22,35,70,31,18,6,4,14,4,36,84,20,4,111,2,10,5,6,23,1,0,0,11,7,28,23,39,12,83
742816,54,14,13,35,67,20,51,46,43,60,14,18,44,13,32,45,39,18,97,17,47,119,41,111,59,38,22,51,63,26,48,17,17,81,14,173,159,68,27,235,22,70,29,90,67,57,74,23,124,83,55,48,72,49,145
742817,182,74,113,91,46,1671,2959,107,953,106,65,155,5979,70,1324,1609,994,964,65,580,4691,4051,2858,15475,5981,2436,1385,1357,1909,1636,1062,227,140,134,235,146,370,4522,64,1272,20,215,318,180,128,148,633,133,2414,1977,1254,1019,443,5579,571
742818,1482,776,441,1433,436,194,173,488,584,386,19706,146449,41085,54715,11983,1071,834,305,1324,2447,3206,5561,7450,25932,7786,1163,625,849,5441,2166,343,347,204,713,660,421,440,658,218,972,795,1225,391,2838,802,1428,1444,947,1251,675,113,247,112,940,809
742820,28,25,30,17,17,16,56,111,62,35,68,73,962,49,22,194,61,50,10,17,45,31,45,104,38,1888,25,207,343,57,92,91,270,76,275,4,2,5,2,249,0,8,10,19,11,68,151,33,40,35,120,1001,90,12,126
742821,2991,5115,335,8314,5047,73,8295,11,131,78,191,357,524,310,11621,13808,4955,3141,3638,6666,7560,16153,1552,12258,2869,2986,675,637,1144,1336,111,749,360,256,3675,1585,11843,66091,589,19414,738,6055,3253,2807,8516,334,7105,51,3735,3019,22,13,41,33157,25111
743710,3,1,0,4,3,5,5,8,6,9,12,5,6,7,4,12,10,7,20,5,2,2,1,15,3,8,3,2,5,2,9,2,2,10,3,2,3,6,1,6,6,12,3,9,15,5,6,1,4,1,2,11,7,8,25
743719,70,19,16,44,32,31,25,43,65,67,49,43,67,79,28,80,72,41,108,25,9,33,39,83,19,45,15,60,61,39,41,12,11,36,18,70,26,22,6,74,35,47,12,86,92,31,43,6,122,91,33,57,47,30,129
748224,198621,92794,58752,299983,114170,97195,108073,416209,146761,80128,130274,72763,249509,82296,252567,284225,832994,333941,108551,229118,121040,31659,33262,54799,346563,125798,81172,348140,140636,68933,283795,354575,149286,168296,140130,398663,365225,186895,153439,727022,43113,218694,128748,1007092,209977,186476,104608,32900,619985,97316,209863,372781,244248,682665,109422
749219,0,0,0,0,0,2,1,0,3,0,0,1,1,0,0,4,0,2,0,0,0,0,2,3,1,2,0,0,0,0,0,0,0,0,0,1,1,0,0,0,1,2,0,0,0,1,0,0,1,1,1,0,0,0,3
749518,15,11,11,3,28,21,25,35,8,3,3,5,5,28,8,345,168,4073,7,132,21,22,11,6,15,187,71,46,13,20,13,26,29,4,3,5,4,5,3,5069,1,10,7,4,9,58,2018,26,56,55,66,130,103,33,191
752555,2260,2917,1275,4339,765,17,20,12,7,8,5,9,78,7,40,250,393,232,559,193,66,84,36,249,47,277,386,221,609,427,850,1464,1659,205,1486,4094,8755,1489,383,857,9,651,1302,1464,2111,27,60,10,81,67,46,34,35,63,35
754252,45,11,7,36,15,6,16,19,37,25,61,70,54,59,36,39,32,24,71,19,4,72,23,51,65,15,321,47,86,28,34,24,16,40,12,33,62,23,7,96,39,46,10,89,122,149,11368,3,10,10,30,5,13,18,39
758678,37,4,10,21,41,21,14,30,25,30,25,19,17,26,11,17,42,30,64,6,6,15,19,23,16,15,24,32,35,30,34,12,0,43,14,233,14,20,2,21,35,68,24,49,47,96,167,24,107,160,33,29,50,37,122
759350,11818,1053,2844,6588,2159,260,885,9583,2900,2827,460,14938,1029,29725,7262,3842,6110,4889,350,15352,123,424,208,2690,577,7742,8546,9283,48308,14501,1796,1566,2096,1778,358,2509,659,722,3397,3983,1554,3167,1597,5618,2111,3296,4285,5409,8745,718,395,2296,955,2549,17106
762376,65,14,4,39,24,20,28,23,60,25,37,57,107,67,50,67,41,42,91,66,31,88,39,88,23,37,12,43,111,65,40,9,4,22,22,82,151,26,12,212,59,47,19,125,127,4,9,1,19,25,13,10,17,13,72
762948,48,55,9,38,21,57,42,63,69,63,122,47,152,270,7,102,64,37,26,101,99,19,12,293,34,3,1,1,5,11,32,29,15,79,55,4,6,2,4,291,2,12,9,34,23,56,72,71,58,60,18,29,12,11,19
762966,406,51,6636,400,258,130,4619,2153,356,200,376,134,47173,123,201,4575,1178,1995,977,2745,817,1714,595,810,193,31649,422,63763,314,456,103,293,363,145,803,117,793,727,37,1319,129,1384,574,1431,1879,824,2029,452,1165,601,31812,27629,15066,982,2597
762967,266,527,58,274,174,12,1743,8,60,16,29,177,551,107,1362,1397,1426,1275,374,3167,2955,8157,1422,4888,1323,1989,624,1210,3070,2115,33,222,107,74,966,3711,9311,824,388,11997,140,797,926,2768,2257,12,479,5,68,66,13,13,11,14,24
762968,50246,18762,67928,31071,12188,3029,939565,110270,13311,15167,103,238,9377,120,4982,109185,103456,42199,16145,42673,98717,83887,47695,90363,42432,271025,45314,469687,14771,21406,3075,2269,1226,1357,1081,31068,190467,42970,22533,121708,372,3021,2812,1145,1799,263,383,89,1494,1230,1621513,1165025,351880,6909,4940
762982,12305,5330,7511,7851,3085,910,84300,9390,2379,2312,102,383,12292,238,6268,21089,21111,8761,6896,7825,19376,20966,9675,21470,9907,31140,6795,45708,7395,5968,1848,716,628,964,1047,11812,50661,10753,4845,27371,401,2576,2528,4125,4193,155,1002,199,4605,2804,132406,97667,31034,2663,3114
762983,1033,346,929,2117,5261,10,9,6,32,20,4,5,10,11,4,13,27,12,35,2,15,29,17,51,4,4952,6901,1683,1292,1806,78,55,27,34,20,1,6,4,3,17,4,25,16,55,15,4,10,0,14,17,7,3,10,6,8
762984,583,499,1408,984,176,4334,7274,436,801,256,2177,19461,740974,4146,152526,45680,88925,22779,26504,9151,13254,5278,6585,23875,6273,8486,4904,8145,5480,4848,138867,12923,41762,2053,18936,867,4518,3463,191,20197,740,57213,37498,15186,18629,9413,69132,5763,77652,112554,3417,3157,2381,37436,2131
763034,1568,1581,3816,1693,441,6602,15052,1361,4047,1260,199,953,36342,330,12668,6220,7405,5264,3008,2174,6924,7668,2930,22255,3856,17876,14811,21731,14129,13015,2765,2732,3089,1165,6705,1209,4271,2876,374,8833,405,1897,1706,1120,2079,560,3227,458,7749,6908,8693,6942,6575,5846,7303
767029,107,40,8,68,30,111,63,76,147,48,86,85,100,57,37,96,58,23,93,85,54,58,61,870,96,24,6,30,105,30,30,3,1,43,18,41,36,13,14,86,23,39,13,117,53,17,42,16,22,21,16,106,22,19,30
767031,2296,1633,620,2831,729,18,150,38,9,12,6,7,86,5,38,644,1798,1068,486,1204,44,88,36,249,57,1067,2294,1434,5383,3138,1333,939,1478,649,1649,2063,5385,1357,143,866,20,187,431,494,690,4,6,0,28,30,359,255,163,11,83
768486,11,4,2,13,15,6,5,6,7,8,6,2,8,11,3,12,15,0,14,0,1,11,2,4,4,5,3,10,9,11,16,2,2,6,4,7,2,3,1,25,7,16,7,8,5,7,278,3,12,8,3,15,15,6,17
862514,24,3,4,5,3,2,3,4,5,1,6,4,2,3,0,5,9,2,9,1,2,3,3,8,4,14,5,4,14,8,12,1,1,5,1,4,3,1,1,8,2,19,4,10,8,4,100,1,12,7,2,3,9,3,14
862962,3290,585,4463,793,306,2587,18686,1193,2668,1798,48,190,6170,959,3019,2337,3320,3527,5462,4963,3619,4440,1537,8104,1877,31914,10740,23990,203458,136455,4372,1347,2500,1898,3570,327,718,10845,620,2365,238,1783,1718,1079,12588,5879,7572,922,20391,4895,6939,6825,6080,2799,8861
862965,81,41,120,40,199,20,1087,307,487,113,7,3,491,9,9,559,11392,5130,2,4387,183,159,296,467,1203,5370,1992,15076,9,225,74,127,85,6,2,3,45,34,0,921,0,71,51,749,37,3,18,177,20,6,7477,15466,9138,864,201
863767,8,2,2,6,4,6,6,11,4,5,6,2,3,4,1,189,136,35,13,7,1,3,4,3,5,3,0,4,5,4,8,2,0,1,1,1,4,2,2,19,5,8,3,12,5,53,10,3,14,9,42,56,5,14,9
864566,0,0,0,0,2,1,1,2,0,1,0,0,0,0,0,0,5,2,1,0,0,1,2,0,0,0,0,0,0,0,7,2,0,3,0,23,0,0,0,0,6,0,1,2,0,4,12,0,1,18,1,1,1,2,10
866499,234,32,28,124,73,45,31,63,206,128,99,164,228,196,134,330,152,111,558,66,11,25,128,152,39,92,55,238,5149,234,139,31,15,91,28,109,187,85,28,346,1318,748,270,1335,4097,5,12,4,46,24,35,76,258,24,203
866771,1952,2259,1240,2699,577,1977,3292,231,364,91,36,48,1507,25,580,1321,2698,2100,1786,2164,4146,2430,3362,20304,4343,1791,387,1571,9677,4187,794,1037,888,250,1265,4226,10620,3515,312,2344,26,225,487,1353,1051,41,16,2,122,80,989,618,422,5531,1402
866776,17,10,3,15,12,22,171,68,110,23,11,14,197,37,5,75,735,45,186,84,466,177,78,261,32,2562,4934,5393,29,150,1336,1747,3532,99,89,24,37,51,8,160,3,56,35,139,37,73,129,36,98,41,9663,28357,8294,803,74
868129,12742,16624,8463,25534,4278,556,2348,300,472,155,22,97,3096,41,1392,961,1457,1017,2762,625,796,1553,449,2423,556,2446,1764,3091,1943,1951,2278,5171,6251,879,7890,4326,10141,2088,368,2013,174,1028,1545,1731,2744,76,236,94,1327,1492,2514,2087,1146,652,739
871541,199,207,51,202,54,110,139,271,352,208,902,572,371,284,131,371,264,151,47,338,245,150,122,1669,142,24,7,31,64,18,134,51,29,1212,250,38,37,15,27,386,101,225,86,497,125,163,398,327,208,87,110,288,119,40,164
871585,2,2,7,5,29,0,0,2,0,0,0,0,1,0,0,3,1,1,2,0,1,0,0,10,0,1,0,0,0,3,0,0,0,3,0,0,0,0,0,0,0,0,0,4,0,0,0,1,2,2,0,0,1,0,1
873513,3756,2357,735,7264,1178,29,77,48,45,89,51,35,159,69,68,800,2116,1119,938,2282,54,197,83,618,100,3150,5636,3273,12559,10031,1308,1249,1268,699,1356,1811,4455,2581,215,1029,21,383,577,1107,3663,854,10,4,48,34,126,80,129,33,131
873533,634,482,198,862,176,4,14,1,9,2,2,2,21,1,24,82,137,71,134,45,16,35,4,111,13,769,1226,641,2738,1826,139,191,288,34,290,267,632,150,18,240,2,67,148,185,275,0,19,0,10,16,25,16,24,0,80
878320,42,23,123,53,60,6,14,156,26,26,18,31,62,33,39,38,42,12,73,21,6,22,23,33,12,28,20,36,74,21,35,12,5,21,9,65,85,11,13,93,23,35,8,89,57,5,3,3,36,8,10,7,19,11,46
879088,4,1,1,4,5,7,4,7,5,9,7,3,5,5,1,5,2,5,9,1,2,3,1,9,0,2,2,2,3,1,3,2,1,4,1,2,5,2,1,8,1,4,5,4,7,2,0,1,2,3,3,6,8,6,12
879089,8,1,0,5,2,3,5,1,3,5,7,4,4,7,4,8,3,5,10,4,2,4,0,8,3,3,5,3,3,2,6,1,3,6,3,3,3,7,1,2,1,6,1,4,7,8,1,1,5,9,3,4,7,2,12
879090,8,1,1,5,1,6,2,5,3,9,5,2,5,5,1,2,3,4,8,1,2,3,4,5,0,6,2,5,9,2,4,1,1,9,2,3,2,4,2,3,8,6,2,11,15,1,4,2,1,7,2,3,9,3,8
879243,181,136,31,95,54,9,11,13,12,7,14,38,33,26,22,229,88,39,63,40,8,12,7,22,8,132,34,91,233,119,31,55,21,24,49,38,82,15,3,45,5,20,3,30,29,3,2,3,10,8,27,15,66,2,38
883062,561,57,17,194,201,54,5,82,44,22,359,1318,859,858,387,245,713,8869,79,441,42,8,69,187,25,345,253,96,1006,600,10451,426,11016,1591,332,47,161,97,88,21212,82,165,72,233,103,206,240,387,205,99,7,14,12,319,20838
883077,247,142,25,86,32,66,21,46,52,46,1142,1283,26108,599,55,295,151,132,164,414,17,43,63,97,47,199,27,38,340,115,53,62,56,188,91,159,95,18,58,504,136,242,70,335,119,106,189,125,109,49,28,47,28,9,88
883156,1072,508,503,815,399,2743,934,882,2037,2075,983,1138,1388,1377,1317,1238,1977,1090,1613,1516,485,641,629,734,846,772,554,1075,1839,788,672,391,241,1002,351,739,1044,1044,242,1292,405,871,366,1537,859,256,386,88,986,491,403,1467,1154,874,1082
883166,16,1,2,8,6,1,7,6,4,2,5,0,3,5,2,18,6,4,15,6,3,20,1,15,6,6,5,6,17,9,16,4,3,15,1,6,3,0,3,5,4,15,3,14,4,11,91,0,16,12,10,13,8,6,16
886872,12,2,1,4,6,6,143,111,60,57,5,4,4,55,10,474,332,174,98,41,2,11,47,13,23,14,10,3,100,20,15,2,1,7,5,4,5,3,6,56,3,476,10,109,17,434,94,129,34,24,16,71,26,23,91
887898,88,22,7,79,22,28,27,60,91,62,48,94,149,118,77,79,240,37,104,79,51,98,41,134,23,52,23,74,199,94,60,12,15,28,12,68,156,35,25,261,59,52,30,129,133,14,62,16,43,47,39,114,69,33,80
887929,121,75,72,174,66,54,136,179,210,127,94,169,197,169,128,131,170,60,338,42,35,64,81,234,93,70,44,97,259,75,96,16,20,111,20,125,161,37,34,298,126,225,55,378,284,16,26,14,87,115,60,51,66,23,195
888048,75,88,208,154,150,2061,2375,3788,48045,9777,2197,1604,7173,8189,272,7853,1729,1189,657,9086,4718,1313,771,13520,2102,1254,9946,2749,49,2542,1270,3993,1561,956,948,27,534,249,1352,56404,14,1142,953,3770,1042,2434,2794,1339,1956,2716,5204,11066,3064,580,3470
888050,27,18,4,11,3,19,41,31,74,58,23,25,38,33,8,30,29,4,44,19,8,10,24,69,6,12,4,12,41,13,15,3,1,55,21,22,12,9,5,54,14,29,11,66,28,11,32,26,62,31,9,25,15,4,23
888066,3,2,1,1,3,1,10,26,8,1,2,1,4,10,2,18,18,47,11,2,3,7,3,0,5,23,3,14,5,6,9,5,3,2,1,4,1,4,0,81,0,9,3,9,4,16,73,2,17,7,11,7,9,7,29
888727,388,129,108,242,157,188,220,986,287,186,202,346,301,285,152,447,388,209,452,158,271,336,151,445,161,223,117,171,525,287,248,153,170,396,220,44,117,75,43,458,64,358,92,604,190,282,327,79,430,424,307,620,518,175,361
888746,12,13,8,10,4,52,96,162,601,134,22,23,66,102,41,462,219,275,16,254,156,57,36,340,58,83,386,126,13,97,35,157,49,30,18,6,12,6,22,597,6,95,35,110,47,120,117,26,91,160,202,567,171,67,79
888826,5,0,2,0,1,4,0,0,0,0,0,0,0,1,0,0,0,0,1,0,0,1,0,3,0,0,0,0,0,0,3,2,0,4,2,0,0,2,1,0,1,0,4,1,0,0,1,1,0,5,0,1,0,0,0
888832,1232,966,395,1727,319,408,648,48,225,51,6,26,921,10,362,263,383,301,305,178,357,666,161,1266,232,664,922,536,998,861,292,353,498,117,690,667,1720,648,74,594,17,162,298,364,471,17,34,10,152,118,93,126,104,311,194
888833,33,41,69,26,59,1253,1749,3589,11223,4978,234,180,513,624,43,9943,2605,2580,123,2899,3920,747,984,9866,2178,277,1180,350,39,359,138,299,118,126,73,15,68,78,99,3834,10,347,407,1453,409,604,526,210,358,493,1644,3094,522,487,541
889201,27,18,18,34,13,133,294,393,2181,766,78,56,60,116,16,499,352,308,16,142,225,79,149,492,158,52,119,46,14,58,63,63,54,71,78,5,14,14,9,242,6,37,25,88,38,274,448,117,261,199,138,330,130,27,65
889204,16,31,23,14,10,145,357,587,1021,254,33,17,113,109,21,850,534,486,76,639,344,94,111,615,155,129,625,216,9,150,28,195,81,44,27,6,14,25,19,785,4,251,112,361,111,291,255,119,135,332,841,2089,802,228,175
890402,25802,2233,6260,15101,4476,535,2033,19328,6646,6290,364,29462,805,60659,14050,7139,10585,9960,387,31324,166,666,228,5185,1177,15155,17647,19413,100856,28543,4808,4656,5339,4586,940,6362,896,1764,8254,7512,3802,8273,4011,13934,4833,10154,12287,16145,26417,2464,875,5103,2027,7790,34751
903510,3,2,3,3,13,3,1,2,2,1,3,0,3,2,1,4,4,1,3,1,0,2,2,5,0,1,1,0,5,0,2,0,0,0,0,3,1,1,0,10,1,1,0,2,6,0,0,0,2,1,0,1,0,1,0
903814,1329,694,707,1814,368,1977,1125,2779,2894,1287,679,1216,2851,913,505,1414,1632,5987,1483,1666,415,1276,1211,947,806,1117,506,1452,1308,863,725,301,261,2073,453,385,1308,1352,697,6706,175,510,166,798,929,293,797,120,1957,672,446,1759,826,3118,3603
904306,53,233,104,37,206,378,185,998,4540,846,479,169,689,705,230,25776,12072,4853,96,3633,3926,1082,239,4635,1519,1470,11010,2191,200,1375,633,1716,713,473,318,23,423,105,202,7247,9,225,128,399,121,9236,4783,579,1184,1325,5528,17043,724,988,1651
904314,16,0,1,5,4,1,8,48,1,2,7,1,1,7,2,90,41,114,9,8,1,4,0,3,2,8,3,26,14,3,2,2,1,5,1,1,1,1,0,5,1,7,2,10,10,1,13,3,4,3,21,24,12,2,7
908290,28,4,3,36,6,7,19,15,56,26,22,61,67,34,18,47,47,14,69,16,3,10,22,54,15,14,4,26,100,35,45,7,6,22,9,30,34,12,4,57,56,30,11,84,93,0,13,1,17,10,14,10,24,3,38
908338,30,17,2,14,27,24,11,28,5,5,2,10,20,8,7,249,96,132,50,25,5,12,6,32,10,1718,29,87,87,39,25,41,42,18,248,46,8,9,1,14,12,55,5,19,14,45,59,9,80,99,27,54,63,20,63
909954,4,2,3,5,5,8,32,31,39,31,16,18,13,20,13,9,21,20,19,4,10,2,12,4,9,15,12,25,8,14,7,7,1,7,0,2,4,12,4,30,16,57,20,69,33,37,41,24,63,26,42,75,50,32,11
910954,47,9,6,27,8,7,6,11,62,18,27,45,73,60,50,49,39,19,86,11,5,7,33,59,11,17,5,24,83,21,19,6,3,26,8,30,34,27,7,52,36,59,13,129,109,4,8,3,13,8,5,10,10,3,46
911104,9,6,1,4,10,1,9,3,9,1,0,1,4,1,11,8,11,3,17,0,22,7,2,5,1,5,4,0,7,5,6,11,3,16,1,4,2,3,3,12,7,24,2,11,12,7,11,8,11,8,5,7,9,8,34
927666,16,30,32,43,38,60,156,190,423,132,27,28,202,186,56,415,368,524,15,511,145,64,67,510,158,100,148,99,15,116,22,141,58,87,29,6,15,23,18,605,9,162,76,352,83,331,246,114,131,264,350,1117,589,48,94
930942,31,27,10,28,10,8,6,18,13,16,4,4,11,8,4,18,37,21,22,12,1,2,9,3,7,35,31412,60,2301,3224,21,9,2,7,7,74,146,5,76,288,16,453,35,159,126,4,12,1,10,11,45,48,30,9,22
931276,181,25,33,64,102,40,42,148,65,43,83,97,130,107,91,118,255,188,147,37,57,40,38,59,44,113,100,170,79,78,121,53,51,174,31,446,41,154,10,93,68,134,162,137,124,242,524,122,318,416,118,220,181,348,343
931277,1,3,1,1,0,0,2,2,6,1,3,4,14,12,7,8,1,3,11,3,1,0,4,5,1,6,0,1,13,0,0,2,0,1,1,4,6,2,1,5,6,3,0,15,4,0,0,0,4,5,1,0,1,2,1
935839,107,31,9,83,23,13,18,32,126,47,76,127,186,121,110,113,87,31,196,42,17,15,73,175,28,33,11,84,177,66,88,14,7,54,36,92,88,27,14,153,92,78,14,206,162,13,19,7,16,12,12,20,25,7,82
936154,9,4,4,12,5,9,5,17,74,9,23,9,23,26,5,168,76,29,17,21,14,9,7,64,6,10,25,10,5,6,13,11,9,4,7,5,11,5,3,26,2,15,7,12,6,46,76,14,22,18,31,71,14,17,35
937593,21,4,4,17,7,9,11,15,25,29,11,19,19,17,8,34,25,11,21,1,1,3,6,26,1,11,5,19,39,23,3,0,3,6,58,23,25,7,3,31,7,24,9,29,22,7,0,2,1,8,1,9,6,9,19
944562,17,6,5,6,5,5,14,7,10,9,7,63,28,35,6,10,16,3,14,3,5,13,16,17,40,23,22,10,41,24,38,3,2,42,2,8,11,6,3,117,5,31,4,15,12,5,3,5,6,14,2,7,14,4,17
945711,14,4,0,3,2,1,3,2,0,2,12,19,14,30,11,3,6,6,26,6,1,2,1,6,1,1,1,7,11,2,3,0,0,4,0,4,5,7,1,5,7,10,8,12,15,2,4,2,3,3,0,2,7,2,20
981539,19,8,8,16,10,14,16,79,60,13,19,7,13,22,6,716,516,462,9,106,27,16,7,49,15,1585,79,115,13,27,13,22,161,26,8,7,13,7,3,80,2,17,8,16,28,126,49,13,57,77,109,224,90,11,52
983952,33,10,12,38,8,12,32,8,42,25,32,39,109,36,51,44,60,27,61,35,24,53,25,42,17,44,6,38,79,33,26,15,2,21,8,45,82,20,10,117,21,28,13,85,79,2,2,1,27,13,8,10,13,3,33
996285,37,21,11,12,12,13,12,26,57,23,36,44,110,71,46,37,25,22,62,35,13,22,34,40,15,24,9,39,93,34,35,7,5,16,14,25,41,10,7,49,75,33,15,109,120,8,12,3,18,12,11,5,13,9,26
997348,22,1,5,6,7,0,17,14,21,22,3,8,21,14,5,24,11,9,6,17,8,11,10,14,2,10,4,9,17,10,2,1,1,5,7,9,29,3,2,21,8,6,4,23,12,0,4,0,13,11,37,61,21,2,11
997350,33,3,4,15,38,22,5,33,24,21,6,16,52,20,12,38,32,20,50,7,10,8,9,18,11,37,8,24,37,21,18,14,7,41,12,122,8,13,1,22,21,51,22,35,33,51,37,7,108,108,33,33,70,9,87
997352,444,311,121,522,139,1,32,9,2,1,2,2,42,3,13,169,335,209,136,168,40,138,40,190,60,330,444,300,1058,549,217,176,242,89,291,365,832,227,21,189,1,49,79,113,169,5,9,1,8,4,65,55,35,2,17
997353,740,670,307,1066,184,484,717,22,198,18,5,12,307,3,125,232,243,181,1163,117,795,702,369,1801,273,571,478,300,400,424,742,1209,1233,142,1007,875,1841,504,89,357,13,79,100,75,145,20,30,5,40,64,114,124,127,215,481
997872,320,108,73,171,79,177,149,116,145,134,136,353,253,267,131,273,284,186,299,228,21,49,145,187,63,82,48,92,326,107,116,88,59,128,59,119,146,317,47,196,175,332,104,498,327,160,171,133,234,148,26,70,73,323,341
997884,1017,595,1521,424,162,1921,6785,659,1429,768,165,346,3685,277,1477,4782,6751,4525,3658,2964,5119,5855,2713,13645,3917,8731,4887,7319,10069,7064,56512,2033,4566,7124,5199,673,1162,922,114,2820,2578,6983,3123,3905,8171,530,2893,429,10042,7547,3229,2659,2770,4510,7503
998088,30,14,12,38,42,8,19,15,37,18,21,24,37,14,12,33,71,16,36,12,0,8,12,22,4,11,6,22,57,13,8,4,6,12,2,25,32,20,7,32,15,20,6,80,45,2,13,1,16,12,8,9,9,15,16
999410,9662,5653,8963,8604,3208,23297,17971,14682,30689,18420,10104,13997,17364,16542,13637,30613,29992,19880,13704,17664,9209,25130,13061,16611,14076,13812,10391,16696,25131,13207,8791,5739,5134,8847,4743,6256,11018,16867,3555,12969,4087,12987,6467,21369,18664,12460,19697,3542,37255,22584,7260,13457,11716,20542,14502
999412,3142,2396,5176,2912,1314,5320,9065,8375,6726,6692,7149,8454,10366,10214,6045,8909,9636,7591,4044,7751,1991,6928,4157,5558,3212,46610,4485,10186,23967,8445,2172,1798,1292,2645,1236,5089,4851,4017,1616,8218,906,4660,1150,6649,5398,3217,9406,1527,8645,4001,3652,5303,4612,4012,14874
999413,4969,5798,11389,3179,1791,6392,10624,21647,12820,7782,5765,14298,9968,12734,4530,22882,20583,25745,6786,7709,4568,8089,7364,5800,7371,8249,6902,7651,21526,10239,3746,2325,2357,5337,3412,3688,16062,9675,4740,17576,2181,14291,8930,11123,11010,11586,7606,1957,8019,5143,3267,7356,4560,11752,7461
999415,70,43,68,52,30,132,85,137,156,96,57,66,86,61,34,151,166,81,59,177,93,97,93,110,125,159,42,89,81,34,59,67,114,41,33,72,12,40,19,127,7,52,25,44,37,282,256,226,160,106,113,161,135,90,131
1000565,38,10,7,22,14,10,18,14,57,28,34,37,105,36,43,39,33,24,52,19,10,47,26,50,6,12,7,24,65,31,31,9,2,24,8,38,70,23,9,93,26,29,10,83,70,1,1,0,20,10,3,15,22,12,23
1002364,2,2,1,8,3,0,0,8,1,0,0,1,9,6,52,15,4,363,5,1,0,2,0,5,0,6,5,7,7,2,1,0,1,0,1,0,2,0,0,1,1,4,2,3,6,0,4,26,3,2,0,7,2,1,1
1002367,245079,430560,140631,126290,59287,4033,5695,818,1507,519,152,637,23989,189,9685,5541,13299,8934,14831,8131,3484,6357,1794,16483,4130,9877,13766,9721,18104,13724,8826,13718,14417,2969,16912,20336,49382,9393,1712,11895,462,7963,15512,29490,26208,225,815,135,2698,2445,4308,2666,2371,2362,6947
1002368,7,18,46,11,9,8,5,87,19,7,4,13,73,11,10,27,13,61,13,6,2,37,22,10,2,30,21,69,35,57,3,2,24,10,0,14,13,7,3,34,16,239,29,17,13,10,42,1,28,8,6,10,5,11,9
1005994,14,23,56,20,9,5,3,113,9,10,13,17,70,19,15,21,6,77,19,6,2,62,46,27,0,32,20,88,49,12,5,2,4,2,4,5,15,5,1,10,3,33,13,10,21,1,25,0,5,2,13,9,4,4,3
1005995,4,3,5,3,9,2,1,4,1,2,0,0,33,3,11,4,2,26,5,3,0,6,5,18,2,3,7,2,2,5,4,1,1,4,0,6,9,1,1,7,2,5,1,12,1,3,4,0,1,1,0,3,1,0,1
1005996,245,71,305,35,7,4,12,450,14,15,45,112,2508,9,20,52,14,971,15,9,5,873,743,16,26,104,7,98,437,99,4,3,60,1,5,5,7,3,1,417,4,60,11,79,27,1,189,1,14,8,3,16,2,3,8
1005999,21,11,11,13,14,3,15,18,15,5,11,13,26,14,9,18,19,13,21,9,6,12,8,18,6,8,6,9,27,13,10,4,1,10,3,14,25,7,6,43,7,13,5,40,36,1,9,4,13,4,5,5,7,3,16
1006000,12,16,56,18,14,2,5,59,16,9,14,12,122,23,13,28,15,105,18,34,4,76,66,16,2,44,84,84,38,39,5,9,5,11,5,17,26,4,5,27,7,84,16,55,19,1,30,7,4,8,14,8,4,5,6
1006003,4,8,45,6,4,6,4,87,7,3,5,14,85,16,9,16,7,185,6,26,1,39,17,5,2,23,12,97,31,16,4,0,1,6,2,0,2,41,6,5,0,16,6,10,44,20,29,2,3,3,14,2,3,5,2
1006551,45,22,79,78,25,12,5,128,32,10,14,21,406,13,21,26,57,160,68,32,57,203,131,36,3,51,28,137,55,30,14,1,4,8,4,34,32,8,7,52,9,68,9,94,32,1,162,5,16,6,75,19,14,11,26
1009846,70,22,5,52,19,12,58,22,67,47,43,49,165,60,84,99,59,38,88,71,51,146,56,167,24,50,13,61,147,103,34,8,5,22,28,134,241,33,24,264,61,42,33,137,156,5,21,4,23,19,4,15,22,9,44
1028307,19,41,167,20,40,15,42,249,101,16,9,16,133,9,7,20,25,268,29,4,2,53,41,14,1,22,28,62,74,21,7,1,15,5,0,7,16,6,2,9,8,45,16,283,36,1,147,1,9,9,30,12,11,2,23
1028803,15,1,6,17,35,0,17,8,16,6,0,0,12,0,0,19,195,97,4,84,5,1,3,9,27,62,30,249,0,3,3,2,3,4,2,1,2,0,0,18,0,5,1,12,4,0,2,6,0,1,108,333,139,21,3
1031746,0,0,0,0,0,0,1,2,1,0,0,0,0,0,1,6,5,0,0,2,4,0,3,3,0,7,0,0,1,0,0,0,0,0,0,0,0,0,0,0,0,0,1,0,2,0,0,0,7,0,0,1,0,0,1
1033734,11,0,1,7,16,8,7,6,6,3,5,5,7,4,3,14,17,9,10,1,6,11,5,8,9,9,2,4,12,6,14,1,4,13,0,3,6,2,2,7,2,18,5,213,63,9,5,7,13,11,12,12,15,9,14
1033739,16,3,3,10,11,1,4,6,13,3,17,10,3,9,9,14,6,9,31,6,5,4,5,16,5,10,4,9,14,13,6,8,3,6,3,3,3,3,4,12,4,12,3,8,13,16,17,1,15,11,3,9,17,7,8
1033992,62,8,5,53,40,11,14,19,45,29,34,47,90,67,44,28,24,22,72,32,12,42,21,79,8,20,17,37,101,35,33,10,5,22,9,53,94,18,7,103,46,55,15,138,85,5,7,1,20,15,7,4,9,21,48
1035184,40,8,14,19,7,9,25,55,44,10,30,31,105,41,16,67,37,50,12,15,43,20,17,35,16,333,26,34,70,27,353,314,185,388,121,4,6,4,6,148,11,15,20,23,14,36,16,12,24,14,37,132,18,7,81
1035191,43,11,6,48,16,19,27,19,57,27,22,39,83,67,27,89,74,26,85,25,10,20,19,65,6,28,10,27,101,21,33,9,5,33,82,50,71,28,12,86,71,36,11,76,83,3,2,5,16,8,10,16,18,56,55
1035195,281,141,37,139,57,75,64,189,103,94,230,116,94,80,35,96,100,49,20,204,108,38,65,563,29,11,2,12,19,14,25,20,14,297,79,15,31,4,14,454,18,36,21,133,16,63,42,101,59,18,77,345,45,16,60
1035839,7,19,84,8,40,2,70,123,27,4,15,9,443,3,4,44,355,325,6,179,4,540,447,17,56,366,81,448,52,328,7,6,7,12,2,1,2,8,0,50,1,21,5,40,1,0,35,8,11,6,279,1088,252,70,11
1037409,68,23,12,53,13,17,41,32,92,56,31,77,94,75,57,104,62,28,146,33,12,24,52,70,14,53,13,48,98,42,85,8,9,64,31,47,74,44,12,87,64,47,11,142,121,9,11,1,29,14,8,10,30,26,63
1042156,14602,8798,3007,10607,3445,4529,3300,10166,11483,5771,2610,4641,3184,5368,2945,4889,5829,3482,2281,4241,2258,1937,2405,3935,2773,3723,3546,5930,4665,3001,1857,1542,1529,1734,771,1388,2733,2899,804,3489,1510,5702,3175,6893,4372,2138,4050,908,4729,2686,2505,6096,3714,5444,4360
1042403,83,20,789,45,20,185,42,1198,52,26,62,107,138,87,73,191,212,411,89,149,9,21,2627,51,24,458,38,2543,102,59,89,26,23,105,22,22,29,37,11,37,57,115,43,171,143,21,20,14,50,30,3843,14916,2462,58,1265
1045856,21,12,46,46,38,9,8,58,8,4,5,12,263,7,4,6,16,322,10,4,3,114,80,22,7,32,608,70,45,27,13,2,49,11,2,8,9,2,2,29,2,87,10,30,17,3,67,1,8,2,311,8,2,3,4
1046625,4,1,0,2,13,3,0,1,3,0,1,1,1,1,1,4,4,2,1,1,1,1,1,8,0,4,0,0,5,5,1,0,0,4,9,9,4,2,0,1,2,0,0,1,0,4,6,2,4,4,1,3,1,2,1
1050720,34,5,4,29,15,7,62,17,28,29,25,26,60,31,32,53,50,31,59,15,16,45,17,15,6,37,3,23,32,15,5,5,2,14,29,20,30,29,3,40,15,13,7,53,50,1,11,3,24,11,10,5,38,15,31
1051501,3,4,10,9,4,4,9,17,18,9,16,10,6,9,5,22,10,5,16,4,7,6,6,24,5,14,4,21,3,7,2,1,5,3,0,6,10,0,6,16,5,15,3,11,12,8,4,2,13,5,3,16,8,1,14
1051502,4,2,3,3,1,12,5,8,5,5,6,6,9,6,8,8,13,37,13,3,1,21,10,27,0,21,3,11,23,6,7,0,2,7,0,0,9,7,3,5,2,18,1,17,12,6,23,0,17,13,4,11,3,5,8
1054460,10,7,14,9,17,50,180,121,171,65,11,7,50,119,34,489,273,387,23,164,130,65,48,280,128,101,161,90,11,87,8,50,21,56,26,3,3,42,19,483,0,106,32,179,34,203,181,64,177,309,302,463,221,59,48
1064535,176464,784,2704,145915,95354,959,73,142,145,146,144,216,174,231,204,223,454,235,310,822,27,150,92,1026,100,614,369,253,257,372,101,97,29,118,35,1856,1421,188,326,2061,25201,340008,99599,493449,367453,333,1689,51,340,185,77,101,255,120,587
1064537,88,10,12,72,24,27,27,32,94,48,46,99,109,109,87,84,70,32,186,51,11,19,70,75,17,35,20,48,127,44,77,7,4,43,17,44,55,24,9,84,83,78,16,190,125,5,13,5,22,17,18,17,28,9,67
1074451,12,5,2,5,5,2,61,19,12,7,96,6,12,10,3,27,573,27,17,532,22,6,4,61,2,75,26,54,118,17,4,68,2,1,1,1,3,2,12,34,1,60,6,26,18,40,1035,168,39,15,8,25,9,63,148
1076934,225,382,261,196,74,211,350,2057,363,304,312,407,309,496,312,750,611,495,127,520,360,220,224,354,416,456,325,550,186,170,249,193,13865,131,141,183,165,139,130,2096,51,439,228,476,261,451,711,95,560,498,337,688,422,369,232
1077285,10817,18934,11425,14101,3985,3035,19892,1237,1388,555,95,195,7219,140,3189,7295,13978,13061,3203,6710,2352,3529,1006,7792,1258,12288,2035,14632,3527,4603,15778,3355,4587,3026,6150,982,1351,962,111,2630,3796,113625,78796,16092,39564,292,2261,294,4700,3313,11645,7969,6601,7214,10246
1077975,27,9,4,25,16,6,5,5,25,11,16,58,58,43,20,37,37,24,90,28,3,12,16,15,3,13,8,18,66,5,27,4,5,22,16,31,44,8,8,32,27,27,6,54,43,1,6,6,13,4,6,5,11,4,33
1089454,32,7,6,23,10,8,3,7,19,11,15,22,28,23,16,16,13,3,65,7,5,4,17,23,5,9,5,19,46,14,21,5,4,15,5,20,25,9,5,40,24,26,3,32,31,1,8,0,4,5,4,6,6,3,25
1089456,36,74,367,35,27,22,16,571,65,38,347,206,1436,98,57,65,63,1513,97,22,9,1401,1146,49,15,170,20,60,150,44,39,9,4,28,11,63,52,11,10,106,27,26,9,113,83,3,310,3,29,25,24,22,189,5,49
1089547,24,10,3,40,6,0,6,4,4,5,4,3,10,4,0,15,22,7,17,0,2,7,1,13,3,13,7,17,40,27,5,1,2,6,1,4,8,7,2,10,3,15,2,11,37,2,2,2,5,5,23,4,11,0,8
1095730,59,15,16,23,3,14,38,73,53,15,35,44,161,32,14,242,146,288,10,112,58,22,33,31,16,241,56,51,65,40,530,512,358,324,134,3,12,5,10,220,3,13,16,12,5,39,56,15,31,53,64,239,111,17,94
1095770,29,2,7,16,25,16,13,21,28,11,14,16,31,12,30,484,51,45,45,47,7,12,7,43,7,92,9,13,15,9,37,22,15,31,12,71,24,7,9,113,15,73,17,29,19,65,43,8,100,77,23,28,38,29,107
1110694,15,5,3,4,4,3,6,4,18,8,11,6,9,17,16,16,11,11,14,4,6,8,8,11,3,6,4,9,17,5,3,0,0,4,1,12,6,0,4,10,1,6,1,18,16,0,1,2,7,3,6,17,2,4,6
1112856,7,0,0,7,3,0,0,1,0,1,0,0,0,0,0,0,1,0,0,0,0,1,0,0,0,4,0,1,3,0,0,0,0,0,0,2,0,0,0,1,0,0,0,1,0,1,0,0,1,0,2,0,5,0,4
1115512,17,2,22,9,6,7,5,30,8,7,4,12,158,19,3,56,10,126,19,6,1,23,19,17,2,27,93,40,13,2,8,0,3,9,3,13,13,1,2,20,7,87,19,21,8,0,8,0,5,1,18,7,7,0,13
1115803,333,280,78,303,94,185,218,384,639,293,769,712,379,302,118,380,210,162,57,387,170,71,97,1902,180,20,10,35,81,45,108,39,22,709,139,36,56,12,20,386,84,190,76,345,99,184,418,366,149,63,197,531,203,31,202
1118059,162,69,28,102,24,29,33,60,82,52,27,69,140,53,33,148,168,46,170,14,9,17,27,69,13,108,15,55,152,51,61,10,14,71,42,40,40,18,6,76,35,72,9,85,127,14,32,13,24,27,21,48,246,26,61
1120942,114,30,15,75,37,120,97,174,179,160,313,469,226,397,81,233,185,34,149,197,21,52,44,460,36,26,9,38,118,40,102,24,18,230,68,78,76,25,23,236,99,200,78,494,160,50,106,24,83,50,56,163,75,14,118
1120988,125,64,251,468,1295,74,46,13,108,51,11,18,16,16,8,13,22,9,21,9,11,20,13,26,7,19,10,10,19,2,6,4,3,6,3,3,6,8,2,21,2,29,7,33,24,8,4,2,32,12,8,8,13,8,11
1121019,20,4,3,13,6,5,4,3,20,3,15,10,16,19,21,14,11,2,29,2,2,6,7,14,4,9,2,5,25,6,4,0,0,3,1,5,7,4,2,18,13,9,1,13,25,1,1,1,9,7,5,3,4,0,16
1121090,6,2,0,6,2,7,6,3,5,1,4,2,3,3,0,13,7,5,13,1,1,3,2,5,1,3,1,6,0,2,4,3,2,3,0,0,1,1,0,3,1,1,1,7,5,3,5,0,6,2,0,5,4,0,16
1121097,70,34,55,81,14,114,316,22,82,20,1,23,932,6,278,121,156,126,144,36,82,137,52,377,43,332,152,335,485,340,73,37,26,13,21,23,40,19,0,283,1,22,11,31,53,11,63,4,111,83,135,131,96,31,277
1121100,5875,5731,3278,3238,2426,5953,21566,1076,3600,923,177,1067,42683,231,14346,12652,14665,9400,3236,3146,159455,83153,13686,137548,67376,49669,60481,38436,11479,29274,11344,2438,4686,1879,2848,10588,44963,2788,4315,75322,626,2620,5010,1520,2930,563,2903,277,4165,4537,9903,8130,6547,4573,10038
1121101,1952,1055,5097,1400,530,2562,43984,1526,12818,2338,130,226,7914,137,2461,20118,13410,33932,8531,3501,2996,3858,1303,9327,2018,42414,2388,65873,2492,3859,2603,1849,1374,991,1579,1010,8124,5914,295,25849,1273,95326,40532,5068,59211,228,1195,90,2632,2009,152683,84544,172312,13133,4563
1121102,1,0,1,1,1,0,4,2,0,0,1,0,1,0,2,29,6,1,6,1,1,2,0,1,1,8,2,2,1,0,7,1,2,0,1,3,0,1,0,10,1,12,3,2,2,12,1,0,8,12,3,3,11,2,9
1121111,2907,262,13,955,935,31,11,24,64,32,608,2984,1390,1268,775,1368,1181,600,233,1490,60,28,60,1040,185,678,1503,142,2460,2106,606,411,1409,3992,453,277,821,143,241,412,951,1564,783,2527,971,347,647,916,149,179,4,6,27,602,794
1121114,4573,1781,2704,2899,1338,4441,5860,10580,6848,6851,4102,5320,4152,7944,4364,8234,8846,4047,3044,8225,3406,3075,3136,3645,3765,3808,2249,5488,4127,2197,2426,3071,2834,3993,2002,2177,4276,2182,1518,10278,596,4977,2616,7007,4964,5823,11202,2186,12501,5904,3805,10009,4883,3353,9183
1121115,140626,202664,167482,90498,28117,352234,825072,725198,267350,392943,83446,151292,115024,170429,95948,493972,205815,256773,46065,116216,185495,108217,94053,313132,337530,147789,140203,207580,104635,75319,180517,58763,260323,379166,253094,18831,30590,53609,45211,349572,5713,237194,145560,198530,55822,385192,588172,144749,233957,116424,101742,249033,130748,193972,87778
1121124,69,11,14,53,18,42,54,21,79,32,55,61,135,114,57,78,48,20,122,30,11,28,40,63,16,28,17,47,177,56,66,13,10,51,51,55,52,37,13,88,34,57,12,130,93,9,6,5,12,12,22,13,43,16,66
1121126,26,11,8,28,11,11,10,11,21,26,19,5,12,10,3,25,7,11,25,10,8,8,8,11,8,18,9,16,21,12,11,4,4,13,1,18,18,11,5,30,10,22,6,21,23,20,7,7,19,13,10,10,26,6,43
1121129,413,216,75,346,106,20,360,25,138,46,9,18,323,10,225,195,252,179,401,30,232,198,100,402,52,456,105,490,230,179,180,22,27,48,38,44,218,156,8,479,18,356,149,68,186,6,12,11,135,69,545,459,444,162,406
1121130,8019,6518,3329,9261,1790,2795,28608,468,8030,1920,99,196,13340,241,13156,6175,12599,6420,5584,404,11698,11797,6865,6205,1216,19279,3001,14930,2516,2468,134,90,40,59,62,258,4251,5640,111,21172,399,30503,14397,1130,9604,36,252,20,277,205,11665,7336,12414,6001,4098
1121303,239,65,91,208,170,110,114,150,257,128,110,217,258,275,158,293,263,116,462,52,60,75,195,231,128,153,63,123,244,126,207,53,35,368,56,206,106,116,20,269,153,452,121,430,446,231,282,42,511,353,74,92,205,75,579
1121315,367,24,155,138,73,38,29,516,158,8,1110,693,411,325,994,4292,526,2101,142,285,1114,50,122,237,39,610,1910,427,530,320,103,61,32,109,24,282,8,16,4,52,68,254,233,569,130,482,759,69,229,366,494,2238,318,259,298
1121333,1267,1845,2780,2482,295,8770,6116,7050,6593,6894,17930,40536,19501,30387,12146,7124,5566,3647,4351,4575,15222,9641,11453,16803,19250,6119,10848,6700,2026,5753,2456,3014,4172,3662,2230,559,6121,26951,978,4220,726,8163,4660,7152,3338,5740,9695,3755,7364,3995,4517,8589,3437,32360,6240
1121334,1647,591,549,1715,625,709,683,958,1722,877,2252,3923,5186,4813,2169,1582,1532,931,4177,445,237,623,1075,1408,489,1078,705,1993,3394,1549,899,292,133,1054,359,991,1156,641,273,1899,1205,3806,797,4102,4740,373,739,154,1601,1085,626,649,733,558,4495
1121342,55,8,20,34,90,36,23,43,44,58,20,28,46,38,18,31,92,39,78,15,22,22,27,38,36,35,36,52,28,25,67,27,13,66,7,324,10,35,7,42,29,69,22,50,47,225,212,11,215,336,64,93,92,60,205
1121344,2469,784,572,1532,723,511,751,650,2132,1357,1103,2200,3425,2809,1779,2160,1487,884,3060,440,398,809,1753,2197,1033,918,658,1235,2647,1021,1348,330,136,1705,778,636,1112,887,219,2024,836,3003,591,2430,2616,383,828,197,661,556,556,540,1024,324,3327
1121367,8,4,41,12,1,13,9,59,32,19,9,14,25,24,7,14,26,44,15,9,1,3,2,8,3,3,3,7,11,5,3,6,0,7,0,0,4,2,1,16,9,8,4,39,20,14,15,0,11,5,7,12,3,1,14
1121445,65,24,29,59,36,21,75,53,110,60,144,484,31367,462,89,85,103,72,152,54,71,107,49,147,29,158,81,136,570,218,30,20,7,37,26,92,207,44,53,165,75,171,81,255,295,25,114,9,157,129,23,25,52,17,95
1121482,33,6,2,22,6,0,3,3,6,3,5,8,25,13,20,22,29,18,30,7,3,7,12,25,2,14,6,11,48,14,4,2,0,4,4,6,5,3,0,5,2,10,3,11,23,0,2,0,7,6,7,1,7,2,20
1121864,167,173,546,160,135,677,1444,1306,636,983,402,584,602,782,365,2503,3371,1622,536,617,370,418,299,441,511,505,428,443,528,345,256,194,319,442,196,108,254,422,106,588,161,464,234,397,226,1088,1264,451,653,453,470,565,398,610,408
1122237,41,14,16,41,10,25,13,11,76,27,28,57,108,66,57,60,47,16,128,23,7,14,47,87,12,21,7,47,86,41,40,4,1,39,46,44,31,11,6,82,29,46,10,111,79,1,9,7,19,8,6,8,14,4,98
1122603,27,7,4,27,13,12,9,19,43,36,23,19,48,36,22,48,35,18,50,19,5,15,9,40,7,11,6,32,62,15,24,4,3,19,14,36,55,19,11,70,21,28,9,82,63,2,5,2,14,8,5,13,7,2,33
1122917,14,5,3,9,4,7,10,22,11,10,15,33,26,32,19,26,34,15,54,6,5,15,10,50,6,21,14,8,37,27,8,6,2,7,5,24,17,8,5,30,6,19,5,40,39,13,32,3,53,25,4,3,13,2,20
1122949,44,16,10,32,28,10,31,38,10,11,2,29,26,12,12,326,160,267,90,72,17,19,22,42,27,789,69,128,169,92,50,92,22,38,31,45,10,11,1,31,20,270,22,44,46,67,118,25,168,137,54,83,102,45,118
1122950,542,473,600,532,134,369,682,682,539,640,417,950,591,828,499,743,1017,550,296,543,350,729,340,989,748,614,339,448,366,284,500,370,421,491,399,248,320,419,182,708,50,552,231,747,390,645,758,239,600,267,402,703,415,680,439
1122975,1031,793,614,1165,290,623,2129,223,568,234,56,181,5861,59,2332,657,882,628,1481,394,855,2061,526,3348,726,2010,1237,2571,1639,1435,669,231,268,257,488,4940,13668,2207,462,2068,121,755,1113,1115,1624,44,282,50,1160,964,906,1075,841,919,818
1122976,164,96,75,120,38,318,440,18,182,15,8,35,204,10,86,215,178,115,52,78,230,359,88,788,143,312,224,190,268,195,97,75,58,36,74,44,170,120,13,180,21,193,131,444,393,8,22,1,29,51,94,88,86,164,107
1122978,6460,6200,2694,10743,1872,38,30,14,6,6,3,14,28,9,54,195,515,344,3091,201,80,61,31,138,27,715,1281,560,1429,1396,1379,4364,4757,371,4897,11208,25653,3799,976,1813,51,2924,5815,8995,9694,12,24,5,21,16,32,25,21,13,23
1122981,2717,2256,984,5052,688,1232,3094,301,876,267,55,195,6157,63,2383,9112,1601,1245,1181,778,1232,2763,703,4660,931,2643,1989,2958,2807,2600,993,884,647,440,1701,852,2047,899,142,2064,170,576,493,644,926,36,284,62,1171,1017,1079,1223,1038,1147,875
1122982,1200,797,283,1954,399,18,40,20,17,18,10,23,68,19,39,507,1256,658,282,801,23,66,25,208,32,618,951,484,2108,1528,826,573,624,363,683,965,2509,495,58,336,9,109,194,407,629,7,4,2,36,38,56,23,54,11,72
1122984,517,377,172,950,170,9,19,8,3,1,1,6,21,5,10,194,359,179,94,116,28,36,20,142,39,180,360,139,450,402,173,259,330,73,333,275,513,154,16,130,2,44,86,106,138,11,7,5,23,20,16,12,21,1,28
1122985,507,404,137,748,148,5,10,4,8,4,5,4,27,7,13,200,369,213,157,160,12,64,10,218,30,805,1599,810,3484,2248,167,123,172,93,194,276,587,168,16,235,0,37,77,170,244,1,0,1,8,7,29,8,32,2,41
1122988,588,464,188,1310,177,361,455,8,129,19,1,5,68,0,15,242,348,144,195,78,208,374,79,865,166,317,219,130,486,325,51,337,394,27,487,1081,2366,503,92,358,2,531,1370,1519,2270,2,10,2,15,6,37,34,23,163,33
1122991,385,321,90,640,100,354,432,5,136,10,1,5,71,2,29,198,337,154,344,75,207,374,80,798,147,444,647,265,775,663,63,54,60,26,68,118,254,84,20,192,1,15,36,95,81,2,3,1,7,3,13,21,26,120,29
1122992,2052,2545,1069,3121,609,445,1225,67,235,57,13,106,3081,41,923,734,456,366,1259,236,476,877,221,1597,356,814,419,706,908,661,304,488,388,111,753,1312,3448,704,177,818,20,569,695,2275,1636,15,99,8,305,209,572,419,208,243,252
1122993,1061,822,377,1806,311,15,14,6,1,3,2,1,19,2,13,187,276,174,670,141,16,43,27,102,30,413,817,339,686,768,266,336,534,93,683,1538,3427,679,112,406,3,160,359,482,630,5,17,0,10,6,24,14,25,11,43
1122997,47,11,8,23,8,16,14,14,45,34,19,35,44,39,23,36,36,13,59,15,4,5,13,41,6,20,10,16,63,17,16,6,2,31,6,36,30,13,10,46,33,36,8,74,90,2,180,3,19,8,10,4,15,3,35
1123075,2073,1111,1677,1654,580,1464,3773,5187,3083,2706,1573,2064,2032,3257,1838,3661,4037,2319,1721,2012,1149,1240,1356,1569,1368,1634,1137,2120,2546,1353,1185,1120,1004,1391,636,898,1131,720,554,3159,807,2548,1153,3248,2631,1803,2647,502,5715,2593,1346,3119,1695,1220,1830
1123242,0,0,0,3,0,0,0,1,1,0,2,1,3,0,1,1,1,0,2,0,1,0,0,0,0,0,0,1,6,0,0,0,0,0,0,0,0,0,0,9,0,1,0,0,4,0,0,0,0,1,0,0,0,0,1
1123253,70,23,22,46,27,19,23,35,92,42,61,89,110,117,65,70,74,40,154,26,3,33,43,82,13,34,12,52,195,69,62,17,17,43,26,55,84,26,6,77,104,76,16,168,133,4,9,6,31,18,22,14,27,8,59
1123263,1969,790,926,1269,564,1339,2244,1825,1663,1312,2148,3321,5002,4745,5788,11855,10311,6778,1956,4952,2807,4103,3563,3145,4873,2025,898,2729,2906,1391,662,565,365,1096,766,564,1139,2938,470,2480,241,1070,472,1692,949,5221,8604,1186,17706,12244,1165,2001,1611,8074,3309
1123313,981,1442,1889,3471,476,2218,2686,3779,5084,3329,2348,2786,2640,2988,1763,1988,3229,1916,4138,1935,624,788,400,1709,1551,2328,1888,2383,4565,1793,1699,766,562,1446,678,1155,1824,1180,680,1925,1877,5694,3923,7704,5174,904,1535,358,3429,2200,923,2076,2249,1315,3116
1123318,7,3,4,5,2,8,9,9,5,2,4,4,11,8,1,102,133,51,8,22,8,3,3,10,5,20,272,3,8,21,4,5,4,3,2,1,6,6,3,14,2,3,3,10,7,22,26,11,8,8,17,61,24,3,13
1123488,44,42,106,44,24,104,288,275,110,181,84,199,284,157,92,614,474,334,87,161,94,97,59,100,124,138,143,103,93,102,57,53,75,81,69,24,33,62,11,124,19,146,80,97,51,138,208,54,93,104,150,136,96,102,103
1123524,13,19,80,9,2,3,10,142,22,10,14,12,116,9,16,9,7,110,27,6,3,7,2,15,3,19,11,33,57,9,3,1,0,6,3,7,23,5,5,21,11,10,3,23,26,7,30,1,3,4,21,23,6,4,4
1124991,14,8,71,17,17,5,3,60,24,9,13,21,69,26,16,14,22,35,10,9,2,150,127,4,1,16087,1,163,23,8,2,2,4,1,2,5,10,6,4,14,0,34,7,15,18,0,12,1,28,5,6,16,8,5,6
1125712,3922,286,234,1629,658,155,125,312,588,262,816,1146,1089,818,368,1355,982,327,781,1968,42,94,278,645,108,226,448,383,4808,2737,331,89,62,345,132,272,370,123,109,928,1203,3071,850,5306,1863,463,615,353,621,322,96,165,157,97,871
1125724,17,19,9,14,16,44,49,40,60,22,18,16,63,42,4,21,27,12,24,31,12,6,4,42,5,6,0,9,10,9,3,8,3,10,9,11,16,2,5,82,2,9,4,28,26,3,10,13,7,14,63,126,20,7,14
1127131,8,430,1,2,9,3,25,21,7,11,6,4,3,11,6,82,47,31,15,2,3,5,9,74,16,7,7,5,18,4,9,3,1,9,5,6,3,20,2,24,6,89,4,22,7,33,58,15,31,13,6,17,7,1,54
1130798,72,28,70,61,33,1034,506,181,1381,478,114,157,236,116,82,247,253,141,103,164,20,22,99,115,56,219,120,95,232,93,49,31,51,35,28,84,129,95,54,275,92,324,52,324,243,113,413,35,221,347,37,36,70,100,104
1133568,41,45,40,26,19,31,60,80,40,53,18,32,31,24,9,33,62,21,22,10,21,18,26,27,27,33,10,36,23,23,24,10,8,12,4,11,15,27,3,30,10,24,7,20,18,22,28,2,43,32,32,64,34,30,42
1136177,10,5,4,6,6,2,11,9,11,5,3,4,11,3,1,10,6,4,18,7,3,5,5,16,1,5,5,8,17,30,8,3,0,8,3,6,9,0,7,9,6,325,17,68,62,9,17,8,2,1,7,4,9,1,30
1139219,12,2,1,9,9,10,8,3,10,10,6,2,4,2,11,14,20,5,37,6,4,8,4,16,3,10,7,9,17,8,8,5,6,8,2,4,6,7,5,45,5,11,1,7,10,18,86,7,15,10,7,11,12,5,23
1140001,11,17,2,4,6,9,22,47,33,18,7,15,6,14,6,73,102,136,20,19,4,33,12,30,12,29,42,10,22,20,14,3,57,7,4,19,4,3,7,454,3,40,5,61,15,123,392,13,16,17,11,19,17,48,77
1140002,18,4,11,7,4,27,32,38,20,21,1,4,13,28,3,31,42,35,36,4,17,13,11,7,9,70,17,41,3,8,15,19,25,11,2,19,8,6,3,55,7,11,15,33,21,43,344,23,44,21,36,47,54,29,22
1144300,8,0,0,7,0,2,1,6,3,2,3,32,19,11,3,5,2,1,4,0,1,1,2,10,2,59,140,23,46,11,9,2,0,11,0,4,1,0,4,83,2,3,1,4,8,1,13,2,3,2,1,0,8,0,7
1150460,11589,869,209,3786,3904,3540,93,560,174,188,2500,10918,5161,6401,2825,3760,6826,5176,570,7109,233,204,239,3744,745,3855,7674,941,14954,12345,2081,1592,4515,11628,1539,1204,2581,6023,1287,1801,2607,4722,2566,6668,2899,10408,5236,26739,4317,2026,67,186,104,23893,9404
1150461,771,104,38,370,183,169,92,147,443,172,268,562,517,559,254,352,351,169,375,411,164,53,144,273,59,306,457,262,1297,796,184,82,100,263,71,234,190,126,69,398,295,400,138,777,419,120,182,194,197,84,64,80,62,167,373
1156431,19,6,30,7,16,494,719,1375,4041,1844,66,62,223,266,19,4665,1372,1241,41,1345,1705,270,469,4040,927,110,473,118,9,184,54,142,66,60,28,1,33,29,43,1477,8,320,379,1049,250,446,437,214,451,590,750,1367,220,157,261
1156433,26,12,27,14,27,431,650,1222,3777,1785,90,67,268,326,15,4116,1294,1129,37,1187,1635,278,359,3542,786,139,560,145,41,156,54,163,71,70,38,8,43,29,61,1855,9,294,376,966,245,504,442,213,421,674,738,1219,193,175,243
1156918,13,4,1,12,6,5,6,2,11,7,12,18,26,25,24,35,12,10,22,13,10,20,16,30,6,6,6,12,18,7,7,1,2,1,3,17,22,3,4,42,4,4,5,18,19,0,3,1,4,6,4,4,4,0,9
1158606,22,6,4,11,9,8,4,11,16,5,14,16,11,20,3,33,5,7,41,4,2,8,7,17,10,11,5,10,9,4,28,6,7,9,2,10,10,8,5,16,5,26,8,14,28,10,42,5,18,14,5,26,17,3,23
1158610,15,3,6,6,5,3,2,9,6,3,8,15,10,15,5,9,23,7,34,19,1,3,5,4,8,1,1,8,10,2,17,2,1,7,2,4,3,1,1,4,5,23,5,13,2,20,22,3,28,23,5,7,19,4,22
1158612,10,4,5,6,4,4,4,16,14,6,14,11,7,23,5,13,30,6,29,4,6,6,5,10,6,12,3,5,10,3,18,0,2,9,0,20,4,6,3,16,1,7,1,2,8,10,17,2,20,9,15,21,24,8,22
1159488,5,0,0,2,4,4,3,20,5,36,3,0,6,0,2,15,33,5,9,1,5,10,4,12,13,6,3,4,4,2,6,4,0,9,1,42,2,7,0,8,0,12,2,4,5,11,746,8,27,78,4,6,12,8,155
1159899,24,71,369,56,84,7,11,499,30,26,19,25,655,13,14,65,13,565,12,7,2,302,278,8,1,136,68,192,133,133,4,3,77,4,5,14,24,4,5,12,45,824,136,33,25,0,296,7,7,1,10,17,14,3,15
1160707,9,1,1,4,8,0,4,2,7,3,8,3,7,6,0,15,12,3,6,1,7,2,0,7,1,9,3,7,6,5,16,3,1,3,0,33,3,3,0,6,0,8,4,9,1,3,17,2,10,30,4,7,4,4,16
1160719,16,5,6,12,7,6,7,5,16,20,18,17,28,28,10,17,21,9,20,6,1,4,13,21,3,22,7,13,88,19,14,2,0,11,2,7,21,5,0,33,14,6,4,23,37,9,2,0,8,7,2,7,5,0,22
1160721,22644,4152,2526,9596,5030,270150,555564,501095,218185,98445,456767,29126,195935,53359,165157,926999,653205,859812,8648,144229,1985,1383,2952,4048,3260,85249,666763,185539,424356,51973,2779,6096,1960,7464,1434,2467,7069,71909,3707,220091,61655,1416089,56765,1178777,562758,24970,121696,25117,25966,36969,954128,1601792,935739,202544,246953
1163399,38,13,10,30,15,14,12,16,54,34,18,40,88,64,33,46,55,11,68,26,6,30,37,68,13,31,8,34,124,30,44,9,7,30,15,67,78,11,14,111,30,47,6,89,75,7,6,5,21,8,1,13,17,1,62
1167632,10,0,1,4,10,3,2,3,3,4,2,1,0,1,1,3,52,0,16,0,10,3,3,2,1,16,4,6,7,1,6,0,3,5,1,29,2,1,0,8,3,10,2,6,4,16,49,1,18,24,6,13,22,3,44
1170318,34,8,3,27,14,9,3,19,33,12,22,34,43,53,23,43,32,16,52,16,2,11,12,40,8,25,4,17,42,17,12,0,3,25,8,11,17,5,4,39,15,23,7,63,42,5,17,1,4,7,6,10,10,2,33
1171373,38,4,14,29,16,14,11,29,47,18,28,46,83,49,28,32,37,13,76,18,3,15,17,59,7,22,4,41,112,41,26,7,2,26,7,19,30,16,13,60,44,43,11,81,82,2,69,2,26,16,10,15,14,3,50
1175296,17,1,3,8,1,6,0,3,8,5,3,4,9,1,3,0,3,3,21,2,1,1,4,4,0,6,0,6,18,11,0,0,0,3,0,8,5,0,3,8,5,21,9,33,34,0,8,1,10,9,0,0,0,0,13
1176165,27,16,34,20,4,10,10,51,57,19,36,54,176,65,38,26,29,81,82,7,3,8,37,30,10,37,2,40,62,9,14,9,1,10,4,10,29,16,5,43,10,19,7,64,61,0,35,0,13,11,27,17,12,5,18
1178544,4,1,2,3,1,0,3,7,4,7,4,5,6,3,1,9,8,3,11,3,1,2,5,5,2,13,1,3,3,1,2,1,1,0,0,1,3,1,1,6,3,4,4,13,10,3,2,2,6,3,4,5,14,3,7
1185325,18,2,6,8,13,13,69,16,35,31,8,13,7,20,5,184,80,118,45,33,4,7,12,24,16,16,7,8,24,5,5,5,0,8,0,30,7,6,5,94,6,139,5,70,12,305,168,71,56,69,33,59,27,14,39
1189311,1,0,0,4,2,0,1,1,0,0,1,0,0,2,1,7,3,0,3,1,0,1,0,11,2,5,3,4,2,0,5,6,1,3,2,4,1,1,0,1,0,1,0,3,3,3,13,0,9,8,1,2,2,2,6
1194526,15,0,25,4,7,51,73,49,49,26,16,13,22,51,5,57,39,55,78,19,24,24,13,21,49,64,91,64,84,45,18,18,4,14,36,13,2,7,2,18,4,77,9,35,33,28,151,8,42,64,57,49,41,33,54
1196029,19,774,7,12,13,5,11,12,17,15,24,4,5,9,4,23,39,924,37,7,8,16,11,11,7,4,6,7,20,8,15,1,2,14,5,187,5,13,0,9,3,9,4,19,12,17,17,5,18,15,20,748,21,6,20
1197728,2096,3253,1516,3647,820,12,12,5,5,2,2,2,67,0,30,214,461,260,296,197,33,105,35,320,46,802,1164,697,2973,1844,281,247,252,90,287,458,980,233,31,301,13,399,950,1157,1771,3,18,0,18,19,54,34,56,3,68
1197906,24,7,2,35,9,14,20,19,36,22,28,18,51,49,18,36,32,13,53,12,5,10,13,21,6,25,4,18,44,20,19,2,1,15,21,23,40,13,1,52,29,27,3,80,59,1,8,4,10,4,13,5,17,7,28
1198291,17,4,3,6,1,2,6,12,7,7,11,23,7,21,7,13,13,5,17,7,3,8,5,11,4,58,4,200,6,9,3,8,0,29,3,5,7,0,2,15,2,8,4,23,13,2,2,2,11,5,6,10,7,1,9
1202533,11,4,4,3,7,15,3,9,10,11,3,5,10,4,5,24,19,8,24,6,5,5,2,29,9,13,7,6,16,7,19,5,3,6,6,5,4,3,2,16,2,22,4,7,10,5,5,5,31,8,9,11,22,4,23
1202534,358,3,38,78,121,38,22,320,115,20,254,352,412,322,219,236,490,538,201,20,39,14,25,18,28,286,225,410,233,242,141,46,13,402,25,563,15,170,4,135,81,151,318,222,76,245,881,358,264,486,109,293,171,478,404
1203465,984,571,14920,1079,213,15590,52407,11004,6379,3000,273,256,10704,131,5486,6144,3578,9752,681,516,29817,28915,14962,81666,18219,39464,929,48736,2228,2104,4855,1009,1497,1409,1477,215,417,8765,109,2198,670,6723,3826,1255,4595,1548,15789,3271,96674,73488,104676,37191,34090,40211,46703
1203540,2693,238,629,1633,447,424,289,1994,707,652,171,2522,236,7075,1222,669,1304,1255,191,2956,133,124,156,409,152,2862,2225,1928,16519,4938,637,573,1049,1224,371,487,169,602,908,1349,208,849,421,1329,623,635,735,937,1091,219,181,643,344,1097,4371
1203606,8805,4497,5151,6305,2853,13653,7123,9363,20030,13823,12407,14471,18193,17684,11504,70762,82778,50568,14359,41444,9286,28333,26136,23083,15175,10139,7945,11378,25227,10315,7746,3725,3487,7087,2635,7099,9674,5637,3025,11023,5038,13416,3962,19801,14638,32506,56868,11106,125423,78920,4253,7907,8696,6226,33572
1203610,788,420,873,567,225,4618,5045,430,1147,422,183,252,3608,791,1559,1849,2411,2759,2561,809,3108,2834,899,5567,1648,4766,1082,6736,3337,2190,2282,477,984,751,1321,438,1742,13902,155,3880,258,2248,1527,714,1876,74,685,72,958,874,4548,3949,3810,23975,6987
1203611,4833,1785,3494,2559,1892,473056,378680,1752,544032,94117,2812,4202,199410,867,25946,11570,6162,49414,10887,1993,48439,170962,76150,126968,42965,51726,44977,32436,38877,35543,44886,3853,3868,25342,14495,4310,15452,23895,913,12321,20298,31932,8254,25192,46669,3856,48992,13094,363407,765251,7691,5574,7349,22250,353842
1206781,104,16,30,51,46,38,33,48,86,80,44,62,101,62,45,63,71,38,129,21,13,21,34,69,18,52,30,79,77,39,71,19,13,61,13,86,40,33,8,65,43,97,26,124,109,47,63,15,54,97,21,65,54,22,175
1208104,48,25,99,57,88,19,14,117,57,23,30,27,103,51,29,24,44,23,57,25,3,20,16,23,4,22,8,28,76,36,30,9,12,27,8,43,53,15,8,105,49,33,10,80,58,6,5,0,24,16,15,19,19,20,48
1211815,46,13,3,30,21,21,7,10,83,27,46,70,70,100,53,49,33,19,88,15,3,10,39,65,17,25,9,22,92,25,34,3,5,33,9,38,55,14,13,66,36,41,9,94,95,5,8,1,13,7,9,4,10,7,32
1211844,83,103,716,70,68,1957,991,1496,1284,1209,306,250,421,837,165,1760,181,460,340,117,915,677,1144,309,736,2016,660,837,2639,1019,413,1061,1702,401,274,253,79,424,107,564,51,809,265,314,236,3295,3662,3434,2089,1348,533,1039,742,1235,262
1212545,16,2,0,6,8,1,4,2,4,2,4,3,3,1,1,7,9,0,17,2,6,4,1,4,2,15,6,5,16,9,12,1,1,3,3,19,0,2,2,6,1,1,3,2,1,15,91,2,13,11,6,11,12,7,16
1214102,490,43,17,50,45,392,88,30,149,25,151,86,311,114,31,165,74,47,57,37,4,22,27,1047,7,27,9,64,285,109,54,9,18,181,9,49,266,55,23,202,56,39,720,924,305,18,60,26,103,170,41,76,810,39,55
1215110,10,5,24,7,7,3,4,25,16,5,17,12,126,10,8,25,11,6,34,8,3,5,7,17,3,17,11,39,53,8,6,2,0,7,2,12,21,12,4,24,8,13,4,21,25,2,7,0,0,5,16,17,4,6,7
1215915,27,5,9,20,12,115,95,1310,48,354,17,29,8,46,6,942,596,523,101,163,7,20,1480,94,44,205,32,24,61,146,649,11,14,14,7,11,12,6,1,267,3,150,7,79,26,2656,1807,106,2167,114,80,179,39,154,247
1216976,72,57,62,51,22,31,41,137,82,38,85,83,318,101,89,111,90,56,108,134,41,138,57,148,24,89,12,90,195,116,65,12,12,41,14,127,240,36,17,310,50,85,31,215,178,9,22,8,41,17,18,34,32,10,87
1217674,2,0,1,2,5,2,4,1,1,1,0,0,2,0,2,2,3,1,6,1,1,4,3,10,3,0,0,3,3,0,0,2,0,2,1,2,3,3,1,2,0,1,1,2,2,1,0,2,2,6,2,2,2,3,6
1217689,13,5,9,21,64,1,0,0,0,0,0,0,1,0,0,2,0,2,0,1,0,1,0,2,1,1,1,0,1,4,0,1,0,2,0,3,2,0,1,1,0,4,1,0,0,0,0,1,2,4,0,0,1,0,1
1217986,7,3,6,13,33,2,0,0,2,2,0,1,2,1,1,1,0,1,2,0,2,2,1,0,0,13,0,0,1,1,0,1,0,0,0,3,1,1,0,0,2,0,0,1,0,2,0,1,2,2,0,0,0,1,1
1218102,9,5,1,6,2,4,9,3,5,4,12,5,22,11,11,18,20,4,11,9,7,12,2,29,4,5,3,19,8,13,9,0,1,4,3,11,24,11,2,26,3,6,2,20,18,2,1,0,9,3,4,2,1,4,7
1219013,34,1,3,16,6,3,4,7,26,5,11,35,38,51,26,43,14,6,62,14,4,7,24,27,9,4,3,19,29,21,13,2,3,12,3,16,21,9,2,31,19,9,4,36,33,1,6,0,9,7,3,7,7,3,21
1223528,22,6,2,18,10,4,3,14,26,10,26,53,39,48,30,22,19,6,29,14,3,1,18,38,7,9,5,12,46,12,8,3,0,16,39,19,19,8,3,51,28,20,5,40,34,9,3,3,7,8,4,8,4,3,17
1229756,21,1,4,6,4,5,181,27,19,7,13,6,6,18,17,6,14,11,17,6,2,7,11,13,6,19,8,13,40,6,10,3,1,13,5,57,2,6,8,6,4,37,5,40,17,16,39,146,19,29,73,51,38,5,26
1229781,55,4,5,28,9,5,10,11,48,28,22,36,56,51,43,49,40,8,143,12,5,8,37,90,11,24,3,33,68,32,21,4,3,23,70,25,28,13,7,58,37,26,9,103,60,0,36,1,7,1,7,10,16,3,37
1231627,12,3,3,7,2,5,11,12,10,2,12,4,11,4,5,20,18,11,21,1,5,4,9,4,8,13,7,8,12,8,10,9,8,5,3,26,5,9,2,17,5,26,9,19,14,3,18,6,7,15,12,9,15,5,26
1232666,15,0,3,2,7,10,37,45,13,18,4,3,9,63,36,105,73,143,27,13,20,13,16,13,14,32,31,54,18,19,16,5,4,15,5,47,28,6,8,36,8,26,20,44,25,47,144,14,61,49,107,68,84,34,38
1233170,421,4,157,37,89,29,8,697,44,12,417,905,197,191,181,1918,881,389,116,313,97,13,55,86,57,464,1603,281,587,412,75,37,17,195,28,496,7,16,1,50,64,291,331,837,129,879,1184,70,297,413,229,2374,323,352,245
1235789,828,582,5130,565,200,1306,38324,2070,3984,1442,152,104,4886,149,2266,1858,2419,1773,14313,668,951,1201,447,2320,380,12904,1440,21045,8121,2055,1169,564,448,757,1063,583,2746,9561,188,15291,693,5425,9667,1185,6942,1062,20832,1602,12726,14489,14307,6945,10595,20925,3207
1235795,48,16,18,42,43,34,24,59,67,79,42,55,58,66,26,65,46,25,117,21,10,19,16,25,22,27,21,61,88,23,28,9,12,44,9,51,26,20,6,46,45,64,16,81,69,14,33,4,93,52,26,31,64,10,96
1235811,1739,2304,1701,2950,575,157,3233,235,430,237,37,258,9550,56,4029,1062,1024,699,930,512,484,1324,360,1742,510,2531,1621,3209,1810,1796,637,525,541,253,800,921,1736,531,224,3093,138,428,411,506,697,39,191,33,742,808,998,1173,975,711,458
1235815,720,605,276,1174,270,12,24,3,0,3,1,3,29,1,11,152,345,207,664,181,52,87,47,207,40,454,705,319,1264,915,238,245,439,78,520,2692,5451,977,202,685,5,65,163,206,335,18,45,41,478,433,39,17,41,6,65
1236550,77,18,14,51,15,15,14,23,94,47,59,113,149,126,100,74,50,26,173,42,12,7,92,104,21,37,8,77,133,32,66,12,6,56,16,42,51,29,6,93,71,76,7,159,112,10,21,3,16,4,23,16,32,4,40
1237085,0,0,0,0,0,0,0,0,0,0,0,1,0,0,0,0,0,0,1,0,0,0,0,0,0,0,0,0,1,0,0,0,0,0,0,0,0,0,0,2,0,0,0,0,2,0,0,0,0,0,0,0,0,0,2
1244083,2,2,1,1,0,0,1,0,4,0,0,7,0,2,3,2,4,1,5,0,0,1,2,0,1,2,0,4,1,1,4,1,2,1,0,0,1,3,0,2,0,1,1,11,17,0,0,0,3,4,17,18,8,0,2
1246477,20,5,10,19,7,11,5,9,24,11,15,16,31,28,12,21,18,28,29,14,2,10,20,38,5,28,1,19,35,16,8,5,3,7,2,6,13,7,1,26,22,18,5,50,26,4,29,4,17,12,2,12,9,2,31
1248438,52,8,10,22,21,25,18,14,88,28,37,54,68,65,30,57,40,16,72,12,3,23,15,50,10,27,15,42,108,37,28,9,3,11,5,67,49,24,7,107,37,24,14,106,69,4,14,4,23,35,11,18,10,19,38
1254439,480,220,251,407,161,252,463,569,617,311,302,823,517,408,507,555,762,493,457,423,44,76,69,197,55,184,201,192,415,208,417,185,377,868,165,104,178,251,49,122,334,823,288,1295,801,550,711,597,418,240,70,96,148,170,611
1255680,41,18,4,20,17,16,20,13,52,30,25,32,54,41,19,38,60,19,78,13,4,17,15,64,6,14,5,32,81,25,34,10,11,35,22,69,129,23,21,147,30,41,6,78,112,1,1,1,9,9,13,11,17,1,42
1256908,49744,27055,24293,32141,14867,19209,48686,69046,35469,32291,68976,64832,52526,197024,129201,164935,166096,95461,48902,71135,79185,62057,131642,94071,187231,48701,36625,46857,20894,33088,84633,49655,54867,128803,62690,23341,28387,34747,28101,107897,3642,41857,27596,79020,40919,221703,165278,74726,620390,213370,39194,116435,70930,57880,36660
1257041,29,7,19,10,15,6,10,15,16,5,387,226,912,114,145,35,16,24,11,4,28,13,13,49,32,21,6,20,16,6,277,270,107,842,243,21,10,4,7,760,6,16,9,11,11,73,85,29,33,34,88,143,36,48,55
1259823,18,9,32,17,25,14,3,50,15,3,14,15,295,35,18,13,7,179,12,13,8,102,386,27,1,35,686,55,62,18,7,2,8,194,2,16,40,1,4,64,9,99,13,30,21,2,76,0,4,2,126,6,7,43,6
1260282,11,14,46,25,21,7,2,44,23,5,14,20,288,32,16,8,6,180,10,8,6,115,371,27,3,41,718,32,60,21,4,5,14,186,2,28,42,3,5,70,6,100,17,27,18,1,62,0,4,5,120,13,4,36,5
1261127,16,14,59,21,16,3,5,88,18,14,55,22,1328,25,29,223,17,234,14,41,0,124,107,9,3,117,31,269,65,203,3,8,9,11,4,7,11,43,3,11,7,277,34,21,42,14,32,2,4,1,5,9,21,5,12
1262650,6,0,1,0,15,2,1,5,3,0,1,0,3,0,1,7,13,0,12,3,11,2,5,9,1,11,2,1,0,0,10,2,1,2,3,99,0,3,1,0,1,12,0,4,3,15,1090,6,31,75,7,15,11,6,25
1274524,6,2,2,3,4,3,8,9,14,8,3,5,10,11,4,9,22,10,14,1,1,18,12,16,9,13,1,3,12,15,4,1,3,4,0,5,1,1,0,10,4,14,2,25,11,2,14,5,25,23,5,10,4,5,9
1276282,10,3,4,7,1,7,4,10,5,1,8,2,4,4,3,12,6,3,15,2,5,2,0,7,8,10,5,2,6,0,8,1,1,4,0,3,3,1,0,5,3,13,2,10,1,9,13,8,17,9,6,7,10,2,8
1278306,3,1,0,0,14,3,0,3,1,2,2,2,1,0,0,19,33,4,13,3,3,2,1,0,1,23,0,3,2,0,37,3,2,18,3,109,0,3,2,5,3,5,6,2,7,18,69,3,45,85,6,16,25,9,16
1280689,112,15,47,19,77,32,72,240,71,34,65,549,117,155,72,169,259,226,108,18,65,25,39,43,48,1063,354,847,115,146,112,55,32,132,13,320,10,231,6,84,29,104,172,96,69,271,554,149,220,317,83,231,185,720,188
1280692,43,8,51,26,95,86,93,185,192,122,16,58,71,41,47,329,222,173,69,95,68,127,65,43,62,395,176,159,54,152,98,75,106,55,15,290,20,114,12,60,24,115,93,73,59,309,498,145,267,388,236,377,164,262,235
1280694,382,217,406,457,178,255,464,947,423,253,244,238,288,270,430,1559,1599,999,497,628,556,351,393,1069,618,325,290,439,182,181,558,650,559,319,138,111,334,298,102,1303,47,683,502,876,651,405,624,69,1352,843,579,1100,735,349,636
1280705,1373,1983,583,3201,398,4,16,3,0,4,1,2,12,0,10,30,89,39,247,25,17,37,10,94,23,176,240,91,191,259,104,417,276,29,333,1809,2129,288,77,292,1,90,167,227,306,6,16,2,20,21,11,20,5,8,22
1282887,364,199,515,409,122,277,385,714,413,257,215,189,654,267,637,2055,2329,1194,1587,991,1629,1521,1440,749,805,1597,441,1670,154,264,826,798,1282,260,153,156,532,321,411,2174,44,1094,346,1014,524,1098,2095,101,2212,828,3717,7773,3086,498,2021
1286820,1162,466,571,932,366,857,1358,1376,1355,1272,845,1016,989,1510,776,1799,1955,1082,775,811,818,1720,1005,1768,1104,913,414,1426,1061,542,557,510,644,664,299,576,820,471,440,1662,100,960,480,1110,979,680,1258,185,2044,635,979,2084,1638,551,1094
1292022,51,13,4,25,18,16,6,9,57,24,49,53,92,86,70,48,36,8,129,22,7,2,47,73,11,35,12,24,82,27,21,3,6,19,28,42,42,19,3,67,29,45,11,89,51,2,7,3,13,3,8,11,14,5,31
1292036,678,12,258,73,123,36,17,848,95,15,465,1319,242,283,261,2204,982,437,146,420,121,16,72,108,70,559,1667,292,730,505,63,36,13,227,35,366,11,15,7,40,76,384,374,958,155,831,1090,105,223,322,302,2467,398,418,237
1292043,1,0,0,1,7,3,6,2,0,1,2,6,4,3,4,8,2,0,5,4,3,3,3,0,3,5,0,5,2,2,7,3,1,0,0,5,0,1,0,1,0,4,1,3,4,14,5,1,11,8,0,4,6,1,5
1295400,39,32,75,58,14,115,237,216,96,121,859,1844,702,1548,686,408,526,418,159,828,182,111,102,318,255,111,163,104,62,100,324,162,118,147,118,277,150,78,104,449,46,201,103,263,163,401,977,134,1739,766,144,141,89,89,1081
1296619,4,2,2,3,6,6,19,43,3,6,2,3,0,4,5,97,63,112,2,9,6,4,2,12,4,15,5,24,3,0,11,3,7,3,5,2,1,1,1,5,1,1,0,5,1,6,21,6,6,1,26,29,21,9,9
1300222,22,2,14,32,13,21,14,20,39,24,49,30,43,37,14,56,71,19,73,15,7,10,12,45,12,31,6,38,65,22,15,12,9,19,6,17,30,19,10,61,15,30,5,50,48,5,21,5,44,25,18,18,19,17,38
1304881,871,373,446,777,296,610,1201,916,1157,1140,681,785,747,1103,605,1535,1619,854,648,635,753,1734,982,1719,1019,654,333,1077,821,478,426,414,485,506,241,558,679,453,277,1460,122,717,375,960,811,496,1105,135,1822,537,738,1434,1323,535,856
1307436,20,0,4,18,1,10,9,9,7,2,30,7,9,9,2,17,16,15,14,3,4,5,3,35,3,14,6,15,13,6,8,3,3,13,2,7,7,2,2,11,2,8,0,9,13,6,3,1,14,14,7,18,2,3,8
1315312,4,2,1,8,13,0,0,0,0,0,0,0,0,4,2,4,2,2,5,1,1,3,3,8,4,22,1,1,0,1,0,1,0,0,0,0,0,0,0,7,0,1,0,2,5,0,3,0,3,3,0,0,0,2,3
1315976,10,7,50,16,44,0,3,66,4,6,2,1,5,3,5,10,15,4,6,1,2,3,3,10,0,5,3,7,12,8,2,0,1,2,2,8,2,0,0,3,3,244,50,13,4,8,16,2,17,14,1,4,2,2,6
1316928,39,10,7,33,10,6,6,6,34,15,28,53,64,71,47,31,24,5,81,15,2,3,24,42,9,13,2,18,69,15,21,8,2,15,10,16,25,8,3,27,11,24,8,55,52,4,11,1,8,4,5,10,5,6,21
1316931,45,10,22,24,59,18,20,132,34,18,53,91,81,91,62,134,258,197,89,23,28,23,23,38,20,112,94,136,46,72,84,23,25,70,19,182,7,88,6,54,17,61,113,66,34,139,356,120,166,201,70,149,91,245,140
1319815,6,3,3,1,18,7,4,5,6,0,0,0,0,2,0,24,22,11,17,1,4,2,7,4,4,6,6,14,3,9,18,8,12,8,0,75,0,2,1,11,5,20,12,10,16,48,70,20,41,54,14,24,6,9,43
1321814,348,133,136,207,122,179,151,259,302,264,159,338,256,290,105,281,224,166,360,115,93,111,90,352,112,176,102,173,430,199,164,89,89,321,107,58,93,81,27,488,105,295,127,279,205,164,277,56,181,185,98,209,117,48,441
1322347,26617,2331,6691,14994,4861,165,1996,21615,6895,6651,168,35973,314,76755,18496,9314,12120,10576,54,38603,185,679,129,5661,1209,18075,19808,21283,113725,32661,4943,4980,6159,6091,1061,8393,2032,1163,12635,9168,3866,9192,4267,14789,5047,10273,12701,16565,28346,2083,900,5409,2090,6006,37251
1328337,15,125,383,33,43,5,10,638,22,5,48,25,681,18,14,160,32,242,292,60,2,473,350,15,6,67,69,63,296,104,2,7,26,18,0,43,28,4,10,42,8,98,30,815,28,0,65,1,11,5,197,20,19,5,63
1331262,58,7,18,44,11,17,30,35,75,32,43,70,113,78,74,76,51,39,117,40,25,91,38,109,20,39,17,46,132,80,47,10,8,34,19,88,205,26,22,216,56,61,19,162,131,3,18,3,23,15,5,13,25,8,59
1336236,759,410,799,1044,426,800,585,1021,776,334,878,380,651,1815,507,5769,2274,7233,3004,270,300,341,598,558,490,638,307,460,1017,695,1245,330,762,389,147,125,179,237,78,573,205,2191,249,1686,1435,451,532,88,1095,721,540,709,409,303,1356
1336752,2,1,0,6,16,6,14,9,9,5,4,6,0,9,0,5,4,3,3,3,0,0,0,1,0,11,4,7,2,26,2,13,1,4,0,0,3,5,0,10,0,7,1,6,9,1,20,0,0,1,2,31,2,1,1
1336753,4,1,11,4,12,0,0,17,1,1,0,0,0,0,2,0,8,0,4,4,0,2,0,2,1,1,0,1,0,1,0,0,1,1,0,0,2,0,0,8,1,1,1,1,0,0,2,0,1,0,0,3,1,1,0
1346330,34,13,2,18,3,3,1,0,1,1,3,0,3,1,0,1,4,6,7,0,0,2,0,2,0,6,5,2,11,1,2,0,0,0,0,2,4,1,2,3,0,5,2,6,1,0,6,0,6,5,2,4,3,1,23
1346614,28,3,10,29,35,9,2,11,16,12,19,33,62,33,11,24,13,40,17,7,3,20,21,14,1,12,9,23,25,14,14,6,1,9,1,20,21,2,5,29,4,22,10,24,8,3,2,2,13,3,2,8,5,6,17
1353979,6,0,1,0,3,1,2,2,0,1,1,0,1,0,2,2,19,3,14,24,1,3,1,0,1,4,2,2,3,6,11,0,2,7,0,10,2,4,0,2,1,5,2,1,1,5,18410,6,16,28,7,7,8,2,12
1367477,24,6,8,32,9,14,17,11,43,10,35,11,28,25,15,27,20,10,71,17,9,16,10,25,3,23,13,19,70,31,15,7,6,16,3,23,20,4,9,30,18,49,12,42,37,5,21,3,32,16,11,15,14,6,27
1382315,74,12,9,33,12,7,14,21,46,43,26,23,52,46,22,37,12,11,76,10,4,5,12,38,8,28,10,29,51,15,21,5,6,24,5,28,27,19,8,39,20,29,7,57,52,2,5,2,15,8,5,10,38,3,75
1384484,2007,1552,1281,1411,1028,104031,5286,4533,65452,31137,58988,248678,48008,84015,26100,5822,6305,3505,3162,8124,5610,11091,30181,45245,23831,7248,622,5137,5643,1906,13312,5983,3452,10047,16877,1003,1449,1529,623,3174,1469,2847,752,6013,2407,8731,11214,12017,5774,2827,1721,6409,5773,9092,15693
1392501,167,46,63,113,106,121,95,189,271,193,136,143,239,168,158,225,264,108,228,95,40,122,93,195,83,172,337,266,312,286,120,30,25,130,20,284,293,94,66,532,95,172,62,316,240,72,156,20,274,267,77,152,165,79,369
1397694,109,7,9,56,23,18,16,24,39,26,20,39,32,26,19,46,22,26,89,10,5,6,11,39,9,39,15,13,77,18,55,7,4,37,9,9,23,16,7,37,16,30,9,56,46,14,25,4,31,7,9,10,39,7,49
1400136,8,84,408,18,6,1,3,554,6,9,22,13,559,9,17,24,8,561,5,63,1,261,254,4,2,60,41,97,86,58,0,1,7,16,1,4,4,53,1,8,14,528,68,8,60,21,246,0,2,1,19,13,7,8,2
1401079,661,287,130,241,139,124,146,256,227,152,718,1107,791,523,265,977,656,490,241,291,63,90,52,354,107,135,89,135,591,252,233,120,165,366,223,26,51,55,35,760,49,418,298,625,281,92,162,36,180,191,82,184,123,50,219
1408437,9581,3640,8238,5560,2830,11754,14851,12034,23684,12698,8676,9092,13143,9666,9567,21718,18268,11116,10697,22025,5774,12228,15649,10336,9297,12807,7338,15262,18027,12086,9567,3286,4653,8249,3074,6795,7505,5245,4446,19525,6502,15948,6255,22770,13751,6092,14104,3412,15273,7281,4587,7185,9033,5475,16730
1408440,2,5,2,2,1,20,307,374,26,9,5,3,12,6,4,311,82,118,17,74,91,103,38,43,42,37,20,20,6,8,25,71,54,6,7,8,0,8,2,13,1,45,24,81,11,114,156,51,24,59,69,97,42,26,49
1408472,2210,1681,551,4419,683,21,72,24,21,15,5,16,49,22,47,403,1010,531,569,500,43,141,60,468,88,958,1401,831,3605,2731,619,721,746,260,786,878,2387,370,52,466,21,209,466,832,1175,0,7,0,61,22,79,55,82,15,58
1410645,1760,388,443,1058,740,675,912,1261,1167,641,1493,4003,3076,2785,1683,1255,1282,568,597,1294,153,139,482,1049,298,629,702,489,1818,1043,1240,743,1938,5343,704,729,879,771,807,1378,953,1836,667,2780,1709,323,525,806,325,394,152,216,298,356,565
1410647,57693,5135,156,18301,19160,438,36,240,114,105,14996,65224,32442,31541,15513,17797,17251,8845,2867,21018,695,357,224,17345,3003,14687,33507,2357,54348,50559,10803,7986,28793,74609,9126,5600,11099,1865,4715,6180,13223,21926,11677,31382,12874,6489,10325,17197,2807,2651,33,92,44,8131,11967
1410657,2623,3058,161,4041,618,300,160,286,185,220,69,41,78,104,37,331,1568,256,1099,2629,187,116,222,146,222,242,108,169,71,80,83,171,219,101,72,61,32,70,32,194,17,238,131,152,106,560,518,510,402,304,154,238,176,190,904
1410665,787,132,340,586,320,609,309,534,938,503,340,712,964,720,511,836,1515,726,1873,3108,114,372,402,512,191,34599,201848,21470,32784,142405,686,199,74,1375,253,1001,1084,448,291,1565,851,2484,831,3855,3186,104,269,39,568,394,214,186,381,187,1959
1410676,2213,1029,3556,6528,20848,19,20,17,9,4,5,12,6,3,14,25,19,14,13,8,10,15,12,186,8,9,8,12,19,12,2,6,3,7,7,6,7,2,3,19,2,26,8,31,22,5,5,3,40,6,22,16,19,8,6
1415164,7,0,0,6,2,2,1,7,2,0,0,1,0,2,1,5,7,3,8,0,2,3,2,14,1,6,1,1,3,0,6,0,35,9,0,2,0,0,1,8,1,10,4,1,1,7,185,4,17,6,1,9,8,3,25
1423757,3,1,0,2,6,3,1,0,3,1,3,5,3,0,1,2,6,1,5,5,2,2,2,18,1,2,0,2,2,0,4,0,1,1,1,4,3,2,3,18,4,8,2,9,8,2,30,2,5,4,2,11,2,1,4
1423799,11,8,3,9,5,8,17,7,14,17,3,26,48,17,1,14,6,5,7,0,2,6,4,6,4,144,440,38,92,46,12,2,2,8,2,27,19,3,13,434,5,88,11,38,29,17,14,8,29,18,4,9,13,5,44
1423814,2,4,1,5,0,0,0,1,1,1,1,1,15,7,4,22,10,13,5,1,3,7,4,0,35,9,5,0,6,22,45,2,3,13,5,1,1,3,1,61,1,12,1,2,17,144,346,31,9,15,3,3,2,1,6
1429046,43,20,11,50,25,12,10,17,51,23,18,46,54,66,52,43,47,9,88,13,5,4,33,56,12,19,5,33,71,32,37,6,6,29,22,30,53,12,9,59,49,56,8,120,97,5,4,3,10,5,8,4,24,10,46
1437595,83,13,22,56,21,17,9,29,48,42,53,109,105,82,38,68,44,28,101,41,6,11,52,62,11,35,15,68,99,50,30,3,10,46,10,32,44,15,9,56,68,68,27,149,77,27,21,47,35,18,39,133,34,11,56
1437599,31,16,11,26,8,2,7,13,17,13,13,23,30,34,9,17,13,9,10,13,2,5,6,16,4,10,4,12,43,15,9,6,8,16,7,11,8,12,4,24,7,14,5,33,34,6,6,13,6,3,0,4,5,13,14
1437603,114,9,5,48,33,46,19,22,62,25,58,102,83,102,35,60,62,22,71,49,6,4,19,23,14,32,24,18,166,75,51,20,33,118,19,25,26,24,8,57,33,47,30,109,58,15,60,29,20,11,5,9,10,20,61
1437612,577680,52408,1446,180280,191381,3354,141,461,414,561,151273,664367,331848,322677,155372,184541,175668,96823,31065,228389,9516,4790,2541,216501,39780,154932,357679,23460,546195,510467,113311,76683,271846,756748,85964,64287,130436,20267,52721,68383,157499,252506,135403,365376,143948,61923,103073,168414,25767,26118,58,119,227,95335,129857
1437882,63,17,8,30,25,30,19,29,69,27,56,48,104,51,38,43,78,33,55,50,12,51,22,52,17,30,17,55,169,50,39,6,3,27,9,88,125,24,20,167,43,57,15,139,114,5,13,4,58,37,19,21,20,19,47
1440052,33,549,2445,15,8,15,10,3606,26,24,176,376,15343,24,11,374,18,11045,7,18,1,4313,3439,13,3,2145,250,7599,4164,1630,11,15,580,9,1,1,4,4,2,26,155,3022,570,27,63,0,1630,1,7,2,21,101,162,3,8
1441930,16,5,19,19,34,1,7,8,9,2,12,4,57,11,5,8,19,42,4,1,3,42,18,3,0,21,27,49,32,57,3,0,3,2,2,3,0,4,0,4,3,435,64,16,9,0,11,2,16,5,2,1,2,4,10
1444307,13,6,11,12,3,12,5,12,23,20,20,24,35,13,18,32,24,13,31,7,3,10,15,36,3,19,2,25,27,21,13,4,0,10,2,16,26,5,6,35,13,16,4,30,27,1,22,1,12,15,2,7,9,7,27
1446473,60,16,12,57,21,17,42,17,72,41,36,68,129,106,76,87,45,22,145,20,9,16,14,72,11,26,15,34,104,32,43,10,7,40,148,64,63,35,11,94,73,53,12,109,106,8,16,4,12,17,16,11,38,11,39
1448136,75,25,11,59,27,33,26,49,127,76,68,76,158,89,78,95,60,59,161,32,15,32,37,107,16,43,14,78,211,85,89,13,14,57,16,89,101,39,17,115,85,44,20,194,182,2,8,4,25,16,26,18,36,19,112
1448141,119,34,36,53,30,68,40,39,93,110,87,83,132,61,40,76,64,12,267,27,39,124,128,167,74,129,92,102,460,272,52,9,1,128,32,27,104,180,16,102,75,97,39,139,125,43,66,6,239,200,22,25,61,97,104
1458276,38,14,22,48,38,7,9,18,32,14,26,28,49,22,20,27,63,15,43,17,5,14,20,26,5,20,6,32,35,19,19,7,4,15,7,21,47,17,5,45,16,25,8,49,31,3,18,2,13,14,4,10,7,18,11
1899017,119,66,3,1471,497,7,823,295,1,6,21,54,53,2,25,10,38,21,197,3,4576,5213,444,169,1236,1441,6,14,12,2,12,22,7,7,1,867039,6861,14664,69,399,4,29,77,31,1081,23,33,2,69,20,1000,34,1760,157,206
